"PDB_ID","Bit_Length","Watermark_Embedded","Watermark_Decoded","Verification_Status","Global_CA_RMSD"
"5XOX","4","111","111","Success","0.00028"
"3LX3","4","1010","1010","Success","0.00076"
"6LVU","4","10","10","Success","0.00079"
"5TNJ","4","1100","1100","Success","0.00029"
"6QEA","4","1000","1000","Success","0.00088"
"2O1O","4","1100","1100","Success","0.00038"
"7U82","4","101","101","Success","0.00048"
"3AGX","4","10","10","Success","0.00056"
"4DO6","4","1100","1100","Success","0.00036"
"5XBP","4","1001","1001","Success","0.00023"
"3BQX","4","1110","1110","Success","0.00087"
"9F8W","4","1100","1100","Success","0.0004"
"1Q3Y","4","111","111","Success","0.00159"
"6LRF","4","1010","1010","Success","0.00027"
"5HME","4","1101","1101","Success","0.00033"
"4GD6","4","0","0","Success","0.00059"
"2IY4","4","1001","1001","Success","0.00016"
"5UQN","4","1100","1100","Success","0.00041"
"3BPM","4","100","100","Success","0.00044"
"2QHL","4","0","0","Success","0.00042"
"9DV9","4","1101","1101","Success","0.00045"
"8CUQ","4","10","10","Success","0.00036"
"6RGA","4","1100","1100","Success","0.00062"
"2CB8","4","1101","1101","Success","0.00074"
"5ACJ","4","0","0","Success","0.00061"
"6G86","4","111","111","Success","0.00035"
"4RVA","4","1011","1011","Success","0.00059"
"4E7U","4","1110","1110","Success","0.00097"
"6R15","4","1000","1000","Success","0.00065"
"3HBM","4","0","0","Success","0.00059"
"8WJC","4","100","100","Success","0.00049"
"3K3W","4","110","110","Success","0.00035"
"7QKS","4","111","111","Success","0.00028"
"6QII","4","1010","1010","Success","0.00031"
"8QWN","4","101","101","Success","0.00071"
"8RMQ","4","1101","1101","Success","0.00024"
"3HG5","4","110","110","Success","0.00035"
"8SME","4","1010","1010","Success","0.00079"
"5EMC","4","101","101","Success","0.00084"
"2R70","4","110","110","Success","0.00036"
"7CZO","4","100","100","Success","0.00097"
"4K22","4","1000","1000","Success","0.00037"
"5YQN","4","0","0","Success","0.00058"
"5UHY","4","1111","1111","Success","0.00022"
"2QO7","4","1","1","Success","0.00059"
"6C79","4","1101","1101","Success","0.0006"
"5YIV","4","1100","1100","Success","0.00074"
"1UHS","4","1000","1000","Success","0.00026"
"3ERJ","4","10","10","Success","0.00066"
"7RKP","4","11","11","Success","0.00073"
"6V1U","4","11","11","Success","0.00086"
"2D2I","4","11","11","Success","0.00023"
"2QEB","4","100","100","Success","0.00057"
"7ZP2","4","1","1","Success","0.00022"
"1U3I","4","101","101","Success","0.00068"
"2KLJ","4","111","111","Success","0.00024"
"7K62","4","1010","1010","Success","0.00055"
"2JK3","4","1001","1001","Success","0.00052"
"5D88","4","1001","1001","Success","0.00063"
"7AZB","4","1010","1010","Success","0.00061"
"1TNI","4","1001","1001","Success","0.00067"
"8V26","4","11","11","Success","0.00033"
"5QLS","4","100","100","Success","0.0005"
"7C61","4","101","101","Success","0.00035"
"4O1F","4","1111","1111","Success","0.00041"
"1NL0","4","1111","1111","Success","0.00046"
"6HKT","4","1","1","Success","0.00015"
"1DGQ","4","1111","1111","Success","0.00016"
"4LCA","4","1000","1000","Success","0.00039"
"3RNQ","4","100","100","Success","0.00058"
"6R72","4","1","1","Success","0.0002"
"9FE2","4","1011","1011","Success","0.00029"
"2YXD","4","1101","1101","Success","0.00053"
"7D6T","4","1100","1100","Success","0.00052"
"7NZV","4","1","1","Success","0.00064"
"5EYL","4","101","101","Success","0.00061"
"1S05","4","0","0","Success","0.00086"
"4DJQ","4","10","10","Success","0.0007"
"6A6Q","4","110","110","Success","0.00052"
"1JZQ","4","101","101","Success","0.00034"
"8Y9P","4","1010","1010","Success","0.0007"
"6VZU","4","101","101","Success","0.00025"
"6F42","4","1101","1101","Success","0.00013"
"9G7F","4","101","101","Success","0.00029"
"7LFR","4","1111","1111","Success","0.00029"
"6DY1","4","111","111","Success","0.00054"
"4LM3","4","1000","1000","Success","0.00038"
"8V4Q","4","1","1","Success","0.00036"
"4GQW","4","11","11","Success","0.00085"
"3HO4","4","0","0","Success","0.00034"
"8DKI","4","1100","1100","Success","0.00042"
"7Z53","4","1110","1110","Success","0.00014"
"3N2E","4","1100","1100","Success","0.00047"
"3UX9","4","11","11","Success","0.00038"
"2QUZ","4","11","11","Success","0.00078"
"3N0E","4","110","110","Success","0.00056"
"5A9G","4","1001","1001","Success","0.0005"
"4WRL","4","1101","1101","Success","0.00034"
"2L07","4","10","10","Success","0.00051"
"5ZWY","4","1110","1110","Success","0.0004"
"5YCG","4","110","110","Success","0.00079"
"1F1A","4","11","11","Success","0.00078"
"3V0B","4","1011","1011","Success","0.0002"
"7PTD","4","1010","1010","Success","0.00058"
"8YXI","4","1100","1100","Success","0.00037"
"6ETF","4","110","110","Success","0.00048"
"8B5D","4","1","1","Success","0.00048"
"3SRU","4","100","100","Success","0.00077"
"7Z0L","4","1","1","Success","0.00034"
"4NUW","4","1100","1100","Success","0.00048"
"8R48","4","1111","1111","Success","0.00035"
"1PSQ","4","1100","1100","Success","0.00056"
"4CT5","4","1011","1011","Success","0.00036"
"8B6S","4","101","101","Success","0.00031"
"2CLP","4","1001","1001","Success","0.00017"
"1JK7","4","110","110","Success","0.00058"
"9CDB","4","11","11","Success","0.00016"
"6CK0","4","0","0","Success","0.00048"
"5CRV","4","0","0","Success","0.00036"
"4WPX","4","10","10","Success","0.00035"
"6KK0","4","1100","1100","Success","0.00039"
"3NFZ","4","100","100","Success","0.00058"
"9EJN","4","1101","1101","Success","0.00017"
"8GC7","4","100","100","Success","0.00059"
"7TAF","4","1","1","Success","0.00035"
"5D17","4","1001","1001","Success","0.00023"
"8E5S","4","1100","1100","Success","0.00051"
"8QN1","4","1000","1000","Success","0.00025"
"5M2A","4","1111","1111","Success","0.00037"
"9BW2","4","0","0","Success","0.0005"
"3VQT","4","11","11","Success","0.00023"
"4WVX","4","110","110","Success","0.00038"
"8OHC","4","110","110","Success","0.00056"
"4HZY","4","1010","1010","Success","0.00049"
"1BIL","4","1011","1011","Success","0.00038"
"8JVS","4","1","1","Success","0.00143"
"6Z6R","4","1100","1100","Success","0.00045"
"8UB8","4","1","1","Success","0.00032"
"6SY4","4","111","111","Success","0.00052"
"6K7P","4","1000","1000","Success","0.00066"
"2YEP","4","0","0","Success","0.00026"
"6NYL","4","1000","1000","Success","0.0001"
"7NYA","4","1111","1111","Success","0.00036"
"5KN4","4","1111","1111","Success","0.0004"
"1T7X","4","0","0","Success","0.00061"
"5D5W","4","1011","1011","Success","0.00096"
"7K5T","4","1011","1011","Success","0.00042"
"1XEZ","4","1011","1011","Success","0.00039"
"1LMJ","4","1011","1011","Success","0.0002"
"8BYK","4","1000","1000","Success","0.00046"
"6IMU","4","1011","1011","Success","0.00032"
"9E6L","4","1110","1110","Success","0.00022"
"4PC2","4","1111","1111","Success","0.00027"
"6BSC","4","101","101","Success","0.00094"
"6CWA","4","1100","1100","Success","0.00041"
"4GL2","4","11","11","Success","0.00028"
"7D2U","4","1000","1000","Success","0.0005"
"1JDA","4","1011","1011","Success","0.00048"
"4F0E","4","1001","1001","Success","0.00035"
"7HGL","4","101","101","Success","0.00061"
"1CRQ","4","1101","1101","Success","0.00078"
"6ZWC","4","111","111","Success","0.0003"
"6UWO","4","1","1","Success","0.00062"
"5FU4","4","100","100","Success","0.00071"
"4EX7","4","11","11","Success","0.00067"
"1D6I","4","101","101","Success","0.00035"
"3EXV","4","0","0","Success","0.00069"
"2VMY","4","100","100","Success","0.00035"
"4MVL","4","1010","1010","Success","0.00037"
"2WBT","4","1100","1100","Success","0.00064"
"8SND","4","100","100","Success","0.00037"
"3CMU","4","1011","1011","Success","0.00022"
"1KD1","4","1000","1000","Success","0.00016"
"6WMQ","4","1110","1110","Success","0.00049"
"9B20","4","1001","1001","Success","0.00049"
"6R2E","4","1101","1101","Success","0.00021"
"5RTR","4","1101","1101","Success","0.00054"
"6CMS","4","1001","1001","Success","0.00043"
"2IV1","4","10","10","Success","0.00025"
"4NNK","4","1001","1001","Success","0.0008"
"4PSM","4","100","100","Success","0.00041"
"8QEN","4","110","110","Success","0.00019"
"6LM2","4","1111","1111","Success","0.00074"
"4DNJ","4","1010","1010","Success","0.0005"
"6Q0B","4","1101","1101","Success","0.00028"
"7KXG","4","1111","1111","Success","0.00024"
"7UJ4","4","1011","1011","Success","0.00033"
"6Y1G","4","1010","1010","Success","0.00033"
"3UOV","4","10","10","Success","0.0003"
"6QTM","4","1111","1111","Success","0.00054"
"1EA9","4","11","11","Success","0.00029"
"3PCX","4","1001","1001","Success","0.00061"
"6B3M","4","1100","1100","Success","0.00014"
"6XB0","4","101","101","Success","0.00055"
"9HNN","4","1001","1001","Success","0.00043"
"5XUB","4","101","101","Success","0.00059"
"4NGE","4","1011","1011","Success","0.00023"
"1RMQ","4","1000","1000","Success","0.00049"
"6FKB","4","111","111","Success","0.00054"
"5Y39","4","1001","1001","Success","0.00033"
"7DHB","4","1011","1011","Success","0.00101"
"1S2H","4","110","110","Success","0.0007"
"2DFX","4","1110","1110","Success","0.00073"
"5I8W","4","11","11","Success","0.00063"
"5CY8","4","1100","1100","Success","0.00076"
"5ZQI","4","110","110","Success","0.00064"
"2BAW","4","101","101","Success","0.00045"
"7MYV","4","1100","1100","Success","0.00046"
"7M3M","4","10","10","Success","0.00043"
"7OYO","4","0","0","Success","0.00061"
"1TLM","4","1","1","Success","0.00062"
"2C01","4","1110","1110","Success","0.00086"
"8Z6G","4","10","10","Success","0.00037"
"4D6C","4","10","10","Success","0.00041"
"5HPJ","4","1","1","Success","0.00067"
"1R2D","4","111","111","Success","0.00086"
"3CAN","4","110","110","Success","0.00078"
"5SYL","4","10","10","Success","0.00026"
"5OMC","4","100","100","Success","0.00047"
"5W43","4","10","10","Success","0.0005"
"4OLI","4","100","100","Success","0.00041"
"3JX3","4","1110","1110","Success","0.00035"
"3CHL","4","111","111","Success","0.00056"
"1XJG","4","1101","1101","Success","0.00028"
"5ZA2","4","1","1","Success","0.00037"
"6F0H","4","110","110","Success","0.00053"
"4J9R","4","1011","1011","Success","0.00047"
"4XQN","4","0","0","Success","0.0005"
"3KLW","4","111","111","Success","0.00074"
"7K8S","4","1010","1010","Success","0.00017"
"1YDA","4","1010","1010","Success","0.00061"
"2Z76","4","1011","1011","Success","0.00062"
"5IO8","4","100","100","Success","0.00067"
"7FBT","4","1010","1010","Success","0.00055"
"5FQ7","4","1","1","Success","0.00017"
"1KB4","4","1111","1111","Success","0.0007"
"2RIW","4","1010","1010","Success","0.0005"
"1QJW","4","110","110","Success","0.00036"
"2P5Z","4","10","10","Success","0.00049"
"5VCP","4","1","1","Success","0.00039"
"8WHA","4","1","1","Success","0.00024"
"7M1D","4","1010","1010","Success","0.00031"
"3EP0","4","1101","1101","Success","0.00067"
"7PF8","4","1011","1011","Success","0.00071"
"6RJD","4","101","101","Success","0.00034"
"2YX1","4","1010","1010","Success","0.00039"
"9F7Y","4","110","110","Success","0.00055"
"4Y7R","4","1011","1011","Success","0.00053"
"8J8T","4","100","100","Success","0.00065"
"2NXN","4","100","100","Success","0.0005"
"4IPI","4","1010","1010","Success","0.0005"
"2P9H","4","10","10","Success","0.00043"
"3OTD","4","1","1","Success","0.00047"
"5WL3","4","1101","1101","Success","0.00035"
"1Q06","4","10","10","Success","0.00064"
"2JLG","4","110","110","Success","0.00023"
"2JGV","4","1001","1001","Success","0.00029"
"1O0Q","4","100","100","Success","0.00045"
"2QHE","4","1001","1001","Success","0.00087"
"3BKW","4","1110","1110","Success","0.00048"
"6ZRP","4","1111","1111","Success","0.0003"
"8UL7","4","10","10","Success","0.00051"
"4BBP","4","110","110","Success","0.0006"
"2D6O","4","110","110","Success","0.0008"
"8TB5","4","1","1","Success","0.00044"
"5YW3","4","111","111","Success","0.00043"
"6VEQ","4","1","1","Success","0.0003"
"3J1A","4","1","1","Success","0.00033"
"6HQB","4","1010","1010","Success","0.00021"
"2W87","4","111","111","Success","0.00058"
"7VXH","4","1001","1001","Success","0.00035"
"8RE4","4","1001","1001","Success","0.00017"
"8ISC","4","1110","1110","Success","0.00027"
"8ZBC","4","1","1","Success","0.00026"
"5R1R","4","10","10","Success","0.00021"
"2V3R","4","110","110","Success","0.00047"
"2DWI","4","101","101","Success","0.00055"
"7C8X","4","1001","1001","Success","0.0004"
"6FPL","4","1100","1100","Success","0.0007"
"7PZC","4","1100","1100","Success","0.00011"
"7BWF","4","100","100","Success","0.00053"
"1YIN","4","100","100","Success","0.00063"
"1Q4L","4","1000","1000","Success","0.00039"
"7K0F","4","1110","1110","Success","0.00041"
"3R8W","4","1001","1001","Success","0.00026"
"1RSE","4","10","10","Success","0.00081"
"3.00E+62","4","1101","1101","Success","0.00057"
"8G5S","4","1000","1000","Success","0.00037"
"3F63","4","10","10","Success","0.00046"
"1I72","4","1000","1000","Success","0.00057"
"5IPF","4","0","0","Success","0.00035"
"4E0D","4","110","110","Success","0.00041"
"7XZ1","4","100","100","Success","0.00036"
"6R4J","4","1111","1111","Success","0.00026"
"2Q76","4","11","11","Success","0.00035"
"5XJ8","4","1101","1101","Success","0.0005"
"4Q3L","4","11","11","Success","0.00021"
"3AMY","4","1000","1000","Success","0.00055"
"5N4L","4","101","101","Success","0.00022"
"3OI8","4","1010","1010","Success","0.00058"
"8RGK","4","111","111","Success","0.00029"
"6PWP","4","11","11","Success","0.00023"
"3GP8","4","101","101","Success","0.00042"
"1FDD","4","0","0","Success","0.00094"
"3S7P","4","100","100","Success","0.00056"
"2QYO","4","1","1","Success","0.00037"
"3VWO","4","0","0","Success","0.00079"
"6H19","4","1110","1110","Success","0.00043"
"2KKT","4","11","11","Success","0.0003"
"8PF2","4","101","101","Success","0.00052"
"3AU8","4","1001","1001","Success","0.00035"
"5GI7","4","1010","1010","Success","0.00069"
"3FQA","4","1100","1100","Success","0.00035"
"3ALW","4","1001","1001","Success","0.00044"
"8HI7","4","10","10","Success","0.00042"
"1UYD","4","1000","1000","Success","0.00069"
"7KFH","4","100","100","Success","0.00024"
"7PV1","4","1","1","Success","0.00043"
"7ZVX","4","100","100","Success","0.0004"
"1X1F","4","1011","1011","Success","0.00018"
"7UE4","4","1010","1010","Success","0.0005"
"4ACL","4","111","111","Success","0.00055"
"6NN7","4","1011","1011","Success","0.00016"
"7JGV","4","1101","1101","Success","0.00058"
"6TOT","4","1110","1110","Success","0.00041"
"3HG3","4","1010","1010","Success","0.00036"
"4TZK","4","1010","1010","Success","0.00059"
"3HSQ","4","1","1","Success","0.00036"
"2KFZ","4","1101","1101","Success","0.0004"
"2P85","4","1010","1010","Success","0.00019"
"8DIH","4","1100","1100","Success","0.00056"
"1ZXC","4","1111","1111","Success","0.00042"
"8TKL","4","11","11","Success","0.00039"
"9AW2","4","1010","1010","Success","0.00065"
"2NNH","4","1100","1100","Success","0.00033"
"4DGX","4","1001","1001","Success","0.00045"
"3QZN","4","1111","1111","Success","0.00051"
"2JMD","4","101","101","Success","0.00018"
"1Y0T","4","0","0","Success","0.00042"
"5A8F","4","1000","1000","Success","0.00039"
"4F9C","4","1001","1001","Success","0.0005"
"2PZV","4","1","1","Success","0.00044"
"8SXO","4","1111","1111","Success","0.00055"
"8W0L","4","1001","1001","Success","0.00023"
"2Z2T","4","1101","1101","Success","0.00068"
"5Q3F","4","1101","1101","Success","0.00051"
"3P4V","4","100","100","Success","0.00063"
"2QGD","4","1011","1011","Success","0.00064"
"1P6O","4","110","110","Success","0.00056"
"3ENT","4","1001","1001","Success","0.00067"
"5JW6","4","1000","1000","Success","0.00037"
"3EGX","4","10","10","Success","0.00025"
"8C84","4","1001","1001","Success","0.00072"
"7W1W","4","111","111","Success","0.0004"
"6NG3","4","1000","1000","Success","0.00068"
"5Z9X","4","10","10","Success","0.00058"
"9IR6","4","1000","1000","Success","0.00033"
"1Q8M","4","1111","1111","Success","0.00045"
"6UAR","4","1111","1111","Success","0.00064"
"8XI5","4","10","10","Success","0.00015"
"4FS4","4","1","1","Success","0.00035"
"7BCA","4","111","111","Success","0.00074"
"5ZFK","4","1011","1011","Success","0.00038"
"244L","4","100","100","Success","0.00079"
"3UU5","4","1101","1101","Success","0.00025"
"6EUH","4","100","100","Success","0.0003"
"4ZGY","4","1010","1010","Success","0.00043"
"8K9T","4","1110","1110","Success","0.00032"
"6RU5","4","11","11","Success","0.00024"
"8ZI5","4","110","110","Success","0.00027"
"4HFD","4","1000","1000","Success","0.00024"
"4N96","4","11","11","Success","0.00036"
"5J1V","4","1101","1101","Success","0.00032"
"1G0O","4","110","110","Success","0.0003"
"7KT5","4","1001","1001","Success","0.00055"
"4Y7N","4","11","11","Success","0.00016"
"7XM7","4","0","0","Success","0.00047"
"2C70","4","10","10","Success","0.00031"
"6JID","4","100","100","Success","0.00041"
"5Z74","4","1100","1100","Success","0.00032"
"1ZL3","4","1001","1001","Success","0.00057"
"7WWY","4","11","11","Success","0.00056"
"2KFN","4","11","11","Success","0.00041"
"1CW1","4","101","101","Success","0.0005"
"8Q3C","4","1101","1101","Success","0.00029"
"6JUS","4","1100","1100","Success","0.00037"
"1A8S","4","0","0","Success","0.0006"
"9BV2","4","1100","1100","Success","9.00E-05"
"4XKY","4","100","100","Success","0.00029"
"4P52","4","100","100","Success","0.00057"
"7R9K","4","110","110","Success","0.00044"
"3GNY","4","111","111","Success","0.00129"
"8PK3","4","1000","1000","Success","0.00024"
"4UFB","4","10","10","Success","0.0002"
"1IK3","4","11","11","Success","0.00033"
"8Y80","4","1001","1001","Success","0.00016"
"5AW0","4","1000","1000","Success","0.00027"
"7KU0","4","1011","1011","Success","0.00062"
"1HJD","4","111","111","Success","0.00022"
"2IWU","4","101","101","Success","0.00069"
"3F19","4","101","101","Success","0.00078"
"6Z6H","4","1000","1000","Success","0.00014"
"1N4N","4","0","0","Success","0.00033"
"1X80","4","1110","1110","Success","0.00038"
"5ORY","4","1010","1010","Success","0.0006"
"2K45","4","1001","1001","Success","0.00019"
"4B1Y","4","10","10","Success","0.00046"
"6VZ0","4","1110","1110","Success","0.00081"
"2ZZ7","4","1111","1111","Success","0.00062"
"6UVI","4","0","0","Success","0.00057"
"1KHJ","4","10","10","Success","0.00033"
"6OA9","4","1101","1101","Success","0.00016"
"4ZGR","4","0","0","Success","0.00044"
"3S6O","4","1111","1111","Success","0.00029"
"3NHP","4","100","100","Success","0.00045"
"6RQ9","4","100","100","Success","0.00048"
"7MWB","4","101","101","Success","0.00024"
"8EHB","4","1010","1010","Success","0.00041"
"2MXA","4","1010","1010","Success","0.00028"
"8UG4","4","10","10","Success","0.00032"
"5DBH","4","1101","1101","Success","0.00055"
"3FRS","4","110","110","Success","0.00075"
"4YW1","4","111","111","Success","0.00027"
"4KXO","4","1011","1011","Success","0.00062"
"3IJG","4","11","11","Success","0.00054"
"6G3N","4","1100","1100","Success","0.00033"
"6MM8","4","1110","1110","Success","0.00041"
"6CRZ","4","1101","1101","Success","0.00017"
"8KBY","4","111","111","Success","0.00034"
"1AUX","4","101","101","Success","0.00041"
"3O0X","4","1100","1100","Success","0.00043"
"6OHU","4","10","10","Success","0.0004"
"1GF7","4","10","10","Success","0.00085"
"5F4Z","4","110","110","Success","0.00022"
"3FCT","4","0","0","Success","0.00033"
"7EA0","4","11","11","Success","0.00054"
"7TIK","4","1011","1011","Success","0.00054"
"7MY5","4","101","101","Success","0.00075"
"3SAF","4","1011","1011","Success","0.00036"
"1S18","4","1100","1100","Success","0.00038"
"4IX7","4","1011","1011","Success","0.00064"
"7E1A","4","10","10","Success","0.00029"
"3AYR","4","10","10","Success","0.00052"
"4ZT2","4","1111","1111","Success","0.00031"
"2GFF","4","10","10","Success","0.00072"
"7LDA","4","11","11","Success","0.00047"
"5I09","4","110","110","Success","0.00051"
"4LP9","4","110","110","Success","0.00053"
"3KHK","4","101","101","Success","0.00032"
"8J6Z","4","110","110","Success","0.00016"
"8E3K","4","1100","1100","Success","0.00106"
"8EHV","4","1101","1101","Success","0.00041"
"6WV1","4","101","101","Success","0.00031"
"1LOE","4","1101","1101","Success","0.00046"
"4XQ8","4","1110","1110","Success","0.00044"
"2YM0","4","1001","1001","Success","0.00051"
"2DLM","4","10","10","Success","0.00027"
"4ZUV","4","1111","1111","Success","0.00036"
"6HTI","4","11","11","Success","0.00025"
"7FGQ","4","100","100","Success","0.00073"
"2CJB","4","10","10","Success","0.00031"
"4GMB","4","1010","1010","Success","0.00055"
"2BKF","4","1110","1110","Success","0.00105"
"6IM4","4","101","101","Success","0.00035"
"5WQL","4","0","0","Success","0.00024"
"5CZJ","4","1010","1010","Success","0.00039"
"4QM0","4","1101","1101","Success","0.00044"
"4LN6","4","1","1","Success","0.00019"
"8I71","4","1001","1001","Success","0.00033"
"3PP1","4","100","100","Success","0.00058"
"1ZW3","4","10","10","Success","0.00061"
"7.00E+06","4","0","0","Success","0.00043"
"7VWZ","4","110","110","Success","0.00016"
"3CFR","4","0","0","Success","0.00033"
"3NEC","4","100","100","Success","0.00039"
"5YX6","4","1","1","Success","0.00026"
"3S2Q","4","1","1","Success","0.00085"
"1C5E","4","11","11","Success","0.00057"
"7GAV","4","11","11","Success","0.0004"
"5J0H","4","100","100","Success","0.00081"
"1GSL","4","101","101","Success","0.00066"
"1FV2","4","1011","1011","Success","0.00048"
"8EF3","4","1011","1011","Success","0.00033"
"5D6M","4","1101","1101","Success","0.00056"
"8FSV","4","11","11","Success","0.00088"
"4RZ5","4","100","100","Success","0.00038"
"3VF9","4","110","110","Success","0.00062"
"3JRW","4","1000","1000","Success","0.00045"
"5PG0","4","1101","1101","Success","0.00093"
"8ZI7","4","101","101","Success","0.00048"
"6L5S","4","11","11","Success","0.00045"
"6FHU","4","101","101","Success","0.00069"
"4Q6T","4","1","1","Success","0.00054"
"5JR4","4","1000","1000","Success","0.00059"
"1RML","4","1000","1000","Success","0.00017"
"6AHQ","4","100","100","Success","0.00021"
"4OCM","4","10","10","Success","0.00033"
"7RXS","4","1101","1101","Success","0.00091"
"1GM6","4","1101","1101","Success","0.00078"
"5Z4J","4","1","1","Success","0.00053"
"3W0F","4","1010","1010","Success","0.00061"
"1L95","4","1111","1111","Success","0.00079"
"9H8J","4","0","0","Success","0.00032"
"4U7L","4","100","100","Success","0.00047"
"4E7A","4","11","11","Success","0.00042"
"1JKA","4","1000","1000","Success","0.00088"
"6Y20","4","1","1","Success","0.00045"
"1YBJ","4","11","11","Success","0.00024"
"7GK9","4","10","10","Success","0.00039"
"8R9Y","4","100","100","Success","0.00032"
"3DXG","4","100","100","Success","0.00063"
"8IKR","4","1111","1111","Success","0.00052"
"7JQD","4","1001","1001","Success","0.00091"
"3KKZ","4","10","10","Success","0.00045"
"1D4E","4","11","11","Success","0.00042"
"5Q0U","4","100","100","Success","0.00045"
"5D47","4","101","101","Success","0.00083"
"4J9X","4","0","0","Success","0.0004"
"7XP4","4","100","100","Success","0.00031"
"3TUI","4","10","10","Success","0.00021"
"2YZK","4","1","1","Success","0.00038"
"4MN5","4","1101","1101","Success","0.00072"
"5L7V","4","0","0","Success","0.0003"
"2XE0","4","1001","1001","Success","0.00054"
"5VKJ","4","1111","1111","Success","0.00055"
"4G1B","4","100","100","Success","0.00025"
"4EGA","4","101","101","Success","0.0003"
"9LW9","4","1001","1001","Success","0.00029"
"6FYB","4","110","110","Success","0.00023"
"7WWZ","4","1000","1000","Success","0.00087"
"5HCI","4","100","100","Success","0.00026"
"8UVH","4","1111","1111","Success","0.00033"
"7RCW","4","1011","1011","Success","0.00035"
"7WHC","4","0","0","Success","0.00037"
"7GO0","4","1","1","Success","0.00052"
"2Z46","4","101","101","Success","0.00038"
"5T7C","4","1000","1000","Success","0.00022"
"8XLS","4","0","0","Success","0.00017"
"5MGL","4","1010","1010","Success","0.00099"
"7KDL","4","1001","1001","Success","0.00019"
"8D7W","4","1111","1111","Success","0.00026"
"5IZ5","4","1000","1000","Success","0.00026"
"8QV8","4","101","101","Success","0.00046"
"3DGZ","4","0","0","Success","0.00044"
"3LCN","4","1001","1001","Success","0.00064"
"2LUP","4","1110","1110","Success","0.00026"
"4YOX","4","1001","1001","Success","0.00038"
"1PV6","4","111","111","Success","0.00033"
"5FVA","4","111","111","Success","0.00027"
"6AJY","4","101","101","Success","0.00083"
"3LG2","4","110","110","Success","0.00031"
"5ZRP","4","1110","1110","Success","0.00089"
"5PQN","4","110","110","Success","0.0006"
"3X1Y","4","1100","1100","Success","0.00074"
"1OZM","4","1101","1101","Success","0.00052"
"5K68","4","0","0","Success","0.00091"
"8BTC","4","101","101","Success","0.00053"
"8U2P","4","1001","1001","Success","0.0005"
"2XSC","4","1100","1100","Success","0.00052"
"5WTN","4","1100","1100","Success","0.00029"
"2DVW","4","0","0","Success","0.00055"
"3Q4Y","4","110","110","Success","0.00092"
"2BRW","4","1011","1011","Success","0.00026"
"3CXD","4","111","111","Success","0.00048"
"8IQT","4","101","101","Success","0.00062"
"1EB8","4","1","1","Success","0.00044"
"7ZWE","4","100","100","Success","0.00055"
"7P8Z","4","10","10","Success","0.00048"
"6SC1","4","111","111","Success","0.00056"
"2WTZ","4","11","11","Success","0.00023"
"7BFP","4","1110","1110","Success","0.00027"
"5KJ8","4","111","111","Success","0.00027"
"1ND3","4","1001","1001","Success","0.00035"
"5HGE","4","10","10","Success","0.00065"
"5OXH","4","1101","1101","Success","0.00115"
"6GBE","4","10","10","Success","0.00019"
"3CH4","4","1010","1010","Success","0.0007"
"6GUO","4","110","110","Success","0.00027"
"7AKV","4","1","1","Success","0.00035"
"7NAT","4","110","110","Success","0.0002"
"5J06","4","1010","1010","Success","0.00035"
"6FDP","4","1","1","Success","0.00019"
"4BWT","4","11","11","Success","0.00062"
"7A4C","4","1","1","Success","0.00039"
"5JQY","4","100","100","Success","0.00046"
"3NTJ","4","111","111","Success","0.00026"
"6UJY","4","1101","1101","Success","0.00033"
"6F2Y","4","1011","1011","Success","0.00026"
"4ERY","4","1100","1100","Success","0.00055"
"9E9Y","4","100","100","Success","0.00015"
"6YN0","4","0","0","Success","0.00038"
"7KVK","4","1010","1010","Success","0.00033"
"3VL4","4","1100","1100","Success","0.00053"
"2BKI","4","110","110","Success","0.0003"
"6LFU","4","1100","1100","Success","0.00057"
"3WCV","4","1111","1111","Success","0.00029"
"8WXJ","4","11","11","Success","0.00032"
"3O6N","4","111","111","Success","0.00051"
"8W86","4","101","101","Success","0.00027"
"6MUW","4","101","101","Success","0.00013"
"4HE8","4","111","111","Success","0.00014"
"8BT2","4","1","1","Success","0.00051"
"3CED","4","101","101","Success","0.00056"
"8IGQ","4","1011","1011","Success","0.00029"
"6W1C","4","1010","1010","Success","0.00015"
"5Y6E","4","1000","1000","Success","0.00047"
"4CC4","4","1110","1110","Success","0.00031"
"8TZI","4","1100","1100","Success","0.00051"
"2LVK","4","1001","1001","Success","0.00025"
"4CIO","4","1011","1011","Success","0.00026"
"2K1Z","4","100","100","Success","0.00022"
"1ACJ","4","101","101","Success","0.00043"
"5QRX","4","1110","1110","Success","0.00074"
"5AR7","4","11","11","Success","0.00042"
"3BGU","4","1011","1011","Success","0.00068"
"5ZRD","4","10","10","Success","0.00022"
"5EFK","4","110","110","Success","0.00051"
"1BJF","4","11","11","Success","0.00051"
"5O0Y","4","10","10","Success","0.00059"
"7VYS","4","1010","1010","Success","0.00014"
"4RSG","4","101","101","Success","0.00079"
"3GIR","4","1","1","Success","0.00051"
"4CVB","4","1100","1100","Success","0.00042"
"5ITY","4","1101","1101","Success","0.00034"
"8P0W","4","10","10","Success","0.00021"
"1IAI","4","100","100","Success","0.00034"
"6QP9","4","1101","1101","Success","0.00031"
"4K9A","4","11","11","Success","0.00051"
"3U92","4","11","11","Success","0.00043"
"5ITP","4","1110","1110","Success","0.00045"
"1JB4","4","1101","1101","Success","0.00065"
"3RLK","4","1101","1101","Success","0.00075"
"4O1S","4","1011","1011","Success","0.00053"
"7P1K","4","1111","1111","Success","0.00034"
"1JKY","4","110","110","Success","0.00036"
"2WL3","4","10","10","Success","0.0003"
"4Z54","4","0","0","Success","0.00041"
"6HV4","4","1101","1101","Success","0.00012"
"7BNI","4","11","11","Success","0.0007"
"8F8Z","4","1101","1101","Success","0.00035"
"8W88","4","101","101","Success","0.00031"
"1OBF","4","1","1","Success","0.00038"
"8BIJ","4","100","100","Success","0.00039"
"8TQL","4","1011","1011","Success","0.00057"
"2X28","4","1011","1011","Success","0.00066"
"6HZK","4","1000","1000","Success","0.0004"
"4PD5","4","101","101","Success","0.0005"
"8IZY","4","10","10","Success","0.00031"
"3SK3","4","1010","1010","Success","0.00035"
"7YHF","4","1001","1001","Success","0.00036"
"8B3X","4","1001","1001","Success","0.00062"
"4I4G","4","1101","1101","Success","0.00047"
"9DIS","4","1101","1101","Success","0.00037"
"5LG3","4","111","111","Success","0.00018"
"3O13","4","0","0","Success","0.00073"
"5QD0","4","1100","1100","Success","0.0003"
"1BHB","4","1111","1111","Success","0.00035"
"2F6A","4","101","101","Success","0.00027"
"7XVU","4","1110","1110","Success","0.00036"
"4WB2","4","1","1","Success","0.00067"
"2QRZ","4","1010","1010","Success","0.00052"
"8UO9","4","1001","1001","Success","0.00038"
"1AD9","4","101","101","Success","0.00034"
"3O01","4","100","100","Success","0.00042"
"7CX3","4","11","11","Success","0.00031"
"5B4J","4","1111","1111","Success","0.00062"
"1FIH","4","0","0","Success","0.00045"
"3UI3","4","10","10","Success","0.00063"
"1T7M","4","110","110","Success","0.00062"
"9FR4","4","110","110","Success","0.00039"
"3GLQ","4","110","110","Success","0.00031"
"4S37","4","101","101","Success","0.00017"
"1MG5","4","111","111","Success","0.00044"
"8ATP","4","1101","1101","Success","0.00065"
"7VKH","4","1","1","Success","0.00061"
"5JHS","4","1010","1010","Success","0.00013"
"4FJC","4","1111","1111","Success","0.00028"
"7JZV","4","10","10","Success","0.00029"
"7K6L","4","1011","1011","Success","0.00064"
"3R5P","4","1100","1100","Success","0.0009"
"8Y1C","4","111","111","Success","0.00016"
"4IQ1","4","1001","1001","Success","0.0004"
"3EXQ","4","111","111","Success","0.0008"
"3P2V","4","101","101","Success","0.00056"
"6GOA","4","1","1","Success","0.00023"
"1N3B","4","1110","1110","Success","0.00041"
"2VU5","4","100","100","Success","0.00084"
"1XGL","4","1001","1001","Success","0.00044"
"5ZOD","4","11","11","Success","0.0006"
"4NU7","4","1000","1000","Success","0.00031"
"1TLZ","4","101","101","Success","0.00044"
"8GM5","4","1100","1100","Success","0.00043"
"8V6Y","4","11","11","Success","0.00063"
"6UB2","4","1000","1000","Success","0.00031"
"4XAC","4","1100","1100","Success","0.00064"
"5SKQ","4","1011","1011","Success","0.00028"
"5JB5","4","1000","1000","Success","0.00069"
"4KPT","4","1","1","Success","0.00046"
"7X8U","4","1101","1101","Success","0.00066"
"6KXY","4","100","100","Success","0.00061"
"6B2K","4","111","111","Success","0.00065"
"8XQA","4","101","101","Success","0.00027"
"4HT9","4","111","111","Success","0.00071"
"4JDW","4","1","1","Success","0.00052"
"6Q81","4","1110","1110","Success","0.00029"
"3H5R","4","11","11","Success","0.00027"
"1.00E+03","4","10","10","Success","0.00034"
"8KG4","4","1110","1110","Success","0.00061"
"6B03","4","101","101","Success","0.00032"
"2E2Z","4","1000","1000","Success","0.00022"
"6JDR","4","100","100","Success","0.00048"
"1Y6R","4","10","10","Success","0.00046"
"2OOH","4","1110","1110","Success","0.00052"
"5IXZ","4","0","0","Success","0.00053"
"7WIG","4","1100","1100","Success","0.0003"
"5IBF","4","1101","1101","Success","0.0005"
"4CR2","4","1000","1000","Success","0.0001"
"2CM7","4","0","0","Success","0.00058"
"5MRJ","4","1","1","Success","0.0004"
"4DGG","4","100","100","Success","0.00044"
"6O0T","4","1","1","Success","0.0003"
"5X9C","4","101","101","Success","0.00039"
"3TZB","4","1100","1100","Success","0.00032"
"1PD7","4","1","1","Success","0.00018"
"2YMW","4","111","111","Success","0.00027"
"4OLQ","4","1001","1001","Success","0.00025"
"7Z8Z","4","100","100","Success","0.00072"
"4K9B","4","110","110","Success","0.00054"
"1ERW","4","111","111","Success","0.00099"
"3JW5","4","1101","1101","Success","0.00054"
"2NWQ","4","110","110","Success","0.00034"
"5IXT","4","1110","1110","Success","0.00041"
"7FUH","4","1100","1100","Success","0.00052"
"5UU1","4","1011","1011","Success","0.00055"
"7QVX","4","1010","1010","Success","0.00039"
"6SDU","4","1011","1011","Success","0.00033"
"5XMC","4","1110","1110","Success","0.00048"
"2EAK","4","1100","1100","Success","0.00048"
"5N4I","4","1101","1101","Success","0.00049"
"3V9M","4","1000","1000","Success","0.00065"
"3WEK","4","1010","1010","Success","0.00054"
"6VNK","4","0","0","Success","0.00028"
"7FYV","4","1111","1111","Success","0.00081"
"1XLP","4","101","101","Success","0.00054"
"4J66","4","1101","1101","Success","0.0009"
"8EX0","4","1","1","Success","0.00061"
"4F1R","4","1001","1001","Success","0.00062"
"4DQ7","4","100","100","Success","0.00053"
"5K91","4","1000","1000","Success","0.00038"
"8WFN","4","1010","1010","Success","0.00017"
"6GHF","4","111","111","Success","0.00048"
"3UAK","4","101","101","Success","0.00035"
"1EC8","4","10","10","Success","0.00023"
"4HAO","4","1","1","Success","0.00041"
"3V8Q","4","1101","1101","Success","0.00062"
"4V0W","4","11","11","Success","0.00039"
"6LVO","4","1001","1001","Success","0.00064"
"1CHW","4","111","111","Success","0.00036"
"1AZB","4","1000","1000","Success","0.0006"
"6LE3","4","1001","1001","Success","0.00032"
"1WKD","4","0","0","Success","0.00052"
"4NUA","4","1001","1001","Success","0.00051"
"5OMR","4","1","1","Success","0.00048"
"3SXZ","4","1100","1100","Success","0.0006"
"2ZQJ","4","0","0","Success","0.00028"
"4JW3","4","11","11","Success","0.00048"
"4OA3","4","1000","1000","Success","0.0008"
"4A5W","4","1101","1101","Success","0.00021"
"8J4R","4","1110","1110","Success","0.00018"
"4WRN","4","110","110","Success","0.00026"
"2OWZ","4","1000","1000","Success","0.00058"
"966C","4","1000","1000","Success","0.00081"
"4WYB","4","1111","1111","Success","0.00014"
"4FT0","4","1111","1111","Success","0.00061"
"7F9A","4","11","11","Success","0.00031"
"4BFT","4","1010","1010","Success","0.00041"
"8XSQ","4","111","111","Success","0.00034"
"6UZS","4","1100","1100","Success","0.00051"
"3APP","4","110","110","Success","0.00056"
"5FES","4","1001","1001","Success","0.00053"
"1V7T","4","1011","1011","Success","0.00063"
"7WP5","4","1101","1101","Success","0.00048"
"5XIJ","4","1000","1000","Success","0.00022"
"2BOO","4","1","1","Success","0.00066"
"3SK5","4","1001","1001","Success","0.00088"
"1NU4","4","1","1","Success","0.00072"
"7Z2O","4","1","1","Success","0.00046"
"1SIW","4","0","0","Success","0.00022"
"4FOW","4","1111","1111","Success","0.00039"
"3TV6","4","1011","1011","Success","0.00043"
"8DP6","4","101","101","Success","0.00043"
"5HC9","4","100","100","Success","0.00035"
"3VDD","4","1001","1001","Success","0.00035"
"4S2M","4","101","101","Success","0.00032"
"2JJ0","4","100","100","Success","0.00034"
"9FSK","4","0","0","Success","0.00025"
"1ZMS","4","110","110","Success","0.00071"
"6AMT","4","1111","1111","Success","0.00036"
"7YS6","4","1101","1101","Success","0.00029"
"7Y6A","4","1110","1110","Success","0.00087"
"3G27","4","1001","1001","Success","0.00111"
"1C6G","4","1011","1011","Success","0.00079"
"7SYZ","4","101","101","Success","0.00034"
"8HCS","4","1001","1001","Success","0.00107"
"6.00E+42","4","1101","1101","Success","0.00027"
"8PRG","4","1110","1110","Success","0.00114"
"1NEW","4","1001","1001","Success","0.0002"
"7NBI","4","1101","1101","Success","0.00061"
"7B9B","4","1011","1011","Success","0.00057"
"6G81","4","111","111","Success","0.0002"
"8RSD","4","1","1","Success","0.00068"
"3SFC","4","11","11","Success","0.00039"
"4XOL","4","11","11","Success","0.00082"
"8AOI","4","1101","1101","Success","0.00053"
"5OCK","4","1000","1000","Success","0.00047"
"1GX1","4","1010","1010","Success","0.00047"
"2ZP8","4","1011","1011","Success","0.00041"
"5BSZ","4","1100","1100","Success","0.00062"
"4QJ7","4","111","111","Success","0.00045"
"7TYJ","4","1110","1110","Success","0.00034"
"6P5F","4","1000","1000","Success","0.00089"
"7RNX","4","1101","1101","Success","0.00033"
"5LD1","4","110","110","Success","0.0003"
"1OM5","4","1","1","Success","0.00033"
"2NTZ","4","110","110","Success","0.00052"
"6Y0B","4","10","10","Success","0.00051"
"8ECI","4","100","100","Success","0.00019"
"2Y9H","4","0","0","Success","0.00024"
"4ISF","4","100","100","Success","0.00049"
"7FTO","4","101","101","Success","0.00051"
"3AJR","4","111","111","Success","0.0004"
"7ECY","4","1111","1111","Success","0.00034"
"5X6K","4","0","0","Success","0.00052"
"1BQT","4","1011","1011","Success","0.00049"
"3S67","4","1101","1101","Success","0.00092"
"8JZY","4","1100","1100","Success","0.00086"
"5I9I","4","1100","1100","Success","0.00037"
"3IOP","4","100","100","Success","0.0006"
"2PVI","4","1001","1001","Success","0.00055"
"7B56","4","11","11","Success","0.00052"
"7TFI","4","1010","1010","Success","0.0002"
"7QI0","4","1010","1010","Success","0.00048"
"8IZZ","4","1001","1001","Success","0.00081"
"1ACM","4","1111","1111","Success","0.00033"
"4UWE","4","11","11","Success","8.00E-05"
"8X2I","4","1001","1001","Success","0.00021"
"4EDR","4","110","110","Success","0.00055"
"5PAX","4","1100","1100","Success","0.00057"
"4YSK","4","1111","1111","Success","0.00041"
"6BZF","4","10","10","Success","0.00025"
"3KXQ","4","1011","1011","Success","0.00045"
"9QB5","4","11","11","Success","0.0004"
"7RXP","4","1","1","Success","0.00042"
"2FLT","4","0","0","Success","0.00092"
"5BRO","4","10","10","Success","0.00044"
"2A94","4","1111","1111","Success","0.00053"
"3M08","4","110","110","Success","0.00079"
"3T1O","4","1000","1000","Success","0.00051"
"1M4R","4","10","10","Success","0.00061"
"5K0M","4","100","100","Success","0.00052"
"1QZ3","4","100","100","Success","0.00057"
"5O0R","4","1","1","Success","0.00042"
"1YHS","4","1111","1111","Success","0.00062"
"7C6H","4","101","101","Success","0.00034"
"4BBY","4","1000","1000","Success","0.00022"
"6U4Y","4","100","100","Success","0.00024"
"2A49","4","1010","1010","Success","0.00061"
"7BDH","4","111","111","Success","0.00055"
"7PMY","4","100","100","Success","0.0004"
"1CE0","4","1010","1010","Success","0.00095"
"1TLV","4","1110","1110","Success","0.00071"
"3NCE","4","0","0","Success","0.00048"
"2LRK","4","1000","1000","Success","0.00011"
"3DRG","4","101","101","Success","0.00042"
"5TM0","4","1","1","Success","0.00013"
"2.00E+93","4","10","10","Success","0.0004"
"7R88","4","1","1","Success","0.00027"
"6YYM","4","0","0","Success","0.00081"
"5W6U","4","1111","1111","Success","0.00044"
"6LQD","4","1111","1111","Success","0.00034"
"4UP0","4","1111","1111","Success","0.00103"
"3O86","4","1000","1000","Success","0.00036"
"9KYV","4","111","111","Success","0.00062"
"6QPU","4","1101","1101","Success","0.00022"
"2FQM","4","11","11","Success","0.0005"
"1IX1","4","1011","1011","Success","0.00054"
"3S1D","4","110","110","Success","0.00043"
"1ETK","4","1110","1110","Success","0.00081"
"7BIM","4","1","1","Success","0.0003"
"1M5D","4","1101","1101","Success","0.00063"
"8F02","4","111","111","Success","0.00056"
"8GE7","4","100","100","Success","0.00032"
"2H8P","4","100","100","Success","0.00042"
"3HIZ","4","101","101","Success","0.00028"
"7P7K","4","110","110","Success","0.00015"
"7UFT","4","11","11","Success","0.00016"
"4O3P","4","1010","1010","Success","0.00047"
"1PT9","4","0","0","Success","0.00052"
"1T6T","4","110","110","Success","0.00067"
"8S9N","4","1011","1011","Success","0.00065"
"4MKK","4","11","11","Success","0.00046"
"2LJZ","4","1111","1111","Success","0.00026"
"8JPS","4","110","110","Success","0.00038"
"3OAB","4","1110","1110","Success","0.0003"
"1FTQ","4","10","10","Success","0.00035"
"9FS1","4","110","110","Success","0.0005"
"2H1F","4","111","111","Success","0.0004"
"3WU2","4","101","101","Success","0.00014"
"7NS7","4","111","111","Success","0.00039"
"6VAJ","4","110","110","Success","0.00079"
"5WWS","4","1","1","Success","0.00033"
"2IK9","4","111","111","Success","0.00042"
"5QMR","4","1101","1101","Success","0.00052"
"9D6A","4","1101","1101","Success","0.00049"
"3GRO","4","110","110","Success","0.00042"
"4XDD","4","1110","1110","Success","0.00028"
"4RJF","4","1101","1101","Success","0.00034"
"4KEU","4","111","111","Success","0.00028"
"3ZBP","4","1110","1110","Success","0.00056"
"5G4R","4","1","1","Success","0.00048"
"9BPS","4","111","111","Success","0.00029"
"5EDR","4","1101","1101","Success","0.00057"
"5Y5R","4","1101","1101","Success","0.00026"
"1DS6","4","11","11","Success","0.00051"
"4X51","4","10","10","Success","0.00058"
"6NEM","4","0","0","Success","0.00067"
"7G41","4","100","100","Success","0.00035"
"1F9R","4","111","111","Success","0.0006"
"4KMC","4","1011","1011","Success","0.00113"
"5V5G","4","111","111","Success","0.00045"
"8TCF","4","1010","1010","Success","0.00034"
"2QGX","4","1101","1101","Success","0.0004"
"5XD6","4","1001","1001","Success","0.00043"
"7Z3T","4","11","11","Success","0.00032"
"4WJW","4","10","10","Success","0.00036"
"6LVR","4","1110","1110","Success","0.00051"
"4A2J","4","110","110","Success","0.00045"
"4OHH","4","1101","1101","Success","0.00045"
"1Z8C","4","101","101","Success","0.00069"
"5LR1","4","1001","1001","Success","0.00067"
"1V91","4","101","101","Success","0.00037"
"2WM1","4","11","11","Success","0.00055"
"2ZBG","4","1000","1000","Success","0.00032"
"8BEA","4","1101","1101","Success","0.0004"
"3GD4","4","1001","1001","Success","0.00033"
"7EAZ","4","101","101","Success","0.00018"
"6NY6","4","1011","1011","Success","0.0002"
"3ITQ","4","110","110","Success","0.0005"
"6YIC","4","1101","1101","Success","0.00062"
"4H3B","4","1100","1100","Success","0.00037"
"3BJ2","4","10","10","Success","0.00041"
"4H8A","4","1","1","Success","0.00038"
"2MJ8","4","1000","1000","Success","0.00028"
"8JVC","4","101","101","Success","0.00074"
"1FQF","4","1010","1010","Success","0.00052"
"2GM3","4","11","11","Success","0.00033"
"4Y24","4","110","110","Success","0.00063"
"3NSD","4","1011","1011","Success","0.00046"
"1W3I","4","1001","1001","Success","0.00029"
"3K8X","4","0","0","Success","0.00022"
"6H3W","4","1100","1100","Success","0.00064"
"6P72","4","1011","1011","Success","0.00034"
"6CP5","4","100","100","Success","0.00029"
"5DZY","4","111","111","Success","0.00019"
"6WWH","4","1011","1011","Success","0.00019"
"6K2N","4","111","111","Success","0.00031"
"4Z7A","4","1000","1000","Success","0.00052"
"7AK7","4","11","11","Success","0.00038"
"2.00E+26","4","1100","1100","Success","0.00038"
"1EZO","4","1","1","Success","0.00017"
"3P6I","4","10","10","Success","0.00083"
"2O3I","4","1110","1110","Success","0.00036"
"6AYC","4","10","10","Success","0.00047"
"1X7D","4","1000","1000","Success","0.00039"
"6M6C","4","11","11","Success","0.00018"
"2FGV","4","1101","1101","Success","0.0007"
"3I6M","4","1","1","Success","0.00043"
"1KJI","4","110","110","Success","0.00036"
"4GVH","4","1110","1110","Success","0.00037"
"2ME0","4","1100","1100","Success","0.00026"
"8OP6","4","1000","1000","Success","0.00029"
"3V64","4","111","111","Success","0.00029"
"7X9P","4","1","1","Success","0.00073"
"7LT0","4","101","101","Success","0.00069"
"4F2R","4","1101","1101","Success","0.00028"
"4A71","4","1100","1100","Success","0.00058"
"8SU1","4","111","111","Success","0.00054"
"5KDV","4","1101","1101","Success","0.00034"
"6DLK","4","1000","1000","Success","0.00036"
"5IMM","4","1100","1100","Success","0.00062"
"4ISH","4","1011","1011","Success","0.00056"
"4NJD","4","1000","1000","Success","0.00058"
"6D07","4","1010","1010","Success","0.00091"
"1DNU","4","1100","1100","Success","0.00028"
"4A78","4","111","111","Success","0.00058"
"4X8F","4","1","1","Success","0.00014"
"9B2E","4","1001","1001","Success","0.00063"
"4QYY","4","1100","1100","Success","0.00053"
"2OZ3","4","1011","1011","Success","0.00018"
"4NX9","4","1111","1111","Success","0.00059"
"7SQA","4","1011","1011","Success","0.00042"
"4X0P","4","1000","1000","Success","0.00019"
"6IN0","4","1101","1101","Success","0.0006"
"3Q2E","4","10","10","Success","0.00096"
"3KK2","4","11","11","Success","0.00032"
"2FYM","4","1100","1100","Success","0.00024"
"6FUF","4","1101","1101","Success","0.00042"
"1XCD","4","1110","1110","Success","0.00055"
"4FG7","4","1011","1011","Success","0.00064"
"1KKU","4","1100","1100","Success","0.00066"
"4YFF","4","1000","1000","Success","0.00031"
"4Y8Q","4","10","10","Success","0.00012"
"3H0W","4","1","1","Success","0.00057"
"4UUA","4","1","1","Success","0.00043"
"6Z8L","4","1110","1110","Success","0.00045"
"5YGC","4","1011","1011","Success","0.0007"
"4WYY","4","1","1","Success","0.00052"
"4NTW","4","10","10","Success","0.00041"
"4J6R","4","1100","1100","Success","0.00036"
"7CFY","4","1101","1101","Success","0.00041"
"4ODB","4","1101","1101","Success","0.00034"
"5V1G","4","1110","1110","Success","0.00054"
"2CSL","4","1000","1000","Success","0.00037"
"4N6O","4","1","1","Success","0.0005"
"6E3M","4","11","11","Success","0.00073"
"2M5G","4","1111","1111","Success","0.00017"
"7WDQ","4","0","0","Success","0.00028"
"5VRG","4","1001","1001","Success","0.00045"
"5ZEO","4","10","10","Success","0.00079"
"3I9Z","4","1101","1101","Success","0.0012"
"3NKF","4","1","1","Success","0.00034"
"5YJO","4","100","100","Success","0.00048"
"4EYV","4","1000","1000","Success","0.00044"
"3DBO","4","1111","1111","Success","0.00076"
"8ULF","4","11","11","Success","0.00021"
"7L0Q","4","11","11","Success","0.00031"
"2X14","4","1011","1011","Success","0.0005"
"6VS8","4","100","100","Success","0.00053"
"7HH5","4","0","0","Success","0.00059"
"7FEM","4","0","0","Success","0.00016"
"4HIK","4","1100","1100","Success","0.00081"
"2J3K","4","1101","1101","Success","0.00039"
"3PAB","4","1011","1011","Success","0.00036"
"5GV1","4","1010","1010","Success","0.00059"
"3DFM","4","101","101","Success","0.00062"
"3SII","4","110","110","Success","0.0006"
"6HFR","4","1000","1000","Success","0.00051"
"3SBO","4","111","111","Success","0.0002"
"3KT7","4","1001","1001","Success","0.00042"
"3FB6","4","110","110","Success","0.00043"
"7G76","4","1011","1011","Success","0.00034"
"8QY5","4","1110","1110","Success","0.00023"
"8DB4","4","1101","1101","Success","0.00023"
"2IB6","4","1100","1100","Success","0.00023"
"1X86","4","110","110","Success","0.00022"
"6NQF","4","1001","1001","Success","0.00045"
"8WFA","4","1100","1100","Success","0.00033"
"6GXA","4","11","11","Success","0.00024"
"6NVD","4","1010","1010","Success","0.00033"
"5I4N","4","110","110","Success","0.00058"
"1R2G","4","1","1","Success","0.00084"
"8KHR","4","1101","1101","Success","0.00029"
"4CO1","4","101","101","Success","0.00066"
"7D65","4","10","10","Success","0.00018"
"4G8W","4","1011","1011","Success","0.00066"
"1Y2C","4","1011","1011","Success","0.00038"
"8P7Q","4","100","100","Success","0.00055"
"6SYA","4","11","11","Success","0.00038"
"1L4I","4","1111","1111","Success","0.0005"
"6XP2","4","1101","1101","Success","0.00027"
"3SUC","4","0","0","Success","0.00036"
"3KE1","4","110","110","Success","0.00046"
"9IJ1","4","1100","1100","Success","0.00036"
"8HUZ","4","110","110","Success","0.00032"
"2WZD","4","1001","1001","Success","0.00048"
"1SD8","4","10","10","Success","0.00085"
"6JHT","4","1101","1101","Success","0.00029"
"2X4N","4","1111","1111","Success","0.00036"
"3LMA","4","1101","1101","Success","0.00028"
"4WXD","4","111","111","Success","0.00078"
"4JEQ","4","110","110","Success","0.00018"
"5FGB","4","1011","1011","Success","0.00034"
"9MC1","4","100","100","Success","0.00051"
"9QU3","4","1110","1110","Success","0.0005"
"2D6N","4","111","111","Success","0.00056"
"4NBG","4","1100","1100","Success","0.00026"
"2HST","4","1110","1110","Success","0.00017"
"8OUJ","4","110","110","Success","0.00026"
"4NMQ","4","1101","1101","Success","0.0007"
"5BR8","4","1","1","Success","0.00021"
"2OSW","4","1000","1000","Success","0.00033"
"7DQ4","4","1000","1000","Success","0.00038"
"4ZGV","4","1101","1101","Success","0.00024"
"3SAR","4","1111","1111","Success","0.00063"
"1K9C","4","1101","1101","Success","0.00025"
"1QCW","4","111","111","Success","0.00036"
"1VQ6","4","1111","1111","Success","0.00016"
"4Z62","4","10","10","Success","0.0004"
"4WV4","4","1000","1000","Success","0.00075"
"1I5I","4","100","100","Success","0.00073"
"8S6U","4","1","1","Success","0.00078"
"1WKK","4","1111","1111","Success","0.0006"
"1JQ6","4","1101","1101","Success","0.00077"
"8BM3","4","1000","1000","Success","0.00032"
"7Q3H","4","1001","1001","Success","0.00019"
"8IBU","4","1","1","Success","0.00029"
"2MEI","4","1000","1000","Success","0.00087"
"3BQJ","4","1001","1001","Success","0.00059"
"5AA8","4","1100","1100","Success","0.00059"
"2NY4","4","111","111","Success","0.00033"
"1IRY","4","1011","1011","Success","0.00015"
"4NKS","4","101","101","Success","0.00042"
"8GUJ","4","1101","1101","Success","0.00033"
"7H89","4","1110","1110","Success","0.00038"
"3IR3","4","1001","1001","Success","0.00062"
"1QF7","4","10","10","Success","0.00019"
"7MBH","4","1110","1110","Success","0.00034"
"3SGM","4","1100","1100","Success","0.00155"
"3NK1","4","1101","1101","Success","0.00048"
"6Q9R","4","110","110","Success","0.00026"
"1C99","4","1101","1101","Success","0.00038"
"5K6Z","4","1010","1010","Success","0.00036"
"1UJ1","4","101","101","Success","0.0004"
"2JHH","4","0","0","Success","0.00046"
"7Y9Z","4","1","1","Success","0.00016"
"6H4S","4","1110","1110","Success","0.00027"
"1K6Y","4","1100","1100","Success","0.00036"
"7E5M","4","1","1","Success","0.00046"
"2EHC","4","1010","1010","Success","0.00042"
"8BHD","4","1100","1100","Success","0.00032"
"3ZZD","4","10","10","Success","0.00073"
"3WCP","4","1100","1100","Success","0.00042"
"4LFN","4","1000","1000","Success","0.0004"
"6FCB","4","1110","1110","Success","0.0005"
"4L8U","4","1100","1100","Success","0.00041"
"3GND","4","11","11","Success","0.00013"
"4DZB","4","1111","1111","Success","0.00047"
"4FEQ","4","1010","1010","Success","0.00064"
"8H39","4","1000","1000","Success","0.00043"
"1T10","4","0","0","Success","0.00042"
"5QYL","4","0","0","Success","0.00043"
"7U6H","4","1000","1000","Success","0.00031"
"7.00E+14","4","1","1","Success","0.0003"
"1T2T","4","11","11","Success","0.00102"
"4ERK","4","1010","1010","Success","0.00054"
"5MFM","4","11","11","Success","0.00021"
"2E2F","4","1001","1001","Success","0.00156"
"2EKX","4","1001","1001","Success","0.00022"
"3F1Z","4","1101","1101","Success","0.00029"
"7FUA","4","1100","1100","Success","0.00052"
"8U30","4","100","100","Success","0.00022"
"4QT1","4","0","0","Success","0.0006"
"5VBX","4","1011","1011","Success","0.00053"
"8UUS","4","1111","1111","Success","0.00044"
"8GUL","4","11","11","Success","0.00033"
"6JTP","4","1001","1001","Success","0.0005"
"8IL2","4","1001","1001","Success","0.00057"
"4TOE","4","100","100","Success","0.00016"
"4BDH","4","1011","1011","Success","0.0006"
"4XWS","4","1110","1110","Success","0.00035"
"6HTR","4","110","110","Success","0.00012"
"2RSK","4","1110","1110","Success","0.00065"
"7GO6","4","1000","1000","Success","0.00052"
"8W37","4","110","110","Success","0.00119"
"2YU7","4","101","101","Success","0.00019"
"7BAQ","4","111","111","Success","0.00053"
"4R1T","4","1110","1110","Success","0.00056"
"3DNG","4","1","1","Success","0.00056"
"3SBU","4","110","110","Success","0.00049"
"8EGR","4","1010","1010","Success","0.00014"
"2DQ7","4","1110","1110","Success","0.00062"
"2B81","4","1001","1001","Success","0.00028"
"6HH4","4","11","11","Success","0.00038"
"5W2I","4","1000","1000","Success","0.00061"
"8GMR","4","1011","1011","Success","0.00024"
"2JBF","4","1001","1001","Success","0.00031"
"3SRA","4","110","110","Success","0.00037"
"2K24","4","101","101","Success","0.00022"
"1D8C","4","110","110","Success","0.00038"
"5ALS","4","1000","1000","Success","0.00043"
"7UCE","4","100","100","Success","0.00048"
"8BI9","4","110","110","Success","0.00102"
"6GGB","4","101","101","Success","0.00048"
"8ZFB","4","111","111","Success","0.00059"
"6HPP","4","1001","1001","Success","0.00025"
"6UTD","4","1101","1101","Success","0.00052"
"9AU7","4","1100","1100","Success","0.0003"
"8UH6","4","1001","1001","Success","0.00026"
"3PJ3","4","111","111","Success","0.00065"
"1V6O","4","111","111","Success","0.00023"
"3MMD","4","1011","1011","Success","0.00052"
"3QK2","4","111","111","Success","0.00085"
"4YY4","4","11","11","Success","0.001"
"5Y31","4","110","110","Success","0.00022"
"5V00","4","1010","1010","Success","0.0005"
"2GTI","4","1100","1100","Success","0.00054"
"3PVT","4","10","10","Success","0.00035"
"4CD1","4","100","100","Success","0.00051"
"3DFZ","4","101","101","Success","0.0005"
"8PRF","4","1100","1100","Success","0.00112"
"4C3C","4","1011","1011","Success","0.00068"
"3OCP","4","111","111","Success","0.00063"
"5P9H","4","100","100","Success","0.00062"
"5NZB","4","1110","1110","Success","0.00083"
"7YKL","4","1110","1110","Success","0.00015"
"8HRS","4","101","101","Success","0.00026"
"1RXE","4","11","11","Success","0.00088"
"6MG7","4","110","110","Success","0.00035"
"2HOQ","4","1000","1000","Success","0.00065"
"7YXD","4","1111","1111","Success","0.00031"
"7TOT","4","1100","1100","Success","0.00043"
"4X27","4","0","0","Success","0.00057"
"4YGZ","4","1110","1110","Success","0.0008"
"4YKB","4","1010","1010","Success","0.00034"
"1IJE","4","10","10","Success","0.00043"
"7N1L","4","1100","1100","Success","0.00021"
"7G8V","4","1000","1000","Success","0.00045"
"7O3L","4","110","110","Success","0.00012"
"6L18","4","1000","1000","Success","0.00064"
"3UQ2","4","100","100","Success","0.00057"
"2H30","4","100","100","Success","0.00082"
"5OA0","4","0","0","Success","0.00031"
"5OT2","4","111","111","Success","0.00016"
"3CTL","4","11","11","Success","0.00027"
"6LIP","4","10","10","Success","0.00066"
"7VIZ","4","1101","1101","Success","0.00047"
"6SBK","4","1","1","Success","0.00054"
"7V61","4","11","11","Success","0.00016"
"1XKR","4","101","101","Success","0.0007"
"7H5H","4","1","1","Success","0.00055"
"9JSB","4","111","111","Success","0.00027"
"1L4V","4","101","101","Success","0.00036"
"1BXV","4","11","11","Success","0.00101"
"4EZ4","4","1111","1111","Success","0.00032"
"8JJW","4","1110","1110","Success","0.00048"
"1STE","4","1111","1111","Success","0.00065"
"3SIQ","4","1","1","Success","0.0004"
"7RWM","4","1100","1100","Success","0.00026"
"1ACP","4","100","100","Success","0.00081"
"2AD5","4","101","101","Success","0.00031"
"6VHS","4","1000","1000","Success","0.00043"
"3A83","4","101","101","Success","0.00065"
"5IKW","4","10","10","Success","0.00058"
"6O0F","4","0","0","Success","0.00024"
"7VUN","4","100","100","Success","0.00031"
"3TGO","4","1100","1100","Success","0.00034"
"4RQR","4","1011","1011","Success","0.00098"
"2OER","4","1101","1101","Success","0.00049"
"8W3F","4","1110","1110","Success","0.00047"
"4DFU","4","111","111","Success","0.00041"
"4JYA","4","1","1","Success","0.00021"
"5US6","4","1010","1010","Success","0.00018"
"5NTY","4","10","10","Success","0.00077"
"3QFR","4","101","101","Success","0.00029"
"1CWR","4","100","100","Success","0.00074"
"8P7J","4","1001","1001","Success","0.00042"
"3IF5","4","1100","1100","Success","0.00051"
"5RL0","4","1010","1010","Success","0.00057"
"3MKT","4","100","100","Success","0.00034"
"213L","4","100","100","Success","0.00078"
"6ID6","4","1010","1010","Success","0.00056"
"3UIL","4","1100","1100","Success","0.00038"
"3SIB","4","1","1","Success","0.00069"
"2CXV","4","1001","1001","Success","0.00066"
"1HUG","4","10","10","Success","0.00059"
"4UAE","4","1001","1001","Success","0.00044"
"8ZLD","4","1000","1000","Success","0.0005"
"3GEN","4","100","100","Success","0.00061"
"4XMN","4","1010","1010","Success","0.00019"
"8PUY","4","10","10","Success","0.00048"
"5OAE","4","1000","1000","Success","0.00039"
"3CAO","4","1010","1010","Success","0.00097"
"1J59","4","1111","1111","Success","0.00049"
"5KIU","4","1000","1000","Success","0.00114"
"5ISZ","4","1","1","Success","0.00035"
"6N7R","4","1100","1100","Success","0.00019"
"4CE6","4","1100","1100","Success","0.00048"
"4OMR","4","1001","1001","Success","0.00063"
"2UZ1","4","1001","1001","Success","0.00021"
"1C3W","4","111","111","Success","0.00067"
"1L72","4","0","0","Success","0.00076"
"6K9G","4","1000","1000","Success","0.00031"
"7N2T","4","111","111","Success","0.00057"
"5KFA","4","1111","1111","Success","0.00046"
"7OWP","4","1101","1101","Success","0.00035"
"5DPZ","4","1111","1111","Success","0.00054"
"5QZA","4","1100","1100","Success","0.00042"
"6YPK","4","1000","1000","Success","0.00054"
"8CPN","4","1000","1000","Success","0.00079"
"5HHK","4","1101","1101","Success","0.00041"
"3VVX","4","11","11","Success","0.0005"
"5ZMD","4","100","100","Success","0.00025"
"9ELF","4","1","1","Success","0.00015"
"5Q59","4","11","11","Success","0.00054"
"6L94","4","10","10","Success","0.00056"
"1W3O","4","111","111","Success","0.0007"
"6ZER","4","1000","1000","Success","0.00022"
"2M7U","4","1111","1111","Success","0.00025"
"3RM0","4","1000","1000","Success","0.00055"
"3EHG","4","1","1","Success","0.00087"
"8JIY","4","0","0","Success","0.00066"
"5X1L","4","110","110","Success","0.00027"
"2GS6","4","0","0","Success","0.00056"
"6MZB","4","1001","1001","Success","0.00024"
"5CXD","4","1000","1000","Success","0.00052"
"4RJV","4","1111","1111","Success","0.00056"
"3SZO","4","110","110","Success","0.0004"
"8P56","4","1101","1101","Success","0.0004"
"7XLL","4","1011","1011","Success","0.00035"
"3MO2","4","0","0","Success","0.00029"
"6S7T","4","1101","1101","Success","0.00021"
"1TN4","4","100","100","Success","0.00077"
"6K0N","4","11","11","Success","0.0004"
"8QCX","4","1100","1100","Success","0.00047"
"6NCU","4","1111","1111","Success","0.00057"
"1TH6","4","101","101","Success","0.00089"
"4U3T","4","0","0","Success","0.0004"
"7BG1","4","1011","1011","Success","0.00049"
"2EX0","4","1100","1100","Success","0.00035"
"2X0L","4","11","11","Success","0.00035"
"4RQM","4","1111","1111","Success","0.00074"
"5CCV","4","111","111","Success","0.00012"
"5L0Y","4","111","111","Success","0.00028"
"8DDU","4","100","100","Success","0.00016"
"1L75","4","1110","1110","Success","0.00079"
"8HOY","4","1101","1101","Success","0.00024"
"2YVY","4","1110","1110","Success","0.00064"
"7N2A","4","100","100","Success","0.00057"
"6PJF","4","1101","1101","Success","0.00071"
"7GSQ","4","1","1","Success","0.00056"
"5RGQ","4","110","110","Success","0.00054"
"1ISV","4","1","1","Success","0.00033"
"1PF3","4","1","1","Success","0.00046"
"5BXC","4","1000","1000","Success","0.00057"
"6ANP","4","110","110","Success","0.00034"
"3V69","4","1011","1011","Success","0.00065"
"8FHU","4","1100","1100","Success","0.00036"
"2YBP","4","1101","1101","Success","0.00037"
"2P1U","4","10","10","Success","0.00067"
"3QB7","4","101","101","Success","0.00041"
"5WPS","4","0","0","Success","0.00069"
"8A44","4","10","10","Success","0.00036"
"4KBI","4","1001","1001","Success","0.00029"
"7MKD","4","1101","1101","Success","0.00016"
"6PPY","4","110","110","Success","0.00054"
"3H4V","4","110","110","Success","0.00022"
"7M10","4","1011","1011","Success","0.00113"
"5SG7","4","111","111","Success","0.00028"
"2A6P","4","1001","1001","Success","0.0005"
"6TDG","4","101","101","Success","0.00078"
"7S20","4","11","11","Success","0.00035"
"1MH9","4","110","110","Success","0.00072"
"5KFQ","4","1100","1100","Success","0.00047"
"6DVW","4","1001","1001","Success","0.00019"
"6MIK","4","10","10","Success","0.00062"
"2GMX","4","111","111","Success","0.00036"
"6ANG","4","111","111","Success","0.00058"
"4FTQ","4","1000","1000","Success","0.00063"
"1GK4","4","101","101","Success","0.00047"
"4NW5","4","1000","1000","Success","0.00057"
"3K4U","4","1000","1000","Success","0.00027"
"6P50","4","11","11","Success","0.00044"
"2FHK","4","1001","1001","Success","0.00028"
"1ZOQ","4","1101","1101","Success","0.00046"
"5IWO","4","1011","1011","Success","0.00043"
"1T9P","4","11","11","Success","0.00078"
"2B8A","4","101","101","Success","0.00018"
"6WA5","4","110","110","Success","0.0002"
"5Z2Q","4","1010","1010","Success","0.00044"
"4X1D","4","110","110","Success","0.00027"
"6WTQ","4","101","101","Success","0.0006"
"5SK6","4","10","10","Success","0.00028"
"1K9K","4","0","0","Success","0.00075"
"2HI2","4","10","10","Success","0.00079"
"6OYW","4","0","0","Success","0.0003"
"3MDC","4","110","110","Success","0.00055"
"6OKW","4","110","110","Success","0.00044"
"3I0J","4","1011","1011","Success","0.0006"
"5OGJ","4","1110","1110","Success","0.00044"
"3MUN","4","1110","1110","Success","0.00038"
"5XWM","4","1101","1101","Success","0.00026"
"1TQ5","4","1000","1000","Success","0.00065"
"2FO3","4","1000","1000","Success","0.00094"
"6UYZ","4","1000","1000","Success","0.00075"
"3K8H","4","1110","1110","Success","0.00044"
"4CEJ","4","10","10","Success","0.00021"
"3BSW","4","10","10","Success","0.00072"
"7WK2","4","1000","1000","Success","0.00018"
"6XQ2","4","10","10","Success","0.00026"
"8A4I","4","11","11","Success","0.00068"
"4CLD","4","1010","1010","Success","0.00031"
"6B6U","4","1010","1010","Success","0.0003"
"2KTD","4","101","101","Success","0.00019"
"4R8M","4","1110","1110","Success","0.0004"
"1SHM","4","101","101","Success","0.00046"
"7AJP","4","1011","1011","Success","0.00021"
"4HJK","4","1111","1111","Success","0.00113"
"7R2H","4","1111","1111","Success","0.00076"
"7ZWW","4","0","0","Success","0.00086"
"1CK0","4","100","100","Success","0.00047"
"7.00E+85","4","0","0","Success","0.00054"
"7B42","4","111","111","Success","0.0006"
"8U6E","4","1111","1111","Success","0.00032"
"5IM3","4","1011","1011","Success","0.00024"
"2AHI","4","1000","1000","Success","0.00034"
"6M5T","4","110","110","Success","0.00063"
"9J5C","4","10","10","Success","0.00056"
"2O4L","4","101","101","Success","0.0007"
"2ICA","4","100","100","Success","0.00077"
"5KN0","4","10","10","Success","0.00027"
"1NKV","4","1100","1100","Success","0.00037"
"4V3Y","4","1100","1100","Success","0.00035"
"3B6I","4","110","110","Success","0.00049"
"7KBK","4","100","100","Success","0.00039"
"3K7P","4","101","101","Success","0.00056"
"3CJT","4","0","0","Success","0.00018"
"8BVJ","4","1101","1101","Success","0.0002"
"3EPN","4","101","101","Success","0.00031"
"7R62","4","1110","1110","Success","0.00061"
"6HPZ","4","1110","1110","Success","0.00084"
"2AE0","4","1010","1010","Success","0.00053"
"4D4Q","4","1101","1101","Success","0.0004"
"5LV3","4","1100","1100","Success","0.00027"
"5REE","4","100","100","Success","0.00057"
"6UCD","4","1110","1110","Success","0.00054"
"8GF2","4","1000","1000","Success","0.00021"
"7KA0","4","110","110","Success","0.0002"
"8DD8","4","0","0","Success","0.00028"
"7ALK","4","0","0","Success","0.00065"
"4KNX","4","0","0","Success","0.00047"
"1L0F","4","1001","1001","Success","0.00036"
"3VB4","4","11","11","Success","0.0004"
"3FNE","4","100","100","Success","0.0003"
"9KPF","4","10","10","Success","0.0003"
"3PCM","4","1001","1001","Success","0.0002"
"7DGK","4","1110","1110","Success","0.00055"
"2N2L","4","111","111","Success","0.00025"
"2E6H","4","110","110","Success","0.00032"
"7BBD","4","1001","1001","Success","0.00044"
"3Q0V","4","0","0","Success","0.0005"
"4FTV","4","11","11","Success","0.00035"
"3GA3","4","1111","1111","Success","0.00087"
"3K52","4","1100","1100","Success","0.00044"
"2WDQ","4","111","111","Success","0.00018"
"6SOC","4","0","0","Success","0.00025"
"1O1V","4","11","11","Success","0.00028"
"5I6I","4","1101","1101","Success","0.00019"
"1UN9","4","11","11","Success","0.0003"
"1UW6","4","1101","1101","Success","0.00016"
"7SEO","4","1011","1011","Success","0.00045"
"5FLX","4","100","100","Success","0.00014"
"8B2O","4","1001","1001","Success","0.00061"
"8OTE","4","1011","1011","Success","0.0003"
"3MAM","4","10","10","Success","0.0006"
"6D3L","4","100","100","Success","0.00063"
"8F72","4","1101","1101","Success","0.00028"
"5CH6","4","110","110","Success","0.00034"
"4JML","4","1100","1100","Success","0.00049"
"4QWX","4","1110","1110","Success","0.00013"
"6M4R","4","1101","1101","Success","0.00029"
"2PR0","4","11","11","Success","0.00073"
"4V32","4","1100","1100","Success","0.00055"
"2EJ4","4","1","1","Success","0.00023"
"1LJ9","4","11","11","Success","0.00059"
"8YVJ","4","1","1","Success","0.00063"
"5SGT","4","11","11","Success","0.00027"
"5G43","4","1001","1001","Success","0.0006"
"8R98","4","11","11","Success","0.00019"
"4PS3","4","101","101","Success","0.00034"
"7MAC","4","1111","1111","Success","0.0007"
"6SEL","4","1111","1111","Success","0.00056"
"3LNO","4","1100","1100","Success","0.00041"
"2Z6V","4","111","111","Success","0.00049"
"1HPL","4","0","0","Success","0.00034"
"2KKY","4","1000","1000","Success","0.00022"
"3TD3","4","1011","1011","Success","0.00033"
"7GQJ","4","1101","1101","Success","0.0005"
"9D79","4","111","111","Success","0.00032"
"1Q4R","4","0","0","Success","0.00099"
"6ZE1","4","1001","1001","Success","0.00054"
"7AOO","4","1000","1000","Success","0.00039"
"1V30","4","1000","1000","Success","0.00091"
"1VJW","4","1000","1000","Success","0.00127"
"6MYQ","4","100","100","Success","0.0003"
"8GFV","4","1001","1001","Success","0.00033"
"8I23","4","100","100","Success","0.00018"
"5B35","4","1111","1111","Success","0.00067"
"3O8P","4","0","0","Success","0.00054"
"8J8X","4","1000","1000","Success","0.0005"
"6LU9","4","1101","1101","Success","0.0002"
"3AJX","4","11","11","Success","0.00035"
"8YXS","4","1010","1010","Success","0.00022"
"1T3K","4","1000","1000","Success","0.0002"
"2NOB","4","1101","1101","Success","0.00058"
"3JWU","4","1100","1100","Success","0.00034"
"5NI3","4","111","111","Success","0.00032"
"1WFH","4","0","0","Success","0.00027"
"5H19","4","0","0","Success","0.00051"
"4I88","4","1110","1110","Success","0.00033"
"8UXW","4","0","0","Success","0.00014"
"5RMK","4","111","111","Success","0.00029"
"6VJF","4","1","1","Success","0.00027"
"8HU7","4","101","101","Success","0.00086"
"5AW9","4","0","0","Success","0.00027"
"1A7M","4","1000","1000","Success","0.00016"
"6MMQ","4","100","100","Success","0.00042"
"8K8S","4","1000","1000","Success","0.00025"
"5TH6","4","1000","1000","Success","0.00035"
"3FDG","4","1010","1010","Success","0.00037"
"5B7Q","4","1101","1101","Success","0.00044"
"4OQ6","4","1000","1000","Success","0.0006"
"6U7H","4","1111","1111","Success","0.00019"
"7R69","4","0","0","Success","0.00028"
"5COL","4","1001","1001","Success","0.00057"
"4NL8","4","1000","1000","Success","0.00023"
"2PXI","4","1010","1010","Success","0.00054"
"7Z42","4","100","100","Success","0.00015"
"7Q28","4","11","11","Success","0.00042"
"2F3T","4","110","110","Success","0.00028"
"6FE8","4","1","1","Success","0.00025"
"5FS4","4","0","0","Success","0.00064"
"1LV5","4","1010","1010","Success","0.00029"
"2VN0","4","1100","1100","Success","0.00046"
"7EQX","4","1001","1001","Success","0.00036"
"6S1R","4","1100","1100","Success","0.00049"
"3THE","4","10","10","Success","0.00041"
"5IDO","4","1101","1101","Success","0.00044"
"7LPC","4","101","101","Success","0.00023"
"8KB8","4","1001","1001","Success","0.00031"
"5I1H","4","1111","1111","Success","0.00047"
"6CZ3","4","11","11","Success","0.00061"
"3TE1","4","11","11","Success","0.00028"
"6O2B","4","10","10","Success","0.00021"
"2CWH","4","1110","1110","Success","0.00038"
"6EYP","4","1111","1111","Success","0.00024"
"1Q0L","4","110","110","Success","0.00049"
"4CCT","4","1000","1000","Success","0.00025"
"1E7K","4","101","101","Success","0.00063"
"2V0V","4","1100","1100","Success","0.00037"
"7THX","4","1001","1001","Success","0.00036"
"8TLY","4","1101","1101","Success","0.00048"
"1P1C","4","1011","1011","Success","0.00051"
"8FXJ","4","111","111","Success","0.00047"
"9DBO","4","0","0","Success","0.00042"
"1OEZ","4","1100","1100","Success","0.00046"
"4LPH","4","101","101","Success","0.00054"
"4IJ9","4","0","0","Success","0.00052"
"8DVX","4","10","10","Success","0.00048"
"6SIN","4","110","110","Success","0.0006"
"5MX4","4","1001","1001","Success","0.00027"
"6AVW","4","1101","1101","Success","0.00069"
"1G6L","4","10","10","Success","0.0007"
"7L27","4","1001","1001","Success","0.00026"
"7MCM","4","1011","1011","Success","0.00045"
"6LP2","4","1000","1000","Success","0.00041"
"4EU8","4","110","110","Success","0.00031"
"3AZB","4","1000","1000","Success","0.00017"
"4UW1","4","1","1","Success","0.00024"
"5C1R","4","1011","1011","Success","0.00036"
"2.00E+49","4","111","111","Success","0.00027"
"4AUB","4","1101","1101","Success","0.0002"
"5EXV","4","11","11","Success","0.00032"
"3QBM","4","1100","1100","Success","0.00049"
"3I9J","4","10","10","Success","0.00044"
"1VBM","4","1001","1001","Success","0.00038"
"4WRV","4","11","11","Success","0.00066"
"1FEZ","4","110","110","Success","0.00031"
"4PLZ","4","111","111","Success","0.00056"
"9BMU","4","1100","1100","Success","0.00018"
"3UN1","4","111","111","Success","0.00032"
"4WHR","4","1010","1010","Success","0.00027"
"6R5D","4","1110","1110","Success","0.00036"
"5ZTO","4","110","110","Success","0.00059"
"2XXJ","4","101","101","Success","0.00029"
"2VZE","4","1010","1010","Success","0.00024"
"6NAS","4","1101","1101","Success","0.00038"
"5VR5","4","1","1","Success","0.00066"
"6DJD","4","11","11","Success","0.00033"
"7ST4","4","1100","1100","Success","0.00049"
"3GFG","4","111","111","Success","0.00016"
"4R1J","4","1100","1100","Success","0.00075"
"5D5C","4","1111","1111","Success","0.00086"
"3JUH","4","1111","1111","Success","0.00037"
"3RH0","4","1100","1100","Success","0.00063"
"5K48","4","11","11","Success","0.00046"
"8R56","4","1","1","Success","0.00019"
"5HZS","4","10","10","Success","0.00019"
"3ZJQ","4","110","110","Success","0.00051"
"4DC6","4","1011","1011","Success","0.00068"
"7ZGS","4","101","101","Success","0.00032"
"8PNO","4","11","11","Success","0.0005"
"1X1G","4","111","111","Success","0.0002"
"7KBJ","4","110","110","Success","0.00022"
"4YZD","4","1101","1101","Success","0.0003"
"4N9Y","4","1010","1010","Success","0.00044"
"4IG0","4","1","1","Success","0.00032"
"5DNK","4","1000","1000","Success","0.00032"
"5BW9","4","1000","1000","Success","0.0001"
"6ON8","4","100","100","Success","0.00086"
"4BDU","4","1","1","Success","0.00028"
"7.00E+89","4","10","10","Success","0.00018"
"5XL1","4","11","11","Success","0.00032"
"7DTV","4","101","101","Success","0.00025"
"7UUI","4","11","11","Success","0.00047"
"2CZR","4","1101","1101","Success","0.00068"
"8X79","4","11","11","Success","0.00031"
"8GI7","4","1111","1111","Success","0.00026"
"7M0H","4","101","101","Success","0.00059"
"1LL2","4","0","0","Success","0.00062"
"2P70","4","1000","1000","Success","0.00084"
"2H9G","4","0","0","Success","0.00031"
"6TAB","4","110","110","Success","0.00074"
"5U7R","4","1011","1011","Success","0.00024"
"5JEY","4","1110","1110","Success","0.0007"
"9EUZ","4","1001","1001","Success","0.00024"
"6L6J","4","0","0","Success","0.00038"
"6QKX","4","110","110","Success","0.00038"
"4ICR","4","0","0","Success","0.00035"
"4RCE","4","1011","1011","Success","0.00052"
"4K50","4","1","1","Success","0.00022"
"7RBS","4","11","11","Success","0.0002"
"9BZ7","4","1010","1010","Success","0.00022"
"5VLC","4","1110","1110","Success","0.0002"
"6L1T","4","10","10","Success","0.00031"
"5OHS","4","11","11","Success","0.00014"
"4J4M","4","100","100","Success","0.00049"
"2W4I","4","1100","1100","Success","0.00032"
"4BML","4","10","10","Success","0.00021"
"3CTM","4","1","1","Success","0.00021"
"8J7P","4","10","10","Success","0.00047"
"4BQA","4","1011","1011","Success","0.00055"
"1EGD","4","1111","1111","Success","0.00026"
"2OTH","4","1101","1101","Success","0.00091"
"6SE7","4","1111","1111","Success","0.00033"
"4C3K","4","110","110","Success","0.0004"
"3SYR","4","111","111","Success","0.00035"
"2Q5I","4","1001","1001","Success","0.00043"
"3PZR","4","1001","1001","Success","0.00035"
"2JZC","4","1100","1100","Success","0.00023"
"3SD6","4","1011","1011","Success","0.00106"
"4GCH","4","100","100","Success","0.00065"
"4M9P","4","11","11","Success","0.00057"
"2F26","4","1011","1011","Success","0.00053"
"1NTP","4","1001","1001","Success","0.00067"
"4XWK","4","1000","1000","Success","0.00029"
"1JMC","4","1110","1110","Success","0.00065"
"1PRH","4","110","110","Success","0.00029"
"2FU7","4","1111","1111","Success","0.00043"
"3U1V","4","1111","1111","Success","0.00029"
"8UHI","4","0","0","Success","0.00015"
"6.00E+69","4","0","0","Success","0.00033"
"6C3I","4","10","10","Success","0.00034"
"6LBR","4","111","111","Success","0.00037"
"2ECM","4","1101","1101","Success","0.0003"
"7CX6","4","1100","1100","Success","0.00033"
"4B21","4","1000","1000","Success","0.00069"
"3QQQ","4","1101","1101","Success","0.00059"
"6OBF","4","1101","1101","Success","0.00058"
"6OHO","4","101","101","Success","0.00029"
"6KY1","4","110","110","Success","0.00043"
"3GPA","4","1001","1001","Success","0.00035"
"4R6P","4","100","100","Success","0.00041"
"5BJ3","4","101","101","Success","0.00027"
"5JQW","4","1000","1000","Success","0.00053"
"4XNV","4","1111","1111","Success","0.00052"
"4BJB","4","100","100","Success","0.00069"
"8ZF9","4","100","100","Success","0.00027"
"6RXP","4","110","110","Success","0.00045"
"9DP5","4","111","111","Success","0.00037"
"4JSG","4","111","111","Success","0.00035"
"4QQW","4","1011","1011","Success","0.00016"
"1P35","4","111","111","Success","0.00032"
"1AUS","4","1011","1011","Success","0.0002"
"2RSP","4","11","11","Success","0.00064"
"3J8D","4","0","0","Success","0.00022"
"6I3U","4","110","110","Success","0.00042"
"5SWG","4","1111","1111","Success","0.00028"
"6YID","4","1000","1000","Success","0.00031"
"4XL9","4","1110","1110","Success","0.00041"
"2AIU","4","110","110","Success","0.00096"
"8W5P","4","1001","1001","Success","0.00046"
"5Y7G","4","1101","1101","Success","0.00025"
"8OVB","4","1110","1110","Success","0.00025"
"4RAO","4","1101","1101","Success","0.00035"
"8OI9","4","1001","1001","Success","0.00038"
"5N7X","4","11","11","Success","0.00029"
"6GBD","4","1","1","Success","0.0002"
"9I62","4","1001","1001","Success","0.00019"
"4DQP","4","1011","1011","Success","0.00027"
"1ZK9","4","1","1","Success","0.00092"
"1RG2","4","1000","1000","Success","0.00034"
"2IV9","4","1010","1010","Success","0.00045"
"1Y1J","4","0","0","Success","0.0006"
"2WE6","4","11","11","Success","0.00047"
"2XU7","4","1001","1001","Success","0.00036"
"6PQX","4","11","11","Success","0.00032"
"8PLU","4","1001","1001","Success","0.00029"
"2C4M","4","1011","1011","Success","0.00018"
"4BIV","4","1110","1110","Success","0.00043"
"2PL7","4","101","101","Success","0.00084"
"4Z2T","4","1111","1111","Success","0.00029"
"4I37","4","1101","1101","Success","0.00046"
"2WIN","4","1110","1110","Success","0.00011"
"3EYB","4","1","1","Success","0.00035"
"6TWA","4","1001","1001","Success","0.00043"
"8QKG","4","1001","1001","Success","0.00038"
"4XXH","4","100","100","Success","0.00044"
"6NYH","4","100","100","Success","0.00045"
"7QRT","4","1100","1100","Success","0.0007"
"5KXB","4","0","0","Success","0.00031"
"1DJB","4","101","101","Success","0.0006"
"8HT1","4","1000","1000","Success","0.00051"
"6MV3","4","11","11","Success","0.0002"
"6RHK","4","10","10","Success","0.00057"
"7YP8","4","10","10","Success","0.00033"
"7RT5","4","1001","1001","Success","0.00075"
"7XKE","4","1000","1000","Success","0.00031"
"7MBP","4","100","100","Success","0.00016"
"2NPK","4","1110","1110","Success","0.00052"
"9RCQ","4","1110","1110","Success","0.00018"
"3TQ7","4","0","0","Success","0.00063"
"8B9X","4","1100","1100","Success","0.00042"
"3UKG","4","1111","1111","Success","0.00066"
"7WD8","4","1011","1011","Success","0.00044"
"1DX0","4","1100","1100","Success","0.00099"
"6XMF","4","1101","1101","Success","0.00038"
"5Z23","4","11","11","Success","0.00037"
"4IN6","4","1110","1110","Success","0.00035"
"3UDX","4","100","100","Success","0.00029"
"6VY2","4","1100","1100","Success","0.0002"
"8Q3Z","4","0","0","Success","0.00033"
"1H7F","4","101","101","Success","0.00044"
"7T8W","4","101","101","Success","0.00046"
"6Z8R","4","101","101","Success","0.00027"
"1NJG","4","101","101","Success","0.00046"
"5PUQ","4","1000","1000","Success","0.00061"
"8K4W","4","11","11","Success","0.00057"
"7YKQ","4","1110","1110","Success","0.00032"
"1YJG","4","1101","1101","Success","0.00038"
"5LW8","4","100","100","Success","0.00023"
"3PU9","4","1000","1000","Success","0.00046"
"6N8B","4","1001","1001","Success","0.00051"
"1PR4","4","10","10","Success","0.00038"
"1V2I","4","1011","1011","Success","0.00033"
"8U0Q","4","100","100","Success","0.00032"
"7F1E","4","110","110","Success","0.00046"
"8GR8","4","1110","1110","Success","0.00034"
"6MIP","4","10","10","Success","0.00084"
"1D2H","4","111","111","Success","0.00031"
"4FWY","4","1011","1011","Success","0.00081"
"6NVZ","4","11","11","Success","0.00029"
"1Q62","4","100","100","Success","0.00053"
"2DT8","4","101","101","Success","0.0006"
"8ZPE","4","110","110","Success","0.00026"
"1J8C","4","1","1","Success","0.00022"
"8IK7","4","0","0","Success","0.00068"
"2YXH","4","110","110","Success","0.00065"
"6LZX","4","0","0","Success","0.00032"
"5QMV","4","100","100","Success","0.00051"
"3PSK","4","1011","1011","Success","0.00036"
"5H6G","4","100","100","Success","0.00037"
"7D4V","4","11","11","Success","0.00079"
"8DKG","4","1001","1001","Success","0.00027"
"4GP7","4","1011","1011","Success","0.00053"
"7HOL","4","0","0","Success","0.00067"
"9IIR","4","1111","1111","Success","0.00022"
"5TCF","4","1101","1101","Success","0.0002"
"4FLU","4","1110","1110","Success","0.00037"
"4C8X","4","1011","1011","Success","0.00042"
"9N58","4","1111","1111","Success","0.00029"
"6N7Z","4","10","10","Success","0.00053"
"3VGN","4","111","111","Success","0.00059"
"1IBL","4","1110","1110","Success","0.0002"
"7TZJ","4","1010","1010","Success","0.00039"
"7PHI","4","0","0","Success","0.00025"
"2EQG","4","100","100","Success","0.00031"
"2DLO","4","1100","1100","Success","0.00025"
"3TVV","4","1100","1100","Success","0.00045"
"1DOR","4","111","111","Success","0.0004"
"6WX1","4","1011","1011","Success","0.00048"
"3DBM","4","1110","1110","Success","0.00045"
"7KH4","4","1001","1001","Success","0.00023"
"3SIY","4","0","0","Success","0.00033"
"1P2D","4","1110","1110","Success","0.00035"
"1RJX","4","1001","1001","Success","0.00064"
"6HCU","4","1100","1100","Success","0.00031"
"5F58","4","1","1","Success","0.00061"
"6JEP","4","1000","1000","Success","0.00029"
"8UCJ","4","1011","1011","Success","0.00022"
"3THW","4","10","10","Success","0.00024"
"1L32","4","11","11","Success","0.00077"
"5OU9","4","110","110","Success","0.00048"
"7CAZ","4","1000","1000","Success","0.00032"
"8ZXC","4","100","100","Success","0.00015"
"4URY","4","1001","1001","Success","0.0004"
"2W76","4","1001","1001","Success","0.00025"
"4Q0P","4","1010","1010","Success","0.00063"
"6ZHE","4","100","100","Success","0.0001"
"5VI7","4","0","0","Success","0.00048"
"2V6T","4","1111","1111","Success","0.00069"
"6G77","4","1010","1010","Success","0.00041"
"8J56","4","101","101","Success","0.00039"
"4XIK","4","1111","1111","Success","0.00038"
"1VHK","4","0","0","Success","0.00034"
"7JVX","4","1111","1111","Success","0.00057"
"7K4Z","4","1011","1011","Success","0.00056"
"8YNN","4","1101","1101","Success","0.00029"
"4M3Q","4","1001","1001","Success","0.00045"
"3GIQ","4","101","101","Success","0.00032"
"5UFZ","4","110","110","Success","0.0007"
"1FNF","4","110","110","Success","0.0005"
"4X0L","4","111","111","Success","0.00043"
"7Q6D","4","101","101","Success","0.00051"
"4N36","4","1101","1101","Success","0.00045"
"5AC9","4","10","10","Success","0.00037"
"7TUX","4","1111","1111","Success","0.00031"
"9FQO","4","1100","1100","Success","0.00047"
"3U6M","4","1011","1011","Success","0.00062"
"1P68","4","1111","1111","Success","0.00025"
"9G00","4","1100","1100","Success","0.00018"
"8HIG","4","1","1","Success","0.00072"
"1LP3","4","0","0","Success","0.00042"
"7G9F","4","110","110","Success","0.00046"
"1R09","4","101","101","Success","0.00034"
"4L1Z","4","1011","1011","Success","0.00058"
"5QY3","4","110","110","Success","0.00038"
"5WPR","4","11","11","Success","0.00068"
"2JVN","4","1101","1101","Success","0.00028"
"3QKP","4","11","11","Success","0.0006"
"3AZM","4","100","100","Success","0.00037"
"6MJX","4","1010","1010","Success","0.00055"
"9B67","4","1001","1001","Success","0.00021"
"5WBW","4","1010","1010","Success","0.0003"
"2RHD","4","1100","1100","Success","0.00078"
"7NCA","4","0","0","Success","0.00037"
"8G1T","4","1001","1001","Success","0.00042"
"3GV6","4","1010","1010","Success","0.00127"
"8Y9C","4","1001","1001","Success","0.00024"
"2BKR","4","1110","1110","Success","0.00059"
"5HJK","4","0","0","Success","0.00052"
"6LH8","4","11","11","Success","0.00081"
"3MM8","4","1101","1101","Success","0.00025"
"2G6W","4","1100","1100","Success","0.00051"
"4QWJ","4","1011","1011","Success","0.00013"
"3OE8","4","1000","1000","Success","0.00028"
"8RFP","4","1101","1101","Success","0.00053"
"7RL6","4","0","0","Success","0.00015"
"6BRT","4","0","0","Success","0.00021"
"5V2V","4","111","111","Success","0.00058"
"6VSS","4","1110","1110","Success","0.00023"
"3FSG","4","110","110","Success","0.00031"
"2BXC","4","1110","1110","Success","0.00029"
"3UIC","4","11","11","Success","0.00014"
"5XEO","4","100","100","Success","0.00039"
"8FRI","4","0","0","Success","0.00036"
"6RJK","4","1","1","Success","0.00033"
"3OXR","4","1100","1100","Success","0.0005"
"8IJZ","4","1110","1110","Success","0.00091"
"6FL2","4","1101","1101","Success","0.00041"
"3ZPV","4","1","1","Success","0.00023"
"6ALZ","4","10","10","Success","0.0004"
"6I4H","4","101","101","Success","0.00043"
"3X22","4","1011","1011","Success","0.00047"
"3QLJ","4","111","111","Success","0.00024"
"6E9T","4","100","100","Success","0.00013"
"5Y4H","4","110","110","Success","0.00062"
"4UH6","4","1011","1011","Success","0.00034"
"7BUX","4","1","1","Success","0.00038"
"5W5A","4","1110","1110","Success","0.00047"
"3B6G","4","101","101","Success","0.00036"
"1XIA","4","100","100","Success","0.00037"
"8GEZ","4","10","10","Success","0.00043"
"4HWN","4","1110","1110","Success","0.00103"
"7MZT","4","11","11","Success","0.00045"
"6B6F","4","10","10","Success","0.00059"
"1KCA","4","101","101","Success","0.00035"
"5LYF","4","110","110","Success","0.00057"
"6FF9","4","101","101","Success","0.00035"
"6XJZ","4","1110","1110","Success","0.00033"
"5K53","4","111","111","Success","0.00045"
"8D5C","4","10","10","Success","0.00019"
"1KRF","4","10","10","Success","0.00031"
"3M24","4","110","110","Success","0.00033"
"8A1B","4","1010","1010","Success","0.00056"
"4DFC","4","1101","1101","Success","0.0005"
"3B9J","4","10","10","Success","0.0002"
"3ON0","4","110","110","Success","0.00047"
"5CJ7","4","10","10","Success","0.00047"
"2OUY","4","100","100","Success","0.00039"
"8QFJ","4","1000","1000","Success","0.00052"
"4WI8","4","10","10","Success","0.00049"
"3B74","4","1010","1010","Success","0.00057"
"4K8V","4","1111","1111","Success","0.00027"
"7W34","4","1010","1010","Success","0.00067"
"8WK3","4","1010","1010","Success","0.00014"
"3M6F","4","1010","1010","Success","0.00072"
"1NWC","4","1","1","Success","0.00036"
"4YMA","4","10","10","Success","0.00042"
"8K3D","4","110","110","Success","0.00098"
"5Q8Z","4","1100","1100","Success","0.00053"
"9LSA","4","1001","1001","Success","0.00048"
"6QI0","4","1110","1110","Success","0.0004"
"4HOT","4","1010","1010","Success","0.00046"
"2EJG","4","100","100","Success","0.00041"
"1PPK","4","101","101","Success","0.00054"
"7H77","4","1011","1011","Success","0.00038"
"5RWN","4","1010","1010","Success","0.00041"
"6EDZ","4","1","1","Success","0.00019"
"6J6A","4","100","100","Success","0.00034"
"3L4B","4","1000","1000","Success","0.00027"
"7AF5","4","1111","1111","Success","0.00029"
"1WKJ","4","11","11","Success","0.0006"
"2ISH","4","1010","1010","Success","0.00034"
"8AMS","4","1010","1010","Success","0.00042"
"2YZQ","4","1011","1011","Success","0.00066"
"4M2L","4","110","110","Success","0.00051"
"8BKY","4","1100","1100","Success","0.00011"
"4HYF","4","1110","1110","Success","0.00038"
"7AK3","4","100","100","Success","0.00055"
"1G9J","4","111","111","Success","0.00039"
"4CMU","4","1000","1000","Success","0.00057"
"2FYG","4","1","1","Success","0.00088"
"8HJ0","4","1010","1010","Success","0.00031"
"4WJM","4","1110","1110","Success","0.00055"
"6G8W","4","1000","1000","Success","0.00075"
"5KGL","4","1101","1101","Success","0.00031"
"8S90","4","11","11","Success","0.00021"
"7W72","4","1","1","Success","0.0002"
"2Q0B","4","100","100","Success","0.00042"
"6CPA","4","1001","1001","Success","0.00057"
"7NME","4","1","1","Success","0.00035"
"7U0D","4","10","10","Success","0.0003"
"5RXL","4","1011","1011","Success","0.00042"
"3C3C","4","1","1","Success","0.00036"
"2G3J","4","1","1","Success","0.00055"
"4E3E","4","1110","1110","Success","0.00036"
"3SWA","4","100","100","Success","0.00033"
"9CQJ","4","100","100","Success","0.00031"
"3Q9S","4","1110","1110","Success","0.00068"
"1S3N","4","10","10","Success","0.00054"
"1PDR","4","1000","1000","Success","0.00102"
"7Y8U","4","111","111","Success","0.00038"
"3EBQ","4","100","100","Success","0.00083"
"7E7I","4","1000","1000","Success","0.00023"
"6ALV","4","101","101","Success","0.00057"
"6NM8","4","1001","1001","Success","0.00062"
"6KIL","4","101","101","Success","0.00091"
"3JUJ","4","111","111","Success","0.0003"
"3KBG","4","1011","1011","Success","0.00075"
"2KRE","4","0","0","Success","0.00022"
"6T9Q","4","1111","1111","Success","0.00126"
"1B72","4","1111","1111","Success","0.00084"
"7Z6D","4","1110","1110","Success","0.0006"
"6L6E","4","100","100","Success","0.00055"
"7QOM","4","1100","1100","Success","0.00046"
"8VIF","4","1001","1001","Success","0.00048"
"2RUU","4","1000","1000","Success","0.00037"
"3B62","4","1100","1100","Success","0.0005"
"5V7W","4","0","0","Success","0.00054"
"7RBV","4","111","111","Success","0.00016"
"7SV9","4","111","111","Success","0.0005"
"6PZG","4","10","10","Success","0.00047"
"3DPS","4","101","101","Success","0.00045"
"2ZGG","4","1111","1111","Success","0.00106"
"7L8Y","4","0","0","Success","0.00023"
"8XBM","4","111","111","Success","0.00019"
"2R4R","4","1001","1001","Success","0.0004"
"8U4O","4","1100","1100","Success","0.00031"
"2HBC","4","1111","1111","Success","0.00059"
"7GDI","4","101","101","Success","0.00057"
"5NK3","4","101","101","Success","0.00059"
"6I4F","4","1001","1001","Success","0.00044"
"4DDV","4","1000","1000","Success","0.00021"
"1TDC","4","111","111","Success","0.00057"
"6YZZ","4","110","110","Success","0.00081"
"7MRD","4","10","10","Success","0.00066"
"2ZDG","4","11","11","Success","0.00029"
"5IDP","4","1111","1111","Success","0.00039"
"4P14","4","1100","1100","Success","0.00066"
"4AKC","4","100","100","Success","0.00041"
"6ZUI","4","11","11","Success","0.0005"
"8A9T","4","1100","1100","Success","0.00021"
"7CRS","4","1010","1010","Success","0.00061"
"8TZQ","4","1111","1111","Success","0.00028"
"5DAQ","4","101","101","Success","0.00059"
"3Q1I","4","0","0","Success","0.00064"
"1ZAG","4","1111","1111","Success","0.00031"
"3DDT","4","1000","1000","Success","0.0008"
"5L3Q","4","101","101","Success","0.0003"
"1UES","4","1111","1111","Success","0.00036"
"3G0Q","4","1011","1011","Success","0.00053"
"5F0S","4","1","1","Success","0.00053"
"8RWY","4","11","11","Success","0.00022"
"6NVW","4","111","111","Success","0.00037"
"1VDX","4","1001","1001","Success","0.00074"
"8Q6X","4","11","11","Success","0.00036"
"2ZDX","4","101","101","Success","0.00037"
"7BJD","4","110","110","Success","0.00062"
"5WR4","4","100","100","Success","0.00055"
"1T1Q","4","101","101","Success","0.00037"
"4HMT","4","111","111","Success","0.00047"
"6EVK","4","100","100","Success","0.00021"
"1JJA","4","1111","1111","Success","0.00023"
"1PTT","4","101","101","Success","0.00058"
"3VT5","4","1101","1101","Success","0.00061"
"8J8O","4","1100","1100","Success","0.00043"
"6QD5","4","100","100","Success","0.00053"
"5HYG","4","1101","1101","Success","0.00058"
"1CZ4","4","1111","1111","Success","0.00073"
"1XZ6","4","10","10","Success","0.00062"
"3AKI","4","1001","1001","Success","0.00046"
"2H68","4","0","0","Success","0.00039"
"8GGS","4","101","101","Success","0.00058"
"8EVO","4","1","1","Success","0.00031"
"6SBE","4","1001","1001","Success","0.00051"
"3IJ2","4","1100","1100","Success","0.00043"
"5J94","4","100","100","Success","0.00067"
"5DWU","4","1010","1010","Success","0.00037"
"7ZY8","4","1101","1101","Success","0.00039"
"8AY1","4","110","110","Success","0.00035"
"5F8L","4","1111","1111","Success","0.00047"
"2G8U","4","101","101","Success","0.00087"
"6LAD","4","0","0","Success","0.00029"
"6Q5P","4","10","10","Success","0.0007"
"5V4S","4","1010","1010","Success","0.00024"
"1D4Z","4","1110","1110","Success","0.00085"
"5QR6","4","1000","1000","Success","0.00033"
"6T87","4","110","110","Success","0.00046"
"5MZF","4","1000","1000","Success","0.00038"
"7SKW","4","1","1","Success","0.00085"
"8QUU","4","1011","1011","Success","0.00052"
"7RLA","4","1001","1001","Success","0.00015"
"8FYN","4","10","10","Success","0.00052"
"2USN","4","1100","1100","Success","0.00076"
"1W98","4","0","0","Success","0.00042"
"4W6F","4","1","1","Success","0.00047"
"8F2F","4","100","100","Success","0.00036"
"4GW0","4","1000","1000","Success","0.00051"
"7APZ","4","1111","1111","Success","0.0005"
"4K2N","4","11","11","Success","0.00059"
"9F2A","4","100","100","Success","0.00023"
"1YS3","4","1100","1100","Success","0.00049"
"4AT5","4","10","10","Success","0.00058"
"5EPD","4","111","111","Success","0.00054"
"1EQN","4","1011","1011","Success","0.00026"
"2JM2","4","1010","1010","Success","0.00032"
"8WAE","4","100","100","Success","0.00066"
"8ADD","4","110","110","Success","0.00069"
"1O2D","4","1001","1001","Success","0.00038"
"2C67","4","111","111","Success","0.00031"
"3OZQ","4","1110","1110","Success","0.00053"
"9GL0","4","100","100","Success","0.00025"
"4BQ1","4","1","1","Success","0.00043"
"5FFW","4","110","110","Success","0.00065"
"7K1F","4","111","111","Success","0.00022"
"1Q7Z","4","1111","1111","Success","0.00029"
"8HER","4","1110","1110","Success","0.00017"
"6GXL","4","0","0","Success","0.00041"
"8YVO","4","1011","1011","Success","0.00051"
"6Z6V","4","1011","1011","Success","0.00031"
"4U23","4","10","10","Success","0.0006"
"7WAH","4","1001","1001","Success","0.00026"
"8A11","4","1001","1001","Success","0.00023"
"4RHC","4","1010","1010","Success","0.00023"
"4D8O","4","1001","1001","Success","0.00045"
"4E0U","4","1011","1011","Success","0.00034"
"3FXM","4","1100","1100","Success","0.00051"
"5HLO","4","1011","1011","Success","0.00053"
"7VBI","4","1","1","Success","0.00029"
"1UY1","4","1","1","Success","0.00087"
"5MPT","4","1","1","Success","0.00051"
"7BSO","4","100","100","Success","0.00105"
"5O3L","4","1010","1010","Success","0.00037"
"6TVP","4","100","100","Success","0.00036"
"8OZD","4","1000","1000","Success","0.00024"
"2R35","4","11","11","Success","0.001"
"5MIW","4","1010","1010","Success","0.00024"
"4Z18","4","1010","1010","Success","0.00049"
"7D1E","4","1110","1110","Success","0.00057"
"1JUO","4","1110","1110","Success","0.00052"
"7RED","4","1000","1000","Success","0.00061"
"8Z9B","4","1110","1110","Success","0.00066"
"6KRN","4","1101","1101","Success","0.00045"
"6WB7","4","101","101","Success","0.00029"
"4P13","4","10","10","Success","0.00026"
"7A1H","4","100","100","Success","0.00121"
"8EB2","4","0","0","Success","0.0002"
"9EIS","4","1010","1010","Success","0.00028"
"4ZMJ","4","10","10","Success","0.00041"
"7FPF","4","10","10","Success","0.00042"
"9CUF","4","1","1","Success","0.00034"
"1JC7","4","1110","1110","Success","0.00088"
"3W28","4","0","0","Success","0.00056"
"5A34","4","1000","1000","Success","0.00026"
"2XWH","4","1","1","Success","0.00042"
"4I06","4","1001","1001","Success","0.00032"
"9UEQ","4","1010","1010","Success","0.00027"
"2K9M","4","11","11","Success","0.00019"
"3HR6","4","100","100","Success","0.00048"
"8VBK","4","10","10","Success","0.00045"
"8DWA","4","111","111","Success","0.00041"
"6F2X","4","1000","1000","Success","0.00015"
"6K2G","4","1011","1011","Success","0.0005"
"5GXG","4","0","0","Success","0.00043"
"2ZOD","4","1001","1001","Success","0.00039"
"2W3O","4","1111","1111","Success","0.00069"
"4ICH","4","1111","1111","Success","0.0005"
"7PCR","4","1001","1001","Success","0.00042"
"5YK2","4","1000","1000","Success","0.0005"
"2Q0J","4","11","11","Success","0.00041"
"3VKD","4","1101","1101","Success","0.00043"
"9EO9","4","1111","1111","Success","0.00079"
"6AYZ","4","100","100","Success","0.00029"
"8HV9","4","1000","1000","Success","0.00056"
"3RW8","4","100","100","Success","0.00083"
"1EOK","4","1100","1100","Success","0.00059"
"4CMO","4","10","10","Success","0.00056"
"5VLD","4","11","11","Success","0.00019"
"7VED","4","11","11","Success","0.0006"
"2N6A","4","1110","1110","Success","0.00018"
"6WHQ","4","1010","1010","Success","0.0003"
"3V2J","4","1000","1000","Success","0.00062"
"1F0V","4","1011","1011","Success","0.00044"
"3JSK","4","110","110","Success","0.00014"
"6X0Q","4","101","101","Success","0.0002"
"2J4M","4","1111","1111","Success","0.00041"
"3IDF","4","1110","1110","Success","0.0006"
"4CM0","4","1111","1111","Success","0.00046"
"5.00E+14","4","1101","1101","Success","0.00046"
"1AJH","4","1001","1001","Success","0.00078"
"5EZY","4","1110","1110","Success","0.0002"
"4YFX","4","110","110","Success","0.00012"
"6P6F","4","11","11","Success","0.00053"
"9JRL","4","10","10","Success","0.00051"
"1LRT","4","1011","1011","Success","0.00026"
"8CZU","4","110","110","Success","0.00057"
"2IQ7","4","11","11","Success","0.0002"
"6TZB","4","110","110","Success","0.00026"
"5LGJ","4","1010","1010","Success","0.0004"
"9C5S","4","1110","1110","Success","0.00134"
"2DVI","4","1001","1001","Success","0.00049"
"6POE","4","1001","1001","Success","0.00016"
"1MHT","4","1110","1110","Success","0.00054"
"6H7W","4","1101","1101","Success","0.00013"
"4BAC","4","1011","1011","Success","0.00042"
"8ZQB","4","100","100","Success","0.00036"
"6YQI","4","1001","1001","Success","0.00053"
"4FT7","4","110","110","Success","0.00058"
"1Y9T","4","100","100","Success","0.00091"
"7Q34","4","111","111","Success","0.00051"
"1L1E","4","1110","1110","Success","0.00042"
"8K7E","4","1001","1001","Success","0.00036"
"7RI1","4","11","11","Success","0.00045"
"4CGM","4","1101","1101","Success","0.00047"
"3GTX","4","0","0","Success","0.00055"
"2HH7","4","1011","1011","Success","0.00106"
"1OTH","4","1111","1111","Success","0.00056"
"7T8K","4","1100","1100","Success","0.00042"
"6J86","4","1110","1110","Success","0.00035"
"7GJA","4","1001","1001","Success","0.00041"
"6YHE","4","1100","1100","Success","0.00052"
"2L1D","4","1001","1001","Success","0.0002"
"7R8L","4","1001","1001","Success","0.0003"
"8CHE","4","1110","1110","Success","0.00033"
"5REL","4","1000","1000","Success","0.00057"
"6NLJ","4","1011","1011","Success","0.00023"
"6PTE","4","1100","1100","Success","0.00026"
"6MHR","4","1000","1000","Success","0.0003"
"8W5D","4","1","1","Success","0.00047"
"6FHH","4","10","10","Success","0.0002"
"1JIV","4","10","10","Success","0.00051"
"1.00E+87","4","111","111","Success","0.00088"
"8F0E","4","1000","1000","Success","0.00028"
"3HPK","4","1101","1101","Success","0.00068"
"2D0I","4","1010","1010","Success","0.00027"
"4NSD","4","1010","1010","Success","0.0004"
"6FG9","4","1","1","Success","0.00023"
"1DXJ","4","101","101","Success","0.00063"
"2IK1","4","1101","1101","Success","0.00043"
"1O8X","4","10","10","Success","0.00084"
"1A00","4","1100","1100","Success","0.00041"
"7EJT","4","1110","1110","Success","0.00018"
"3UIW","4","111","111","Success","0.00065"
"6D39","4","1000","1000","Success","0.0007"
"2UZ3","4","1111","1111","Success","0.00036"
"6ZUY","4","1000","1000","Success","0.00018"
"1LT5","4","1001","1001","Success","0.00045"
"8TN6","4","1000","1000","Success","0.00046"
"5S62","4","1101","1101","Success","0.00021"
"7TKH","4","111","111","Success","0.00014"
"6G14","4","1110","1110","Success","0.00042"
"4R7R","4","1","1","Success","0.00088"
"4MQX","4","0","0","Success","0.00024"
"6L1Q","4","1100","1100","Success","0.00035"
"3J7X","4","0","0","Success","0.0002"
"5UTM","4","100","100","Success","0.00027"
"5TGS","4","1111","1111","Success","0.00045"
"4Y3A","4","10","10","Success","0.00052"
"1QJO","4","1101","1101","Success","0.0002"
"2O3G","4","111","111","Success","0.00116"
"4B5S","4","1010","1010","Success","0.00044"
"2MCM","4","1101","1101","Success","0.00093"
"7BPS","4","1000","1000","Success","0.00052"
"3WTB","4","11","11","Success","0.00022"
"8IDA","4","1010","1010","Success","0.00033"
"6LU0","4","1111","1111","Success","0.00033"
"6KLU","4","1011","1011","Success","0.00056"
"8QUG","4","1001","1001","Success","0.00075"
"7LXJ","4","10","10","Success","0.00068"
"1FFM","4","1110","1110","Success","0.00144"
"7CMU","4","111","111","Success","0.0003"
"2CGH","4","100","100","Success","0.00044"
"7R6Y","4","1011","1011","Success","0.00023"
"6J43","4","1111","1111","Success","0.00059"
"7OXN","4","1000","1000","Success","0.00046"
"8F4B","4","1101","1101","Success","0.00029"
"6K5W","4","1110","1110","Success","0.0002"
"6ADR","4","1000","1000","Success","0.00032"
"4NLP","4","1100","1100","Success","0.00046"
"7UR1","4","1111","1111","Success","0.00052"
"9BS3","4","1110","1110","Success","0.00029"
"2WOO","4","1011","1011","Success","0.00024"
"4KCG","4","0","0","Success","0.00045"
"8HGL","4","11","11","Success","0.00015"
"4R5N","4","1011","1011","Success","0.00049"
"6E9W","4","1011","1011","Success","0.00036"
"9FTJ","4","1110","1110","Success","0.00025"
"4P1O","4","110","110","Success","0.00055"
"2BGH","4","1111","1111","Success","0.00035"
"5XYV","4","1111","1111","Success","0.00067"
"7FVP","4","100","100","Success","0.00088"
"5MTQ","4","0","0","Success","0.00022"
"8WBQ","4","1001","1001","Success","0.00046"
"7CPZ","4","1101","1101","Success","0.00092"
"5DJO","4","1100","1100","Success","0.00055"
"1ZP7","4","1011","1011","Success","0.00055"
"5H7O","4","10","10","Success","0.00022"
"4QAV","4","1011","1011","Success","0.00034"
"2VC2","4","0","0","Success","0.00027"
"5YUP","4","1111","1111","Success","0.00046"
"3WBQ","4","1011","1011","Success","0.00062"
"1PL0","4","10","10","Success","0.0002"
"8ZT4","4","101","101","Success","0.00045"
"6R8B","4","1010","1010","Success","0.00024"
"4N4F","4","100","100","Success","0.00071"
"1VPI","4","1000","1000","Success","0.00087"
"7ZRV","4","101","101","Success","0.00017"
"5MPN","4","0","0","Success","0.00091"
"1EOC","4","1111","1111","Success","0.00048"
"5O2Z","4","1100","1100","Success","0.00064"
"3KV4","4","111","111","Success","0.00048"
"6KGE","4","1001","1001","Success","0.00049"
"1CDM","4","1010","1010","Success","0.00081"
"6H4B","4","111","111","Success","0.00068"
"1GLB","4","111","111","Success","0.0004"
"1WGN","4","1000","1000","Success","0.00028"
"3FWL","4","1100","1100","Success","0.00038"
"6E2N","4","111","111","Success","0.00043"
"8AVM","4","1010","1010","Success","0.00028"
"5KSO","4","1010","1010","Success","0.00077"
"2V1D","4","1010","1010","Success","0.00034"
"8VMY","4","0","0","Success","0.00055"
"5Z9G","4","1010","1010","Success","0.00061"
"1VFV","4","1000","1000","Success","0.00054"
"4FU4","4","1001","1001","Success","0.00035"
"2CH5","4","1110","1110","Success","0.00027"
"8J5I","4","110","110","Success","0.00103"
"4OG5","4","100","100","Success","0.00046"
"6FAX","4","1110","1110","Success","0.00043"
"3N7W","4","1111","1111","Success","0.00062"
"2H3O","4","1001","1001","Success","0.0015"
"9JOB","4","111","111","Success","0.00034"
"9JNW","4","1100","1100","Success","0.00027"
"2WPL","4","1101","1101","Success","0.00055"
"4DEH","4","1001","1001","Success","0.00059"
"7ZI0","4","10","10","Success","0.00028"
"1C9D","4","11","11","Success","0.00038"
"6F9D","4","0","0","Success","0.00015"
"1KLQ","4","100","100","Success","0.00067"
"2WSC","4","1000","1000","Success","0.00017"
"7EPZ","4","1110","1110","Success","0.00033"
"6JX2","4","1011","1011","Success","0.00028"
"3Q68","4","10","10","Success","0.00034"
"1GEJ","4","1110","1110","Success","0.0005"
"4NFN","4","0","0","Success","0.00059"
"4KF3","4","0","0","Success","0.00062"
"7FUL","4","1101","1101","Success","0.00051"
"4RXS","4","1010","1010","Success","0.00032"
"7LIV","4","110","110","Success","0.00013"
"9B7P","4","101","101","Success","0.00023"
"7LE6","4","1010","1010","Success","0.00069"
"5CDO","4","1100","1100","Success","0.00019"
"2FJA","4","1110","1110","Success","0.00025"
"1EPZ","4","101","101","Success","0.00074"
"5KJA","4","1110","1110","Success","0.00021"
"6ED7","4","1101","1101","Success","0.00017"
"7CLL","4","10","10","Success","0.00024"
"3RFS","4","100","100","Success","0.00043"
"6Z4E","4","110","110","Success","0.00068"
"8GLL","4","111","111","Success","0.00018"
"7D5V","4","110","110","Success","0.00028"
"1B67","4","110","110","Success","0.00087"
"5CCC","4","111","111","Success","0.00075"
"8YAF","4","10","10","Success","0.0002"
"2AM1","4","100","100","Success","0.00048"
"4NXR","4","101","101","Success","0.00095"
"1PRE","4","111","111","Success","0.00033"
"2XMF","4","100","100","Success","0.00132"
"6GUC","4","1010","1010","Success","0.0003"
"7ALF","4","1010","1010","Success","0.00077"
"7LC0","4","1000","1000","Success","0.00019"
"8XKX","4","1001","1001","Success","0.00031"
"4BLK","4","0","0","Success","0.00055"
"4S2N","4","110","110","Success","0.00032"
"3D40","4","1110","1110","Success","0.00063"
"7MW1","4","1","1","Success","0.00028"
"6U2Z","4","110","110","Success","0.0006"
"8K0C","4","10","10","Success","0.00022"
"3ASE","4","0","0","Success","0.00081"
"4L7J","4","1101","1101","Success","0.00052"
"4MOD","4","1100","1100","Success","0.00077"
"6QTG","4","1","1","Success","0.00041"
"7LSS","4","11","11","Success","0.00019"
"2KP7","4","1110","1110","Success","0.00025"
"1I3Z","4","1","1","Success","0.00097"
"7QL5","4","1111","1111","Success","0.00023"
"4AEE","4","1100","1100","Success","0.00027"
"1JN0","4","1000","1000","Success","0.0003"
"6LX3","4","1110","1110","Success","0.00025"
"2FYZ","4","10","10","Success","0.0006"
"2FKJ","4","110","110","Success","0.0003"
"3N3G","4","1100","1100","Success","0.00046"
"4L4G","4","110","110","Success","0.0005"
"3DD0","4","11","11","Success","0.00062"
"4CIL","4","1001","1001","Success","0.00059"
"9B3T","4","1110","1110","Success","0.00022"
"7MKU","4","10","10","Success","0.0004"
"6XTN","4","1011","1011","Success","0.00053"
"5G57","4","1010","1010","Success","0.00039"
"3IYZ","4","1000","1000","Success","0.00069"
"1ZAP","4","1110","1110","Success","0.00054"
"6VC9","4","111","111","Success","0.00037"
"5KCX","4","1001","1001","Success","0.00058"
"3VZP","4","101","101","Success","0.00032"
"5MMG","4","1100","1100","Success","0.0009"
"2YFY","4","1000","1000","Success","0.00031"
"6HSW","4","1101","1101","Success","0.00028"
"1ZKD","4","1010","1010","Success","0.00037"
"7NGS","4","100","100","Success","0.00071"
"5VX9","4","110","110","Success","0.00076"
"9MYL","4","1000","1000","Success","0.00028"
"2VBM","4","110","110","Success","0.00045"
"5QM8","4","110","110","Success","0.00052"
"8VSL","4","1111","1111","Success","0.00064"
"5ZLP","4","1001","1001","Success","0.00013"
"8FCQ","4","1111","1111","Success","0.00015"
"5JY1","4","1011","1011","Success","0.00028"
"7DGX","4","1","1","Success","0.00099"
"5IIU","4","1101","1101","Success","0.00041"
"8BVR","4","10","10","Success","0.0004"
"3MW3","4","110","110","Success","0.00073"
"1OYW","4","1","1","Success","0.00045"
"2XS0","4","1111","1111","Success","0.00053"
"8KHQ","4","1000","1000","Success","0.00019"
"2EKU","4","1010","1010","Success","0.00078"
"2KZ4","4","101","101","Success","0.00021"
"5YP6","4","0","0","Success","0.00063"
"7FOZ","4","1111","1111","Success","0.00042"
"2E8P","4","111","111","Success","0.00023"
"2BXW","4","11","11","Success","0.0006"
"3NPR","4","1000","1000","Success","0.00059"
"8ZAO","4","101","101","Success","0.00036"
"2EEG","4","110","110","Success","0.00022"
"6B3P","4","101","101","Success","0.00048"
"6PSR","4","11","11","Success","0.00016"
"7BEG","4","10","10","Success","0.00016"
"8AQD","4","1","1","Success","0.00086"
"2ZHH","4","1000","1000","Success","0.00088"
"7YK8","4","110","110","Success","0.00047"
"8TUR","4","101","101","Success","0.00048"
"6ESB","4","1111","1111","Success","0.00022"
"7MPU","4","100","100","Success","0.00049"
"8DI7","4","1001","1001","Success","0.00026"
"2GZA","4","0","0","Success","0.00032"
"8K9G","4","111","111","Success","0.00023"
"4WLB","4","1111","1111","Success","0.00043"
"8GV6","4","1101","1101","Success","0.00022"
"8HMS","4","1110","1110","Success","0.00022"
"6PDB","4","1001","1001","Success","0.0006"
"6FS0","4","1110","1110","Success","0.00042"
"7TLW","4","1001","1001","Success","0.00087"
"1XZF","4","1","1","Success","0.00072"
"8VMC","4","1011","1011","Success","0.00015"
"4DWI","4","1111","1111","Success","0.00041"
"7ZDV","4","1","1","Success","0.00029"
"7DFH","4","1011","1011","Success","0.00029"
"1GCV","4","1101","1101","Success","0.00043"
"1G2L","4","0","0","Success","0.00059"
"5PIE","4","110","110","Success","0.00051"
"4Z5C","4","101","101","Success","0.00082"
"1SLY","4","101","101","Success","0.00039"
"4ZGX","4","1111","1111","Success","0.00014"
"5YPL","4","11","11","Success","0.00047"
"5C85","4","1111","1111","Success","0.00093"
"6K4V","4","1100","1100","Success","0.00048"
"8C99","4","110","110","Success","0.00031"
"1KS7","4","10","10","Success","0.00054"
"1KMM","4","1010","1010","Success","0.00026"
"4NH6","4","111","111","Success","0.00061"
"1TLI","4","1101","1101","Success","0.00056"
"6RGL","4","1101","1101","Success","0.00026"
"5FXF","4","1110","1110","Success","0.0003"
"5MM1","4","100","100","Success","0.00054"
"6LI5","4","1010","1010","Success","0.00039"
"1XWN","4","1001","1001","Success","0.00018"
"2CG1","4","1000","1000","Success","0.00039"
"1JK0","4","1000","1000","Success","0.00041"
"4R5Z","4","1100","1100","Success","0.00026"
"4YAR","4","10","10","Success","0.00048"
"6D03","4","11","11","Success","0.00017"
"7XBX","4","100","100","Success","0.00033"
"8BLL","4","1001","1001","Success","0.00017"
"6Q9O","4","101","101","Success","0.00072"
"5EAL","4","1110","1110","Success","0.0004"
"6Z6U","4","1011","1011","Success","0.00015"
"3SXE","4","1100","1100","Success","0.0006"
"3ZTC","4","111","111","Success","0.00027"
"1HG8","4","1001","1001","Success","0.00054"
"2BST","4","1111","1111","Success","0.00051"
"8G45","4","101","101","Success","0.00098"
"5K3F","4","1001","1001","Success","0.00039"
"4ZNZ","4","111","111","Success","0.00068"
"2BOY","4","1","1","Success","0.00022"
"2BMB","4","1011","1011","Success","0.00044"
"2FRK","4","111","111","Success","0.00078"
"110M","4","1101","1101","Success","0.00078"
"8DBO","4","100","100","Success","0.00023"
"8BC9","4","1001","1001","Success","0.00022"
"6A2K","4","110","110","Success","0.00029"
"5Z4W","4","111","111","Success","0.00051"
"5MR1","4","1","1","Success","0.00096"
"4G7H","4","0","0","Success","0.00012"
"5H7Q","4","1110","1110","Success","0.00044"
"7TD6","4","10","10","Success","0.00037"
"6AL6","4","10","10","Success","0.00051"
"1BV9","4","1101","1101","Success","0.00071"
"5FO5","4","0","0","Success","0.00101"
"8JEK","4","1010","1010","Success","0.00029"
"1QQU","4","1100","1100","Success","0.00067"
"6AZJ","4","100","100","Success","0.00033"
"1DQU","4","1000","1000","Success","0.00044"
"6T23","4","1011","1011","Success","0.00023"
"8QC6","4","1111","1111","Success","0.00035"
"5HZC","4","1111","1111","Success","0.00044"
"5DLV","4","11","11","Success","0.00025"
"4E6R","4","111","111","Success","0.00092"
"1JC5","4","1010","1010","Success","0.00034"
"6PQ4","4","1100","1100","Success","0.00059"
"2W9D","4","10","10","Success","0.00047"
"3BY5","4","10","10","Success","0.0009"
"1JJ1","4","111","111","Success","0.00086"
"6YX6","4","111","111","Success","0.00068"
"3MJD","4","11","11","Success","0.00034"
"8VW9","4","11","11","Success","0.0005"
"2HTQ","4","1001","1001","Success","0.0005"
"5TYS","4","1000","1000","Success","0.00071"
"6UZQ","4","100","100","Success","0.00051"
"9FW9","4","0","0","Success","0.00029"
"3WMR","4","0","0","Success","0.00034"
"7Q06","4","10","10","Success","0.00023"
"6YKD","4","1","1","Success","0.00058"
"3F1K","4","10","10","Success","0.00066"
"5OM7","4","1111","1111","Success","0.00051"
"7RX3","4","1110","1110","Success","0.00029"
"6ZJP","4","1","1","Success","0.00032"
"3.00E+27","4","111","111","Success","0.00036"
"8BSH","4","1111","1111","Success","0.00024"
"2JH8","4","10","10","Success","0.0004"
"4USP","4","110","110","Success","0.0006"
"2PGV","4","1100","1100","Success","0.00059"
"6TI5","4","1100","1100","Success","0.00023"
"7JXG","4","0","0","Success","0.0003"
"4U76","4","0","0","Success","0.00056"
"1JE0","4","1010","1010","Success","0.00039"
"1WPR","4","1010","1010","Success","0.00041"
"8F6T","4","1101","1101","Success","0.00048"
"1CP3","4","0","0","Success","0.00046"
"2CU0","4","11","11","Success","0.00036"
"5L9Z","4","1000","1000","Success","0.00045"
"2RSL","4","1111","1111","Success","0.00052"
"6Q2L","4","1000","1000","Success","0.00056"
"7JV1","4","1001","1001","Success","0.00041"
"1U0F","4","1111","1111","Success","0.0003"
"8ET3","4","1001","1001","Success","0.00016"
"4PSD","4","111","111","Success","0.00067"
"4J6S","4","110","110","Success","0.00032"
"9H6A","4","1001","1001","Success","0.00049"
"5POG","4","1111","1111","Success","0.00062"
"2YBG","4","1011","1011","Success","0.00035"
"4CBH","4","11","11","Success","0.00026"
"7B9L","4","1100","1100","Success","0.0004"
"6QEC","4","0","0","Success","0.00123"
"3KZZ","4","1101","1101","Success","0.0008"
"5WIR","4","1","1","Success","0.00047"
"7ZCM","4","1110","1110","Success","0.00059"
"1BLI","4","1001","1001","Success","0.00044"
"1DCN","4","1011","1011","Success","0.00024"
"8A06","4","1010","1010","Success","0.0008"
"7O9P","4","1111","1111","Success","0.00055"
"2PZB","4","0","0","Success","0.00031"
"7U47","4","11","11","Success","0.00022"
"3OMA","4","1010","1010","Success","0.00025"
"3TAE","4","1","1","Success","0.00016"
"5HAP","4","10","10","Success","0.00046"
"8YSH","4","10","10","Success","0.00055"
"6CTI","4","1000","1000","Success","0.00055"
"6H5L","4","10","10","Success","0.00037"
"1KEI","4","10","10","Success","0.00054"
"2AFV","4","1000","1000","Success","0.00048"
"3TIH","4","1111","1111","Success","0.00028"
"6IV6","4","1010","1010","Success","0.00028"
"6WM2","4","1001","1001","Success","0.0001"
"1DM8","4","10","10","Success","0.00033"
"3JBW","4","1100","1100","Success","0.00023"
"4O71","4","1000","1000","Success","0.00061"
"4K1G","4","11","11","Success","0.00042"
"5BRU","4","10","10","Success","0.00062"
"5PAO","4","1101","1101","Success","0.00058"
"3V75","4","1","1","Success","0.00058"
"6X14","4","1101","1101","Success","0.00028"
"6Z6A","4","101","101","Success","0.00041"
"1F42","4","1000","1000","Success","0.00058"
"8R4V","4","1010","1010","Success","0.00032"
"5ZVE","4","101","101","Success","0.00034"
"4ZEJ","4","10","10","Success","0.00047"
"4W6N","4","1010","1010","Success","0.00028"
"6KGO","4","1","1","Success","0.00039"
"8P2V","4","0","0","Success","0.00077"
"6MSU","4","1001","1001","Success","0.00025"
"2CLY","4","1101","1101","Success","0.00041"
"8WLV","4","1011","1011","Success","0.0004"
"2I4P","4","0","0","Success","0.00043"
"2QXU","4","1000","1000","Success","0.00025"
"4ZFJ","4","1010","1010","Success","0.00018"
"3UU1","4","100","100","Success","0.00028"
"1RBN","4","1100","1100","Success","0.0009"
"2IF9","4","1001","1001","Success","0.00062"
"1PIE","4","1011","1011","Success","0.00051"
"8J5P","4","100","100","Success","0.0002"
"7VE5","4","10","10","Success","0.00086"
"5MAL","4","11","11","Success","0.00046"
"7VFC","4","101","101","Success","0.00066"
"3WY2","4","101","101","Success","0.0003"
"4L9N","4","0","0","Success","0.00057"
"8HKB","4","1100","1100","Success","0.00055"
"6DHA","4","1001","1001","Success","0.00042"
"4TPM","4","10","10","Success","0.0004"
"9DL7","4","110","110","Success","0.0002"
"7KP3","4","1","1","Success","0.00044"
"5OS8","4","1110","1110","Success","0.00056"
"5AJP","4","1111","1111","Success","0.00044"
"4ZSQ","4","11","11","Success","0.00036"
"4URK","4","0","0","Success","0.00034"
"4WUV","4","1110","1110","Success","0.00043"
"9BOG","4","1001","1001","Success","0.00026"
"6I91","4","1010","1010","Success","0.00038"
"4Z3L","4","1000","1000","Success","0.00032"
"1U31","4","100","100","Success","0.00053"
"7RDV","4","10","10","Success","0.00035"
"2C4A","4","1011","1011","Success","0.00051"
"6VJ4","4","1101","1101","Success","0.00067"
"8E6J","4","101","101","Success","0.00019"
"3ZDI","4","1111","1111","Success","0.00053"
"5W5D","4","1110","1110","Success","0.00049"
"3QE6","4","1000","1000","Success","0.00042"
"9FK5","4","1110","1110","Success","0.00035"
"6L6L","4","10","10","Success","0.00075"
"4ABV","4","110","110","Success","0.00066"
"1QJZ","4","1000","1000","Success","0.00043"
"3GSL","4","1111","1111","Success","0.00051"
"1YDK","4","111","111","Success","0.00048"
"7SNK","4","1100","1100","Success","0.00041"
"4YKR","4","10","10","Success","0.00068"
"2ZGD","4","1101","1101","Success","0.00102"
"4IGY","4","111","111","Success","0.0004"
"1O5M","4","1","1","Success","0.00036"
"7M4J","4","1111","1111","Success","0.00055"
"7C4K","4","110","110","Success","0.0004"
"8Q8W","4","11","11","Success","0.00048"
"7P57","4","1101","1101","Success","0.00053"
"7ODX","4","1","1","Success","0.00051"
"6KIK","4","1100","1100","Success","0.0006"
"5K3H","4","1011","1011","Success","0.00014"
"6M09","4","1110","1110","Success","0.00031"
"4YJR","4","1110","1110","Success","0.00061"
"3GPH","4","0","0","Success","0.00033"
"5XRB","4","1101","1101","Success","0.00069"
"1J1D","4","1000","1000","Success","0.00038"
"8DTD","4","1","1","Success","0.00058"
"6O8N","4","11","11","Success","0.00073"
"4H4Y","4","1000","1000","Success","0.0005"
"6WQA","4","1001","1001","Success","0.00049"
"3NF1","4","101","101","Success","0.00057"
"2KJW","4","101","101","Success","0.00023"
"9QH3","4","1011","1011","Success","0.00024"
"5DF0","4","1000","1000","Success","0.00031"
"6YXH","4","1111","1111","Success","0.00053"
"8A35","4","101","101","Success","0.00075"
"5V3Y","4","1001","1001","Success","0.00042"
"7RS7","4","1100","1100","Success","0.00033"
"4C2B","4","10","10","Success","0.00023"
"7XP9","4","101","101","Success","0.00115"
"1TUW","4","1011","1011","Success","0.00092"
"4NXS","4","11","11","Success","0.00036"
"4I13","4","1000","1000","Success","0.00058"
"3SBQ","4","111","111","Success","0.00028"
"6EKB","4","1010","1010","Success","0.00125"
"3D3K","4","11","11","Success","0.00032"
"4CYJ","4","1110","1110","Success","0.00024"
"6YAS","4","1001","1001","Success","0.00062"
"1L08","4","101","101","Success","0.0008"
"4F0R","4","1101","1101","Success","0.00049"
"7DBN","4","1101","1101","Success","0.00023"
"6XVO","4","1110","1110","Success","0.00126"
"7FGI","4","110","110","Success","0.00013"
"1UU8","4","1","1","Success","0.00056"
"2HMN","4","1111","1111","Success","0.0004"
"6TZO","4","100","100","Success","0.00067"
"3WYX","4","1","1","Success","0.00062"
"1LLZ","4","1101","1101","Success","0.00026"
"1ZXG","4","10","10","Success","0.00029"
"5TBS","4","1000","1000","Success","0.0006"
"5U20","4","10","10","Success","0.00026"
"2GBQ","4","1110","1110","Success","0.00032"
"1QA7","4","11","11","Success","0.00034"
"4BPR","4","1","1","Success","0.00056"
"3C6R","4","10","10","Success","0.00027"
"2G2U","4","1010","1010","Success","0.00047"
"1V1Q","4","101","101","Success","0.00067"
"5TRF","4","1111","1111","Success","0.00044"
"3GMB","4","1110","1110","Success","0.00037"
"7XZ8","4","1010","1010","Success","0.00046"
"6A7D","4","1001","1001","Success","0.00078"
"6J4A","4","1000","1000","Success","0.00021"
"8TQ0","4","1000","1000","Success","0.00038"
"6S2P","4","1101","1101","Success","0.00062"
"1LWL","4","10","10","Success","0.0005"
"3RT0","4","1001","1001","Success","0.00032"
"4JVC","4","0","0","Success","0.00072"
"1R0Y","4","1001","1001","Success","0.00031"
"8IN4","4","110","110","Success","0.00069"
"6OOS","4","101","101","Success","0.0005"
"7LS3","4","101","101","Success","0.00049"
"7C1A","4","11","11","Success","0.00023"
"1L7Z","4","1100","1100","Success","0.00081"
"7EIM","4","1001","1001","Success","0.00018"
"2GJ3","4","110","110","Success","0.00062"
"3WJM","4","100","100","Success","0.00016"
"7GIY","4","110","110","Success","0.00041"
"1YPV","4","1111","1111","Success","0.00061"
"5SFD","4","101","101","Success","0.00028"
"7WWR","4","1001","1001","Success","0.00111"
"1GYN","4","10","10","Success","0.00055"
"4FH0","4","11","11","Success","0.00071"
"4JWK","4","1101","1101","Success","0.00071"
"1.00E+52","4","10","10","Success","0.00021"
"3OJG","4","1101","1101","Success","0.00056"
"7NLT","4","1000","1000","Success","0.00058"
"5JCT","4","1101","1101","Success","0.00058"
"8UG2","4","110","110","Success","0.00091"
"2VT7","4","1","1","Success","0.0003"
"1I3L","4","1011","1011","Success","0.00038"
"6VUM","4","1011","1011","Success","0.00024"
"3RKE","4","1110","1110","Success","0.00042"
"5JCF","4","110","110","Success","0.00028"
"8FF2","4","1","1","Success","0.00052"
"7O3D","4","11","11","Success","0.00038"
"3KPT","4","101","101","Success","0.00037"
"5PU2","4","110","110","Success","0.00063"
"3RRA","4","111","111","Success","0.00036"
"8T9B","4","101","101","Success","0.00022"
"2HEL","4","1100","1100","Success","0.00063"
"7CAP","4","0","0","Success","0.00066"
"3HIM","4","1100","1100","Success","0.00051"
"5MBQ","4","10","10","Success","0.00033"
"3NKV","4","1110","1110","Success","0.00053"
"3LMI","4","10","10","Success","0.0003"
"4A8O","4","110","110","Success","0.00022"
"5ZCO","4","1110","1110","Success","0.00016"
"4WXZ","4","111","111","Success","0.00026"
"7K40","4","1000","1000","Success","0.00054"
"1I6J","4","100","100","Success","0.00062"
"3WCY","4","110","110","Success","0.00045"
"6E3Y","4","10","10","Success","0.00029"
"7X8J","4","1100","1100","Success","0.00036"
"4PNF","4","11","11","Success","0.00024"
"4IF4","4","1011","1011","Success","0.00035"
"3F11","4","100","100","Success","0.00057"
"2P46","4","11","11","Success","0.00045"
"4CHC","4","1101","1101","Success","0.00032"
"4XRS","4","1010","1010","Success","0.00065"
"6VXT","4","100","100","Success","0.00022"
"7K6S","4","1100","1100","Success","0.00089"
"8BJ7","4","1010","1010","Success","0.00045"
"6NWP","4","1100","1100","Success","0.00046"
"6L3X","4","101","101","Success","0.0002"
"7GFC","4","1110","1110","Success","0.00058"
"7TAS","4","1","1","Success","0.00047"
"6QB5","4","100","100","Success","0.00028"
"1BZZ","4","1","1","Success","0.00041"
"1IAJ","4","1011","1011","Success","0.00044"
"7TQW","4","10","10","Success","0.00036"
"1SA1","4","1110","1110","Success","0.00023"
"1HUP","4","1000","1000","Success","0.00084"
"3K07","4","1100","1100","Success","0.0003"
"6QGL","4","110","110","Success","0.00035"
"4X2W","4","1011","1011","Success","0.00053"
"2V8Q","4","1","1","Success","0.00045"
"2YRH","4","1100","1100","Success","0.00034"
"3EKD","4","1110","1110","Success","0.00033"
"5JXZ","4","101","101","Success","0.00036"
"6ECN","4","1101","1101","Success","0.0003"
"7OLE","4","100","100","Success","0.00015"
"1L70","4","100","100","Success","0.00077"
"4HKC","4","1010","1010","Success","0.00064"
"4EQR","4","101","101","Success","0.00034"
"7PW4","4","1010","1010","Success","0.0002"
"8P1B","4","1011","1011","Success","0.00087"
"6KX7","4","10","10","Success","0.00045"
"3LWG","4","1111","1111","Success","0.00062"
"3E1P","4","1001","1001","Success","0.00022"
"6ME1","4","0","0","Success","0.00033"
"2GSP","4","1010","1010","Success","0.00096"
"8JUT","4","1111","1111","Success","0.0001"
"6EI3","4","1000","1000","Success","0.00044"
"5FO3","4","101","101","Success","0.00055"
"7V0B","4","100","100","Success","0.00022"
"6TH1","4","1","1","Success","0.00053"
"1PZ1","4","11","11","Success","0.00039"
"1QI8","4","1000","1000","Success","0.00042"
"1R0J","4","110","110","Success","0.00132"
"4K91","4","1011","1011","Success","0.00037"
"4M9X","4","1","1","Success","0.0003"
"6VZO","4","10","10","Success","0.00043"
"4E3F","4","10","10","Success","0.00061"
"3SXV","4","1000","1000","Success","0.0004"
"2Y88","4","1100","1100","Success","0.00064"
"4O51","4","101","101","Success","0.00024"
"7V3S","4","1000","1000","Success","0.00058"
"6LL5","4","100","100","Success","0.00055"
"8IQ9","4","0","0","Success","0.00024"
"4ECO","4","1","1","Success","0.00028"
"7BBL","4","1000","1000","Success","0.00047"
"5FIV","4","1","1","Success","0.00094"
"5HZR","4","0","0","Success","0.00043"
"1BQU","4","1010","1010","Success","0.00048"
"4Y8H","4","1110","1110","Success","0.00013"
"4E7H","4","101","101","Success","0.00042"
"7OSV","4","10","10","Success","0.00078"
"1WP9","4","1110","1110","Success","0.00019"
"8R6M","4","1110","1110","Success","0.00046"
"4AZ4","4","111","111","Success","0.00078"
"5R5U","4","100","100","Success","0.0007"
"2WGL","4","0","0","Success","0.00039"
"2D66","4","1010","1010","Success","0.00048"
"1MZV","4","11","11","Success","0.00068"
"7BS2","4","1101","1101","Success","0.00065"
"8YVB","4","110","110","Success","0.00096"
"4ODM","4","1101","1101","Success","0.00038"
"5Y66","4","1010","1010","Success","0.00046"
"1QMF","4","1110","1110","Success","0.00041"
"1Y6L","4","1101","1101","Success","0.00046"
"3KNX","4","1110","1110","Success","0.00052"
"1WK8","4","1111","1111","Success","0.00052"
"3HR8","4","0","0","Success","0.00053"
"9EX8","4","1110","1110","Success","0.00058"
"7V49","4","1000","1000","Success","0.00074"
"1N7K","4","11","11","Success","0.00046"
"5H53","4","1000","1000","Success","0.00023"
"6XF9","4","1000","1000","Success","0.00022"
"6MGP","4","111","111","Success","0.00033"
"7VL7","4","1010","1010","Success","0.00027"
"7Y54","4","1011","1011","Success","0.00098"
"2XCN","4","1101","1101","Success","0.0005"
"5RW8","4","1001","1001","Success","0.00044"
"2ENV","4","101","101","Success","0.00024"
"4UPQ","4","111","111","Success","0.00034"
"4HYM","4","1100","1100","Success","0.00041"
"3GY8","4","1100","1100","Success","0.00067"
"4OYF","4","10","10","Success","0.0002"
"2EPS","4","1","1","Success","0.0003"
"6M4Y","4","10","10","Success","0.0005"
"3VE6","4","1101","1101","Success","0.00046"
"1QGK","4","0","0","Success","0.00033"
"6K9Q","4","1","1","Success","0.0001"
"1M2X","4","10","10","Success","0.00032"
"1B2X","4","10","10","Success","0.00055"
"3KQA","4","1111","1111","Success","0.00024"
"2KC5","4","1110","1110","Success","0.00017"
"8YWG","4","1101","1101","Success","0.00031"
"6XV1","4","111","111","Success","0.00041"
"3X1Z","4","101","101","Success","0.00053"
"5IIR","4","1","1","Success","0.00028"
"7TPC","4","100","100","Success","0.00018"
"5TFX","4","101","101","Success","0.00059"
"6MEK","4","101","101","Success","0.00021"
"4J3J","4","1100","1100","Success","0.00026"
"1TII","4","111","111","Success","0.00038"
"1HDJ","4","1010","1010","Success","0.00025"
"2DOC","4","1","1","Success","0.0002"
"4ODL","4","1110","1110","Success","0.00052"
"8RH1","4","1100","1100","Success","0.0002"
"1U49","4","1001","1001","Success","0.00041"
"6S1I","4","1000","1000","Success","0.00026"
"5T17","4","1100","1100","Success","0.0002"
"7Q1G","4","1111","1111","Success","0.00044"
"2OA0","4","1010","1010","Success","0.00031"
"5FYU","4","110","110","Success","0.00045"
"1Y94","4","0","0","Success","0.0006"
"1EIQ","4","1001","1001","Success","0.00057"
"6KTN","4","110","110","Success","0.0006"
"1W7D","4","1110","1110","Success","0.00087"
"2DIB","4","110","110","Success","0.0002"
"6E6S","4","1001","1001","Success","0.00093"
"5Y82","4","1011","1011","Success","0.00035"
"4QA3","4","101","101","Success","0.00036"
"1Q86","4","1110","1110","Success","0.00017"
"1SLX","4","1000","1000","Success","0.00055"
"9HGS","4","100","100","Success","0.00117"
"6AGY","4","1100","1100","Success","0.00082"
"8ABF","4","1011","1011","Success","0.00016"
"2P0L","4","1010","1010","Success","0.00063"
"3LR6","4","0","0","Success","0.00061"
"2V3M","4","10","10","Success","0.00042"
"7TNL","4","10","10","Success","0.0002"
"5B19","4","1","1","Success","0.00049"
"1LSY","4","100","100","Success","0.00088"
"1ES8","4","0","0","Success","0.00073"
"7CR2","4","1000","1000","Success","0.00032"
"4IYN","4","110","110","Success","0.00029"
"2JLZ","4","1000","1000","Success","0.00033"
"2PX4","4","1","1","Success","0.00058"
"2IMR","4","1111","1111","Success","0.00052"
"4XXV","4","11","11","Success","0.00037"
"1F0U","4","1101","1101","Success","0.00068"
"3W29","4","1","1","Success","0.00056"
"6YIY","4","101","101","Success","0.00065"
"7FPA","4","110","110","Success","0.00041"
"1HB4","4","101","101","Success","0.00054"
"5DV5","4","1101","1101","Success","0.00042"
"5BR0","4","11","11","Success","0.00031"
"1E0J","4","1010","1010","Success","0.00024"
"6CRI","4","1011","1011","Success","0.00012"
"7LCO","4","1001","1001","Success","0.00057"
"1NB8","4","101","101","Success","0.0004"
"6B5D","4","110","110","Success","0.0006"
"1A6U","4","1100","1100","Success","0.00066"
"7WUH","4","10","10","Success","0.00015"
"8JAF","4","1011","1011","Success","0.00042"
"3TFM","4","101","101","Success","0.00069"
"1K6S","4","1111","1111","Success","0.00046"
"6UUI","4","1001","1001","Success","0.00068"
"6X6X","4","1011","1011","Success","0.00034"
"8W4B","4","10","10","Success","0.00066"
"4GBV","4","1011","1011","Success","0.00056"
"5EVH","4","100","100","Success","0.00089"
"8C19","4","1000","1000","Success","0.00054"
"2V75","4","0","0","Success","0.00109"
"8BRS","4","1101","1101","Success","0.00036"
"8XV6","4","1000","1000","Success","0.00072"
"6CRL","4","1110","1110","Success","0.00015"
"6YMU","4","100","100","Success","0.00027"
"3FR2","4","10","10","Success","0.00085"
"1KO3","4","1100","1100","Success","0.00065"
"9BLI","4","1100","1100","Success","0.00043"
"3TZG","4","110","110","Success","0.00046"
"5UJJ","4","1101","1101","Success","0.00033"
"1JA2","4","1010","1010","Success","0.00085"
"1UMB","4","1011","1011","Success","0.00027"
"3N83","4","1001","1001","Success","0.00015"
"4GHW","4","110","110","Success","0.00043"
"7THG","4","1101","1101","Success","0.0006"
"7SZA","4","1000","1000","Success","0.00035"
"4J8B","4","1000","1000","Success","0.00055"
"2EM9","4","1100","1100","Success","0.00032"
"7PNA","4","1101","1101","Success","0.00055"
"5V59","4","10","10","Success","0.00051"
"7RZV","4","1000","1000","Success","0.00052"
"5AVY","4","10","10","Success","0.00028"
"4NZ3","4","1000","1000","Success","0.00035"
"4PEF","4","10","10","Success","0.00024"
"1CEA","4","1111","1111","Success","0.00077"
"4CBA","4","1110","1110","Success","0.00046"
"5ZIE","4","1101","1101","Success","0.00023"
"3EYO","4","11","11","Success","0.00033"
"7VYA","4","0","0","Success","0.00017"
"5WDR","4","101","101","Success","0.00054"
"7QCU","4","110","110","Success","0.00033"
"5NUH","4","10","10","Success","0.0005"
"4Y1Z","4","100","100","Success","0.0006"
"2Z8O","4","100","100","Success","0.0005"
"6A18","4","1111","1111","Success","0.00047"
"3M65","4","0","0","Success","0.0005"
"4P3N","4","111","111","Success","0.00025"
"2H2T","4","111","111","Success","0.00089"
"3DH4","4","1100","1100","Success","0.00022"
"5QPQ","4","11","11","Success","0.00051"
"5EBG","4","101","101","Success","0.00067"
"8Y2E","4","1001","1001","Success","0.00044"
"4LPK","4","10","10","Success","0.00057"
"5QRU","4","0","0","Success","0.00076"
"3O07","4","110","110","Success","0.00034"
"7QCG","4","1001","1001","Success","0.00054"
"1AWF","4","1101","1101","Success","0.00058"
"7.00E+27","4","110","110","Success","0.00026"
"5D5H","4","1011","1011","Success","0.00038"
"4PX2","4","11","11","Success","0.00029"
"3WRZ","4","111","111","Success","0.00031"
"7Q4W","4","110","110","Success","0.00021"
"2A6W","4","1011","1011","Success","0.00045"
"8SCS","4","1011","1011","Success","0.00029"
"1AJD","4","1011","1011","Success","0.00033"
"5POY","4","1000","1000","Success","0.00061"
"5B1N","4","100","100","Success","0.00129"
"5JEO","4","1110","1110","Success","0.00062"
"7X3T","4","0","0","Success","0.00018"
"2PKX","4","1011","1011","Success","0.00067"
"1HO8","4","101","101","Success","0.00046"
"4O1M","4","100","100","Success","0.00022"
"3OW8","4","10","10","Success","0.00028"
"4LHK","4","1001","1001","Success","0.00047"
"2CGV","4","101","101","Success","0.00062"
"2HX2","4","1001","1001","Success","0.00034"
"1KL3","4","1100","1100","Success","0.00043"
"2ZHC","4","1100","1100","Success","0.00054"
"4QWT","4","10","10","Success","0.00019"
"3OPS","4","100","100","Success","0.00026"
"3QL9","4","1011","1011","Success","0.00088"
"1OFF","4","1001","1001","Success","0.00103"
"2PS1","4","101","101","Success","0.00047"
"1HN4","4","10","10","Success","0.00061"
"7UQW","4","10","10","Success","0.00034"
"8IKH","4","110","110","Success","0.0003"
"6A5G","4","11","11","Success","0.00039"
"6LFZ","4","1010","1010","Success","0.00034"
"6HHH","4","1110","1110","Success","0.00051"
"4WND","4","1011","1011","Success","0.00051"
"4PXO","4","110","110","Success","0.00048"
"6W03","4","1","1","Success","0.00028"
"7HKN","4","1010","1010","Success","0.0004"
"2XNH","4","1011","1011","Success","0.00061"
"5V28","4","11","11","Success","0.00076"
"2YYK","4","1","1","Success","0.00045"
"7OXB","4","100","100","Success","0.00056"
"1I13","4","1001","1001","Success","0.00049"
"6TJE","4","0","0","Success","0.00053"
"7QXV","4","1011","1011","Success","0.00053"
"3ICA","4","101","101","Success","0.00049"
"7DDZ","4","110","110","Success","0.00047"
"3DGC","4","100","100","Success","0.00038"
"3WXG","4","1110","1110","Success","0.00033"
"6UN7","4","0","0","Success","0.00045"
"8ECZ","4","10","10","Success","0.00031"
"3EDV","4","10","10","Success","0.00037"
"4HMN","4","1111","1111","Success","0.00052"
"5LQM","4","1","1","Success","0.00056"
"3HJO","4","1000","1000","Success","0.00046"
"1.00E+24","4","1101","1101","Success","0.00044"
"4XT4","4","1111","1111","Success","0.00064"
"6ZOV","4","11","11","Success","0.00032"
"8APQ","4","0","0","Success","0.0002"
"3NNE","4","0","0","Success","0.00015"
"1ML2","4","100","100","Success","0.00058"
"1QR6","4","1","1","Success","0.00031"
"6B22","4","1001","1001","Success","0.00064"
"6P8X","4","1000","1000","Success","0.00037"
"2EWH","4","1110","1110","Success","0.00104"
"6BW4","4","1001","1001","Success","0.00036"
"6VT4","4","1111","1111","Success","0.00055"
"8TQ9","4","1001","1001","Success","0.00035"
"5CHG","4","1001","1001","Success","0.00044"
"3KR6","4","1011","1011","Success","0.00048"
"5N6M","4","101","101","Success","0.00045"
"6MYD","4","1010","1010","Success","0.00055"
"8ZJG","4","1011","1011","Success","0.00028"
"3C7F","4","1000","1000","Success","0.00046"
"5.00E+03","4","100","100","Success","0.00091"
"5EPL","4","110","110","Success","0.0009"
"4HIR","4","1100","1100","Success","0.00025"
"5J1H","4","1001","1001","Success","0.00053"
"3ILO","4","0","0","Success","0.00074"
"2Y69","4","1","1","Success","0.00016"
"5VS1","4","1","1","Success","0.00055"
"6CBV","4","1110","1110","Success","0.00041"
"8DGK","4","100","100","Success","0.00033"
"5HVE","4","0","0","Success","0.00072"
"3BOA","4","1010","1010","Success","0.00044"
"2DN6","4","1100","1100","Success","0.00021"
"5ABW","4","1110","1110","Success","0.00068"
"1B9K","4","1010","1010","Success","0.00066"
"1SDM","4","1101","1101","Success","0.00053"
"5AIP","4","1100","1100","Success","0.00059"
"2G8R","4","1110","1110","Success","0.00064"
"3AGC","4","1100","1100","Success","0.00042"
"6R78","4","1000","1000","Success","0.00048"
"7N5S","4","1101","1101","Success","0.00093"
"5GHC","4","1010","1010","Success","0.00023"
"5VQ5","4","1110","1110","Success","0.00052"
"4CJR","4","101","101","Success","0.00056"
"7WSS","4","10","10","Success","0.0003"
"5RVE","4","1101","1101","Success","0.00055"
"2L4E","4","1110","1110","Success","0.0003"
"1B3T","4","1100","1100","Success","0.00057"
"7MLC","4","1111","1111","Success","0.00078"
"7GJ8","4","1000","1000","Success","0.0004"
"8F3P","4","1","1","Success","0.00039"
"1NMK","4","1","1","Success","0.00052"
"7QWA","4","1110","1110","Success","0.00089"
"9EBK","4","1100","1100","Success","0.00047"
"9FGM","4","10","10","Success","0.0003"
"2XIR","4","101","101","Success","0.00056"
"3E6V","4","1010","1010","Success","0.0004"
"8FK9","4","0","0","Success","0.00056"
"2L7E","4","1","1","Success","0.0002"
"4INS","4","110","110","Success","0.00097"
"2COS","4","111","111","Success","0.0003"
"4XG4","4","1010","1010","Success","0.00061"
"2B6A","4","1101","1101","Success","0.00031"
"1NID","4","1110","1110","Success","0.00055"
"8EK4","4","1101","1101","Success","0.00058"
"3I65","4","1101","1101","Success","0.00052"
"1ENO","4","1110","1110","Success","0.00055"
"6WG4","4","1101","1101","Success","0.00054"
"2R73","4","110","110","Success","0.00042"
"6P9Z","4","1100","1100","Success","0.00076"
"6G5Q","4","1101","1101","Success","0.00035"
"3K3E","4","0","0","Success","0.0004"
"3CXV","4","1001","1001","Success","0.00049"
"7LHI","4","0","0","Success","0.00025"
"2Y4U","4","110","110","Success","0.00049"
"7FR0","4","11","11","Success","0.0005"
"2WGZ","4","0","0","Success","0.0004"
"2L84","4","1111","1111","Success","0.0002"
"3P3H","4","1101","1101","Success","0.00062"
"5AIV","4","1111","1111","Success","0.00036"
"2Q5Y","4","1111","1111","Success","0.00057"
"1G6B","4","100","100","Success","0.00097"
"6MPS","4","111","111","Success","0.00064"
"4CQP","4","1001","1001","Success","0.00045"
"7VH6","4","1011","1011","Success","0.00015"
"8R0S","4","1010","1010","Success","0.00046"
"1BK7","4","111","111","Success","0.00072"
"1SR5","4","111","111","Success","0.00037"
"5KDQ","4","11","11","Success","0.00041"
"2Z32","4","1011","1011","Success","0.00057"
"1KWQ","4","1010","1010","Success","0.00062"
"6CU2","4","110","110","Success","0.00064"
"1QBT","4","11","11","Success","0.00071"
"8GHZ","4","100","100","Success","0.00024"
"5V2L","4","1100","1100","Success","0.00056"
"7EHN","4","1111","1111","Success","0.00041"
"1DSS","4","1010","1010","Success","0.00038"
"7SR5","4","1000","1000","Success","0.00031"
"7M17","4","1010","1010","Success","0.00023"
"2ZDT","4","1101","1101","Success","0.00052"
"3VLJ","4","0","0","Success","0.00027"
"6P1Q","4","0","0","Success","0.00053"
"7AXS","4","110","110","Success","0.00055"
"6XQB","4","110","110","Success","0.00031"
"8UZ6","4","11","11","Success","0.00028"
"7F4X","4","1010","1010","Success","0.00052"
"5SNS","4","11","11","Success","0.00033"
"7UPN","4","1110","1110","Success","0.0003"
"2YR3","4","0","0","Success","0.00022"
"2QKU","4","1100","1100","Success","0.00063"
"5AAN","4","1101","1101","Success","0.00074"
"5QR8","4","1","1","Success","0.00034"
"6B7U","4","1","1","Success","0.00088"
"8PCH","4","1000","1000","Success","0.00067"
"5OUG","4","1001","1001","Success","0.00031"
"7CAI","4","101","101","Success","0.00016"
"3LOG","4","110","110","Success","0.00024"
"7YOB","4","111","111","Success","0.00016"
"4HYJ","4","11","11","Success","0.00047"
"1Y5B","4","1101","1101","Success","0.00065"
"6DNW","4","1001","1001","Success","0.00067"
"2PMZ","4","1010","1010","Success","0.00013"
"3E3E","4","1001","1001","Success","0.00065"
"8ZDX","4","100","100","Success","0.00022"
"7CDV","4","111","111","Success","0.00043"
"8BUJ","4","100","100","Success","0.00015"
"1P2I","4","1110","1110","Success","0.00059"
"5SNQ","4","1100","1100","Success","0.00033"
"7TEF","4","11","11","Success","0.00047"
"2LE8","4","0","0","Success","0.00019"
"4W5W","4","110","110","Success","0.00061"
"2B4E","4","101","101","Success","0.00049"
"1BDX","4","1110","1110","Success","0.00035"
"3QNK","4","1001","1001","Success","0.00022"
"6AC4","4","1001","1001","Success","0.00019"
"7YHH","4","101","101","Success","0.00037"
"6I1R","4","111","111","Success","0.0004"
"5WSK","4","10","10","Success","0.00021"
"5RHQ","4","1111","1111","Success","0.00049"
"8Z5H","4","1010","1010","Success","0.00034"
"8ONI","4","11","11","Success","0.00032"
"2JNZ","4","101","101","Success","0.00022"
"6J5A","4","101","101","Success","0.00027"
"6KC2","4","1011","1011","Success","0.00052"
"8HX1","4","1000","1000","Success","0.00023"
"1D02","4","10","10","Success","0.0005"
"8HHA","4","1","1","Success","0.00017"
"5JC6","4","110","110","Success","0.00057"
"7M3K","4","1100","1100","Success","0.00041"
"1XQ5","4","1110","1110","Success","0.00041"
"5FJZ","4","100","100","Success","0.0003"
"6CPE","4","1011","1011","Success","0.00062"
"4PSJ","4","1101","1101","Success","0.00062"
"7ERU","4","111","111","Success","0.00052"
"1VHH","4","1110","1110","Success","0.00082"
"8EEQ","4","110","110","Success","0.00027"
"5ZDQ","4","1001","1001","Success","0.00031"
"4NBA","4","1","1","Success","0.00025"
"4KXZ","4","0","0","Success","0.00021"
"3EEQ","4","110","110","Success","0.0004"
"2DXC","4","100","100","Success","0.00022"
"2JG5","4","10","10","Success","0.0004"
"5NIZ","4","1100","1100","Success","0.00069"
"7M4A","4","101","101","Success","0.00056"
"3OZ1","4","101","101","Success","0.0005"
"3L0X","4","1001","1001","Success","0.00063"
"1LYA","4","1010","1010","Success","0.00037"
"8PLL","4","11","11","Success","0.0004"
"7O6L","4","110","110","Success","0.00072"
"2GJF","4","1000","1000","Success","0.00018"
"1H2F","4","1010","1010","Success","0.00068"
"7N6R","4","1000","1000","Success","0.00026"
"5AR3","4","1001","1001","Success","0.00042"
"1EHB","4","1","1","Success","0.0011"
"7JY6","4","11","11","Success","0.00018"
"3VU4","4","0","0","Success","0.0004"
"7R27","4","111","111","Success","0.00036"
"5MHL","4","110","110","Success","0.00027"
"1HZE","4","110","110","Success","0.0007"
"8ETB","4","1101","1101","Success","0.00052"
"7XBU","4","110","110","Success","0.00045"
"7PKP","4","1011","1011","Success","0.0002"
"9D8M","4","1010","1010","Success","0.00061"
"4M3K","4","1110","1110","Success","0.00049"
"6JOO","4","1000","1000","Success","0.00035"
"1ZZ2","4","1111","1111","Success","0.00054"
"2C4Z","4","1101","1101","Success","0.0005"
"3RSR","4","1010","1010","Success","0.00041"
"8Z7W","4","110","110","Success","0.00049"
"9BDI","4","1111","1111","Success","0.0003"
"7OZV","4","1010","1010","Success","0.00032"
"5FRP","4","10","10","Success","0.00026"
"3WSI","4","1111","1111","Success","0.00026"
"1RUC","4","1101","1101","Success","0.00035"
"3SEZ","4","10","10","Success","0.00019"
"7R73","4","101","101","Success","0.0005"
"3ZJU","4","1101","1101","Success","0.00035"
"7XIZ","4","1010","1010","Success","0.00059"
"1NOK","4","1001","1001","Success","0.00035"
"6AUC","4","1011","1011","Success","0.00087"
"6LN2","4","110","110","Success","0.00033"
"4YZK","4","0","0","Success","0.00053"
"3QGG","4","10","10","Success","0.0003"
"7SYU","4","0","0","Success","0.00014"
"7ICJ","4","10","10","Success","0.00055"
"1KIT","4","100","100","Success","0.00037"
"2IAB","4","1011","1011","Success","0.00055"
"4H3X","4","0","0","Success","0.00055"
"1DQO","4","0","0","Success","0.00086"
"8VZJ","4","1111","1111","Success","0.00015"
"7P6K","4","0","0","Success","0.00015"
"1VKD","4","1000","1000","Success","0.00023"
"5QGY","4","110","110","Success","0.00073"
"8DTM","4","111","111","Success","0.00034"
"8Q67","4","1100","1100","Success","0.00017"
"2WKM","4","110","110","Success","0.00058"
"3NVN","4","1000","1000","Success","0.00033"
"7Y5V","4","110","110","Success","0.00021"
"2DUE","4","1111","1111","Success","0.00066"
"5DB0","4","0","0","Success","0.00043"
"7X4E","4","1000","1000","Success","0.00094"
"4MOY","4","1110","1110","Success","0.00055"
"8SSK","4","10","10","Success","0.00028"
"8A4G","4","1011","1011","Success","0.00055"
"7Y9V","4","11","11","Success","0.00032"
"1I3K","4","1000","1000","Success","0.00038"
"5M5V","4","1110","1110","Success","0.00035"
"5SDP","4","110","110","Success","0.00026"
"5I50","4","0","0","Success","0.00073"
"4OF1","4","111","111","Success","0.00066"
"8AC2","4","1101","1101","Success","0.00017"
"5FZO","4","1010","1010","Success","0.00037"
"7O49","4","1001","1001","Success","0.00013"
"3KYH","4","1100","1100","Success","0.00026"
"8QDI","4","1010","1010","Success","0.00055"
"3NY4","4","1101","1101","Success","0.00061"
"4ROU","4","1110","1110","Success","0.00045"
"3B4W","4","10","10","Success","0.00045"
"6HUI","4","1101","1101","Success","0.00034"
"4MZ5","4","1011","1011","Success","0.00046"
"215L","4","1001","1001","Success","0.0008"
"4EMK","4","1011","1011","Success","0.0007"
"8JML","4","1000","1000","Success","0.00044"
"2FR5","4","1100","1100","Success","0.00043"
"6RA6","4","1111","1111","Success","0.00077"
"1M9T","4","1000","1000","Success","0.00035"
"9DHS","4","1110","1110","Success","0.0002"
"4OJJ","4","101","101","Success","0.00033"
"4X1O","4","101","101","Success","0.00068"
"5AIK","4","1110","1110","Success","0.00026"
"5GYD","4","0","0","Success","0.00033"
"7DKH","4","1100","1100","Success","0.00017"
"8EMW","4","100","100","Success","0.00026"
"7WI8","4","11","11","Success","0.00026"
"6PTM","4","110","110","Success","0.00036"
"5ZBK","4","1110","1110","Success","0.00073"
"2YVQ","4","1101","1101","Success","0.00089"
"5GIR","4","100","100","Success","0.00035"
"7BQY","4","11","11","Success","0.00057"
"3RID","4","0","0","Success","0.00045"
"9QYY","4","10","10","Success","0.00035"
"3NQO","4","101","101","Success","0.00052"
"3SL9","4","101","101","Success","0.00036"
"6ONU","4","1100","1100","Success","0.00041"
"3VRV","4","0","0","Success","0.00064"
"2KTB","4","10","10","Success","0.00018"
"5FKA","4","110","110","Success","0.00038"
"8SPG","4","0","0","Success","0.00033"
"8DMH","4","1000","1000","Success","0.00024"
"4XUI","4","10","10","Success","0.0004"
"2G5N","4","1011","1011","Success","0.00067"
"5S5H","4","101","101","Success","0.00021"
"4RQB","4","111","111","Success","0.00054"
"3AS2","4","100","100","Success","0.00041"
"7B3M","4","101","101","Success","0.00041"
"7NU6","4","1110","1110","Success","0.00034"
"2VL6","4","1110","1110","Success","0.00036"
"3VIF","4","1110","1110","Success","0.00043"
"6J0T","4","10","10","Success","0.00032"
"2RF4","4","10","10","Success","0.00039"
"4B15","4","1011","1011","Success","0.0006"
"3BCS","4","100","100","Success","0.00034"
"4ZW7","4","110","110","Success","0.00032"
"6A0P","4","1000","1000","Success","0.00049"
"1SKM","4","11","11","Success","0.00056"
"8OFS","4","0","0","Success","0.00041"
"6W1D","4","0","0","Success","0.00037"
"7KM1","4","101","101","Success","0.00024"
"3WFI","4","1110","1110","Success","0.00041"
"2Q07","4","10","10","Success","0.00062"
"3TI7","4","1001","1001","Success","0.00055"
"8XQD","4","100","100","Success","0.00041"
"3LNF","4","1","1","Success","0.00047"
"8QUO","4","1110","1110","Success","0.00029"
"8HN8","4","1101","1101","Success","0.0003"
"5LEE","4","10","10","Success","0.00046"
"2W8G","4","1100","1100","Success","0.00032"
"3AHU","4","101","101","Success","0.00071"
"6LJ5","4","111","111","Success","0.00064"
"3U48","4","1000","1000","Success","0.00026"
"6KVP","4","1100","1100","Success","0.00052"
"2HU6","4","1110","1110","Success","0.0008"
"1ZDF","4","101","101","Success","0.00062"
"3RRD","4","111","111","Success","0.00063"
"2GVW","4","1","1","Success","0.00055"
"2KB6","4","1010","1010","Success","0.00031"
"3UOL","4","101","101","Success","0.00043"
"8RI1","4","1110","1110","Success","0.0003"
"4BLO","4","110","110","Success","0.00017"
"2XSO","4","1111","1111","Success","0.00012"
"4OM2","4","101","101","Success","0.00047"
"8IVH","4","101","101","Success","0.00037"
"6SQU","4","1100","1100","Success","0.0004"
"8JUK","4","1010","1010","Success","0.00047"
"5T7Z","4","1","1","Success","0.00045"
"3R0O","4","1","1","Success","0.00034"
"4IC6","4","100","100","Success","0.0003"
"3FW6","4","1000","1000","Success","0.00044"
"4OUG","4","1","1","Success","0.00037"
"8SAD","4","101","101","Success","0.00034"
"6G0Q","4","101","101","Success","0.00085"
"6IMB","4","1101","1101","Success","0.00039"
"2NY7","4","1010","1010","Success","0.00037"
"2KTM","4","10","10","Success","0.00034"
"5N09","4","0","0","Success","0.00024"
"6J0G","4","1110","1110","Success","0.00035"
"6EXZ","4","1011","1011","Success","0.00119"
"5A43","4","1101","1101","Success","0.00047"
"8QGZ","4","1000","1000","Success","0.00043"
"4U66","4","100","100","Success","0.0004"
"1SZS","4","110","110","Success","0.00024"
"4TXD","4","11","11","Success","0.00054"
"3P1U","4","101","101","Success","0.0003"
"1IDT","4","1101","1101","Success","0.00049"
"8T3P","4","1011","1011","Success","0.00031"
"3TYD","4","100","100","Success","0.00041"
"7FOQ","4","1001","1001","Success","0.00041"
"7SEE","4","1010","1010","Success","0.00015"
"7F7C","4","1111","1111","Success","0.00062"
"5DTL","4","110","110","Success","0.00019"
"5HUG","4","11","11","Success","0.00051"
"5QLM","4","11","11","Success","0.00052"
"6IH0","4","0","0","Success","0.00061"
"2DQ6","4","11","11","Success","0.00034"
"6YOA","4","101","101","Success","0.00059"
"4X2N","4","111","111","Success","0.00057"
"5MUQ","4","1101","1101","Success","0.00034"
"7TQ4","4","1011","1011","Success","0.00057"
"2EF9","4","101","101","Success","0.00043"
"1UJK","4","100","100","Success","0.00057"
"1T1V","4","1010","1010","Success","0.00071"
"7DCY","4","1001","1001","Success","0.00037"
"4GXS","4","11","11","Success","0.00044"
"4Z3D","4","1110","1110","Success","0.00029"
"7AV7","4","1001","1001","Success","0.0002"
"7E1D","4","110","110","Success","0.00071"
"5KEV","4","100","100","Success","0.00066"
"1SKR","4","101","101","Success","0.00036"
"8W71","4","111","111","Success","0.00032"
"8IPK","4","1111","1111","Success","0.00056"
"2YKQ","4","111","111","Success","0.00041"
"3T7R","4","1011","1011","Success","0.00046"
"1MPW","4","0","0","Success","0.00034"
"5V5J","4","110","110","Success","0.0006"
"7BTO","4","111","111","Success","0.00019"
"4KFQ","4","1101","1101","Success","0.00042"
"7KO0","4","10","10","Success","0.00093"
"5S3Q","4","1111","1111","Success","0.00052"
"5LSW","4","1000","1000","Success","0.00039"
"7URA","4","1","1","Success","0.00039"
"2OV7","4","10","10","Success","0.0005"
"6DOE","4","1101","1101","Success","0.00082"
"6VC5","4","1100","1100","Success","0.00054"
"3KEF","4","1010","1010","Success","0.00041"
"8FZ5","4","10","10","Success","0.00012"
"3SL1","4","0","0","Success","0.00056"
"5LU7","4","1011","1011","Success","0.00036"
"5VMC","4","1101","1101","Success","0.00026"
"5KS2","4","1000","1000","Success","0.00069"
"6DID","4","1111","1111","Success","0.00018"
"4TUY","4","1011","1011","Success","0.00022"
"6PXF","4","1011","1011","Success","0.00067"
"2RF1","4","1100","1100","Success","0.00042"
"8A4U","4","1101","1101","Success","0.00035"
"7W0B","4","1010","1010","Success","0.00025"
"1CDW","4","1000","1000","Success","0.00075"
"2XTQ","4","1101","1101","Success","0.00022"
"5QST","4","1000","1000","Success","0.00029"
"4WXH","4","0","0","Success","0.00037"
"6RS0","4","1","1","Success","0.00032"
"5I4R","4","1011","1011","Success","0.00029"
"7VQX","4","10","10","Success","0.00028"
"2APJ","4","11","11","Success","0.00032"
"8VEH","4","1010","1010","Success","0.00036"
"6SD4","4","10","10","Success","0.00014"
"6-Apr","4","101","101","Success","0.00057"
"4FOC","4","0","0","Success","0.00057"
"8AAM","4","1000","1000","Success","0.00057"
"4JLU","4","110","110","Success","0.00066"
"3QL2","4","100","100","Success","0.00062"
"6NUC","4","1","1","Success","0.00041"
"1KSO","4","1110","1110","Success","0.00071"
"5XSS","4","1111","1111","Success","0.0003"
"3HKL","4","101","101","Success","0.00057"
"2CA1","4","1111","1111","Success","0.00068"
"1PJT","4","1001","1001","Success","0.00033"
"3DZF","4","1011","1011","Success","0.00026"
"7XX1","4","10","10","Success","0.00045"
"1BNV","4","100","100","Success","0.0006"
"4PN9","4","110","110","Success","0.00075"
"8JSF","4","10","10","Success","0.00044"
"8I83","4","1101","1101","Success","0.0002"
"7XNE","4","1001","1001","Success","0.00066"
"3MK6","4","1011","1011","Success","0.00027"
"7XNV","4","111","111","Success","0.00022"
"5WWD","4","1100","1100","Success","0.0006"
"7G6C","4","1010","1010","Success","0.00034"
"8IHV","4","1100","1100","Success","0.00068"
"6J4Q","4","100","100","Success","0.0003"
"2LGI","4","1001","1001","Success","0.00041"
"4X1W","4","100","100","Success","0.00028"
"1BG3","4","11","11","Success","0.00024"
"3L1S","4","11","11","Success","0.00039"
"2EDJ","4","1010","1010","Success","0.00022"
"3L70","4","1001","1001","Success","0.00016"
"4X0Y","4","0","0","Success","0.00028"
"5ZVV","4","1000","1000","Success","0.00036"
"2J1X","4","11","11","Success","0.0005"
"6RWI","4","1100","1100","Success","0.00063"
"4XIN","4","1001","1001","Success","0.00063"
"3V5T","4","110","110","Success","0.00046"
"8WZQ","4","1001","1001","Success","0.0004"
"5HGK","4","10","10","Success","0.00057"
"4CP0","4","10","10","Success","0.00065"
"7DNB","4","0","0","Success","0.00036"
"8WE3","4","1101","1101","Success","0.00086"
"3UY4","4","10","10","Success","0.00059"
"3TM6","4","11","11","Success","0.00036"
"4Y8C","4","1000","1000","Success","0.00039"
"4ZAO","4","1101","1101","Success","0.00061"
"2WWB","4","1101","1101","Success","0.00026"
"8CJC","4","111","111","Success","0.00025"
"4UA1","4","11","11","Success","0.00063"
"8H14","4","1","1","Success","0.00018"
"4RRO","4","1000","1000","Success","0.00051"
"3ED8","4","1100","1100","Success","0.0003"
"8T5E","4","1010","1010","Success","0.00081"
"8OIJ","4","11","11","Success","0.00053"
"3OB0","4","110","110","Success","0.00034"
"3FIT","4","101","101","Success","0.00091"
"5X2Y","4","0","0","Success","0.00025"
"1XGP","4","1011","1011","Success","0.00042"
"8KAI","4","1110","1110","Success","0.0002"
"4P4P","4","1010","1010","Success","0.00059"
"2LHE","4","1101","1101","Success","0.0003"
"6MH6","4","1111","1111","Success","0.00059"
"5A6W","4","1000","1000","Success","0.00066"
"5HVD","4","100","100","Success","0.00063"
"4K25","4","111","111","Success","0.00055"
"6BJ5","4","1","1","Success","0.00032"
"6B20","4","100","100","Success","0.00031"
"3BAF","4","1101","1101","Success","0.00079"
"4WV1","4","11","11","Success","0.0003"
"1BMK","4","110","110","Success","0.00053"
"8TKQ","4","1","1","Success","0.00022"
"6IOC","4","111","111","Success","0.00069"
"2N1G","4","111","111","Success","0.00022"
"5PDQ","4","1011","1011","Success","0.00092"
"3BFJ","4","101","101","Success","0.00012"
"7JQ7","4","1101","1101","Success","0.00023"
"2BFN","4","110","110","Success","0.00056"
"6IWF","4","1","1","Success","0.00041"
"1A2B","4","10","10","Success","0.00074"
"5DDQ","4","1000","1000","Success","0.00073"
"1LTV","4","101","101","Success","0.00058"
"2VEY","4","100","100","Success","0.00058"
"8T68","4","1001","1001","Success","0.00063"
"7A8C","4","11","11","Success","0.00065"
"6EVJ","4","1101","1101","Success","0.00015"
"3TEA","4","100","100","Success","0.00059"
"5E4Q","4","101","101","Success","0.00058"
"1YPE","4","1100","1100","Success","0.00059"
"5HKF","4","110","110","Success","0.00055"
"2M3D","4","101","101","Success","0.00022"
"1CA7","4","1100","1100","Success","0.00053"
"2B9D","4","10","10","Success","0.00095"
"6TVV","4","111","111","Success","0.00033"
"1JJ2","4","1110","1110","Success","0.00016"
"7YZ2","4","1101","1101","Success","0.00031"
"2P1B","4","111","111","Success","0.00031"
"6POI","4","110","110","Success","0.0005"
"7R9N","4","10","10","Success","0.00042"
"3O1Q","4","1","1","Success","0.00039"
"1G2E","4","110","110","Success","0.00077"
"8QG5","4","110","110","Success","0.0006"
"8AIM","4","0","0","Success","0.00039"
"3NMS","4","1100","1100","Success","0.00029"
"7VH9","4","1100","1100","Success","0.00021"
"4ZWL","4","1101","1101","Success","0.00015"
"8ZME","4","0","0","Success","0.0003"
"3QYX","4","111","111","Success","0.00043"
"8Q88","4","1000","1000","Success","0.00047"
"5S85","4","101","101","Success","0.00041"
"1EB9","4","111","111","Success","0.00042"
"8P3M","4","1001","1001","Success","0.00012"
"5WXG","4","11","11","Success","0.0012"
"2RGM","4","1000","1000","Success","0.00033"
"5I11","4","1110","1110","Success","0.00132"
"3G3T","4","1011","1011","Success","0.00059"
"2BXL","4","1010","1010","Success","0.0004"
"8P79","4","1111","1111","Success","0.0004"
"4RM3","4","1001","1001","Success","0.00031"
"4U95","4","11","11","Success","0.00016"
"8ZT2","4","111","111","Success","0.00031"
"6S3V","4","101","101","Success","0.00047"
"8YH0","4","1101","1101","Success","0.0003"
"3FTY","4","1001","1001","Success","0.0004"
"4TTQ","4","1100","1100","Success","0.00069"
"7ADV","4","1001","1001","Success","0.00043"
"4BGZ","4","11","11","Success","0.00026"
"2CT2","4","10","10","Success","0.00023"
"6DRE","4","1111","1111","Success","0.00044"
"8RJF","4","1110","1110","Success","0.0002"
"7KSC","4","10","10","Success","0.00051"
"6MZO","4","1101","1101","Success","0.00053"
"5DAA","4","1","1","Success","0.00042"
"6CRV","4","1000","1000","Success","0.00019"
"6F3R","4","1111","1111","Success","0.00033"
"1UL1","4","1110","1110","Success","0.00024"
"6NHW","4","111","111","Success","0.00017"
"5WC9","4","110","110","Success","0.00043"
"4PZL","4","1110","1110","Success","0.00032"
"1VQB","4","111","111","Success","0.00107"
"6MV0","4","10","10","Success","0.0008"
"4BXF","4","11","11","Success","0.00032"
"4LZZ","4","1011","1011","Success","0.00013"
"6GEP","4","1110","1110","Success","0.00046"
"8JCH","4","111","111","Success","0.00014"
"1LRM","4","1","1","Success","0.00057"
"3ZKB","4","1001","1001","Success","0.00012"
"5Z00","4","101","101","Success","0.00047"
"1JNW","4","0","0","Success","0.00067"
"3T59","4","1101","1101","Success","0.00022"
"2CV2","4","1110","1110","Success","0.00033"
"2I37","4","0","0","Success","0.00032"
"1VFW","4","111","111","Success","0.00055"
"6DQQ","4","1","1","Success","0.00044"
"7XET","4","110","110","Success","0.00049"
"1IHP","4","101","101","Success","0.00047"
"9LJ2","4","1000","1000","Success","0.00022"
"6SPI","4","100","100","Success","0.00023"
"7YRB","4","1","1","Success","0.0011"
"7T5X","4","110","110","Success","0.00025"
"5LNG","4","1000","1000","Success","0.0004"
"7N7R","4","1101","1101","Success","0.00038"
"5I2D","4","1010","1010","Success","0.00011"
"1Q8F","4","10","10","Success","0.00028"
"6GGR","4","1011","1011","Success","0.00051"
"5GVJ","4","1101","1101","Success","0.00041"
"2LEO","4","10","10","Success","0.00027"
"5U4B","4","0","0","Success","0.00062"
"3QAY","4","1000","1000","Success","0.00035"
"3AGY","4","1011","1011","Success","0.00052"
"9HZE","4","1000","1000","Success","0.0002"
"7NC6","4","1","1","Success","0.00026"
"5Q97","4","1010","1010","Success","0.00054"
"7ZRQ","4","11","11","Success","0.00073"
"5YDD","4","10","10","Success","0.00063"
"8VKO","4","1001","1001","Success","0.00014"
"6CNB","4","1000","1000","Success","0.00013"
"5AH3","4","1000","1000","Success","0.00047"
"8EAX","4","1010","1010","Success","0.00021"
"1P1T","4","111","111","Success","0.00022"
"8U7C","4","1001","1001","Success","0.00062"
"9D81","4","100","100","Success","0.0004"
"8AQA","4","1110","1110","Success","0.0007"
"5QPS","4","1011","1011","Success","0.00053"
"4RHH","4","1100","1100","Success","0.00019"
"3OIX","4","1001","1001","Success","0.00029"
"2BPR","4","1110","1110","Success","0.00015"
"6MX3","4","1","1","Success","0.00052"
"6GEJ","4","1100","1100","Success","0.00014"
"7UJN","4","1100","1100","Success","0.00022"
"8XMJ","4","0","0","Success","0.00038"
"2HQV","4","10","10","Success","0.00077"
"7RC9","4","100","100","Success","0.00026"
"5VMG","4","1","1","Success","0.00026"
"3JX1","4","1000","1000","Success","0.00035"
"3PQ5","4","1000","1000","Success","0.00019"
"8ARR","4","1111","1111","Success","0.00066"
"2EQS","4","1110","1110","Success","0.00022"
"2CFV","4","1111","1111","Success","0.00059"
"1XPU","4","0","0","Success","0.0002"
"3FXZ","4","101","101","Success","0.00057"
"7VL0","4","1010","1010","Success","0.00026"
"1F1C","4","1101","1101","Success","0.00063"
"6GIP","4","1110","1110","Success","0.00056"
"1K47","4","1010","1010","Success","0.00022"
"7L5S","4","0","0","Success","0.00035"
"4NFT","4","1001","1001","Success","0.00036"
"2GJP","4","1101","1101","Success","0.00045"
"1STS","4","111","111","Success","0.00064"
"6IF1","4","1000","1000","Success","0.00042"
"8K7O","4","10","10","Success","0.00064"
"8QDY","4","0","0","Success","0.00049"
"4LD3","4","1110","1110","Success","0.00077"
"5ZM0","4","1000","1000","Success","0.00043"
"7A4Y","4","11","11","Success","0.00049"
"6EED","4","1111","1111","Success","0.00033"
"3ZUF","4","111","111","Success","0.00028"
"5FQ0","4","110","110","Success","0.00048"
"1J22","4","111","111","Success","0.00085"
"4NY3","4","1111","1111","Success","0.00041"
"3B49","4","1","1","Success","0.00071"
"5J46","4","1","1","Success","0.00076"
"1L5V","4","1110","1110","Success","0.00026"
"1KSV","4","1100","1100","Success","0.00065"
"6SNI","4","1101","1101","Success","0.00033"
"7ZIC","4","10","10","Success","0.00028"
"6C8F","4","1101","1101","Success","0.00041"
"2C5B","4","1010","1010","Success","0.00033"
"5XKA","4","110","110","Success","0.00044"
"7C9I","4","1110","1110","Success","0.00028"
"1S98","4","1101","1101","Success","0.00071"
"2PXX","4","11","11","Success","0.00068"
"6Z31","4","1111","1111","Success","0.00059"
"7GSX","4","0","0","Success","0.0006"
"4TRR","4","111","111","Success","0.00023"
"8QNG","4","0","0","Success","0.00049"
"4JS8","4","110","110","Success","0.00062"
"4V2G","4","110","110","Success","0.00049"
"7OKW","4","1000","1000","Success","0.00068"
"3K2X","4","1100","1100","Success","0.00047"
"1HKH","4","1010","1010","Success","0.00042"
"6QVF","4","1011","1011","Success","0.00038"
"8CLG","4","101","101","Success","0.00021"
"8ZTK","4","100","100","Success","0.00035"
"9DYN","4","0","0","Success","0.00024"
"3O0D","4","1111","1111","Success","0.00021"
"6D0S","4","1110","1110","Success","0.00059"
"6U39","4","1","1","Success","0.00025"
"6N2J","4","1111","1111","Success","0.00077"
"6HPR","4","1010","1010","Success","0.00053"
"8WYC","4","1101","1101","Success","0.00019"
"6LA5","4","1001","1001","Success","0.00032"
"3UD8","4","1010","1010","Success","0.00048"
"2YXL","4","1","1","Success","0.00048"
"2VNG","4","10","10","Success","0.00052"
"1SS4","4","110","110","Success","0.00058"
"6NOS","4","1001","1001","Success","0.00063"
"1Y2K","4","111","111","Success","0.00039"
"7PBQ","4","1110","1110","Success","0.00022"
"8DX0","4","0","0","Success","0.00058"
"2Z9L","4","0","0","Success","0.00041"
"5PF0","4","110","110","Success","0.00091"
"5HWF","4","1011","1011","Success","0.00077"
"9F7X","4","1100","1100","Success","0.00058"
"7R7Y","4","111","111","Success","0.00049"
"8VH0","4","100","100","Success","0.00029"
"5AIS","4","1110","1110","Success","0.00035"
"3NLP","4","101","101","Success","0.00035"
"7V46","4","1100","1100","Success","0.00048"
"1B0O","4","101","101","Success","0.00079"
"4ZZU","4","111","111","Success","0.00047"
"6N12","4","1100","1100","Success","0.00044"
"2F2V","4","100","100","Success","0.00127"
"7WD9","4","11","11","Success","0.00015"
"4EJQ","4","1001","1001","Success","0.00028"
"7GEV","4","1","1","Success","0.00055"
"5Z79","4","1000","1000","Success","0.00017"
"7MIM","4","1110","1110","Success","0.0002"
"6R5C","4","1110","1110","Success","0.00049"
"6I41","4","1011","1011","Success","0.00083"
"5CDY","4","1000","1000","Success","0.00034"
"3FX3","4","0","0","Success","0.00046"
"7WU1","4","11","11","Success","0.00018"
"3ZDZ","4","1011","1011","Success","0.00019"
"5MH0","4","1101","1101","Success","0.00083"
"6TM2","4","1100","1100","Success","0.0002"
"3KKB","4","111","111","Success","0.00058"
"8JYB","4","1110","1110","Success","0.00052"
"5XBN","4","1000","1000","Success","0.00087"
"9BGS","4","1111","1111","Success","0.00031"
"8OJS","4","1","1","Success","0.00034"
"1EXD","4","1101","1101","Success","0.00044"
"5FY0","4","1101","1101","Success","0.00033"
"5US1","4","1","1","Success","0.00021"
"5Y7Y","4","101","101","Success","0.00045"
"8OFJ","4","1010","1010","Success","0.00055"
"3R2T","4","100","100","Success","0.00049"
"5NCB","4","1","1","Success","0.0005"
"8Q9E","4","100","100","Success","0.00047"
"1L66","4","101","101","Success","0.00079"
"4MZA","4","111","111","Success","0.00034"
"6WE1","4","1100","1100","Success","0.00066"
"3OVE","4","1","1","Success","0.00095"
"1Y1Z","4","1101","1101","Success","0.00059"
"1DHR","4","100","100","Success","0.00062"
"8VM8","4","1111","1111","Success","0.00048"
"1OPB","4","111","111","Success","0.00043"
"8ZJA","4","1101","1101","Success","0.00067"
"3LHP","4","1001","1001","Success","0.00038"
"8C0L","4","1001","1001","Success","0.00064"
"1RQ8","4","1010","1010","Success","0.00033"
"7JY7","4","111","111","Success","0.00018"
"7V6N","4","1101","1101","Success","0.00015"
"1TYS","4","1010","1010","Success","0.00062"
"6YN9","4","110","110","Success","0.00054"
"8YGN","4","110","110","Success","0.00018"
"1EGE","4","11","11","Success","0.00025"
"9ET1","4","1101","1101","Success","0.0003"
"4B8J","4","101","101","Success","0.00046"
"5P3X","4","1010","1010","Success","0.00055"
"6F35","4","111","111","Success","0.00035"
"3A3E","4","1100","1100","Success","0.00033"
"1WMU","4","1101","1101","Success","0.00059"
"5XHN","4","1001","1001","Success","0.0007"
"1RGQ","4","1","1","Success","0.00052"
"7E0D","4","110","110","Success","0.00041"
"4Q84","4","1100","1100","Success","0.00029"
"3I60","4","111","111","Success","0.00053"
"4MAL","4","1","1","Success","0.00089"
"2NTM","4","1","1","Success","0.00035"
"5HTL","4","1101","1101","Success","0.00058"
"5W31","4","1","1","Success","0.00073"
"7YQQ","4","1010","1010","Success","0.00033"
"5N4F","4","111","111","Success","0.00038"
"8JQP","4","1010","1010","Success","0.00035"
"3II5","4","1100","1100","Success","0.00043"
"1CIZ","4","1110","1110","Success","0.00076"
"7XGQ","4","11","11","Success","0.00035"
"7M0Q","4","1101","1101","Success","0.00069"
"3WI0","4","100","100","Success","0.00074"
"9B83","4","1101","1101","Success","0.00037"
"7D79","4","11","11","Success","0.0003"
"2O84","4","1101","1101","Success","0.00053"
"8H9D","4","101","101","Success","0.00022"
"6G8P","4","100","100","Success","0.00061"
"7DCX","4","10","10","Success","0.00015"
"2YC2","4","1111","1111","Success","0.00041"
"5MRW","4","1000","1000","Success","0.00015"
"6Y92","4","1101","1101","Success","0.00028"
"5VMS","4","110","110","Success","0.00045"
"5L46","4","111","111","Success","0.00024"
"5HR3","4","1110","1110","Success","0.00068"
"5SCZ","4","1101","1101","Success","0.00076"
"3SSX","4","101","101","Success","0.00068"
"8K97","4","1011","1011","Success","0.00015"
"3DCY","4","1110","1110","Success","0.00064"
"4P45","4","1","1","Success","0.00037"
"8EHI","4","1011","1011","Success","0.00018"
"4QYX","4","1","1","Success","0.00065"
"3D31","4","1110","1110","Success","0.00029"
"2CJ3","4","101","101","Success","0.00069"
"5N67","4","1000","1000","Success","0.00055"
"5MDS","4","101","101","Success","0.00031"
"2RBU","4","1001","1001","Success","0.00058"
"5G4N","4","1100","1100","Success","0.00047"
"4QZ7","4","1100","1100","Success","0.00012"
"6ZQ8","4","101","101","Success","0.00031"
"2M6L","4","1000","1000","Success","0.0001"
"5XEU","4","1100","1100","Success","0.00037"
"7EHK","4","100","100","Success","0.00067"
"5Z2I","4","101","101","Success","0.0005"
"4UDI","4","111","111","Success","0.00023"
"7NOJ","4","1001","1001","Success","0.00027"
"7T4Z","4","1011","1011","Success","0.00046"
"4YCO","4","1","1","Success","0.00031"
"5MD3","4","101","101","Success","0.00026"
"2V07","4","1001","1001","Success","0.00095"
"1Y1P","4","111","111","Success","0.00037"
"4R6J","4","101","101","Success","0.0003"
"8Y94","4","1011","1011","Success","0.00029"
"8JSR","4","1011","1011","Success","0.00028"
"5A69","4","100","100","Success","0.0004"
"7YD6","4","1110","1110","Success","0.00033"
"3L25","4","0","0","Success","0.00044"
"4FCV","4","11","11","Success","0.00032"
"1MEU","4","10","10","Success","0.00071"
"4JFL","4","1001","1001","Success","0.00085"
"1YNW","4","1111","1111","Success","0.00079"
"4GNQ","4","10","10","Success","0.00038"
"6Y8S","4","0","0","Success","0.00054"
"7DE5","4","1011","1011","Success","0.00039"
"2H8Q","4","1000","1000","Success","0.00033"
"1EM7","4","101","101","Success","0.00134"
"5TF0","4","10","10","Success","0.00027"
"3.00E+41","4","0","0","Success","0.00045"
"7O73","4","10","10","Success","0.00011"
"4REC","4","1111","1111","Success","0.0004"
"8D0Y","4","1011","1011","Success","0.00028"
"6YTF","4","11","11","Success","0.00034"
"6NLZ","4","1101","1101","Success","0.00033"
"6GWC","4","1100","1100","Success","0.0003"
"7WDD","4","110","110","Success","0.00033"
"7GO2","4","1101","1101","Success","0.00052"
"9CEA","4","1011","1011","Success","0.00064"
"8R1D","4","1000","1000","Success","0.00016"
"3DQM","4","1110","1110","Success","0.00066"
"6AVV","4","1110","1110","Success","0.00066"
"6KHF","4","0","0","Success","0.00055"
"7QR6","4","1","1","Success","0.00027"
"4HA0","4","110","110","Success","0.00038"
"5W16","4","110","110","Success","0.00031"
"5W5O","4","1011","1011","Success","0.00015"
"8I2K","4","111","111","Success","0.00049"
"2XQW","4","11","11","Success","0.00038"
"8P2P","4","1010","1010","Success","0.00032"
"7B86","4","11","11","Success","0.00052"
"5LUZ","4","1101","1101","Success","0.00027"
"5WL5","4","0","0","Success","0.00063"
"8PE3","4","1101","1101","Success","0.00036"
"5LZ2","4","1000","1000","Success","0.00049"
"2JY6","4","110","110","Success","0.00028"
"8J2M","4","1011","1011","Success","0.00034"
"6WM8","4","1011","1011","Success","0.0003"
"8WZ2","4","1001","1001","Success","0.00029"
"2G1H","4","1001","1001","Success","0.00055"
"8XCZ","4","0","0","Success","0.00049"
"4APL","4","1111","1111","Success","0.00025"
"4RDI","4","1010","1010","Success","0.00032"
"5N8H","4","1110","1110","Success","0.00053"
"5CCF","4","110","110","Success","0.00047"
"3N37","4","1011","1011","Success","0.00057"
"4HTB","4","100","100","Success","0.00052"
"3R3C","4","0","0","Success","0.0006"
"1HTR","4","1111","1111","Success","0.00051"
"8HE7","4","111","111","Success","0.00038"
"3LYB","4","101","101","Success","0.00044"
"1BY5","4","111","111","Success","0.00036"
"7VO4","4","1101","1101","Success","0.00043"
"2R9G","4","10","10","Success","0.00018"
"4TSZ","4","1110","1110","Success","0.00013"
"9ETN","4","1","1","Success","0.00043"
"8IJR","4","101","101","Success","0.00025"
"7ZLH","4","1001","1001","Success","0.00029"
"2JOU","4","1","1","Success","0.00045"
"3OSZ","4","1011","1011","Success","0.00059"
"6P6B","4","100","100","Success","0.00032"
"3RJO","4","110","110","Success","0.0005"
"3CCF","4","111","111","Success","0.00045"
"1NBC","4","111","111","Success","0.00057"
"4RXH","4","110","110","Success","0.00048"
"4DDO","4","1110","1110","Success","0.00048"
"1JKS","4","1000","1000","Success","0.00058"
"1GS3","4","1110","1110","Success","0.00088"
"1UFI","4","10","10","Success","0.00073"
"8DEA","4","1110","1110","Success","0.00034"
"5U12","4","1011","1011","Success","0.00042"
"3BHQ","4","1101","1101","Success","0.00047"
"7C3Q","4","10","10","Success","0.00103"
"2NOA","4","101","101","Success","0.00047"
"9BXI","4","11","11","Success","0.00046"
"1AS4","4","1100","1100","Success","0.00051"
"7AUP","4","11","11","Success","0.00081"
"7BCK","4","101","101","Success","0.00053"
"4DQZ","4","10","10","Success","0.00054"
"6KOR","4","1011","1011","Success","0.00077"
"8XBH","4","1001","1001","Success","0.00029"
"8XLR","4","0","0","Success","0.00025"
"4ES5","4","1010","1010","Success","0.00039"
"3U2J","4","101","101","Success","0.00067"
"4HV5","4","1000","1000","Success","0.00063"
"8GD0","4","1101","1101","Success","0.00056"
"4EB8","4","10","10","Success","0.00034"
"4IOJ","4","11","11","Success","0.0003"
"3GMN","4","1100","1100","Success","0.00049"
"6UGW","4","1110","1110","Success","0.0007"
"3TLT","4","101","101","Success","0.00026"
"4GVY","4","111","111","Success","0.00049"
"8ECK","4","100","100","Success","0.00021"
"1X0O","4","1111","1111","Success","0.00021"
"1H3G","4","11","11","Success","0.00029"
"3KL5","4","111","111","Success","0.00025"
"4N8V","4","1010","1010","Success","0.00029"
"2VA2","4","1010","1010","Success","0.00037"
"6CXA","4","10","10","Success","0.00035"
"6WBE","4","10","10","Success","0.00093"
"3N33","4","1001","1001","Success","0.00024"
"2XBG","4","111","111","Success","0.00056"
"1GD1","4","1101","1101","Success","0.00027"
"2FXO","4","10","10","Success","0.00045"
"7NJL","4","1010","1010","Success","0.00014"
"6WUU","4","1100","1100","Success","0.00027"
"7BKC","4","0","0","Success","0.00011"
"8VE4","4","1101","1101","Success","0.00046"
"1PB3","4","0","0","Success","0.00049"
"8HV4","4","11","11","Success","0.00056"
"3U2F","4","101","101","Success","0.00051"
"2EUR","4","10","10","Success","0.00058"
"6U3V","4","1000","1000","Success","0.00028"
"4GG4","4","1011","1011","Success","0.00045"
"7P72","4","1110","1110","Success","0.00047"
"6JXG","4","101","101","Success","0.00037"
"4D2W","4","110","110","Success","0.00028"
"8FI5","4","1111","1111","Success","0.00048"
"5I2Q","4","0","0","Success","0.00098"
"2IW0","4","1000","1000","Success","0.00065"
"2D8C","4","1100","1100","Success","0.00022"
"6ZY9","4","110","110","Success","0.00023"
"1EBD","4","1101","1101","Success","0.00032"
"6S1N","4","1111","1111","Success","0.0002"
"5ZGQ","4","1000","1000","Success","0.00044"
"1H2W","4","100","100","Success","0.00036"
"2L34","4","10","10","Success","0.00031"
"3GEU","4","1","1","Success","0.00035"
"1XJM","4","1001","1001","Success","0.00028"
"1JFQ","4","110","110","Success","0.00049"
"2REM","4","1100","1100","Success","0.00043"
"5QJG","4","1000","1000","Success","0.00036"
"7S9D","4","1111","1111","Success","0.00026"
"1LME","4","110","110","Success","0.00057"
"9BWJ","4","1010","1010","Success","0.00024"
"3H1Q","4","101","101","Success","0.00043"
"1WJ5","4","100","100","Success","0.0002"
"2WEQ","4","1000","1000","Success","0.00067"
"4UXJ","4","1111","1111","Success","0.00027"
"6F2I","4","1100","1100","Success","0.00088"
"5M5U","4","1100","1100","Success","0.00037"
"1GMB","4","1111","1111","Success","0.001"
"6TAQ","4","110","110","Success","0.0004"
"8AU3","4","101","101","Success","0.00041"
"9KQF","4","1010","1010","Success","0.00036"
"8XK3","4","110","110","Success","0.00038"
"8CCZ","4","1011","1011","Success","0.0004"
"6GWD","4","1111","1111","Success","0.00018"
"5O2W","4","1000","1000","Success","0.00062"
"3EPA","4","101","101","Success","0.00057"
"7DEY","4","1","1","Success","0.00035"
"7TBV","4","111","111","Success","0.00019"
"6S5I","4","1011","1011","Success","0.00081"
"1GVS","4","1111","1111","Success","0.00052"
"2C4R","4","1111","1111","Success","0.00044"
"6AWF","4","101","101","Success","0.00022"
"8JI7","4","110","110","Success","0.00047"
"6J19","4","11","11","Success","0.00061"
"4GF2","4","100","100","Success","0.00041"
"3LTO","4","101","101","Success","0.0004"
"5UEX","4","1","1","Success","0.00097"
"4PAV","4","1101","1101","Success","0.00037"
"6CZ9","4","1101","1101","Success","0.00021"
"8ZYW","4","1","1","Success","0.00029"
"8ATC","4","1001","1001","Success","0.00033"
"2CV5","4","1101","1101","Success","0.00035"
"1REZ","4","1010","1010","Success","0.00087"
"4O2Z","4","1000","1000","Success","0.00052"
"8Q4A","4","11","11","Success","0.00011"
"3LKW","4","1100","1100","Success","0.00065"
"2QF6","4","1000","1000","Success","0.00035"
"2DGV","4","1101","1101","Success","0.00022"
"7AJQ","4","100","100","Success","0.00028"
"6W3H","4","1111","1111","Success","0.00038"
"5WY5","4","10","10","Success","0.00046"
"4L8H","4","111","111","Success","0.00063"
"4Z1L","4","1000","1000","Success","0.00012"
"8HNL","4","110","110","Success","0.0003"
"8P3N","4","1101","1101","Success","0.00054"
"3KP5","4","1111","1111","Success","0.00059"
"1MEY","4","11","11","Success","0.00072"
"6ZR2","4","1101","1101","Success","0.0001"
"3BD8","4","1011","1011","Success","0.00035"
"4WKZ","4","101","101","Success","0.00047"
"3QEC","4","1","1","Success","0.0008"
"6CQ9","4","111","111","Success","0.00043"
"1RW0","4","10","10","Success","0.00045"
"6KP2","4","1101","1101","Success","0.00031"
"6VJX","4","1010","1010","Success","0.00051"
"2GSH","4","1110","1110","Success","0.00035"
"7AOP","4","1001","1001","Success","0.00081"
"7NXD","4","110","110","Success","0.00024"
"2F7S","4","0","0","Success","0.00052"
"7UAV","4","0","0","Success","0.00041"
"6ACH","4","1011","1011","Success","0.00018"
"4JOC","4","111","111","Success","0.00052"
"3GW4","4","1100","1100","Success","0.0005"
"9F2D","4","100","100","Success","0.0002"
"6TFW","4","11","11","Success","0.00043"
"6X99","4","110","110","Success","0.00019"
"6XTR","4","111","111","Success","0.00055"
"3KTG","4","101","101","Success","0.00028"
"5BSM","4","1100","1100","Success","0.0003"
"6MS7","4","110","110","Success","0.00057"
"8DCX","4","11","11","Success","0.00028"
"4UNZ","4","10","10","Success","0.00026"
"6WVV","4","1000","1000","Success","0.00013"
"2LR1","4","1101","1101","Success","0.00015"
"1K8K","4","0","0","Success","0.00024"
"6SP6","4","1101","1101","Success","0.00061"
"1H5R","4","1100","1100","Success","0.00028"
"9G8U","4","1101","1101","Success","0.00042"
"8EKP","4","11","11","Success","0.0002"
"8HNC","4","101","101","Success","0.00041"
"6YUD","4","1111","1111","Success","0.00032"
"4N3B","4","1010","1010","Success","0.00037"
"7P23","4","1011","1011","Success","0.00043"
"6UIA","4","10","10","Success","0.00015"
"3D03","4","0","0","Success","0.00025"
"4FQN","4","10","10","Success","0.00052"
"6U85","4","1111","1111","Success","0.00048"
"7YNQ","4","1101","1101","Success","0.0005"
"7AKD","4","1","1","Success","0.00017"
"1GQS","4","101","101","Success","0.00044"
"4RI2","4","100","100","Success","0.00054"
"8RD0","4","11","11","Success","0.00057"
"2EBN","4","1","1","Success","0.00058"
"6LHZ","4","1011","1011","Success","0.00078"
"8GCY","4","110","110","Success","0.0005"
"5IN5","4","1","1","Success","0.00026"
"3GKE","4","100","100","Success","0.00032"
"7PPT","4","1110","1110","Success","0.00058"
"3VY9","4","1000","1000","Success","0.00054"
"5NAM","4","1000","1000","Success","0.00047"
"7P4U","4","1101","1101","Success","0.0007"
"1NPC","4","100","100","Success","0.00057"
"6O72","4","110","110","Success","0.00017"
"5V8G","4","1010","1010","Success","0.00088"
"1TTW","4","110","110","Success","0.00085"
"3CS3","4","1001","1001","Success","0.00059"
"7EO3","4","1110","1110","Success","0.00059"
"7CDM","4","101","101","Success","0.00083"
"4REJ","4","101","101","Success","0.00082"
"5X4X","4","111","111","Success","0.00058"
"4WE4","4","101","101","Success","0.00044"
"8C0C","4","1111","1111","Success","0.00045"
"7TKA","4","1101","1101","Success","0.00013"
"8Y2Z","4","110","110","Success","0.00042"
"5IVY","4","1100","1100","Success","0.00057"
"7LC5","4","101","101","Success","0.00075"
"1UZB","4","101","101","Success","0.00031"
"7DBP","4","111","111","Success","0.00034"
"4GX5","4","1","1","Success","0.00024"
"4B4S","4","1011","1011","Success","0.00074"
"7ZOG","4","1011","1011","Success","0.00023"
"8BJE","4","1101","1101","Success","0.00086"
"5V8W","4","1100","1100","Success","0.00037"
"4YZF","4","1111","1111","Success","0.00017"
"4H0E","4","0","0","Success","0.00081"
"6FML","4","101","101","Success","0.00014"
"5FN4","4","1110","1110","Success","0.00028"
"3KIP","4","1001","1001","Success","0.00017"
"2RDY","4","1011","1011","Success","0.00025"
"4YMT","4","10","10","Success","0.00033"
"4FWD","4","1","1","Success","0.0004"
"4W5S","4","1000","1000","Success","0.00071"
"1CKJ","4","1101","1101","Success","0.00041"
"7ZK9","4","0","0","Success","0.00029"
"3POS","4","111","111","Success","0.00036"
"2O0P","4","1","1","Success","0.00094"
"1UX8","4","1111","1111","Success","0.00089"
"2N9W","4","110","110","Success","0.00023"
"8EBK","4","0","0","Success","0.001"
"6H6G","4","111","111","Success","0.00022"
"9BI4","4","1110","1110","Success","0.00022"
"1QAJ","4","1100","1100","Success","0.00045"
"5O4M","4","0","0","Success","0.0003"
"5LRF","4","10","10","Success","0.00034"
"5H6R","4","110","110","Success","0.00035"
"4NGV","4","1000","1000","Success","0.00083"
"7B7I","4","1110","1110","Success","0.00097"
"6MX5","4","1111","1111","Success","0.0007"
"8QEM","4","1111","1111","Success","0.00011"
"4RLU","4","1011","1011","Success","0.00056"
"3LY3","4","1010","1010","Success","0.00062"
"7S6B","4","1110","1110","Success","0.00019"
"2OU3","4","1100","1100","Success","0.00055"
"8ENM","4","111","111","Success","0.00022"
"9JUJ","4","1000","1000","Success","0.00029"
"3HLF","4","1001","1001","Success","0.00049"
"2OI5","4","1010","1010","Success","0.00033"
"4E3G","4","100","100","Success","0.00062"
"8XCM","4","101","101","Success","0.00028"
"1S53","4","100","100","Success","0.00047"
"7S0Z","4","10","10","Success","0.00026"
"7RC6","4","111","111","Success","0.0005"
"4DZO","4","101","101","Success","0.00064"
"7O9F","4","101","101","Success","0.00033"
"7F8B","4","1","1","Success","0.00065"
"3AR4","4","10","10","Success","0.00032"
"4ADI","4","1010","1010","Success","0.00028"
"2RJF","4","1011","1011","Success","0.00031"
"2CVO","4","110","110","Success","0.00026"
"8BQL","4","10","10","Success","0.00028"
"3LFJ","4","110","110","Success","0.00054"
"9MNX","4","101","101","Success","0.00039"
"3U7U","4","100","100","Success","0.00016"
"2YH3","4","111","111","Success","0.00053"
"3AB7","4","1","1","Success","0.00046"
"2OC7","4","1101","1101","Success","0.00052"
"5LLH","4","1110","1110","Success","0.00061"
"5RT3","4","111","111","Success","0.00052"
"5Q3V","4","1100","1100","Success","0.00054"
"3OUI","4","0","0","Success","0.00069"
"5V6A","4","1110","1110","Success","0.00048"
"9CYT","4","110","110","Success","0.00015"
"7I2A","4","101","101","Success","0.00041"
"1ZVJ","4","0","0","Success","0.00054"
"1FF5","4","11","11","Success","0.00049"
"8XSO","4","1001","1001","Success","0.00016"
"8ZFV","4","110","110","Success","0.00047"
"3BO8","4","1101","1101","Success","0.00051"
"4FP9","4","1111","1111","Success","0.00021"
"7RO0","4","0","0","Success","0.00033"
"3QBL","4","100","100","Success","0.00035"
"2J6G","4","1010","1010","Success","0.00062"
"2NWW","4","1101","1101","Success","0.00028"
"6MJJ","4","1010","1010","Success","0.00035"
"8TA4","4","1100","1100","Success","0.00029"
"5.00E+51","4","0","0","Success","0.00035"
"3RU0","4","1011","1011","Success","0.00035"
"5NCJ","4","100","100","Success","0.00042"
"1NMT","4","1","1","Success","0.00029"
"6TT3","4","1010","1010","Success","0.00028"
"8C60","4","111","111","Success","0.00027"
"3Q94","4","0","0","Success","0.00043"
"7XY7","4","1001","1001","Success","0.00033"
"6Y3U","4","11","11","Success","0.00064"
"8WW1","4","1000","1000","Success","0.00048"
"1A3K","4","1100","1100","Success","0.00082"
"4XM8","4","1111","1111","Success","0.00044"
"1GE4","4","10","10","Success","0.00088"
"7S0N","4","1010","1010","Success","0.00028"
"1BG6","4","110","110","Success","0.00054"
"4BBN","4","1011","1011","Success","0.00044"
"8KCL","4","1001","1001","Success","0.00061"
"4KQ0","4","11","11","Success","0.00064"
"5BXQ","4","1","1","Success","0.00034"
"1VLQ","4","110","110","Success","0.00016"
"2SQC","4","1111","1111","Success","0.00027"
"9ENV","4","101","101","Success","0.00043"
"6Q4R","4","1101","1101","Success","0.00033"
"2BAS","4","1001","1001","Success","0.00036"
"1EYE","4","1010","1010","Success","0.00062"
"1SWG","4","1000","1000","Success","0.00046"
"1SCE","4","1110","1110","Success","0.0005"
"2BUV","4","110","110","Success","0.00047"
"6N2U","4","1010","1010","Success","0.00122"
"6GES","4","1000","1000","Success","0.00037"
"8QAF","4","1010","1010","Success","0.00127"
"8UAC","4","1111","1111","Success","0.00047"
"5N5A","4","11","11","Success","0.00038"
"1VDN","4","100","100","Success","0.0008"
"2AOX","4","1100","1100","Success","0.0004"
"6TXJ","4","1011","1011","Success","0.00028"
"8AWY","4","10","10","Success","0.00049"
"3S0Z","4","1001","1001","Success","0.00046"
"5FSU","4","1010","1010","Success","0.00046"
"5VNE","4","11","11","Success","0.00025"
"4DFR","4","101","101","Success","0.00056"
"5G6I","4","1101","1101","Success","0.00054"
"3DWP","4","1000","1000","Success","0.00042"
"6KIX","4","101","101","Success","0.00023"
"2NVV","4","1100","1100","Success","0.00018"
"1G7S","4","100","100","Success","0.00042"
"3TZ0","4","1110","1110","Success","0.00058"
"2Q1M","4","110","110","Success","0.00092"
"2XTM","4","1101","1101","Success","0.00049"
"6YFI","4","110","110","Success","0.00041"
"8IRD","4","1101","1101","Success","0.00013"
"1C92","4","11","11","Success","0.00061"
"4WRS","4","101","101","Success","0.00058"
"4B7U","4","1101","1101","Success","0.00028"
"5XPL","4","1011","1011","Success","0.00061"
"6KWC","4","101","101","Success","0.00069"
"4C5J","4","110","110","Success","0.00029"
"1MC3","4","10","10","Success","0.00041"
"6QES","4","100","100","Success","0.0005"
"7XK2","4","101","101","Success","0.0003"
"2MY3","4","1101","1101","Success","0.00019"
"7X4A","4","0","0","Success","0.00058"
"4KAJ","4","1000","1000","Success","0.00057"
"8JP2","4","1010","1010","Success","0.00055"
"5CNB","4","1","1","Success","0.00082"
"1ZNZ","4","1001","1001","Success","0.00074"
"9KHZ","4","111","111","Success","0.00021"
"2AGL","4","1100","1100","Success","0.00033"
"1YFB","4","11","11","Success","0.00097"
"4MI2","4","1","1","Success","0.00036"
"1EXJ","4","1101","1101","Success","0.0006"
"8CMV","4","1010","1010","Success","0.0006"
"1YA8","4","1001","1001","Success","0.00025"
"9JO2","4","10","10","Success","0.00028"
"5OIX","4","1100","1100","Success","0.00068"
"5C0R","4","100","100","Success","0.00036"
"6KE0","4","1000","1000","Success","0.00039"
"5BQZ","4","1001","1001","Success","0.00026"
"1MEC","4","100","100","Success","0.00035"
"4JIM","4","11","11","Success","0.0003"
"7UFX","4","10","10","Success","0.00066"
"6D3F","4","1011","1011","Success","0.00043"
"2KKU","4","101","101","Success","0.00018"
"5AP8","4","1001","1001","Success","0.00043"
"8GXR","4","100","100","Success","0.0003"
"2XEJ","4","1111","1111","Success","0.00037"
"2V3Y","4","111","111","Success","0.00046"
"3E6D","4","1110","1110","Success","0.0005"
"2A59","4","1100","1100","Success","0.00037"
"1FND","4","0","0","Success","0.00056"
"4AH9","4","1111","1111","Success","0.00055"
"5SVW","4","110","110","Success","0.00046"
"6FIV","4","1010","1010","Success","0.00094"
"9AZP","4","101","101","Success","0.00017"
"3SCX","4","101","101","Success","0.00032"
"1W7U","4","1010","1010","Success","0.00033"
"3PGD","4","1000","1000","Success","0.00035"
"8CA1","4","0","0","Success","0.0003"
"5IJJ","4","1011","1011","Success","0.00055"
"1ANE","4","1000","1000","Success","0.00065"
"4Y0R","4","1100","1100","Success","0.00081"
"6XKL","4","1","1","Success","0.00018"
"3D0O","4","1011","1011","Success","0.00038"
"2Z3Y","4","11","11","Success","0.0004"
"1STF","4","111","111","Success","0.00057"
"9FSM","4","1011","1011","Success","0.00021"
"1NW6","4","10","10","Success","0.00061"
"3C8V","4","10","10","Success","0.00024"
"3CRP","4","1100","1100","Success","0.0008"
"3MB3","4","1001","1001","Success","0.0009"
"7TPE","4","101","101","Success","0.00018"
"1N1G","4","1110","1110","Success","0.00051"
"1EH4","4","101","101","Success","0.00042"
"2EFC","4","1010","1010","Success","0.00034"
"9EMM","4","1101","1101","Success","0.0002"
"6IJU","4","100","100","Success","0.00103"
"8QNN","4","1","1","Success","0.0006"
"4DPO","4","10","10","Success","0.00069"
"4FH5","4","110","110","Success","0.00055"
"8POC","4","1111","1111","Success","0.00039"
"5N9E","4","1000","1000","Success","0.00025"
"2Y3X","4","1010","1010","Success","0.00041"
"7YII","4","110","110","Success","0.00044"
"5QUR","4","100","100","Success","0.00068"
"7L6R","4","1010","1010","Success","0.00049"
"4JAL","4","101","101","Success","0.00056"
"5VAG","4","11","11","Success","0.00039"
"5M69","4","10","10","Success","0.00056"
"8PBI","4","10","10","Success","0.00051"
"2BZD","4","1","1","Success","0.00023"
"8A2N","4","10","10","Success","0.00042"
"3V5E","4","110","110","Success","0.00019"
"6LEU","4","1","1","Success","0.00031"
"6RVF","4","1100","1100","Success","0.00062"
"2VU2","4","1011","1011","Success","0.00025"
"5K41","4","10","10","Success","0.00046"
"1XK7","4","1111","1111","Success","0.00029"
"7ZYT","4","1011","1011","Success","0.00033"
"7DLU","4","111","111","Success","0.00023"
"1QX3","4","110","110","Success","0.00066"
"3VCL","4","1011","1011","Success","0.00048"
"8FYY","4","1111","1111","Success","0.00063"
"2B91","4","1101","1101","Success","0.00086"
"3SP1","4","101","101","Success","0.00034"
"1VJD","4","1011","1011","Success","0.00049"
"4F0J","4","1100","1100","Success","0.00055"
"8BUZ","4","1001","1001","Success","0.00029"
"1RZQ","4","111","111","Success","0.00031"
"4N2E","4","1101","1101","Success","0.00039"
"4NG2","4","0","0","Success","0.00026"
"2YRX","4","1000","1000","Success","0.0005"
"5ZL5","4","1100","1100","Success","0.00019"
"1RCB","4","1001","1001","Success","0.00085"
"2KSU","4","1110","1110","Success","0.00021"
"2UW0","4","1101","1101","Success","0.00051"
"7R19","4","1110","1110","Success","0.00018"
"7DGJ","4","1010","1010","Success","0.00057"
"2WW0","4","10","10","Success","0.00013"
"1T70","4","100","100","Success","0.00022"
"4KIQ","4","1000","1000","Success","0.00027"
"7DXE","4","101","101","Success","0.00019"
"1IB5","4","101","101","Success","0.00081"
"2J62","4","1011","1011","Success","0.00029"
"1RH0","4","110","110","Success","0.00032"
"4ECX","4","1000","1000","Success","0.00046"
"3JTJ","4","0","0","Success","0.00061"
"5ZY9","4","1010","1010","Success","0.00029"
"3U9U","4","11","11","Success","0.00022"
"7TY2","4","1000","1000","Success","0.00065"
"2KMG","4","1110","1110","Success","0.00019"
"6YCD","4","111","111","Success","0.00047"
"5MIO","4","11","11","Success","0.00028"
"1K3M","4","111","111","Success","0.00036"
"2EEB","4","1100","1100","Success","0.00021"
"3THC","4","11","11","Success","0.0002"
"4D3K","4","1001","1001","Success","0.00036"
"1KS9","4","100","100","Success","0.00059"
"6HVH","4","1001","1001","Success","0.00047"
"7XOO","4","1101","1101","Success","0.00043"
"2R3K","4","110","110","Success","0.00058"
"4Y06","4","10","10","Success","0.00027"
"9CW2","4","0","0","Success","0.00025"
"7X5S","4","101","101","Success","0.00049"
"5Q1N","4","1011","1011","Success","0.00052"
"3CQK","4","1001","1001","Success","0.00041"
"6QU7","4","1101","1101","Success","0.00052"
"3NZU","4","1100","1100","Success","0.00034"
"6KB4","4","1010","1010","Success","0.00061"
"8URB","4","101","101","Success","0.00027"
"1LIB","4","111","111","Success","0.00087"
"7U19","4","1000","1000","Success","0.0002"
"1MP3","4","10","10","Success","0.00042"
"4QJL","4","1000","1000","Success","0.00065"
"2ZLY","4","110","110","Success","0.00051"
"5GAQ","4","1101","1101","Success","0.0002"
"1MV3","4","101","101","Success","0.00015"
"8HYL","4","10","10","Success","0.00039"
"8YJZ","4","11","11","Success","0.00024"
"3Q6N","4","1101","1101","Success","0.00022"
"7DTU","4","101","101","Success","0.00024"
"4ZXW","4","1111","1111","Success","0.00033"
"1USL","4","1101","1101","Success","0.00034"
"6XTD","4","1111","1111","Success","0.00056"
"1AR1","4","0","0","Success","0.00031"
"5MIU","4","10","10","Success","0.00032"
"3A12","4","11","11","Success","0.00015"
"1BWD","4","100","100","Success","0.00036"
"6RMB","4","1011","1011","Success","0.00039"
"2HRW","4","1101","1101","Success","0.00058"
"2Y82","4","10","10","Success","0.00057"
"3ZN0","4","1111","1111","Success","0.00036"
"8F3A","4","1","1","Success","0.00082"
"7SOR","4","1111","1111","Success","0.00075"
"4I5J","4","110","110","Success","0.00061"
"6F06","4","1110","1110","Success","0.00046"
"4A5N","4","11","11","Success","0.00049"
"7BYF","4","11","11","Success","0.00025"
"9AVH","4","1110","1110","Success","0.00039"
"1G79","4","10","10","Success","0.00071"
"6FV9","4","1111","1111","Success","0.00038"
"6HLA","4","1","1","Success","0.00029"
"8TZO","4","110","110","Success","0.0003"
"6BJU","4","1100","1100","Success","0.00045"
"3ZDT","4","1","1","Success","0.0004"
"4QCF","4","1","1","Success","0.0005"
"8CFJ","4","0","0","Success","0.00023"
"1XDW","4","101","101","Success","0.00054"
"8Y9B","4","111","111","Success","0.00024"
"1IFW","4","1111","1111","Success","0.00018"
"4R4J","4","1101","1101","Success","0.00036"
"1B0L","4","1100","1100","Success","0.00038"
"5IER","4","1","1","Success","0.00044"
"1ERN","4","111","111","Success","0.00049"
"7EHL","4","110","110","Success","0.0003"
"3QUF","4","111","111","Success","0.00036"
"5KYM","4","1010","1010","Success","0.00045"
"4G70","4","10","10","Success","0.00037"
"1E2B","4","1101","1101","Success","0.00023"
"6J6X","4","1011","1011","Success","0.00042"
"4DVD","4","1100","1100","Success","0.00073"
"1ZHZ","4","1100","1100","Success","0.00048"
"5ZK5","4","101","101","Success","0.0007"
"1SD4","4","10","10","Success","0.00065"
"4YP6","4","10","10","Success","0.00043"
"2E2G","4","0","0","Success","0.0002"
"1R10","4","1000","1000","Success","0.00043"
"2P39","4","1","1","Success","0.00084"
"4AQ2","4","1111","1111","Success","0.00014"
"6DJK","4","1100","1100","Success","0.0005"
"1EPQ","4","10","10","Success","0.00054"
"6H99","4","1001","1001","Success","0.00045"
"2CYZ","4","1","1","Success","0.00048"
"4QCK","4","1110","1110","Success","0.00053"
"9FJL","4","111","111","Success","0.00078"
"1J2Y","4","101","101","Success","0.00077"
"7M4K","4","1100","1100","Success","0.00055"
"8GFS","4","101","101","Success","0.00044"
"7SY3","4","1011","1011","Success","0.00017"
"6CBF","4","1011","1011","Success","0.00053"
"3WFQ","4","1000","1000","Success","0.00023"
"3EG1","4","1100","1100","Success","0.00084"
"4RZA","4","1000","1000","Success","0.00073"
"1IQC","4","1","1","Success","0.00028"
"1XYI","4","1010","1010","Success","0.00119"
"3ERF","4","1010","1010","Success","0.00068"
"3MH2","4","1101","1101","Success","0.00055"
"1JJZ","4","1001","1001","Success","0.00042"
"2TBV","4","1101","1101","Success","0.00033"
"7MBU","4","10","10","Success","0.00016"
"3JYZ","4","100","100","Success","0.00082"
"1ZQ7","4","1100","1100","Success","0.00034"
"3DLL","4","1","1","Success","0.00018"
"2HS0","4","1110","1110","Success","0.00042"
"3B8M","4","1110","1110","Success","0.00037"
"6S6L","4","1","1","Success","0.00024"
"8IUG","4","1100","1100","Success","0.0002"
"5KGN","4","1","1","Success","0.00029"
"6W4R","4","110","110","Success","0.00033"
"8W6W","4","110","110","Success","0.00068"
"6Q4G","4","1100","1100","Success","0.00059"
"2OE2","4","101","101","Success","0.00056"
"1A4K","4","1110","1110","Success","0.00033"
"1W9Y","4","110","110","Success","0.00059"
"3G36","4","1011","1011","Success","0.00069"
"7FEF","4","1001","1001","Success","0.00144"
"2YXW","4","1110","1110","Success","0.00034"
"4L0T","4","1111","1111","Success","0.00047"
"5YTF","4","1011","1011","Success","0.00043"
"3GA5","4","1000","1000","Success","0.00039"
"8BGW","4","1101","1101","Success","0.00026"
"8ABU","4","1001","1001","Success","0.00037"
"8OFV","4","1110","1110","Success","0.00021"
"2YS8","4","101","101","Success","0.00023"
"1WBF","4","1011","1011","Success","0.00046"
"7V53","4","101","101","Success","0.00032"
"8XCG","4","1100","1100","Success","0.00017"
"2ESN","4","111","111","Success","0.00029"
"7VJL","4","1011","1011","Success","0.00043"
"3VFB","4","1101","1101","Success","0.00069"
"3KA0","4","10","10","Success","0.0006"
"2GNJ","4","1","1","Success","0.00051"
"2RS9","4","1101","1101","Success","0.0002"
"3ZXJ","4","1001","1001","Success","0.00031"
"8EY0","4","10","10","Success","0.00046"
"5WNM","4","1100","1100","Success","0.00059"
"9CQI","4","1","1","Success","0.00046"
"1H6Q","4","1000","1000","Success","0.00079"
"6KHT","4","10","10","Success","0.00027"
"7SMI","4","1100","1100","Success","0.00056"
"2QQK","4","1011","1011","Success","0.00032"
"3M0V","4","1","1","Success","0.00023"
"4C4I","4","11","11","Success","0.00063"
"3ZMT","4","1","1","Success","0.00034"
"5UQ0","4","1010","1010","Success","0.00044"
"2Z81","4","1010","1010","Success","0.00041"
"4NMF","4","1011","1011","Success","0.00023"
"5A3E","4","1111","1111","Success","0.00088"
"6RO1","4","1011","1011","Success","0.00033"
"1O9E","4","1","1","Success","0.00064"
"2BZ0","4","1000","1000","Success","0.00054"
"6DGU","4","0","0","Success","0.00029"
"6E2P","4","1111","1111","Success","0.00032"
"2BLP","4","111","111","Success","0.00087"
"1ULT","4","111","111","Success","0.0003"
"8X55","4","10","10","Success","0.00017"
"5WWE","4","100","100","Success","0.00077"
"6UPZ","4","1111","1111","Success","0.00017"
"8ZRV","4","1111","1111","Success","0.00024"
"7UE1","4","111","111","Success","0.00059"
"8XES","4","111","111","Success","0.00051"
"2E5K","4","1011","1011","Success","0.00023"
"2C83","4","110","110","Success","0.0005"
"7RYV","4","1011","1011","Success","0.00023"
"2YZ8","4","1010","1010","Success","0.00106"
"6P8E","4","1001","1001","Success","0.00041"
"5XTM","4","1011","1011","Success","0.00062"
"6HJU","4","0","0","Success","0.00073"
"1DCZ","4","1001","1001","Success","0.00106"
"4PUC","4","111","111","Success","0.00032"
"6DL9","4","1010","1010","Success","0.00037"
"5M2Z","4","10","10","Success","0.00013"
"6OQ6","4","0","0","Success","0.00046"
"4HXP","4","1010","1010","Success","0.0009"
"1SOQ","4","1000","1000","Success","0.00045"
"7VBN","4","1","1","Success","0.00017"
"6YL9","4","1001","1001","Success","0.00055"
"1S3I","4","1000","1000","Success","0.00056"
"9GG2","4","1010","1010","Success","0.00014"
"6W9I","4","1000","1000","Success","0.00064"
"6EO4","4","1111","1111","Success","0.00032"
"4BDY","4","1110","1110","Success","0.00041"
"1B5S","4","100","100","Success","0.00029"
"7NWL","4","1010","1010","Success","0.00023"
"2WKU","4","1110","1110","Success","0.00025"
"7SN3","4","0","0","Success","0.00017"
"3AP4","4","1110","1110","Success","0.00041"
"2WBC","4","111","111","Success","0.00074"
"2KXN","4","10","10","Success","0.0003"
"6GT6","4","1011","1011","Success","0.00066"
"4MTJ","4","1011","1011","Success","0.00025"
"8SG4","4","1","1","Success","0.00026"
"5D4A","4","1","1","Success","0.00086"
"7JP1","4","1101","1101","Success","0.00057"
"8WRA","4","1111","1111","Success","0.00059"
"3FWI","4","0","0","Success","0.00051"
"3M9H","4","1000","1000","Success","0.00063"
"3FI2","4","1100","1100","Success","0.00054"
"3EPL","4","11","11","Success","0.00033"
"7OI9","4","1","1","Success","0.00011"
"5KGW","4","1011","1011","Success","0.00083"
"6L8I","4","1001","1001","Success","0.00046"
"8WJ1","4","1","1","Success","0.00059"
"3U9S","4","1110","1110","Success","0.00012"
"5NTW","4","1010","1010","Success","0.00031"
"1J5O","4","101","101","Success","0.00026"
"7DLY","4","11","11","Success","0.00035"
"3TVI","4","110","110","Success","0.00014"
"8UXQ","4","10","10","Success","0.0003"
"5VEG","4","110","110","Success","0.00048"
"3GHY","4","100","100","Success","0.0004"
"6FU3","4","1101","1101","Success","0.00039"
"8BLQ","4","1","1","Success","0.00029"
"6SDF","4","0","0","Success","0.00092"
"7L89","4","101","101","Success","0.00023"
"5ZKZ","4","1111","1111","Success","0.00072"
"8XOG","4","1001","1001","Success","0.0003"
"7BOF","4","11","11","Success","0.00028"
"4G3P","4","1000","1000","Success","0.00046"
"5S7P","4","0","0","Success","0.00041"
"6AX0","4","101","101","Success","0.00055"
"4MSG","4","1011","1011","Success","0.00047"
"7TEO","4","111","111","Success","0.00012"
"5IBG","4","11","11","Success","0.00051"
"8HPS","4","1001","1001","Success","0.00023"
"1MS8","4","110","110","Success","0.00027"
"6Z1I","4","101","101","Success","0.00044"
"1BP3","4","111","111","Success","0.00049"
"7SND","4","1010","1010","Success","0.00081"
"3PYK","4","101","101","Success","0.0006"
"7OE0","4","1101","1101","Success","0.00021"
"8FIP","4","1","1","Success","0.00039"
"7XRL","4","1000","1000","Success","0.00024"
"5I9W","4","1000","1000","Success","0.0006"
"1KNW","4","1","1","Success","0.00049"
"5W3E","4","1100","1100","Success","0.00031"
"8C76","4","101","101","Success","0.00034"
"6JIA","4","1110","1110","Success","0.00064"
"5YMY","4","110","110","Success","0.00014"
"3ILG","4","1","1","Success","0.00095"
"6LX2","4","1111","1111","Success","0.00043"
"3J4B","4","1110","1110","Success","0.00021"
"1FBK","4","11","11","Success","0.00067"
"7LTO","4","1110","1110","Success","0.0004"
"7E5C","4","101","101","Success","0.00024"
"8UZW","4","1011","1011","Success","0.00016"
"5B5K","4","11","11","Success","0.00064"
"7DJ2","4","100","100","Success","0.00031"
"8IF3","4","111","111","Success","0.00033"
"4AT7","4","1100","1100","Success","0.00037"
"1K9R","4","10","10","Success","0.00034"
"7W3U","4","10","10","Success","0.00028"
"1Q5I","4","1","1","Success","0.00047"
"7TMD","4","1","1","Success","0.00022"
"9OFH","4","111","111","Success","0.00019"
"2H39","4","1000","1000","Success","0.00039"
"3IVT","4","1010","1010","Success","0.00035"
"8J1J","4","10","10","Success","0.00035"
"1MB8","4","1100","1100","Success","0.00066"
"1E4I","4","1000","1000","Success","0.00046"
"8GIU","4","1","1","Success","0.00014"
"6AMO","4","1110","1110","Success","0.00022"
"4C2M","4","1100","1100","Success","0.00011"
"1Z8S","4","11","11","Success","0.00026"
"6WBT","4","1111","1111","Success","0.00023"
"6ZCZ","4","111","111","Success","0.00035"
"7C75","4","1110","1110","Success","0.0004"
"5CFB","4","10","10","Success","0.00024"
"5H48","4","1100","1100","Success","0.00086"
"7CS8","4","1011","1011","Success","0.00024"
"4UNQ","4","1000","1000","Success","0.00053"
"7NK9","4","110","110","Success","0.00029"
"1ZYJ","4","1","1","Success","0.00055"
"5AJX","4","101","101","Success","0.00048"
"3HEM","4","111","111","Success","0.00058"
"6IHL","4","1010","1010","Success","0.00061"
"1Z6F","4","1000","1000","Success","0.00053"
"5CUX","4","100","100","Success","0.00045"
"3RCY","4","11","11","Success","0.00017"
"3MJV","4","1","1","Success","0.00033"
"5OWG","4","1111","1111","Success","0.00075"
"4QBF","4","11","11","Success","0.00066"
"1QYB","4","1011","1011","Success","0.00073"
"7FQ8","4","10","10","Success","0.00073"
"4BQI","4","111","111","Success","0.00025"
"4RDK","4","100","100","Success","0.00042"
"4MXK","4","0","0","Success","0.00077"
"7U25","4","100","100","Success","0.00041"
"4H4E","4","1111","1111","Success","0.00039"
"8P9V","4","1110","1110","Success","0.00025"
"1JR2","4","1100","1100","Success","0.00042"
"7EDD","4","1110","1110","Success","0.00027"
"5G55","4","1111","1111","Success","0.00035"
"5HT4","4","10","10","Success","0.00073"
"7RGF","4","110","110","Success","0.00033"
"3A9B","4","100","100","Success","0.00049"
"6SLU","4","11","11","Success","0.00027"
"4WJG","4","1101","1101","Success","0.00013"
"3R5H","4","11","11","Success","0.00035"
"1IWI","4","111","111","Success","0.0005"
"4EO8","4","110","110","Success","0.0003"
"5CRZ","4","11","11","Success","0.00085"
"7NF1","4","0","0","Success","0.00032"
"1EUC","4","1000","1000","Success","0.00038"
"6MDV","4","1110","1110","Success","0.00024"
"5K6X","4","1010","1010","Success","0.00035"
"8QLM","4","10","10","Success","0.00028"
"5EJZ","4","0","0","Success","0.00026"
"2QGM","4","1001","1001","Success","0.00051"
"5PXP","4","111","111","Success","0.00051"
"7S7X","4","1010","1010","Success","0.00034"
"1QQA","4","111","111","Success","0.00054"
"6DWJ","4","110","110","Success","0.00022"
"1H5V","4","1100","1100","Success","0.00056"
"1H1W","4","100","100","Success","0.00059"
"9DA9","4","1000","1000","Success","0.00042"
"8YQA","4","1001","1001","Success","0.00083"
"1RHL","4","1000","1000","Success","0.00096"
"6JUA","4","1100","1100","Success","0.0003"
"2DXL","4","1","1","Success","0.00044"
"2ONF","4","1000","1000","Success","0.00058"
"6HGV","4","111","111","Success","0.00055"
"2O68","4","1010","1010","Success","0.00057"
"1O1T","4","1100","1100","Success","0.00036"
"9DH9","4","1101","1101","Success","0.00018"
"3NT7","4","100","100","Success","0.00048"
"3MN5","4","1","1","Success","0.00052"
"4NFZ","4","1011","1011","Success","0.00041"
"5RTS","4","1001","1001","Success","0.00051"
"3QQM","4","1010","1010","Success","0.00024"
"2R1G","4","1100","1100","Success","0.0005"
"1U8H","4","1011","1011","Success","0.00047"
"6U3K","4","1","1","Success","0.00047"
"6XJ6","4","0","0","Success","0.00058"
"3IS6","4","100","100","Success","0.00048"
"5VXI","4","1000","1000","Success","0.00053"
"8S2Y","4","1101","1101","Success","0.00031"
"3LI1","4","1011","1011","Success","0.00048"
"2W1I","4","110","110","Success","0.00042"
"7YSI","4","101","101","Success","0.00078"
"1O84","4","10","10","Success","0.00085"
"9BH6","4","0","0","Success","0.00017"
"7JOA","4","1","1","Success","0.0003"
"6PGA","4","1101","1101","Success","0.00057"
"4ZT6","4","101","101","Success","0.00031"
"1TV3","4","1010","1010","Success","0.00046"
"7H4G","4","1001","1001","Success","0.00081"
"1ZUE","4","100","100","Success","0.00035"
"4II8","4","1101","1101","Success","0.00086"
"3RAQ","4","111","111","Success","0.00036"
"5L7R","4","1010","1010","Success","0.00029"
"8RH9","4","10","10","Success","0.00024"
"5AKZ","4","1010","1010","Success","0.00043"
"5U41","4","1","1","Success","0.00043"
"2P0H","4","1110","1110","Success","0.00092"
"1LI6","4","111","111","Success","0.00076"
"3RXT","4","1010","1010","Success","0.00066"
"8W45","4","100","100","Success","0.00066"
"1PRY","4","1100","1100","Success","0.00067"
"6FXA","4","100","100","Success","0.00064"
"5MTM","4","100","100","Success","0.00071"
"2NPQ","4","1000","1000","Success","0.00054"
"4O77","4","1000","1000","Success","0.00062"
"5AX6","4","100","100","Success","0.00045"
"6J9C","4","11","11","Success","0.00067"
"4Q7D","4","11","11","Success","0.0005"
"1DQY","4","1000","1000","Success","0.0006"
"6G47","4","100","100","Success","0.00043"
"1OLZ","4","1","1","Success","0.00028"
"8GBB","4","101","101","Success","0.00043"
"3D4K","4","1","1","Success","0.00031"
"6UNP","4","1110","1110","Success","0.0004"
"5LDE","4","101","101","Success","0.00045"
"3N78","4","1101","1101","Success","0.00039"
"5E5G","4","100","100","Success","0.00032"
"2GP7","4","110","110","Success","0.00033"
"7X7N","4","1010","1010","Success","0.00017"
"3QRQ","4","1101","1101","Success","0.0007"
"3GO8","4","10","10","Success","0.00063"
"2Y1M","4","110","110","Success","0.00021"
"6VPZ","4","1101","1101","Success","0.0005"
"2ZBH","4","0","0","Success","0.00089"
"8RCB","4","1110","1110","Success","0.00028"
"6WB9","4","101","101","Success","0.00024"
"2P8R","4","1001","1001","Success","0.00064"
"3IKO","4","111","111","Success","0.00017"
"5O4O","4","1110","1110","Success","0.00036"
"1N19","4","101","101","Success","0.00055"
"4WXB","4","1110","1110","Success","0.00024"
"2A97","4","1111","1111","Success","0.00036"
"5L6Q","4","1111","1111","Success","0.00066"
"2LMG","4","101","101","Success","0.00026"
"9L3W","4","10","10","Success","0.00032"
"3RVD","4","1001","1001","Success","0.00017"
"1YQQ","4","1101","1101","Success","0.00035"
"2Y4V","4","111","111","Success","0.00079"
"2YRU","4","1111","1111","Success","0.0002"
"1YRF","4","10","10","Success","0.00163"
"4EZ1","4","1","1","Success","0.0003"
"5Q2I","4","1111","1111","Success","0.00052"
"1TZ2","4","0","0","Success","0.00027"
"1K97","4","1100","1100","Success","0.00048"
"2O25","4","0","0","Success","0.00036"
"5HHI","4","11","11","Success","0.00054"
"6CID","4","110","110","Success","0.00033"
"4HS3","4","0","0","Success","0.0005"
"8BA5","4","10","10","Success","0.00084"
"1D1M","4","1111","1111","Success","0.00088"
"7G2E","4","1000","1000","Success","0.00034"
"3HVD","4","0","0","Success","0.00015"
"2ZBF","4","111","111","Success","0.00031"
"5HIZ","4","1010","1010","Success","0.00071"
"7HKM","4","11","11","Success","0.00041"
"7P2T","4","100","100","Success","0.00025"
"2L0C","4","1100","1100","Success","0.00022"
"5HOU","4","1100","1100","Success","0.00017"
"7ZUT","4","1001","1001","Success","0.00124"
"8Y4A","4","111","111","Success","0.00017"
"5C87","4","1101","1101","Success","0.00093"
"1WAC","4","1","1","Success","0.00022"
"2XP0","4","101","101","Success","0.00049"
"5C1Q","4","0","0","Success","0.00061"
"8P7N","4","1111","1111","Success","0.00028"
"1FMU","4","1010","1010","Success","0.00055"
"7XVX","4","1011","1011","Success","0.00051"
"6VUJ","4","1100","1100","Success","0.00087"
"3RG6","4","0","0","Success","0.00027"
"2NB1","4","10","10","Success","0.00015"
"4NA8","4","110","110","Success","0.00065"
"4IC1","4","110","110","Success","0.00022"
"5PWF","4","101","101","Success","0.00052"
"3EK7","4","1001","1001","Success","0.00049"
"2ZCO","4","100","100","Success","0.00059"
"8TE4","4","1000","1000","Success","0.00023"
"4B34","4","1101","1101","Success","0.00067"
"2YCK","4","1101","1101","Success","0.00061"
"5FLV","4","1010","1010","Success","0.00033"
"8R11","4","0","0","Success","0.0004"
"7NVQ","4","0","0","Success","0.00057"
"8BQW","4","1101","1101","Success","0.00075"
"4C5L","4","111","111","Success","0.0003"
"6ZDJ","4","1000","1000","Success","0.00021"
"1GL3","4","1101","1101","Success","0.00037"
"6LTK","4","10","10","Success","0.00069"
"6Q7F","4","1100","1100","Success","0.0006"
"8EE7","4","1101","1101","Success","0.00029"
"1DS3","4","1101","1101","Success","0.00142"
"8TUQ","4","1110","1110","Success","0.00044"
"3FRY","4","10","10","Success","0.00081"
"2VW7","4","1010","1010","Success","0.00039"
"4QXZ","4","1001","1001","Success","0.00059"
"1DKL","4","10","10","Success","0.00033"
"5HP8","4","1","1","Success","0.00056"
"4G4R","4","11","11","Success","0.00063"
"7YCN","4","1010","1010","Success","0.0002"
"3SOH","4","10","10","Success","0.00042"
"8PXL","4","11","11","Success","0.0005"
"1OGC","4","1","1","Success","0.00039"
"8UD0","4","1100","1100","Success","0.00087"
"5MVR","4","1110","1110","Success","0.00081"
"3FUN","4","1111","1111","Success","0.0004"
"6G2U","4","0","0","Success","0.00018"
"1XJZ","4","1011","1011","Success","0.00049"
"3VHJ","4","110","110","Success","0.00076"
"9AUV","4","111","111","Success","0.00019"
"7TJ8","4","111","111","Success","0.00028"
"1VLP","4","101","101","Success","0.00024"
"2B8L","4","10","10","Success","0.00051"
"7H3Y","4","1","1","Success","0.00082"
"1HJM","4","100","100","Success","0.00095"
"4GN3","4","1101","1101","Success","0.00021"
"1TF6","4","1110","1110","Success","0.00053"
"1BBW","4","1100","1100","Success","0.00046"
"5C0Y","4","10","10","Success","0.00036"
"6HHJ","4","1100","1100","Success","0.00048"
"7P62","4","11","11","Success","0.00015"
"6GUV","4","11","11","Success","0.00083"
"3ZOF","4","10","10","Success","0.00053"
"8X5D","4","1110","1110","Success","0.00021"
"5B32","4","1111","1111","Success","0.00037"
"7OX9","4","1101","1101","Success","0.00027"
"6TK3","4","11","11","Success","0.00062"
"1XMT","4","1011","1011","Success","0.00103"
"7MLS","4","100","100","Success","0.00089"
"7PKQ","4","1101","1101","Success","0.00012"
"1D1A","4","1110","1110","Success","0.00038"
"2E8C","4","1001","1001","Success","0.00087"
"5LB3","4","1101","1101","Success","0.00033"
"6FL9","4","110","110","Success","0.00025"
"5IA3","4","11","11","Success","0.00059"
"1SFC","4","0","0","Success","0.00035"
"1HJV","4","1110","1110","Success","0.00026"
"4YS6","4","1110","1110","Success","0.00055"
"2AL2","4","110","110","Success","0.00033"
"4DLK","4","101","101","Success","0.00036"
"1RVT","4","0","0","Success","0.00026"
"7GA6","4","1111","1111","Success","0.00048"
"8ZY1","4","1110","1110","Success","0.00018"
"9EJ4","4","1010","1010","Success","0.00039"
"3EDY","4","10","10","Success","0.00042"
"1OJ4","4","1","1","Success","0.00042"
"3H5K","4","10","10","Success","0.00044"
"4M20","4","1010","1010","Success","0.00046"
"5OB0","4","111","111","Success","0.00116"
"5O0M","4","110","110","Success","0.00039"
"7B2M","4","1010","1010","Success","0.00026"
"8CYT","4","111","111","Success","0.00031"
"6CV7","4","101","101","Success","0.0005"
"3PUT","4","1010","1010","Success","0.00056"
"3C9C","4","111","111","Success","0.0005"
"8PPD","4","1111","1111","Success","0.00043"
"8VOD","4","101","101","Success","0.0007"
"4MCO","4","1010","1010","Success","0.00031"
"1M18","4","1111","1111","Success","0.00035"
"5B0W","4","1","1","Success","0.00024"
"1T33","4","100","100","Success","0.00047"
"8B35","4","1110","1110","Success","0.00035"
"4IG9","4","1010","1010","Success","0.00028"
"8W20","4","1110","1110","Success","0.00018"
"8U14","4","1111","1111","Success","0.00032"
"6WU4","4","100","100","Success","0.00031"
"6KSR","4","1001","1001","Success","0.00043"
"5UYG","4","101","101","Success","0.00061"
"5E0S","4","1011","1011","Success","0.00014"
"5UKZ","4","110","110","Success","0.00047"
"8VBO","4","1101","1101","Success","0.00047"
"8T31","4","101","101","Success","0.00039"
"2ITH","4","0","0","Success","0.00017"
"8Q2Z","4","101","101","Success","0.00035"
"1C7Y","4","1011","1011","Success","0.00071"
"2YOC","4","1100","1100","Success","0.00022"
"3RFV","4","1001","1001","Success","0.00035"
"4AUU","4","100","100","Success","0.00054"
"9EJ0","4","1100","1100","Success","0.00039"
"6PAS","4","11","11","Success","0.0003"
"7VLD","4","111","111","Success","0.00029"
"3IKT","4","0","0","Success","0.00049"
"3ENG","4","101","101","Success","0.00068"
"5WXC","4","0","0","Success","0.00037"
"8SZZ","4","1010","1010","Success","0.00013"
"5A2R","4","1010","1010","Success","0.00039"
"3D7M","4","101","101","Success","0.00058"
"8W0Z","4","0","0","Success","0.00017"
"8GOL","4","1111","1111","Success","0.00026"
"7Q21","4","1000","1000","Success","0.00013"
"6WR4","4","111","111","Success","0.00027"
"6S3X","4","1","1","Success","0.00032"
"2W6P","4","1001","1001","Success","0.00035"
"2Q79","4","0","0","Success","0.00112"
"6JPB","4","1001","1001","Success","0.0002"
"8VUC","4","1111","1111","Success","0.00034"
"6CC6","4","1011","1011","Success","0.00027"
"6O1P","4","100","100","Success","0.0002"
"7PY9","4","100","100","Success","0.00084"
"8I90","4","1011","1011","Success","0.00033"
"3W95","4","1100","1100","Success","0.00079"
"3MI7","4","111","111","Success","0.00106"
"1T8B","4","10","10","Success","0.00047"
"6GPT","4","11","11","Success","0.00067"
"8AG1","4","11","11","Success","0.0003"
"6OHJ","4","0","0","Success","0.00051"
"2CIG","4","11","11","Success","0.0008"
"8SHC","4","1010","1010","Success","0.00028"
"2O8G","4","110","110","Success","0.00037"
"2L9W","4","1100","1100","Success","0.00021"
"8J3G","4","111","111","Success","0.00056"
"4V35","4","111","111","Success","0.00056"
"2R5R","4","110","110","Success","0.00066"
"6N5D","4","1001","1001","Success","0.00021"
"6ZFS","4","1110","1110","Success","0.00022"
"1P3H","4","100","100","Success","0.00026"
"1FKW","4","11","11","Success","0.00052"
"6PVE","4","0","0","Success","0.00031"
"3LWS","4","111","111","Success","0.00021"
"6DMU","4","1011","1011","Success","0.0002"
"7OO0","4","11","11","Success","0.00023"
"1DFU","4","1101","1101","Success","0.00103"
"7Y1T","4","1110","1110","Success","0.00031"
"4QRZ","4","10","10","Success","0.00051"
"3RO8","4","1110","1110","Success","0.0002"
"3F3T","4","101","101","Success","0.00044"
"4N5A","4","1001","1001","Success","0.00042"
"3I79","4","110","110","Success","0.00046"
"9FMZ","4","1010","1010","Success","0.00028"
"1OYR","4","1101","1101","Success","0.00026"
"7F17","4","10","10","Success","0.00039"
"2XTK","4","11","11","Success","0.0004"
"4QV3","4","11","11","Success","0.00012"
"8E6I","4","100","100","Success","0.0005"
"1UH3","4","10","10","Success","0.0004"
"6XQG","4","1110","1110","Success","0.00064"
"5MQG","4","10","10","Success","0.00064"
"3WWS","4","10","10","Success","0.00074"
"4JX5","4","10","10","Success","0.0002"
"8GDL","4","10","10","Success","0.00038"
"4DF8","4","1001","1001","Success","0.00044"
"7WT0","4","1000","1000","Success","0.00052"
"7LJL","4","1000","1000","Success","0.00038"
"7G39","4","1101","1101","Success","0.00034"
"7DKD","4","1110","1110","Success","0.00027"
"5ZQE","4","1001","1001","Success","0.00023"
"8BEV","4","1110","1110","Success","0.00041"
"4N7W","4","0","0","Success","0.0004"
"3QZ0","4","1000","1000","Success","0.00077"
"6EYC","4","1000","1000","Success","0.00017"
"2G2O","4","1011","1011","Success","0.00058"
"1SSC","4","101","101","Success","0.0009"
"4R8S","4","0","0","Success","0.00042"
"2XLC","4","1010","1010","Success","0.00023"
"9GKG","4","1001","1001","Success","0.00032"
"8FVL","4","101","101","Success","0.00042"
"7VFF","4","101","101","Success","0.00025"
"5ZSZ","4","1","1","Success","0.00058"
"3WDW","4","101","101","Success","0.0004"
"3EQG","4","1000","1000","Success","0.00057"
"2W2Q","4","101","101","Success","0.00046"
"9QXY","4","1","1","Success","0.00068"
"1D7M","4","1001","1001","Success","0.0007"
"1GKR","4","1","1","Success","0.00024"
"2.00E+32","4","100","100","Success","0.00037"
"1VG3","4","110","110","Success","0.0006"
"4H1L","4","1001","1001","Success","0.00029"
"5USN","4","1000","1000","Success","0.00084"
"2EAP","4","1","1","Success","0.00023"
"8DUK","4","110","110","Success","0.00032"
"7MLO","4","0","0","Success","0.00043"
"5IUB","4","1101","1101","Success","0.00049"
"6WCE","4","111","111","Success","0.00056"
"5GO5","4","1101","1101","Success","0.00081"
"5W6G","4","100","100","Success","0.00031"
"7SME","4","1010","1010","Success","0.00051"
"7ZDB","4","110","110","Success","0.0003"
"6I7J","4","1100","1100","Success","0.00055"
"6MGK","4","1110","1110","Success","0.00018"
"8AG3","4","10","10","Success","0.00056"
"3QBH","4","1111","1111","Success","0.0003"
"1BPY","4","1101","1101","Success","0.00054"
"4R8D","4","1101","1101","Success","0.00036"
"1G6O","4","1101","1101","Success","0.0004"
"5FNX","4","110","110","Success","0.00075"
"3MSY","4","111","111","Success","0.00022"
"8JDF","4","0","0","Success","0.00045"
"8GKZ","4","1001","1001","Success","0.00032"
"6BFF","4","1010","1010","Success","0.00052"
"8FPR","4","1110","1110","Success","0.00088"
"6NE0","4","110","110","Success","0.00018"
"8KEO","4","1011","1011","Success","0.00015"
"7BC5","4","1000","1000","Success","0.00078"
"8R0G","4","100","100","Success","0.00024"
"7RN7","4","101","101","Success","0.00044"
"4GPG","4","1011","1011","Success","0.00061"
"6NQ4","4","1110","1110","Success","0.00042"
"6BQU","4","110","110","Success","0.00084"
"7PPI","4","100","100","Success","0.00023"
"1K91","4","110","110","Success","0.00036"
"6LTB","4","11","11","Success","0.00032"
"4F21","4","1101","1101","Success","0.00024"
"7BIK","4","0","0","Success","0.00058"
"9CET","4","1001","1001","Success","0.00039"
"7Q1C","4","1111","1111","Success","0.00035"
"4JQ3","4","1111","1111","Success","0.00039"
"2DY0","4","1110","1110","Success","0.00053"
"8RYR","4","1100","1100","Success","0.00052"
"6SJP","4","10","10","Success","0.00038"
"5XPI","4","100","100","Success","0.00085"
"5XXF","4","0","0","Success","0.00043"
"4I9Z","4","11","11","Success","0.00058"
"2XAS","4","1010","1010","Success","0.00036"
"1HCE","4","1001","1001","Success","0.00089"
"8U5X","4","10","10","Success","0.00042"
"3H7N","4","1011","1011","Success","0.00018"
"5VKY","4","1111","1111","Success","0.00066"
"6LLF","4","101","101","Success","0.00026"
"4BSF","4","111","111","Success","0.00046"
"1PWW","4","1101","1101","Success","0.00025"
"7XZI","4","0","0","Success","0.00014"
"2Y37","4","10","10","Success","0.00035"
"3AMH","4","11","11","Success","0.00045"
"5KEC","4","111","111","Success","0.00048"
"4EQ3","4","10","10","Success","0.00068"
"6JLZ","4","111","111","Success","0.00015"
"7XJM","4","1011","1011","Success","0.00028"
"4BWF","4","1111","1111","Success","0.00059"
"1DD1","4","0","0","Success","0.00037"
"8XNR","4","110","110","Success","0.00015"
"7SUG","4","10","10","Success","0.0006"
"4BLG","4","111","111","Success","0.00065"
"8BXB","4","10","10","Success","0.00025"
"1JYK","4","100","100","Success","0.00063"
"6J62","4","110","110","Success","0.00065"
"5GL3","4","1","1","Success","0.00025"
"4XMM","4","10","10","Success","0.00016"
"8UMH","4","1011","1011","Success","0.00011"
"1UVZ","4","101","101","Success","0.00039"
"9IP0","4","11","11","Success","0.00016"
"8IVE","4","1110","1110","Success","0.00038"
"2VTR","4","1000","1000","Success","0.00059"
"5V79","4","1001","1001","Success","0.00042"
"4OAP","4","0","0","Success","0.00047"
"1XN8","4","10","10","Success","0.0002"
"8HAO","4","100","100","Success","0.0002"
"3IU9","4","1011","1011","Success","0.00059"
"4K4V","4","1011","1011","Success","0.00033"
"5H6B","4","1100","1100","Success","0.00063"
"5XPN","4","100","100","Success","0.00062"
"1IZL","4","110","110","Success","0.00016"
"8BUM","4","100","100","Success","0.00015"
"6FFZ","4","101","101","Success","0.00027"
"5OQV","4","11","11","Success","0.0005"
"6D7F","4","1","1","Success","0.00017"
"1QMP","4","1001","1001","Success","0.00045"
"8UTN","4","1010","1010","Success","0.00018"
"3DNV","4","101","101","Success","0.00043"
"6PPM","4","100","100","Success","0.00032"
"4DLU","4","1100","1100","Success","0.00078"
"7RW4","4","110","110","Success","0.00057"
"7VUK","4","1010","1010","Success","0.00033"
"8SZV","4","1110","1110","Success","0.00062"
"7NQ4","4","1001","1001","Success","0.00035"
"2XXL","4","1","1","Success","0.00038"
"4X3G","4","1001","1001","Success","0.0005"
"7R8D","4","1001","1001","Success","0.0003"
"6YE0","4","110","110","Success","0.00038"
"4NF7","4","1001","1001","Success","0.00052"
"2BYS","4","1","1","Success","0.00021"
"7B37","4","10","10","Success","0.00052"
"2L4I","4","1011","1011","Success","0.00025"
"8S89","4","1110","1110","Success","0.00049"
"2J7M","4","1100","1100","Success","0.00082"
"8TSB","4","1011","1011","Success","0.00028"
"2YSL","4","1101","1101","Success","0.00026"
"1YX5","4","10","10","Success","0.00017"
"7SWS","4","1000","1000","Success","0.00024"
"1AEB","4","100","100","Success","0.00057"
"1IR6","4","1","1","Success","0.00049"
"3K1P","4","1110","1110","Success","0.00039"
"7C8Z","4","1010","1010","Success","0.00021"
"6OXN","4","1100","1100","Success","0.00057"
"7MGM","4","1100","1100","Success","0.00018"
"6LJ9","4","0","0","Success","0.00043"
"6CIB","4","110","110","Success","0.00021"
"7BJY","4","111","111","Success","0.00069"
"7DE7","4","10","10","Success","0.00071"
"1JNJ","4","101","101","Success","0.00022"
"3HAD","4","1101","1101","Success","0.0004"
"8QU8","4","11","11","Success","0.00027"
"5NPA","4","1010","1010","Success","0.00038"
"5AGJ","4","1111","1111","Success","0.00061"
"2QK1","4","1000","1000","Success","0.00065"
"5O3O","4","1101","1101","Success","0.00035"
"6UZM","4","1000","1000","Success","0.00052"
"8PFW","4","1111","1111","Success","0.00086"
"3RD6","4","101","101","Success","0.0006"
"1DE2","4","1101","1101","Success","0.00019"
"6W5I","4","111","111","Success","0.00023"
"6HQ1","4","1","1","Success","0.00026"
"8DOV","4","1101","1101","Success","0.00026"
"3EQ9","4","110","110","Success","0.00037"
"5D9P","4","1100","1100","Success","0.00036"
"5SJP","4","110","110","Success","0.00028"
"2JKC","4","111","111","Success","0.00045"
"8V5P","4","10","10","Success","0.0002"
"1CNW","4","10","10","Success","0.00062"
"4M6A","4","111","111","Success","0.00034"
"1S95","4","110","110","Success","0.00039"
"6PE8","4","1001","1001","Success","0.00029"
"8CMA","4","100","100","Success","0.00038"
"5P4O","4","1101","1101","Success","0.00055"
"4ZKP","4","1101","1101","Success","0.00052"
"3F9A","4","1010","1010","Success","0.00058"
"1RQF","4","11","11","Success","0.00027"
"3H1N","4","1010","1010","Success","0.00044"
"3O05","4","1","1","Success","0.00036"
"6FX2","4","0","0","Success","0.00107"
"6FIE","4","1","1","Success","0.00062"
"8G40","4","1100","1100","Success","0.0002"
"2ARX","4","1010","1010","Success","0.00046"
"1YPQ","4","1100","1100","Success","0.0006"
"8G1M","4","110","110","Success","0.00061"
"6Y3E","4","10","10","Success","0.00079"
"8RLD","4","1010","1010","Success","0.00049"
"3SR2","4","1100","1100","Success","0.00027"
"7CJU","4","1001","1001","Success","0.00035"
"8CWJ","4","1001","1001","Success","0.00021"
"2NNL","4","1010","1010","Success","0.00039"
"9ERT","4","1011","1011","Success","0.00054"
"3I40","4","11","11","Success","0.00139"
"3LNE","4","1111","1111","Success","0.00068"
"231L","4","1","1","Success","0.00079"
"3HHK","4","0","0","Success","0.00029"
"6UHR","4","1","1","Success","0.00046"
"4FC0","4","1110","1110","Success","0.00044"
"7M7V","4","1110","1110","Success","0.00042"
"3F6I","4","1011","1011","Success","0.00052"
"4DC2","4","11","11","Success","0.00054"
"1RFZ","4","100","100","Success","0.00041"
"4R16","4","10","10","Success","0.00034"
"6ERB","4","110","110","Success","0.00036"
"6SRH","4","1011","1011","Success","0.00042"
"6PGJ","4","1011","1011","Success","0.00051"
"3EQT","4","1010","1010","Success","0.00061"
"3U10","4","1000","1000","Success","0.0007"
"4DG9","4","100","100","Success","0.00042"
"5P6G","4","1010","1010","Success","0.00055"
"2CDY","4","1111","1111","Success","0.00035"
"9DJY","4","111","111","Success","0.0002"
"6F2K","4","0","0","Success","0.00087"
"1QHD","4","1100","1100","Success","0.00051"
"6HKP","4","1","1","Success","0.00053"
"1FZQ","4","11","11","Success","0.00073"
"6OZV","4","10","10","Success","0.00034"
"8SDP","4","100","100","Success","0.00037"
"3LDM","4","0","0","Success","0.00057"
"6QIB","4","1000","1000","Success","0.00029"
"7T5Z","4","101","101","Success","0.00025"
"8.00E+63","4","0","0","Success","0.00041"
"1II6","4","1111","1111","Success","0.00039"
"4FTR","4","100","100","Success","0.0006"
"3VK2","4","1110","1110","Success","0.00024"
"8G6A","4","1101","1101","Success","0.00041"
"6BTF","4","1101","1101","Success","0.00056"
"8YSB","4","1000","1000","Success","0.00097"
"1XEI","4","10","10","Success","0.00084"
"3N60","4","1000","1000","Success","0.00034"
"4NQK","4","10","10","Success","0.00028"
"5Z6V","4","10","10","Success","0.00077"
"7ZZN","4","10","10","Success","0.00071"
"5XOC","4","1001","1001","Success","0.00055"
"2GT2","4","1000","1000","Success","0.00041"
"5NS6","4","111","111","Success","0.00026"
"5K7W","4","1011","1011","Success","0.00044"
"8H6R","4","1110","1110","Success","0.00108"
"9CDM","4","11","11","Success","0.00056"
"7OQC","4","1100","1100","Success","0.00018"
"8DUY","4","0","0","Success","0.00024"
"8CAR","4","10","10","Success","0.00034"
"8V34","4","1000","1000","Success","0.00024"
"1ZLL","4","11","11","Success","0.00014"
"7WWL","4","1011","1011","Success","0.00017"
"2WUF","4","1011","1011","Success","0.00041"
"4R1N","4","1001","1001","Success","0.0003"
"8A29","4","11","11","Success","0.00017"
"4Q1S","4","0","0","Success","0.00013"
"5DVS","4","1101","1101","Success","0.00044"
"4IK2","4","101","101","Success","0.00053"
"8AHC","4","110","110","Success","0.00064"
"7VEV","4","1111","1111","Success","0.00039"
"8DNN","4","1010","1010","Success","0.00028"
"1LJ3","4","1101","1101","Success","0.00061"
"8XKS","4","101","101","Success","0.00011"
"1UQW","4","1110","1110","Success","0.00031"
"6Q6B","4","1100","1100","Success","0.00044"
"5PXA","4","1110","1110","Success","0.0005"
"4CJC","4","1","1","Success","0.00031"
"1A4L","4","1010","1010","Success","0.00026"
"3G4N","4","1111","1111","Success","0.00034"
"7KC6","4","1","1","Success","0.0005"
"1H3A","4","1001","1001","Success","0.00022"
"8X7Q","4","10","10","Success","0.00041"
"7TDL","4","1110","1110","Success","0.00023"
"4K7Z","4","1110","1110","Success","0.00045"
"2EZU","4","1101","1101","Success","0.00029"
"3OO4","4","11","11","Success","0.00059"
"6KNK","4","111","111","Success","0.00029"
"5ILD","4","1100","1100","Success","0.00042"
"7D24","4","110","110","Success","0.0007"
"2MGR","4","1010","1010","Success","0.00022"
"6ZTA","4","1011","1011","Success","0.00026"
"3RV1","4","11","11","Success","0.00047"
"5HB5","4","1001","1001","Success","0.00059"
"4WFV","4","11","11","Success","0.0008"
"3FV7","4","11","11","Success","0.00063"
"8A2W","4","110","110","Success","0.00065"
"5R0E","4","100","100","Success","0.00042"
"2P0K","4","1011","1011","Success","0.00066"
"7ZZ0","4","101","101","Success","0.00042"
"6Y9R","4","110","110","Success","0.00053"
"1DMW","4","1011","1011","Success","0.00057"
"2WSX","4","1101","1101","Success","0.00026"
"8JI5","4","1000","1000","Success","0.00045"
"3IVC","4","11","11","Success","0.00039"
"5YEV","4","1011","1011","Success","0.00024"
"6Q9U","4","1111","1111","Success","0.00108"
"1P2G","4","1010","1010","Success","0.00035"
"2PJT","4","1100","1100","Success","0.00039"
"5DDT","4","110","110","Success","0.00046"
"6QCY","4","101","101","Success","0.00027"
"8YKG","4","111","111","Success","0.00017"
"1YZV","4","1000","1000","Success","0.00069"
"5ETB","4","110","110","Success","0.00091"
"4B7P","4","10","10","Success","0.00068"
"41BI","4","110","110","Success","0.00081"
"5XU6","4","11","11","Success","0.00025"
"5CP5","4","110","110","Success","0.00091"
"6UEO","4","100","100","Success","0.00036"
"6J1U","4","110","110","Success","0.00028"
"9CH5","4","100","100","Success","0.00041"
"5L6B","4","1011","1011","Success","0.00013"
"8PU1","4","101","101","Success","0.00059"
"5GAN","4","1111","1111","Success","0.00011"
"3CKR","4","1011","1011","Success","0.00029"
"2GV0","4","100","100","Success","0.00083"
"7C69","4","1000","1000","Success","0.00035"
"3NT5","4","11","11","Success","0.00039"
"4XFT","4","1001","1001","Success","0.00055"
"4MKR","4","0","0","Success","0.00029"
"3NPM","4","110","110","Success","0.00057"
"7KU2","4","1100","1100","Success","0.00064"
"4FCP","4","1100","1100","Success","0.00049"
"1XAN","4","1100","1100","Success","0.00046"
"5O9U","4","1001","1001","Success","0.00034"
"1FH3","4","1111","1111","Success","0.00019"
"5EJL","4","1","1","Success","0.00064"
"1G45","4","11","11","Success","0.00062"
"2GN2","4","1","1","Success","0.00056"
"2GKL","4","101","101","Success","0.00067"
"3THS","4","11","11","Success","0.0003"
"3TJX","4","1100","1100","Success","0.00038"
"5DJR","4","11","11","Success","0.00055"
"4DC1","4","1100","1100","Success","0.00043"
"9BBC","4","1","1","Success","0.00031"
"6OQH","4","1001","1001","Success","0.00019"
"8DNZ","4","100","100","Success","0.00043"
"2WKN","4","111","111","Success","0.00017"
"5PQY","4","0","0","Success","0.00058"
"6UYP","4","101","101","Success","0.00103"
"8ETJ","4","1000","1000","Success","0.00014"
"3T1E","4","1001","1001","Success","0.00031"
"5N2F","4","1000","1000","Success","0.00062"
"1CBW","4","101","101","Success","0.0004"
"190L","4","1000","1000","Success","0.00079"
"4YA5","4","1100","1100","Success","0.00013"
"1R89","4","1101","1101","Success","0.00046"
"5ZES","4","10","10","Success","0.00038"
"5K7X","4","100","100","Success","0.00022"
"8RNR","4","1010","1010","Success","0.00045"
"1B87","4","1","1","Success","0.00074"
"6QGO","4","1000","1000","Success","0.00046"
"1KR6","4","1101","1101","Success","0.00054"
"9HFW","4","1011","1011","Success","0.00077"
"2Q9F","4","1000","1000","Success","0.00048"
"2J3D","4","1101","1101","Success","0.00042"
"4AG6","4","0","0","Success","0.00029"
"2YGA","4","1111","1111","Success","0.00066"
"2QPT","4","1011","1011","Success","0.00045"
"6PN3","4","1","1","Success","0.00034"
"9FM8","4","0","0","Success","0.0006"
"1GW4","4","1010","1010","Success","0.00147"
"8HLF","4","1000","1000","Success","0.00061"
"4CYG","4","1111","1111","Success","0.00033"
"6HRD","4","100","100","Success","0.00024"
"6K65","4","1000","1000","Success","0.00058"
"4LRB","4","1100","1100","Success","0.00029"
"5AYW","4","0","0","Success","0.00026"
"8DSL","4","10","10","Success","0.00039"
"1QIM","4","111","111","Success","0.00043"
"9NZ6","4","10","10","Success","0.0002"
"8W5F","4","1101","1101","Success","0.00044"
"4JCE","4","1110","1110","Success","0.00028"
"4NXT","4","0","0","Success","0.00027"
"6DEW","4","1100","1100","Success","0.0003"
"7XVZ","4","1","1","Success","0.00047"
"2NPA","4","110","110","Success","0.00041"
"7EFX","4","1001","1001","Success","0.00081"
"4MSF","4","1101","1101","Success","0.00041"
"7XTY","4","1000","1000","Success","0.00069"
"4C9Z","4","11","11","Success","0.0005"
"2NLB","4","1101","1101","Success","0.00082"
"6ZXO","4","10","10","Success","0.00024"
"1K9V","4","1000","1000","Success","0.00071"
"6X3V","4","110","110","Success","0.00022"
"4ND5","4","1111","1111","Success","0.00029"
"3FF6","4","1111","1111","Success","0.00018"
"1AT5","4","110","110","Success","0.00088"
"7KL2","4","111","111","Success","0.00058"
"1URC","4","1010","1010","Success","0.0003"
"7LYM","4","1010","1010","Success","0.00019"
"6RVG","4","1101","1101","Success","0.0006"
"1CXE","4","1110","1110","Success","0.00038"
"9ICG","4","1100","1100","Success","0.00055"
"3CHH","4","11","11","Success","0.00041"
"1GTG","4","1110","1110","Success","0.00053"
"1T61","4","0","0","Success","0.00028"
"2V3E","4","1","1","Success","0.00031"
"8BY3","4","1001","1001","Success","0.00039"
"1FGV","4","10","10","Success","0.00065"
"4GGR","4","101","101","Success","0.00096"
"3GFK","4","101","101","Success","0.00071"
"6JZF","4","1101","1101","Success","0.00056"
"6XTZ","4","1101","1101","Success","0.00047"
"6D3W","4","1111","1111","Success","0.00044"
"7ADB","4","100","100","Success","0.00012"
"8GGY","4","101","101","Success","0.00059"
"3RU8","4","111","111","Success","0.00036"
"5V7J","4","1100","1100","Success","0.00026"
"6U9U","4","1101","1101","Success","0.00047"
"2HT8","4","111","111","Success","0.00051"
"5JTW","4","11","11","Success","0.00018"
"1Z5U","4","1111","1111","Success","0.00034"
"5LSU","4","110","110","Success","0.00046"
"4JAJ","4","10","10","Success","0.00061"
"6XC7","4","0","0","Success","0.0003"
"4ZPE","4","101","101","Success","0.00051"
"7WOX","4","1101","1101","Success","0.00045"
"5INF","4","100","100","Success","0.00018"
"6VYK","4","111","111","Success","0.00023"
"4.00E+01","4","10","10","Success","0.00055"
"3SOW","4","1","1","Success","0.00082"
"2QKD","4","10","10","Success","0.0005"
"4ENT","4","1010","1010","Success","0.00018"
"5IK7","4","1000","1000","Success","0.00036"
"7RWC","4","11","11","Success","0.00024"
"7MOK","4","1000","1000","Success","0.00053"
"1J7A","4","1","1","Success","0.00101"
"3TXQ","4","1100","1100","Success","0.00032"
"5A4D","4","101","101","Success","0.00019"
"7FNE","4","1111","1111","Success","0.00042"
"1BVN","4","1111","1111","Success","0.00042"
"5KN7","4","1011","1011","Success","0.00055"
"1RKJ","4","101","101","Success","0.0002"
"8KEQ","4","11","11","Success","0.00016"
"6W26","4","1011","1011","Success","0.00041"
"3T2K","4","100","100","Success","0.00049"
"1QAW","4","1010","1010","Success","0.00037"
"5HFN","4","1000","1000","Success","0.00024"
"5N53","4","1","1","Success","0.00049"
"4GJD","4","0","0","Success","0.00039"
"2EGU","4","101","101","Success","0.00057"
"2WTX","4","1001","1001","Success","0.00023"
"8B9P","4","1","1","Success","0.00029"
"1MOK","4","11","11","Success","0.00022"
"5UNI","4","1110","1110","Success","0.00053"
"7A52","4","1101","1101","Success","0.00037"
"2KPI","4","1011","1011","Success","0.00029"
"3QVB","4","100","100","Success","0.00063"
"4CTJ","4","1011","1011","Success","0.00043"
"2GBA","4","1101","1101","Success","0.00098"
"6AUL","4","110","110","Success","0.00092"
"1T7N","4","111","111","Success","0.00041"
"6HMR","4","101","101","Success","0.00041"
"3S5Z","4","1010","1010","Success","0.00037"
"2B2W","4","111","111","Success","0.00048"
"2X4X","4","1110","1110","Success","0.00042"
"3JCA","4","1111","1111","Success","0.00028"
"7LJJ","4","10","10","Success","0.00043"
"6YLI","4","0","0","Success","0.00053"
"5KEU","4","11","11","Success","0.00041"
"3RZ7","4","110","110","Success","0.00061"
"8Z1Y","4","1101","1101","Success","0.00023"
"6BN6","4","1000","1000","Success","0.00046"
"5C46","4","100","100","Success","0.00039"
"5BUP","4","1","1","Success","0.00077"
"8EUA","4","10","10","Success","0.00056"
"6F6K","4","111","111","Success","0.00043"
"8DF7","4","10","10","Success","0.00024"
"2DY5","4","100","100","Success","0.00068"
"5NPC","4","111","111","Success","0.00034"
"3NGF","4","1111","1111","Success","0.00042"
"8REL","4","10","10","Success","0.00035"
"7CP9","4","101","101","Success","0.0003"
"4XZA","4","100","100","Success","0.00036"
"7O9J","4","1100","1100","Success","0.00039"
"2WCX","4","1000","1000","Success","0.00044"
"2BCB","4","10","10","Success","0.0002"
"1SJU","4","1010","1010","Success","0.00032"
"6NHQ","4","1","1","Success","0.00026"
"5KV8","4","1010","1010","Success","0.00032"
"2LIX","4","110","110","Success","0.00044"
"1D5R","4","100","100","Success","0.00056"
"3P44","4","1000","1000","Success","0.00062"
"1MAL","4","1000","1000","Success","0.00028"
"2MEM","4","100","100","Success","0.00021"
"5N7I","4","10","10","Success","0.00071"
"3VV6","4","1111","1111","Success","0.00052"
"8IGC","4","1000","1000","Success","0.00075"
"3LHL","4","1001","1001","Success","0.00059"
"3MXJ","4","1101","1101","Success","0.00048"
"2WBK","4","101","101","Success","0.00024"
"1ISY","4","1000","1000","Success","0.00034"
"6TCN","4","1100","1100","Success","0.00033"
"4FFX","4","100","100","Success","0.00023"
"2DAO","4","10","10","Success","0.0002"
"7VBH","4","100","100","Success","0.0003"
"1OUX","4","1010","1010","Success","0.00047"
"7AVV","4","1000","1000","Success","0.00047"
"3ITO","4","1011","1011","Success","0.00024"
"4J82","4","0","0","Success","0.00041"
"1WEP","4","11","11","Success","0.00025"
"3EGS","4","1110","1110","Success","0.00049"
"3V74","4","1010","1010","Success","0.0005"
"5IKP","4","111","111","Success","0.00035"
"6CD1","4","1","1","Success","0.00017"
"2DB4","4","110","110","Success","0.00025"
"4R26","4","1000","1000","Success","0.00046"
"1R9L","4","101","101","Success","0.00056"
"5UZU","4","1000","1000","Success","0.0004"
"9BLT","4","1100","1100","Success","0.00033"
"7WOO","4","1000","1000","Success","0.00011"
"1C9O","4","10","10","Success","0.00084"
"4OC5","4","101","101","Success","0.00038"
"1MIM","4","1","1","Success","0.00049"
"8J7K","4","0","0","Success","0.00037"
"2M2N","4","1000","1000","Success","0.00025"
"7G4T","4","1100","1100","Success","0.00034"
"7.00E+15","4","111","111","Success","0.00028"
"6O6M","4","100","100","Success","0.00025"
"8PX4","4","1011","1011","Success","0.00053"
"4YQP","4","10","10","Success","0.00065"
"2ITG","4","1110","1110","Success","0.00079"
"6NAQ","4","110","110","Success","0.0002"
"4ECZ","4","110","110","Success","0.00048"
"6PA0","4","1101","1101","Success","0.00041"
"6QPH","4","1111","1111","Success","0.00018"
"1L6O","4","111","111","Success","0.00059"
"5KT5","4","111","111","Success","0.00051"
"8GKR","4","101","101","Success","0.00048"
"8YUE","4","1001","1001","Success","0.00036"
"1MAB","4","1010","1010","Success","0.00029"
"4TYW","4","1111","1111","Success","0.00044"
"8ONW","4","100","100","Success","0.0004"
"6TFS","4","111","111","Success","0.00032"
"5N56","4","111","111","Success","0.0005"
"4WEM","4","1111","1111","Success","0.00053"
"3HAB","4","1110","1110","Success","0.00026"
"8V7B","4","1000","1000","Success","0.00048"
"8W8R","4","1111","1111","Success","0.0003"
"7JGT","4","1010","1010","Success","0.00103"
"4D41","4","1110","1110","Success","0.00022"
"3LBB","4","1001","1001","Success","0.00063"
"4DPT","4","1","1","Success","0.0004"
"7P4B","4","1","1","Success","0.00025"
"5THU","4","1000","1000","Success","0.00036"
"3UQZ","4","0","0","Success","0.00034"
"5QN2","4","1111","1111","Success","0.00051"
"5DN3","4","1101","1101","Success","0.00061"
"1V7Y","4","0","0","Success","0.00045"
"4U7N","4","1101","1101","Success","0.00048"
"9B68","4","1111","1111","Success","0.00026"
"6IPE","4","111","111","Success","0.00053"
"3N31","4","1010","1010","Success","0.00064"
"3G0S","4","1011","1011","Success","0.0004"
"4ZKX","4","1101","1101","Success","0.00028"
"2QZ9","4","1000","1000","Success","0.0003"
"5H2G","4","1010","1010","Success","0.00043"
"6MDH","4","111","111","Success","0.00078"
"129L","4","1011","1011","Success","0.00076"
"4WLU","4","11","11","Success","0.00028"
"2KM8","4","110","110","Success","0.0002"
"3IIR","4","1010","1010","Success","0.00049"
"4FS7","4","1001","1001","Success","0.00049"
"6P0W","4","1110","1110","Success","0.00071"
"2AOC","4","110","110","Success","0.00072"
"2K4R","4","1100","1100","Success","0.00021"
"6CNK","4","1010","1010","Success","0.00019"
"4IYR","4","1011","1011","Success","0.00045"
"2H5Q","4","1100","1100","Success","0.00068"
"8CMB","4","11","11","Success","0.0005"
"4RDA","4","0","0","Success","0.00049"
"8FBC","4","100","100","Success","0.00036"
"5PTA","4","1001","1001","Success","0.00061"
"2LZT","4","1110","1110","Success","0.00087"
"2YF2","4","110","110","Success","0.00051"
"6F2D","4","0","0","Success","0.00024"
"3AA8","4","111","111","Success","0.00055"
"6EB4","4","1010","1010","Success","0.00042"
"8TEF","4","1111","1111","Success","0.00021"
"3G9Z","4","1101","1101","Success","0.00058"
"3FK9","4","1101","1101","Success","0.00057"
"7YXC","4","1","1","Success","0.00061"
"7YZ9","4","1111","1111","Success","0.00057"
"6RT0","4","110","110","Success","0.00037"
"6C4Z","4","100","100","Success","0.00047"
"2ZDY","4","1100","1100","Success","0.00038"
"8WIA","4","10","10","Success","0.00035"
"7MU1","4","1000","1000","Success","0.00058"
"4LIP","4","10","10","Success","0.00038"
"9B21","4","10","10","Success","0.00049"
"2YA8","4","1101","1101","Success","0.00031"
"1AG4","4","100","100","Success","0.00096"
"2FMK","4","1010","1010","Success","0.00084"
"5Y6H","4","1","1","Success","0.00096"
"1BPL","4","100","100","Success","0.00045"
"7YLW","4","1","1","Success","0.0001"
"1O2H","4","101","101","Success","0.00066"
"8CJ8","4","1010","1010","Success","0.00019"
"6HM1","4","10","10","Success","0.0005"
"1PKX","4","1010","1010","Success","0.0002"
"3UCN","4","1","1","Success","0.00048"
"3W16","4","1101","1101","Success","0.00063"
"6GBK","4","1011","1011","Success","0.00038"
"1QC6","4","11","11","Success","0.00066"
"7DZ3","4","101","101","Success","0.0003"
"1GNF","4","111","111","Success","0.00029"
"9L0D","4","1101","1101","Success","0.00024"
"5KQO","4","101","101","Success","0.00034"
"8D7H","4","1110","1110","Success","0.00026"
"4DYN","4","111","111","Success","0.00034"
"1VBB","4","111","111","Success","0.00034"
"2WEI","4","1101","1101","Success","0.00058"
"4ANV","4","1111","1111","Success","0.00034"
"3U7W","4","1111","1111","Success","0.00048"
"1ZDA","4","1","1","Success","0.00033"
"7RTA","4","1110","1110","Success","0.00047"
"8H6D","4","1011","1011","Success","0.00028"
"4EIF","4","1","1","Success","0.00103"
"6O26","4","1001","1001","Success","0.00049"
"2IIJ","4","111","111","Success","0.00017"
"1BHF","4","1101","1101","Success","0.00096"
"3DIE","4","111","111","Success","0.00069"
"1A6N","4","100","100","Success","0.00078"
"7YE6","4","1101","1101","Success","0.00023"
"5VZS","4","1101","1101","Success","0.00061"
"1I32","4","1101","1101","Success","0.00021"
"6Q77","4","1000","1000","Success","0.00093"
"6Y7L","4","1","1","Success","0.00094"
"8TRK","4","111","111","Success","0.00023"
"7MNI","4","0","0","Success","0.00029"
"5AHK","4","1011","1011","Success","0.00029"
"4KUG","4","1111","1111","Success","0.00029"
"1D2F","4","1110","1110","Success","0.00036"
"3VV0","4","1000","1000","Success","0.00066"
"1HZM","4","1001","1001","Success","0.00081"
"4I02","4","1011","1011","Success","0.00026"
"4QU7","4","110","110","Success","0.00055"
"6HDF","4","101","101","Success","0.00047"
"8TAU","4","101","101","Success","0.0001"
"2EBL","4","1000","1000","Success","0.00024"
"3F81","4","100","100","Success","0.00053"
"7SKS","4","1101","1101","Success","0.00042"
"3PR4","4","1101","1101","Success","0.00054"
"6RMW","4","10","10","Success","0.00018"
"1TCS","4","1001","1001","Success","0.00064"
"6HBU","4","11","11","Success","0.00029"
"6UG8","4","10","10","Success","0.00049"
"5N8Q","4","10","10","Success","0.00046"
"8QHW","4","1111","1111","Success","0.00068"
"3VJF","4","11","11","Success","0.00073"
"3K4N","4","1111","1111","Success","0.00028"
"3LD1","4","11","11","Success","0.00054"
"8JEJ","4","11","11","Success","0.00029"
"9JNT","4","11","11","Success","0.00028"
"7OQE","4","101","101","Success","0.00011"
"7DHS","4","10","10","Success","0.00062"
"2WHN","4","111","111","Success","0.00069"
"3UQB","4","111","111","Success","0.00072"
"1Z4Z","4","111","111","Success","0.00046"
"1I8N","4","110","110","Success","0.00059"
"4JT8","4","101","101","Success","0.00061"
"2H8W","4","1110","1110","Success","0.00018"
"8HAR","4","1010","1010","Success","0.00037"
"7SS6","4","0","0","Success","0.00063"
"2PNA","4","1111","1111","Success","0.0002"
"6CJ4","4","111","111","Success","0.00065"
"1C7W","4","10","10","Success","0.00117"
"4FB9","4","1001","1001","Success","0.0003"
"181L","4","101","101","Success","0.00079"
"7CBC","4","1101","1101","Success","0.00038"
"1MI3","4","1000","1000","Success","0.00027"
"5JCO","4","111","111","Success","0.00014"
"2VT4","4","1111","1111","Success","0.00031"
"6OQ4","4","110","110","Success","0.00046"
"2X5S","4","11","11","Success","0.00039"
"3BG1","4","10","10","Success","0.00019"
"4WB4","4","1100","1100","Success","0.00109"
"2PKE","4","0","0","Success","0.00048"
"4AMJ","4","1010","1010","Success","0.00042"
"3CCS","4","1010","1010","Success","0.00016"
"1J83","4","1000","1000","Success","0.00051"
"5MNR","4","11","11","Success","0.00053"
"5I68","4","1010","1010","Success","0.00039"
"2F2K","4","110","110","Success","0.00055"
"3JRQ","4","100","100","Success","0.00047"
"1EI1","4","1","1","Success","0.00036"
"2EJ5","4","1010","1010","Success","0.00045"
"3DMO","4","1010","1010","Success","0.00044"
"1A7V","4","1010","1010","Success","0.00061"
"4A1I","4","1000","1000","Success","0.00027"
"5F3G","4","1111","1111","Success","0.00027"
"4WCF","4","111","111","Success","0.00032"
"4DFI","4","111","111","Success","0.00092"
"3ICF","4","1000","1000","Success","0.0004"
"8JCK","4","1","1","Success","0.00056"
"5U8O","4","10","10","Success","0.00026"
"3KYY","4","110","110","Success","0.00134"
"7ADN","4","1","1","Success","0.00049"
"4O9E","4","101","101","Success","0.00059"
"5VJI","4","111","111","Success","0.00059"
"4BB7","4","10","10","Success","0.00033"
"5MAW","4","0","0","Success","0.0005"
"3KKW","4","1111","1111","Success","0.00077"
"4E3J","4","1001","1001","Success","0.00036"
"7KCV","4","1000","1000","Success","0.00053"
"8BXM","4","1100","1100","Success","0.00065"
"1O7H","4","0","0","Success","0.00038"
"6T76","4","101","101","Success","0.0004"
"2PAX","4","1110","1110","Success","0.00054"
"4HAK","4","1010","1010","Success","0.00043"
"7ARF","4","100","100","Success","0.00058"
"1I4V","4","0","0","Success","0.00014"
"4EUX","4","1110","1110","Success","0.00035"
"6P3J","4","1001","1001","Success","0.00037"
"7CAC","4","100","100","Success","0.00017"
"5B5J","4","11","11","Success","0.00088"
"7V1M","4","1100","1100","Success","0.00031"
"2EBG","4","1101","1101","Success","0.00068"
"8BPP","4","0","0","Success","0.00031"
"5JEL","4","1101","1101","Success","0.00064"
"9JTW","4","110","110","Success","0.00034"
"9C6W","4","101","101","Success","0.00036"
"3IVB","4","1111","1111","Success","0.0008"
"1BZ7","4","1100","1100","Success","0.00049"
"1SQP","4","100","100","Success","0.00022"
"4NYL","4","1110","1110","Success","0.00026"
"1Z6J","4","10","10","Success","0.00039"
"2MZ6","4","1000","1000","Success","0.00167"
"8FV2","4","1100","1100","Success","0.00044"
"1K1J","4","1010","1010","Success","0.00067"
"3KKL","4","110","110","Success","0.00048"
"1DGW","4","101","101","Success","0.00052"
"2YEL","4","11","11","Success","0.00086"
"3KWZ","4","1000","1000","Success","0.00064"
"3HWB","4","1","1","Success","0.00039"
"7Y4T","4","111","111","Success","0.00058"
"2J0Y","4","100","100","Success","0.00028"
"5UA2","4","111","111","Success","0.00074"
"8EGZ","4","1110","1110","Success","0.00036"
"6E4U","4","1011","1011","Success","0.00035"
"5JMG","4","101","101","Success","0.00061"
"6MUN","4","0","0","Success","0.00019"
"5BT8","4","1110","1110","Success","0.0002"
"3IWW","4","1010","1010","Success","0.00037"
"4A7C","4","1110","1110","Success","0.0006"
"4LGG","4","1010","1010","Success","0.00045"
"6L29","4","1111","1111","Success","0.00063"
"7H9J","4","10","10","Success","0.0004"
"6WJT","4","11","11","Success","0.00034"
"1WU1","4","10","10","Success","0.00059"
"2HK2","4","1101","1101","Success","0.00039"
"2IGY","4","111","111","Success","0.00039"
"4DYL","4","0","0","Success","0.00051"
"9JMD","4","1011","1011","Success","0.00028"
"3KQJ","4","1111","1111","Success","0.00049"
"4S29","4","110","110","Success","0.00045"
"5P1J","4","0","0","Success","0.00054"
"6KWV","4","110","110","Success","0.00064"
"3TMA","4","1111","1111","Success","0.00054"
"8YNL","4","1001","1001","Success","0.00024"
"6LKF","4","1101","1101","Success","0.00018"
"1JJG","4","1110","1110","Success","0.00021"
"4H3F","4","1","1","Success","0.00036"
"4AS5","4","101","101","Success","0.00029"
"6KJW","4","1011","1011","Success","0.00084"
"3QBK","4","1","1","Success","0.00035"
"7TJX","4","1110","1110","Success","0.00018"
"1QOX","4","1110","1110","Success","0.00011"
"4YAF","4","0","0","Success","0.00028"
"6OX0","4","10","10","Success","0.00031"
"1FW9","4","1","1","Success","0.00077"
"2DCT","4","0","0","Success","0.00067"
"5CBZ","4","1101","1101","Success","0.00058"
"6V1M","4","10","10","Success","0.00063"
"2ENY","4","1001","1001","Success","0.00021"
"1FRS","4","100","100","Success","0.00051"
"1H35","4","1110","1110","Success","0.00023"
"6MGU","4","1101","1101","Success","0.00037"
"8R2C","4","11","11","Success","0.00074"
"5SEE","4","1000","1000","Success","0.00057"
"8X01","4","1111","1111","Success","0.00024"
"7VGZ","4","1011","1011","Success","0.00029"
"4LV5","4","1001","1001","Success","0.00035"
"5WQT","4","10","10","Success","0.00049"
"7DMR","4","101","101","Success","0.0004"
"2XRX","4","111","111","Success","0.00011"
"6LBB","4","1110","1110","Success","0.0004"
"5VYR","4","1010","1010","Success","0.00044"
"6RJ0","4","1","1","Success","0.00044"
"7CE8","4","1011","1011","Success","0.00021"
"6D46","4","10","10","Success","0.0005"
"5KKE","4","1110","1110","Success","0.00091"
"4EMF","4","1110","1110","Success","0.00064"
"7DVJ","4","1100","1100","Success","0.00038"
"5FVR","4","11","11","Success","0.00034"
"7ZBG","4","1010","1010","Success","0.00052"
"5FRO","4","100","100","Success","0.00042"
"1YYF","4","0","0","Success","0.00028"
"6OA1","4","1101","1101","Success","0.00045"
"4Q48","4","1101","1101","Success","0.00031"
"4DEY","4","1110","1110","Success","0.00055"
"6ZP7","4","1010","1010","Success","0.00019"
"5IH8","4","1011","1011","Success","0.00059"
"1U5T","4","1001","1001","Success","0.00037"
"2N66","4","1","1","Success","0.00031"
"1KBF","4","1000","1000","Success","0.00032"
"3J46","4","1010","1010","Success","0.00029"
"6WHU","4","111","111","Success","0.00018"
"8F2R","4","1011","1011","Success","0.00023"
"2PFR","4","11","11","Success","0.00041"
"5B6Q","4","100","100","Success","0.00078"
"1B5Q","4","1000","1000","Success","0.00026"
"4LGQ","4","1000","1000","Success","0.00044"
"6OVP","4","1011","1011","Success","0.00063"
"2ZTI","4","1011","1011","Success","0.00071"
"6EMH","4","1111","1111","Success","0.00026"
"2JA3","4","1100","1100","Success","0.0003"
"7YCJ","4","110","110","Success","0.00043"
"4AV5","4","100","100","Success","0.00038"
"3Q7P","4","1001","1001","Success","0.00058"
"1BC3","4","1001","1001","Success","0.00056"
"1QG6","4","1011","1011","Success","0.0003"
"5W9E","4","111","111","Success","0.00047"
"2FFV","4","0","0","Success","0.0003"
"5MFW","4","0","0","Success","0.00044"
"6R57","4","1100","1100","Success","0.00048"
"7Q9M","4","1101","1101","Success","0.00017"
"8SMI","4","1001","1001","Success","0.0004"
"2ZVB","4","1110","1110","Success","0.00062"
"6RGZ","4","1000","1000","Success","0.00038"
"3X1T","4","1111","1111","Success","0.00036"
"4DMN","4","1000","1000","Success","0.00082"
"3O83","4","1101","1101","Success","0.00034"
"7JTL","4","1","1","Success","0.00071"
"3RR7","4","1001","1001","Success","0.00044"
"5SY7","4","100","100","Success","0.00042"
"2CCB","4","111","111","Success","0.00122"
"1QG8","4","1110","1110","Success","0.00064"
"5NZL","4","1","1","Success","0.00047"
"3MO0","4","1110","1110","Success","0.00044"
"7DUK","4","111","111","Success","0.0002"
"7XUM","4","1100","1100","Success","0.00034"
"9BS0","4","1110","1110","Success","0.00019"
"7U7J","4","101","101","Success","0.00047"
"6W2X","4","110","110","Success","0.00028"
"8AEW","4","1011","1011","Success","0.0003"
"1PBB","4","1100","1100","Success","0.00051"
"2EA4","4","1111","1111","Success","0.00053"
"3VWD","4","1011","1011","Success","0.00068"
"3F9T","4","1110","1110","Success","0.00036"
"8Y5V","4","1011","1011","Success","0.00056"
"5SS8","4","1110","1110","Success","0.0005"
"7BY1","4","111","111","Success","0.0004"
"2GC9","4","1101","1101","Success","0.00055"
"1G59","4","111","111","Success","0.00032"
"5UL4","4","10","10","Success","0.00035"
"9NOR","4","100","100","Success","0.00025"
"1JQ3","4","0","0","Success","0.00029"
"8HHS","4","1100","1100","Success","0.00016"
"2NQM","4","1010","1010","Success","0.00036"
"2WNR","4","11","11","Success","0.00027"
"7GMJ","4","110","110","Success","0.00041"
"6HUZ","4","1","1","Success","0.00053"
"7R5G","4","1010","1010","Success","0.00057"
"4KLK","4","1","1","Success","0.00077"
"6XE1","4","1101","1101","Success","0.00038"
"6ITA","4","1111","1111","Success","0.00073"
"3IRC","4","1101","1101","Success","0.00098"
"1GG8","4","11","11","Success","0.00035"
"7G5L","4","10","10","Success","0.00035"
"8TXR","4","1100","1100","Success","0.0002"
"3ZZI","4","1011","1011","Success","0.00017"
"7CXR","4","1011","1011","Success","0.00041"
"1XRP","4","10","10","Success","0.00055"
"3ONR","4","1000","1000","Success","0.00033"
"6K4E","4","100","100","Success","0.00045"
"6GRW","4","1","1","Success","0.00048"
"3MBJ","4","10","10","Success","0.00058"
"6BCQ","4","111","111","Success","0.00016"
"3PUN","4","0","0","Success","0.00041"
"4I1A","4","10","10","Success","0.0004"
"5ROB","4","1110","1110","Success","0.00029"
"2RAW","4","10","10","Success","0.00069"
"8WHQ","4","100","100","Success","0.00051"
"6KML","4","10","10","Success","0.00045"
"4ZVV","4","1","1","Success","0.00026"
"2ZO5","4","1010","1010","Success","0.00031"
"8TW0","4","1110","1110","Success","0.00114"
"8FG4","4","1111","1111","Success","0.00077"
"1PB0","4","111","111","Success","0.00037"
"5KUX","4","100","100","Success","0.00104"
"6DZM","4","0","0","Success","0.00024"
"1RFB","4","1100","1100","Success","0.00063"
"1FOB","4","1","1","Success","0.00054"
"7AT8","4","1101","1101","Success","0.00028"
"2MJA","4","1","1","Success","0.0002"
"3CIK","4","1011","1011","Success","0.00031"
"6ZU0","4","111","111","Success","0.00019"
"5ZW5","4","100","100","Success","0.00036"
"3ZQN","4","1011","1011","Success","0.00038"
"4DCS","4","1111","1111","Success","0.0005"
"9MFN","4","0","0","Success","0.00049"
"8AOF","4","101","101","Success","0.00055"
"4JS6","4","101","101","Success","0.00062"
"2OY4","4","111","111","Success","0.00054"
"4Q88","4","1010","1010","Success","0.00037"
"3VFW","4","101","101","Success","0.00049"
"6A84","4","1111","1111","Success","0.00069"
"5WVC","4","111","111","Success","0.00041"
"3DAJ","4","1000","1000","Success","0.00065"
"7OVQ","4","10","10","Success","0.00018"
"1ZUI","4","1111","1111","Success","0.00077"
"3NM3","4","1111","1111","Success","0.00018"
"7Q49","4","11","11","Success","0.0004"
"5Z7N","4","101","101","Success","0.00042"
"3LPY","4","100","100","Success","0.0008"
"9ITE","4","1111","1111","Success","0.00029"
"5DM0","4","1111","1111","Success","0.00043"
"3T1I","4","111","111","Success","0.00026"
"5HPQ","4","110","110","Success","0.00065"
"6U57","4","1001","1001","Success","0.0006"
"1UY2","4","1011","1011","Success","0.00087"
"8W0B","4","1110","1110","Success","0.00023"
"6ZC7","4","10","10","Success","0.00071"
"6K0M","4","1001","1001","Success","0.00042"
"6TFY","4","11","11","Success","0.00043"
"5KZ0","4","101","101","Success","0.00056"
"1V89","4","100","100","Success","0.0002"
"7EA7","4","100","100","Success","0.00065"
"8K2L","4","1011","1011","Success","0.00043"
"4P7E","4","1111","1111","Success","0.00042"
"5DG5","4","101","101","Success","0.00041"
"3GNP","4","11","11","Success","0.00045"
"1BRT","4","1001","1001","Success","0.0006"
"3HDQ","4","1000","1000","Success","0.00017"
"1JH3","4","1111","1111","Success","0.00022"
"7ZZR","4","1000","1000","Success","0.0003"
"5E8J","4","1001","1001","Success","0.00038"
"2P2C","4","1000","1000","Success","0.0002"
"7I2B","4","110","110","Success","0.00042"
"4U9Z","4","1111","1111","Success","0.00069"
"2BF1","4","1","1","Success","0.00055"
"6YOF","4","111","111","Success","0.00045"
"7GB1","4","1111","1111","Success","0.00058"
"4HIM","4","1000","1000","Success","0.00085"
"6X97","4","0","0","Success","0.00021"
"3K7H","4","110","110","Success","0.0008"
"3UC5","4","1010","1010","Success","0.00079"
"4MQP","4","1101","1101","Success","0.00034"
"3MEB","4","1110","1110","Success","0.00033"
"1L30","4","10","10","Success","0.00078"
"4PAY","4","0","0","Success","0.00028"
"3AFH","4","100","100","Success","0.00046"
"6XTF","4","0","0","Success","0.00035"
"7BGW","4","1010","1010","Success","0.00066"
"2GGX","4","111","111","Success","0.00046"
"6MXT","4","10","10","Success","0.00041"
"9NFK","4","11","11","Success","0.00033"
"6N2G","4","1100","1100","Success","0.00029"
"3GGQ","4","1010","1010","Success","0.00082"
"3TSY","4","110","110","Success","0.00035"
"8P28","4","100","100","Success","0.0002"
"2AJ9","4","0","0","Success","0.00039"
"1ZA4","4","1010","1010","Success","0.00068"
"5SXY","4","1111","1111","Success","0.00023"
"8U69","4","1000","1000","Success","0.00032"
"6X4Y","4","1001","1001","Success","0.00015"
"5IUI","4","1101","1101","Success","0.00057"
"6FGX","4","1100","1100","Success","0.00051"
"2F67","4","1","1","Success","0.00058"
"1F32","4","11","11","Success","0.00086"
"3MLR","4","1001","1001","Success","0.00045"
"3PO7","4","1110","1110","Success","0.00032"
"5UKA","4","1110","1110","Success","0.00035"
"4YPW","4","0","0","Success","0.00062"
"1AEN","4","1100","1100","Success","0.0006"
"4OLL","4","0","0","Success","0.00057"
"2Q5L","4","1110","1110","Success","0.00031"
"2KFU","4","1010","1010","Success","0.00018"
"1TVZ","4","10","10","Success","0.00051"
"8ONU","4","100","100","Success","0.00019"
"6.00E+48","4","1111","1111","Success","0.00034"
"1KY2","4","1001","1001","Success","0.00075"
"5ZBB","4","10","10","Success","0.00038"
"5C5S","4","1010","1010","Success","0.00034"
"5DAI","4","1111","1111","Success","0.00061"
"5S37","4","1011","1011","Success","0.00052"
"8KCC","4","1010","1010","Success","0.00028"
"8FNL","4","11","11","Success","0.00029"
"8V89","4","1100","1100","Success","0.00022"
"5DSC","4","111","111","Success","0.00024"
"5YBE","4","0","0","Success","0.0006"
"6ZGT","4","10","10","Success","0.00036"
"5I74","4","0","0","Success","0.00032"
"6P04","4","1111","1111","Success","0.00043"
"5WEJ","4","1111","1111","Success","0.00053"
"1OSB","4","1100","1100","Success","0.00042"
"4XMD","4","1110","1110","Success","0.00073"
"1J06","4","11","11","Success","0.00031"
"3KAE","4","1110","1110","Success","0.00032"
"5ELY","4","11","11","Success","0.00037"
"8P4X","4","1010","1010","Success","0.0003"
"1XNL","4","1011","1011","Success","0.00042"
"2LXM","4","1011","1011","Success","0.00022"
"2JN3","4","1100","1100","Success","0.0002"
"6UN9","4","0","0","Success","0.00062"
"6N1R","4","1000","1000","Success","0.00013"
"5CAB","4","1001","1001","Success","0.0006"
"8AM0","4","1000","1000","Success","0.00027"
"3JXF","4","11","11","Success","0.00043"
"6EE7","4","101","101","Success","0.00103"
"3DD7","4","10","10","Success","0.00057"
"6URY","4","1110","1110","Success","0.00041"
"1PNB","4","1001","1001","Success","0.0003"
"4O28","4","1100","1100","Success","0.00031"
"4UM5","4","110","110","Success","0.00038"
"6RCB","4","1101","1101","Success","0.00055"
"5CTT","4","10","10","Success","0.00047"
"2G9G","4","110","110","Success","0.00071"
"3HW1","4","10","10","Success","0.00029"
"8PA2","4","1111","1111","Success","0.00031"
"5Y9B","4","1011","1011","Success","0.00042"
"3NG0","4","1110","1110","Success","0.00045"
"3ELL","4","1100","1100","Success","0.00052"
"4JYB","4","0","0","Success","0.0004"
"8QEJ","4","111","111","Success","0.00039"
"8FK4","4","1","1","Success","0.00012"
"6B8C","4","1011","1011","Success","0.00092"
"1UDK","4","110","110","Success","0.00031"
"2FJK","4","11","11","Success","0.00029"
"1S12","4","111","111","Success","0.00051"
"3E0J","4","1100","1100","Success","0.00021"
"3OTL","4","1100","1100","Success","0.00056"
"4PO0","4","110","110","Success","0.0004"
"7AHO","4","1100","1100","Success","0.00024"
"7DC1","4","1011","1011","Success","0.00086"
"6A6T","4","1000","1000","Success","0.00049"
"5TU7","4","11","11","Success","0.0006"
"2QG8","4","1100","1100","Success","0.00083"
"4TXA","4","1001","1001","Success","0.0005"
"1X1S","4","100","100","Success","0.00079"
"5RXS","4","1","1","Success","0.00044"
"2BOA","4","111","111","Success","0.00035"
"8QT4","4","1101","1101","Success","0.00056"
"8YYU","4","111","111","Success","0.00031"
"7UDU","4","101","101","Success","0.00023"
"6EUG","4","110","110","Success","0.00051"
"4LEV","4","110","110","Success","0.00037"
"8HX0","4","10","10","Success","0.00022"
"7EGQ","4","0","0","Success","0.00012"
"2JD5","4","101","101","Success","0.00036"
"4HUU","4","1","1","Success","0.00034"
"7CDI","4","111","111","Success","0.0004"
"6OGZ","4","11","11","Success","0.0001"
"4C1A","4","1001","1001","Success","0.00086"
"5F3H","4","111","111","Success","0.00021"
"2VXG","4","1111","1111","Success","0.00061"
"3T7C","4","10","10","Success","0.0003"
"8JCB","4","101","101","Success","0.00022"
"7V3O","4","0","0","Success","0.00059"
"4CNJ","4","1","1","Success","0.00025"
"8XFE","4","10","10","Success","0.00019"
"5T1Y","4","11","11","Success","0.00034"
"8BGY","4","10","10","Success","0.00028"
"7EH2","4","10","10","Success","0.00012"
"8HV8","4","0","0","Success","0.00057"
"8BYZ","4","111","111","Success","0.00065"
"7P0C","4","1110","1110","Success","0.00056"
"4YSO","4","11","11","Success","0.00057"
"6SDZ","4","1100","1100","Success","0.00031"
"2UV3","4","11","11","Success","0.00064"
"7XCN","4","1000","1000","Success","0.00015"
"7F5A","4","1111","1111","Success","0.00016"
"8WC0","4","1110","1110","Success","0.00031"
"5QCF","4","11","11","Success","0.00067"
"1JSW","4","10","10","Success","0.00022"
"4U7K","4","1110","1110","Success","0.00038"
"3WWH","4","110","110","Success","0.00055"
"2G3I","4","10","10","Success","0.00057"
"5AOV","4","1100","1100","Success","0.00053"
"8WP6","4","1010","1010","Success","0.00072"
"3UZO","4","1001","1001","Success","0.00039"
"6Q30","4","1100","1100","Success","0.00046"
"3ZLS","4","1100","1100","Success","0.00056"
"2M9M","4","1100","1100","Success","0.00027"
"4KXN","4","1","1","Success","0.00044"
"2L89","4","1010","1010","Success","0.00021"
"2PM7","4","11","11","Success","0.00028"
"1G6M","4","1010","1010","Success","0.0003"
"2HJV","4","10","10","Success","0.00057"
"8E7U","4","100","100","Success","0.00036"
"1TPS","4","111","111","Success","0.00065"
"3FDF","4","101","101","Success","0.00038"
"6W3N","4","1","1","Success","0.00043"
"9LC0","4","1000","1000","Success","0.00012"
"3O6Q","4","1100","1100","Success","0.00052"
"4XAE","4","101","101","Success","0.0004"
"1YOZ","4","1110","1110","Success","0.00064"
"2DBK","4","11","11","Success","0.00024"
"2CMF","4","1","1","Success","0.00043"
"4RPI","4","10","10","Success","0.00036"
"6LZ8","4","101","101","Success","0.00044"
"4REW","4","11","11","Success","0.00035"
"3RS9","4","1001","1001","Success","0.00045"
"4F9K","4","111","111","Success","0.00065"
"2HS3","4","110","110","Success","0.00039"
"1PCH","4","1001","1001","Success","0.00101"
"3RUW","4","1001","1001","Success","0.00022"
"3INL","4","11","11","Success","0.00016"
"6VOT","4","101","101","Success","0.00045"
"4FR3","4","1101","1101","Success","0.00062"
"6VDI","4","1001","1001","Success","0.00039"
"4FHQ","4","11","11","Success","0.001"
"3O1A","4","111","111","Success","0.00049"
"2GGN","4","1010","1010","Success","0.0006"
"9DK4","4","0","0","Success","0.00031"
"1ZA7","4","1001","1001","Success","0.00046"
"4NA1","4","0","0","Success","0.00028"
"8P0Q","4","1111","1111","Success","0.00028"
"5QN1","4","111","111","Success","0.0005"
"5OQF","4","110","110","Success","0.00036"
"4HMX","4","1111","1111","Success","0.00049"
"4GCL","4","0","0","Success","0.00026"
"4UQM","4","110","110","Success","0.00066"
"3FAO","4","1101","1101","Success","0.00071"
"1JLU","4","0","0","Success","0.00053"
"3BIF","4","1","1","Success","0.00048"
"5UUA","4","1010","1010","Success","0.00054"
"7NLQ","4","1101","1101","Success","0.00058"
"6Q7P","4","111","111","Success","0.00066"
"7UYO","4","101","101","Success","0.00064"
"2FNO","4","1000","1000","Success","0.00046"
"6TA2","4","1010","1010","Success","0.00032"
"7VZ8","4","101","101","Success","0.00014"
"3R8Q","4","1101","1101","Success","0.00059"
"5PB2","4","1111","1111","Success","0.00055"
"3K35","4","1","1","Success","0.00025"
"5F2A","4","110","110","Success","0.00079"
"5.00E+35","4","101","101","Success","0.00043"
"1HIP","4","1011","1011","Success","0.00108"
"2NZ4","4","1","1","Success","0.00052"
"8I7X","4","110","110","Success","0.00021"
"6BQX","4","0","0","Success","0.0005"
"8TT3","4","0","0","Success","0.00018"
"1IGO","4","0","0","Success","0.00048"
"4TM0","4","1100","1100","Success","0.00025"
"8DWD","4","1","1","Success","0.00052"
"5XR5","4","100","100","Success","0.00068"
"5UMX","4","1","1","Success","0.00064"
"6R4F","4","1","1","Success","0.00028"
"8YOZ","4","1111","1111","Success","0.0008"
"4MR8","4","1110","1110","Success","0.00034"
"4V34","4","111","111","Success","0.00055"
"4ION","4","1111","1111","Success","0.0006"
"7W0H","4","1101","1101","Success","0.00011"
"8BSP","4","0","0","Success","0.00052"
"1JXH","4","111","111","Success","0.00045"
"7O36","4","10","10","Success","0.00047"
"5F7U","4","11","11","Success","0.00031"
"1GIN","4","1001","1001","Success","0.00049"
"6W24","4","1101","1101","Success","0.00016"
"5Z6S","4","11","11","Success","0.00061"
"5MJQ","4","100","100","Success","0.00055"
"7B41","4","1001","1001","Success","0.00057"
"2FMR","4","100","100","Success","0.00029"
"8C89","4","1111","1111","Success","0.00039"
"1ITO","4","1001","1001","Success","0.00063"
"4JQ9","4","1111","1111","Success","0.00019"
"2HOW","4","111","111","Success","0.00038"
"5GS2","4","111","111","Success","0.00029"
"7CD2","4","11","11","Success","0.00021"
"1S89","4","1100","1100","Success","0.00032"
"2HFK","4","1001","1001","Success","0.00041"
"4FUS","4","110","110","Success","0.00039"
"6HB7","4","111","111","Success","0.00034"
"1M03","4","11","11","Success","0.00045"
"3RG8","4","101","101","Success","0.00028"
"8G81","4","1011","1011","Success","0.00025"
"4C05","4","1111","1111","Success","0.00056"
"4FC1","4","1100","1100","Success","0.00147"
"3F2P","4","1010","1010","Success","0.00056"
"8GJ5","4","1100","1100","Success","0.00035"
"5DOO","4","110","110","Success","0.00031"
"1A3E","4","1111","1111","Success","0.00057"
"3CS2","4","1","1","Success","0.00026"
"2FDV","4","1011","1011","Success","0.00024"
"3UM8","4","1111","1111","Success","0.00029"
"5FBU","4","1110","1110","Success","0.00035"
"1AR4","4","1111","1111","Success","0.00049"
"7AWT","4","1110","1110","Success","0.00019"
"5FJY","4","111","111","Success","0.00035"
"5SEC","4","111","111","Success","0.00028"
"6RNI","4","11","11","Success","0.00052"
"7M8X","4","100","100","Success","0.00057"
"3AX3","4","111","111","Success","0.00056"
"6L6K","4","11","11","Success","0.00067"
"4DWA","4","1100","1100","Success","0.00057"
"7R44","4","10","10","Success","0.00011"
"1S7H","4","1110","1110","Success","0.00037"
"7LMN","4","0","0","Success","0.00048"
"6VIJ","4","1000","1000","Success","0.00053"
"8WXD","4","1101","1101","Success","0.00034"
"2EW1","4","100","100","Success","0.00077"
"1BDC","4","111","111","Success","0.00041"
"2W0S","4","11","11","Success","0.0005"
"5FQV","4","100","100","Success","0.00067"
"5UAI","4","0","0","Success","0.00028"
"5X2E","4","1011","1011","Success","0.00113"
"7SQS","4","10","10","Success","0.00041"
"5P0W","4","111","111","Success","0.00053"
"5GRQ","4","1011","1011","Success","0.00065"
"6HWJ","4","1000","1000","Success","0.00034"
"7LW6","4","111","111","Success","0.00075"
"8XWK","4","1110","1110","Success","0.00031"
"6TXF","4","11","11","Success","0.00033"
"5KPT","4","1011","1011","Success","0.00052"
"8K2W","4","10","10","Success","0.00051"
"6GOY","4","11","11","Success","0.00065"
"5D2T","4","101","101","Success","0.00063"
"4U2Q","4","100","100","Success","0.00019"
"2WLB","4","101","101","Success","0.0007"
"2H62","4","1011","1011","Success","0.00051"
"9H87","4","1110","1110","Success","0.00094"
"4JEI","4","1110","1110","Success","0.00057"
"2C97","4","100","100","Success","0.00036"
"6GPZ","4","1101","1101","Success","0.00086"
"3BD4","4","11","11","Success","0.00066"
"5J4A","4","100","100","Success","0.00046"
"6E1A","4","111","111","Success","0.00045"
"1YY7","4","101","101","Success","0.0005"
"2COO","4","101","101","Success","0.00027"
"2K7I","4","1001","1001","Success","0.0002"
"8KHC","4","1001","1001","Success","0.00017"
"1GR7","4","11","11","Success","0.00044"
"7H5N","4","1000","1000","Success","0.00054"
"3BTT","4","0","0","Success","0.00059"
"6MOO","4","1101","1101","Success","0.00055"
"7TN6","4","10","10","Success","0.00059"
"1GA2","4","1111","1111","Success","0.00028"
"4EI5","4","100","100","Success","0.00025"
"7WQM","4","1110","1110","Success","0.00039"
"3EP4","4","1011","1011","Success","0.00057"
"2QJN","4","110","110","Success","0.00026"
"4MWV","4","11","11","Success","0.00049"
"4X9M","4","1011","1011","Success","0.00049"
"3AOB","4","10","10","Success","0.00018"
"2D8H","4","1001","1001","Success","0.00025"
"6KCU","4","1101","1101","Success","0.00105"
"9G64","4","1111","1111","Success","0.00043"
"8TPA","4","1011","1011","Success","0.00022"
"8QI6","4","110","110","Success","0.00073"
"2V2O","4","1001","1001","Success","0.00077"
"8J99","4","1110","1110","Success","0.00016"
"5P0L","4","1111","1111","Success","0.00053"
"8W8H","4","1100","1100","Success","0.00033"
"6MQ9","4","1011","1011","Success","0.0003"
"2VHE","4","1011","1011","Success","0.00053"
"8ITV","4","0","0","Success","0.00026"
"1CLY","4","11","11","Success","0.00048"
"1Q03","4","1110","1110","Success","0.00061"
"3HTS","4","1001","1001","Success","0.00112"
"1RL6","4","111","111","Success","0.00077"
"5NZ2","4","11","11","Success","0.00082"
"6CX4","4","10","10","Success","0.0006"
"7C22","4","110","110","Success","0.00046"
"7KG4","4","10","10","Success","0.00039"
"4RF4","4","101","101","Success","0.00045"
"4N9J","4","10","10","Success","0.00047"
"5OB1","4","1010","1010","Success","0.00119"
"5PER","4","1001","1001","Success","0.0009"
"2FHM","4","100","100","Success","0.00023"
"6GCD","4","1","1","Success","0.00054"
"1HCG","4","1110","1110","Success","0.00059"
"3U6I","4","1100","1100","Success","0.0006"
"1XJU","4","1010","1010","Success","0.00057"
"3GJQ","4","111","111","Success","0.00046"
"6AK7","4","1110","1110","Success","0.00064"
"6Y3P","4","1000","1000","Success","0.00053"
"9BD4","4","110","110","Success","0.00045"
"2FTY","4","1101","1101","Success","0.00021"
"7K6X","4","1001","1001","Success","0.00062"
"2YI8","4","0","0","Success","0.00016"
"6RM2","4","1011","1011","Success","0.00038"
"3GMS","4","1000","1000","Success","0.00053"
"3BHO","4","1001","1001","Success","0.0007"
"5GUK","4","1100","1100","Success","0.00048"
"2C2Y","4","1010","1010","Success","0.0006"
"6O9X","4","11","11","Success","0.00043"
"5DFX","4","1100","1100","Success","0.00077"
"2ZMC","4","1101","1101","Success","0.0006"
"8JGR","4","10","10","Success","0.00045"
"2AHP","4","11","11","Success","0.0012"
"9F2Y","4","10","10","Success","0.00027"
"2FRE","4","111","111","Success","0.00051"
"9BPI","4","1100","1100","Success","0.00016"
"7YL7","4","1001","1001","Success","0.00049"
"4Y13","4","1111","1111","Success","0.00064"
"3CHY","4","1100","1100","Success","0.00088"
"7ZQ7","4","1000","1000","Success","0.00025"
"5VRM","4","110","110","Success","0.0003"
"3SI4","4","1101","1101","Success","0.00055"
"5MGG","4","1010","1010","Success","0.0009"
"8GCT","4","10","10","Success","0.00031"
"3VW1","4","1101","1101","Success","0.00037"
"5D5F","4","11","11","Success","0.00087"
"8W4O","4","10","10","Success","0.00043"
"2FW7","4","1010","1010","Success","0.00056"
"6NWQ","4","1111","1111","Success","0.00047"
"4AHJ","4","1010","1010","Success","0.00091"
"4UZF","4","11","11","Success","0.00039"
"1M43","4","1100","1100","Success","0.00038"
"3O33","4","1110","1110","Success","0.00038"
"3ANR","4","1111","1111","Success","0.00027"
"4.00E+26","4","1110","1110","Success","0.00043"
"4MJZ","4","101","101","Success","0.00041"
"6JT2","4","1001","1001","Success","0.0003"
"7MJD","4","1010","1010","Success","0.00031"
"3NQR","4","10","10","Success","0.00046"
"7CEP","4","100","100","Success","0.00048"
"1UNS","4","1100","1100","Success","0.00065"
"2M0B","4","1","1","Success","0.00024"
"2GIM","4","1110","1110","Success","0.00068"
"5UMQ","4","1000","1000","Success","0.00063"
"6ANF","4","100","100","Success","0.00062"
"3GOB","4","100","100","Success","0.00031"
"7N6U","4","110","110","Success","0.00023"
"5SBO","4","1011","1011","Success","0.0008"
"7GOS","4","111","111","Success","0.00052"
"5QQE","4","101","101","Success","0.00054"
"4KSN","4","110","110","Success","0.00063"
"4R9A","4","1","1","Success","0.00084"
"4EAB","4","10","10","Success","0.00066"
"6A3D","4","1101","1101","Success","0.00055"
"7HNX","4","110","110","Success","0.00072"
"4U4P","4","10","10","Success","0.00047"
"6LYG","4","1110","1110","Success","0.00023"
"2ZIK","4","100","100","Success","0.00088"
"7C12","4","1000","1000","Success","0.00059"
"2LP4","4","0","0","Success","0.0001"
"4FDM","4","1101","1101","Success","0.00052"
"8F2D","4","101","101","Success","0.00058"
"3MJL","4","0","0","Success","0.00039"
"8AKR","4","1101","1101","Success","9.00E-05"
"7NNQ","4","1000","1000","Success","0.00027"
"3O7A","4","1011","1011","Success","0.00128"
"5J0G","4","1011","1011","Success","0.00065"
"4FVF","4","1100","1100","Success","0.00066"
"7KP7","4","1011","1011","Success","0.00033"
"1Q23","4","10","10","Success","0.00019"
"7MVW","4","111","111","Success","0.0003"
"8G5V","4","110","110","Success","0.00024"
"7YPO","4","1110","1110","Success","0.00027"
"1V5T","4","1000","1000","Success","0.00024"
"5N9Y","4","1101","1101","Success","0.00025"
"8BWP","4","100","100","Success","0.00029"
"2MQW","4","10","10","Success","0.00018"
"4LUL","4","1000","1000","Success","0.00051"
"1UVM","4","111","111","Success","0.00022"
"4YPZ","4","0","0","Success","0.00064"
"6NB6","4","10","10","Success","0.00017"
"3G7R","4","1101","1101","Success","0.00049"
"8BG4","4","100","100","Success","0.00033"
"3MCD","4","1000","1000","Success","0.00092"
"7YSG","4","11","11","Success","0.00017"
"2JQG","4","1000","1000","Success","0.00034"
"2UYL","4","10","10","Success","0.00024"
"3I5Q","4","110","110","Success","0.00043"
"6KXU","4","111","111","Success","0.00015"
"6QXH","4","1000","1000","Success","0.00034"
"6BB9","4","1","1","Success","0.00043"
"8TVU","4","101","101","Success","0.00011"
"1FBR","4","110","110","Success","0.001"
"1TH3","4","1110","1110","Success","0.00022"
"6ASD","4","1000","1000","Success","0.00145"
"3GGG","4","1111","1111","Success","0.00029"
"6K72","4","10","10","Success","0.00015"
"2Q9J","4","1","1","Success","0.00061"
"4H14","4","1011","1011","Success","0.00058"
"2R9K","4","10","10","Success","0.00044"
"3WVB","4","1010","1010","Success","0.00055"
"8QLX","4","1010","1010","Success","0.00085"
"5K03","4","1010","1010","Success","0.00065"
"5GLH","4","11","11","Success","0.00046"
"6HQQ","4","11","11","Success","0.00048"
"4J6J","4","1010","1010","Success","0.00044"
"5XGF","4","1000","1000","Success","0.00062"
"5HSP","4","1","1","Success","0.00109"
"1FSJ","4","100","100","Success","0.00041"
"8XUV","4","1011","1011","Success","0.0001"
"7EKT","4","1011","1011","Success","0.00022"
"1KWP","4","101","101","Success","0.00039"
"5Q6U","4","10","10","Success","0.00052"
"4B95","4","1000","1000","Success","0.00027"
"4OIB","4","1000","1000","Success","0.00051"
"4EM1","4","1110","1110","Success","0.00082"
"6HTT","4","1001","1001","Success","0.00024"
"1G4U","4","101","101","Success","0.00043"
"8HSR","4","110","110","Success","0.00014"
"2FB8","4","10","10","Success","0.00044"
"6T58","4","1","1","Success","0.00034"
"5IW9","4","1100","1100","Success","0.00062"
"1S7R","4","101","101","Success","0.00036"
"5DE2","4","1000","1000","Success","0.00041"
"5EG9","4","1110","1110","Success","0.00057"
"1UD7","4","0","0","Success","0.00025"
"2O4R","4","111","111","Success","0.00063"
"6RM5","4","111","111","Success","0.00066"
"3G76","4","101","101","Success","0.00035"
"6LYO","4","1","1","Success","0.00028"
"8C4A","4","10","10","Success","0.00021"
"4LSC","4","1000","1000","Success","0.00072"
"8OGA","4","101","101","Success","0.00055"
"5TGY","4","101","101","Success","0.00021"
"8AFN","4","1000","1000","Success","0.00065"
"5VFO","4","11","11","Success","0.00012"
"3TNZ","4","0","0","Success","0.00047"
"2YRO","4","11","11","Success","0.00018"
"5FZT","4","1011","1011","Success","0.00055"
"5M1P","4","0","0","Success","0.00052"
"7YYC","4","1010","1010","Success","0.00045"
"5PBI","4","1100","1100","Success","0.00093"
"2RME","4","110","110","Success","0.00038"
"2WHV","4","111","111","Success","0.00069"
"1YVG","4","0","0","Success","0.00051"
"1KF9","4","110","110","Success","0.0003"
"1I18","4","1111","1111","Success","0.00015"
"5AHW","4","101","101","Success","0.00035"
"4IGB","4","1111","1111","Success","0.00023"
"2VSH","4","1001","1001","Success","0.00048"
"2G42","4","11","11","Success","0.00078"
"1QPE","4","1110","1110","Success","0.00061"
"8D13","4","10","10","Success","0.0003"
"3MKJ","4","1100","1100","Success","0.00051"
"7PGR","4","1000","1000","Success","0.00014"
"3QB1","4","1110","1110","Success","0.00032"
"2WR1","4","11","11","Success","0.00026"
"8WQO","4","0","0","Success","0.00088"
"1ZRR","4","1001","1001","Success","0.00018"
"7TOB","4","10","10","Success","0.00057"
"5LR0","4","11","11","Success","0.00035"
"4N4Y","4","1010","1010","Success","0.00037"
"2MOP","4","10","10","Success","0.0002"
"6HLX","4","10","10","Success","0.00043"
"6I8B","4","1101","1101","Success","0.0005"
"8C96","4","1001","1001","Success","0.00025"
"3SVQ","4","100","100","Success","0.00035"
"2O8M","4","1111","1111","Success","0.0005"
"4FZ7","4","1111","1111","Success","0.00061"
"8S9E","4","1","1","Success","0.00026"
"7GMP","4","110","110","Success","0.00039"
"2YAD","4","10","10","Success","0.00046"
"8B1G","4","1001","1001","Success","0.00041"
"7UUO","4","1","1","Success","0.00035"
"7Q5A","4","0","0","Success","0.00144"
"8PEY","4","111","111","Success","0.00012"
"6G2W","4","1100","1100","Success","0.00061"
"6H3P","4","0","0","Success","0.00045"
"7UW0","4","1011","1011","Success","0.00027"
"7TLC","4","10","10","Success","0.00018"
"7PL9","4","110","110","Success","0.00014"
"8T7Z","4","1100","1100","Success","0.00014"
"4LO3","4","1111","1111","Success","0.00038"
"5O4H","4","0","0","Success","0.0003"
"1PD8","4","1001","1001","Success","0.00073"
"8GXI","4","1010","1010","Success","0.00058"
"7F0J","4","1111","1111","Success","0.00025"
"8WZ4","4","1111","1111","Success","0.00047"
"1EB2","4","111","111","Success","0.00067"
"5PFE","4","1101","1101","Success","0.00093"
"1DSN","4","0","0","Success","0.00056"
"6N0A","4","111","111","Success","0.00041"
"8G01","4","1","1","Success","0.0003"
"1WA8","4","0","0","Success","0.00014"
"4WOQ","4","100","100","Success","0.0002"
"4B91","4","1001","1001","Success","0.0003"
"7ERA","4","111","111","Success","0.00048"
"8F45","4","1000","1000","Success","0.0004"
"4P8V","4","111","111","Success","0.00051"
"6Z3R","4","1101","1101","Success","0.00019"
"5PO3","4","111","111","Success","0.00062"
"3NDP","4","1111","1111","Success","0.00049"
"1O8V","4","1111","1111","Success","0.00087"
"1TNQ","4","10","10","Success","0.00016"
"4IT6","4","11","11","Success","0.00068"
"3FL3","4","1110","1110","Success","0.00062"
"6AIQ","4","10","10","Success","0.00097"
"5HDM","4","1000","1000","Success","0.00032"
"8BHW","4","11","11","Success","0.0002"
"4EH8","4","0","0","Success","0.00055"
"6C9T","4","1001","1001","Success","0.00059"
"8EJY","4","11","11","Success","0.00055"
"4U1H","4","10","10","Success","0.0005"
"6GW9","4","1101","1101","Success","0.00066"
"3FG8","4","101","101","Success","0.00038"
"5M7S","4","110","110","Success","0.00033"
"1FHG","4","1","1","Success","0.00099"
"3VDU","4","1110","1110","Success","0.00071"
"5FD6","4","1001","1001","Success","0.00043"
"8GLC","4","1101","1101","Success","0.00034"
"4WG3","4","11","11","Success","0.00046"
"6SMZ","4","10","10","Success","0.00029"
"1SLV","4","1000","1000","Success","0.00054"
"4UOR","4","1000","1000","Success","0.00015"
"9BT9","4","101","101","Success","0.00062"
"9AVD","4","11","11","Success","0.00098"
"6C4J","4","1110","1110","Success","0.00013"
"8YFH","4","1111","1111","Success","0.00029"
"3CJA","4","0","0","Success","0.00049"
"2E1U","4","1001","1001","Success","0.00034"
"4GW8","4","1100","1100","Success","0.0006"
"8K81","4","110","110","Success","0.00032"
"1X9H","4","100","100","Success","0.00041"
"4DJU","4","110","110","Success","0.00035"
"3K0E","4","1001","1001","Success","0.00018"
"5O9G","4","11","11","Success","0.00024"
"3QIR","4","101","101","Success","0.00047"
"3UX3","4","1101","1101","Success","0.0006"
"7QV7","4","101","101","Success","0.00014"
"4JPZ","4","110","110","Success","0.00034"
"3TRS","4","0","0","Success","0.0005"
"3UOI","4","1010","1010","Success","0.00011"
"4C5A","4","1111","1111","Success","0.0004"
"5W57","4","1111","1111","Success","0.00042"
"3NF4","4","1111","1111","Success","0.00036"
"1I7U","4","10","10","Success","0.00037"
"2WST","4","1","1","Success","0.0003"
"5OLB","4","1","1","Success","0.00034"
"1VES","4","1011","1011","Success","0.00064"
"8WWH","4","101","101","Success","0.0003"
"4KUY","4","1001","1001","Success","0.0006"
"5LXE","4","111","111","Success","0.00039"
"2HDO","4","101","101","Success","0.00069"
"3AE8","4","1100","1100","Success","0.0003"
"3X41","4","1011","1011","Success","0.00028"
"3EYG","4","1111","1111","Success","0.00058"
"8J48","4","1000","1000","Success","0.0006"
"6XJ7","4","1010","1010","Success","0.00041"
"7YXU","4","111","111","Success","0.00042"
"5S2O","4","1000","1000","Success","0.00054"
"3ZLW","4","1000","1000","Success","0.00055"
"4BM3","4","0","0","Success","0.00054"
"1L7D","4","0","0","Success","0.00026"
"4OTM","4","11","11","Success","0.00066"
"1XAT","4","1","1","Success","0.00069"
"2JXA","4","1010","1010","Success","0.00019"
"1DZ6","4","1100","1100","Success","0.00035"
"7VJA","4","100","100","Success","0.00045"
"240L","4","1110","1110","Success","0.0008"
"5ERR","4","11","11","Success","0.00048"
"6TGD","4","1111","1111","Success","0.00044"
"3A9G","4","1011","1011","Success","0.00054"
"1YO7","4","1","1","Success","0.00065"
"4ZCB","4","1111","1111","Success","0.0006"
"6FMJ","4","0","0","Success","0.00028"
"6SJE","4","110","110","Success","0.00019"
"6I02","4","101","101","Success","0.00031"
"8SD0","4","101","101","Success","0.0004"
"1IO3","4","10","10","Success","0.00098"
"2JJH","4","1010","1010","Success","0.00048"
"2YT4","4","1001","1001","Success","0.00073"
"6POV","4","1010","1010","Success","0.00025"
"2PPV","4","100","100","Success","0.00054"
"4IW3","4","11","11","Success","0.00029"
"2QUH","4","1100","1100","Success","0.00036"
"6FT0","4","1000","1000","Success","0.00028"
"1T6C","4","1111","1111","Success","0.00057"
"6CSG","4","1110","1110","Success","0.00034"
"6QLK","4","1000","1000","Success","0.0007"
"7X8E","4","1100","1100","Success","0.00019"
"3IE3","4","1110","1110","Success","0.00047"
"1UGW","4","110","110","Success","0.00041"
"7MW4","4","1110","1110","Success","0.00015"
"1NPU","4","1101","1101","Success","0.0009"
"3MML","4","1001","1001","Success","0.00023"
"8IMN","4","111","111","Success","0.00012"
"7XL9","4","1111","1111","Success","0.00078"
"2WVG","4","1","1","Success","0.00021"
"1KD7","4","1111","1111","Success","0.00033"
"5WY4","4","1001","1001","Success","0.00055"
"2PFU","4","111","111","Success","0.00023"
"1PKZ","4","111","111","Success","0.00047"
"8R45","4","10","10","Success","0.0004"
"3M47","4","1101","1101","Success","0.00049"
"4O8M","4","1101","1101","Success","0.0002"
"8WK6","4","1100","1100","Success","0.00022"
"1K5G","4","11","11","Success","0.00019"
"7JRC","4","110","110","Success","0.00044"
"3KIC","4","1","1","Success","0.0001"
"2M6Z","4","1","1","Success","9.00E-05"
"5E2P","4","1110","1110","Success","0.00063"
"1JCK","4","1010","1010","Success","0.00033"
"2HQ9","4","10","10","Success","0.00059"
"1W7V","4","1001","1001","Success","0.00023"
"4NZH","4","10","10","Success","0.00046"
"8K5Y","4","1011","1011","Success","0.00047"
"1RE6","4","10","10","Success","0.00016"
"5IMN","4","110","110","Success","0.00029"
"3JTQ","4","1011","1011","Success","0.00039"
"8Q0T","4","1111","1111","Success","0.00044"
"8D20","4","1110","1110","Success","0.00049"
"1FDH","4","11","11","Success","0.00042"
"3KCG","4","1010","1010","Success","0.00036"
"7AYS","4","111","111","Success","0.00065"
"7CS3","4","10","10","Success","0.00023"
"1U2S","4","1111","1111","Success","0.00062"
"6PAZ","4","1","1","Success","0.00088"
"6WJB","4","110","110","Success","0.0004"
"7PMI","4","1111","1111","Success","0.00027"
"4DBS","4","10","10","Success","0.00039"
"7RQP","4","1100","1100","Success","0.00047"
"7LDG","4","1110","1110","Success","0.00044"
"5U9J","4","111","111","Success","0.00057"
"1ISH","4","110","110","Success","0.00044"
"5I0C","4","111","111","Success","0.00107"
"7V17","4","1101","1101","Success","0.00064"
"6YPT","4","0","0","Success","0.00048"
"2GE9","4","11","11","Success","0.00021"
"8K8G","4","1","1","Success","0.00067"
"1DMA","4","100","100","Success","0.0005"
"4QB9","4","1101","1101","Success","0.0002"
"2KYC","4","101","101","Success","0.00021"
"3FX4","4","111","111","Success","0.00056"
"6NQG","4","1100","1100","Success","0.00046"
"8JLF","4","1111","1111","Success","0.00031"
"4WI5","4","1","1","Success","0.00049"
"2LF2","4","111","111","Success","0.00017"
"5H9O","4","1011","1011","Success","0.00022"
"8OHH","4","1100","1100","Success","0.00058"
"4JMB","4","1101","1101","Success","0.00057"
"1ZIL","4","1100","1100","Success","0.00126"
"5CVB","4","1000","1000","Success","0.00049"
"5M6S","4","1000","1000","Success","0.001"
"5Y5U","4","111","111","Success","0.00042"
"8D49","4","1010","1010","Success","0.0003"
"6VRQ","4","0","0","Success","0.00034"
"5T18","4","101","101","Success","0.00062"
"1MIW","4","1101","1101","Success","0.00036"
"4IHA","4","1100","1100","Success","0.00041"
"8K3H","4","110","110","Success","0.00032"
"4BJL","4","1011","1011","Success","0.00048"
"1W8S","4","1010","1010","Success","0.0002"
"7UBM","4","100","100","Success","0.00016"
"1G3G","4","1001","1001","Success","0.00017"
"8JD0","4","1","1","Success","0.00026"
"5BSB","4","1100","1100","Success","0.00048"
"3GQI","4","1001","1001","Success","0.00041"
"4ZNW","4","1011","1011","Success","0.00044"
"8SQ8","4","110","110","Success","0.00032"
"3DX9","4","10","10","Success","0.00033"
"5O80","4","1110","1110","Success","0.00018"
"8A3C","4","100","100","Success","0.00021"
"8UE0","4","1111","1111","Success","0.00055"
"2PL3","4","1","1","Success","0.00066"
"3LWB","4","100","100","Success","0.0004"
"5ABV","4","1010","1010","Success","0.00032"
"1RJ6","4","1011","1011","Success","0.00042"
"7N16","4","11","11","Success","0.00022"
"8FUF","4","111","111","Success","0.00018"
"5X50","4","1","1","Success","0.00017"
"5IOB","4","11","11","Success","0.0002"
"8R6W","4","110","110","Success","0.00023"
"5I9Z","4","1000","1000","Success","0.0006"
"1UGN","4","1001","1001","Success","0.00072"
"5BKC","4","1111","1111","Success","0.00042"
"1R5Y","4","0","0","Success","0.00049"
"2OYL","4","1001","1001","Success","0.00034"
"4UEK","4","11","11","Success","0.00037"
"2NEF","4","0","0","Success","0.00013"
"5JVU","4","11","11","Success","0.00078"
"8RZ8","4","1110","1110","Success","0.00028"
"6JZE","4","0","0","Success","0.00057"
"7YPJ","4","110","110","Success","0.00016"
"1NDW","4","1011","1011","Success","0.00052"
"6IIO","4","111","111","Success","0.00039"
"1K6A","4","11","11","Success","0.00057"
"3V4Q","4","1000","1000","Success","0.00116"
"2I6A","4","11","11","Success","0.00027"
"7LO8","4","10","10","Success","0.00034"
"5RU8","4","1001","1001","Success","0.00052"
"7XLC","4","110","110","Success","0.00024"
"1N3O","4","1100","1100","Success","0.00044"
"7UPK","4","1000","1000","Success","0.00021"
"4I6I","4","110","110","Success","0.00045"
"2DK5","4","110","110","Success","0.00023"
"7QOQ","4","1101","1101","Success","0.00041"
"6JJA","4","1101","1101","Success","0.00078"
"6QNE","4","11","11","Success","0.00022"
"4ADU","4","10","10","Success","0.00043"
"6US0","4","11","11","Success","0.00074"
"5TEU","4","0","0","Success","0.0004"
"2IEA","4","10","10","Success","0.00024"
"8P82","4","1101","1101","Success","0.00018"
"2Y4A","4","1101","1101","Success","0.00023"
"1BTY","4","1010","1010","Success","0.00067"
"1DFF","4","100","100","Success","0.00077"
"5ICA","4","0","0","Success","0.00041"
"6KSA","4","1","1","Success","0.00029"
"8TS6","4","10","10","Success","0.00013"
"6R4O","4","1111","1111","Success","0.00029"
"6XVJ","4","101","101","Success","0.00056"
"7ZCR","4","11","11","Success","0.00053"
"5VTQ","4","1000","1000","Success","0.00026"
"5T29","4","111","111","Success","0.0004"
"4ZBW","4","1110","1110","Success","0.00052"
"3P2K","4","10","10","Success","0.00036"
"9IW3","4","100","100","Success","0.00037"
"7X4L","4","1010","1010","Success","0.00019"
"4HB6","4","1011","1011","Success","0.00119"
"6NB7","4","1010","1010","Success","0.00016"
"9H5J","4","1010","1010","Success","0.00048"
"5SH0","4","10","10","Success","0.00028"
"8GGX","4","110","110","Success","0.00058"
"3OR6","4","1001","1001","Success","0.00043"
"8H4H","4","11","11","Success","0.00031"
"8A4D","4","1","1","Success","0.00017"
"3MMC","4","1000","1000","Success","0.00025"
"1CCR","4","0","0","Success","0.00096"
"5XSU","4","10","10","Success","0.00026"
"3ZLQ","4","110","110","Success","0.00031"
"5UM7","4","1001","1001","Success","0.0006"
"6HF0","4","0","0","Success","0.00035"
"1QJT","4","1010","1010","Success","0.00018"
"4WKW","4","1011","1011","Success","0.0005"
"8XT7","4","1010","1010","Success","0.00029"
"7YZ6","4","101","101","Success","0.00029"
"1YZF","4","1110","1110","Success","0.00072"
"7TE9","4","1001","1001","Success","0.00017"
"4CAP","4","0","0","Success","0.00035"
"6DJM","4","1001","1001","Success","0.00025"
"3OQ7","4","1110","1110","Success","0.00098"
"2QZA","4","0","0","Success","0.00028"
"5C34","4","10","10","Success","0.00067"
"7M0I","4","1101","1101","Success","0.0002"
"3NQJ","4","0","0","Success","0.00077"
"8TQJ","4","1001","1001","Success","0.00057"
"8VY8","4","110","110","Success","0.00054"
"1FTX","4","0","0","Success","0.00035"
"3PWB","4","1","1","Success","0.00067"
"1ZRQ","4","11","11","Success","0.00034"
"7AXF","4","110","110","Success","0.00062"
"4LMC","4","0","0","Success","0.00089"
"2Z8X","4","1100","1100","Success","0.00039"
"5FCH","4","1000","1000","Success","0.00035"
"6TRY","4","100","100","Success","0.00032"
"4PCR","4","1111","1111","Success","0.00047"
"4CR6","4","0","0","Success","0.00031"
"3ESM","4","101","101","Success","0.00084"
"6QO8","4","1101","1101","Success","0.0004"
"5RG5","4","1011","1011","Success","0.00038"
"2R4B","4","1","1","Success","0.0004"
"2FQL","4","1111","1111","Success","0.00093"
"2EO6","4","1","1","Success","0.00018"
"4JP8","4","111","111","Success","0.00049"
"4ZRN","4","1101","1101","Success","0.0004"
"8JSC","4","10","10","Success","0.00052"
"6HD3","4","0","0","Success","0.00032"
"1ON6","4","1100","1100","Success","0.00044"
"2RU3","4","1001","1001","Success","0.00022"
"2M9E","4","1011","1011","Success","0.00039"
"6VM9","4","101","101","Success","0.00035"
"4OWS","4","100","100","Success","0.00038"
"7OH2","4","10","10","Success","0.00037"
"7XGK","4","1101","1101","Success","0.00039"
"7W5H","4","10","10","Success","0.00038"
"1PY0","4","1101","1101","Success","0.0009"
"4D42","4","1","1","Success","0.00021"
"6YKX","4","100","100","Success","0.00034"
"6R8H","4","100","100","Success","0.00026"
"7FBI","4","1101","1101","Success","0.00031"
"2C9P","4","100","100","Success","0.00055"
"7CUT","4","1010","1010","Success","0.00056"
"5H8H","4","1","1","Success","0.00041"
"2YJK","4","1000","1000","Success","0.00023"
"3MQ4","4","111","111","Success","0.0005"
"6M94","4","1001","1001","Success","0.00042"
"5TDH","4","100","100","Success","0.00025"
"5NGW","4","1111","1111","Success","0.00053"
"1F55","4","1000","1000","Success","0.00021"
"5RXT","4","100","100","Success","0.00043"
"8Q9V","4","0","0","Success","0.00042"
"8SYM","4","1011","1011","Success","0.00041"
"4IS0","4","1010","1010","Success","0.00064"
"7MRG","4","11","11","Success","0.00066"
"6IKX","4","100","100","Success","0.00041"
"4FO6","4","1100","1100","Success","0.00054"
"2QKE","4","1001","1001","Success","0.0004"
"1TAQ","4","1010","1010","Success","0.00034"
"8GN6","4","10","10","Success","0.00026"
"9J5W","4","1010","1010","Success","0.00044"
"3AOP","4","111","111","Success","0.00047"
"2CZE","4","1011","1011","Success","0.00048"
"7KHO","4","100","100","Success","0.00023"
"3VV7","4","111","111","Success","0.00052"
"3U9B","4","1101","1101","Success","0.00022"
"6QYY","4","1111","1111","Success","0.00036"
"5MP7","4","1110","1110","Success","0.00034"
"8T1W","4","1111","1111","Success","0.00052"
"4RJD","4","111","111","Success","0.00087"
"5PBO","4","1010","1010","Success","0.00095"
"2V7I","4","1010","1010","Success","0.00053"
"4I9H","4","110","110","Success","0.00019"
"7F7F","4","1","1","Success","0.00026"
"4OW1","4","11","11","Success","0.00038"
"6D13","4","10","10","Success","0.00046"
"6I16","4","1","1","Success","0.00044"
"1ZY5","4","1000","1000","Success","0.00044"
"3HEJ","4","1110","1110","Success","0.00042"
"3I4M","4","110","110","Success","0.00015"
"2BU1","4","1001","1001","Success","0.00049"
"9COZ","4","11","11","Success","0.00076"
"4QOD","4","1101","1101","Success","0.00046"
"3TKA","4","1101","1101","Success","0.00057"
"6QWK","4","1111","1111","Success","0.00046"
"6LAT","4","1110","1110","Success","0.00046"
"5YBH","4","1100","1100","Success","0.00037"
"7X9E","4","1100","1100","Success","0.00034"
"2KI7","4","1","1","Success","0.00022"
"7H2C","4","0","0","Success","0.00071"
"5TIR","4","100","100","Success","0.00035"
"4WX6","4","1101","1101","Success","0.00047"
"8CX0","4","1010","1010","Success","0.00034"
"3EWE","4","10","10","Success","0.00028"
"4IL2","4","1100","1100","Success","0.00025"
"6FJ0","4","110","110","Success","0.00055"
"2XXZ","4","1011","1011","Success","0.0004"
"3GJE","4","1","1","Success","0.00032"
"5NXK","4","0","0","Success","0.00033"
"2NOS","4","1011","1011","Success","0.00056"
"6O8A","4","1001","1001","Success","0.00067"
"1ZNK","4","10","10","Success","0.0008"
"3PRB","4","1111","1111","Success","0.00046"
"3AVN","4","101","101","Success","0.00054"
"1WLI","4","1000","1000","Success","0.00064"
"8CAA","4","1011","1011","Success","0.00048"
"5XZ4","4","1100","1100","Success","0.00055"
"3GZD","4","10","10","Success","0.00025"
"1P0N","4","100","100","Success","0.00039"
"2NSA","4","1","1","Success","0.00076"
"6JZS","4","110","110","Success","0.00033"
"4ERH","4","1111","1111","Success","0.00063"
"5EJ8","4","1011","1011","Success","0.00015"
"7EJP","4","1100","1100","Success","0.00018"
"2PK2","4","1010","1010","Success","0.00031"
"6GEK","4","1001","1001","Success","0.00046"
"7WPA","4","1110","1110","Success","0.00016"
"2XJO","4","1100","1100","Success","0.00023"
"3BIT","4","1111","1111","Success","0.00034"
"5GPO","4","1101","1101","Success","0.00063"
"2RDL","4","1100","1100","Success","0.00047"
"2BAN","4","1101","1101","Success","0.00032"
"1TKI","4","111","111","Success","0.00038"
"8I3S","4","1001","1001","Success","0.00049"
"3J2W","4","111","111","Success","0.00016"
"4WC0","4","1101","1101","Success","0.00038"
"2JQY","4","1110","1110","Success","0.00019"
"6C6I","4","1011","1011","Success","0.00045"
"5CXV","4","1111","1111","Success","0.00046"
"5U43","4","1001","1001","Success","0.00042"
"8H4C","4","101","101","Success","0.00038"
"7DSM","4","101","101","Success","0.00038"
"9DCF","4","10","10","Success","0.0005"
"2M9V","4","11","11","Success","0.00017"
"5HNX","4","1100","1100","Success","0.00029"
"7RBJ","4","1","1","Success","0.00054"
"3IIH","4","1111","1111","Success","0.00084"
"4HXB","4","100","100","Success","0.00048"
"7FIV","4","100","100","Success","0.00029"
"4DFS","4","1001","1001","Success","0.00044"
"4TTT","4","10","10","Success","0.00033"
"1ZMX","4","1101","1101","Success","0.00026"
"6D3I","4","101","101","Success","0.00028"
"7WVZ","4","101","101","Success","0.00017"
"1FVF","4","11","11","Success","0.0003"
"6HHZ","4","1001","1001","Success","0.00047"
"4AHU","4","11","11","Success","0.00053"
"4ONV","4","1100","1100","Success","0.00029"
"3KXP","4","1000","1000","Success","0.00017"
"5G3N","4","1110","1110","Success","0.00061"
"4KYO","4","101","101","Success","0.00026"
"1T3F","4","1110","1110","Success","0.00046"
"1QSA","4","0","0","Success","0.0004"
"4UMQ","4","100","100","Success","0.00057"
"2H5E","4","1101","1101","Success","0.00031"
"8V1K","4","11","11","Success","0.00051"
"8I7Z","4","100","100","Success","0.00042"
"8FFO","4","1011","1011","Success","0.0002"
"8R1C","4","11","11","Success","0.00016"
"5QUK","4","1110","1110","Success","0.00065"
"3JYI","4","101","101","Success","0.00024"
"8RHF","4","111","111","Success","0.0004"
"3DKX","4","1011","1011","Success","0.0004"
"3IFC","4","1010","1010","Success","0.00027"
"7PIJ","4","110","110","Success","0.00031"
"1E2R","4","100","100","Success","0.0003"
"5KY3","4","0","0","Success","0.00051"
"2OQB","4","1000","1000","Success","0.00068"
"7OWU","4","1011","1011","Success","0.00035"
"3BA7","4","0","0","Success","0.00059"
"8D8K","4","1010","1010","Success","0.00012"
"4RG7","4","0","0","Success","0.00032"
"2H2K","4","1000","1000","Success","0.00073"
"6FMZ","4","110","110","Success","0.00041"
"2EWE","4","101","101","Success","0.00052"
"3RJY","4","1111","1111","Success","0.00055"
"5Z70","4","0","0","Success","0.00031"
"5W6K","4","11","11","Success","0.00042"
"6C1M","4","110","110","Success","0.00047"
"3TEQ","4","1110","1110","Success","0.00049"
"7EPM","4","0","0","Success","0.00038"
"3GI6","4","0","0","Success","0.0007"
"2WA0","4","11","11","Success","0.00067"
"8FA5","4","101","101","Success","0.00029"
"3GL3","4","110","110","Success","0.00043"
"4GFA","4","101","101","Success","0.0004"
"5COS","4","1100","1100","Success","0.00063"
"3UTU","4","110","110","Success","0.00058"
"2JJG","4","10","10","Success","0.00048"
"6HWF","4","1110","1110","Success","0.00013"
"1W0B","4","1010","1010","Success","0.00022"
"2AJU","4","1000","1000","Success","0.00047"
"7MF3","4","1001","1001","Success","0.00019"
"4A34","4","1110","1110","Success","0.00018"
"9ARH","4","110","110","Success","0.00018"
"3FIR","4","101","101","Success","0.00046"
"7P6E","4","11","11","Success","0.0003"
"3FW8","4","10","10","Success","0.00044"
"3VSP","4","0","0","Success","0.00044"
"5FPI","4","101","101","Success","0.00061"
"8EA6","4","11","11","Success","0.00064"
"4YU2","4","1","1","Success","0.00027"
"5XPO","4","1100","1100","Success","0.00061"
"9BK4","4","1111","1111","Success","0.00064"
"1X5D","4","1001","1001","Success","0.00019"
"8QLL","4","11","11","Success","0.00046"
"6EZ8","4","1011","1011","Success","0.00019"
"8YSE","4","1100","1100","Success","0.00054"
"6UUT","4","10","10","Success","0.00033"
"2AXU","4","100","100","Success","0.00017"
"5S9K","4","100","100","Success","0.0004"
"2NSM","4","1101","1101","Success","0.00051"
"1DJQ","4","0","0","Success","0.00026"
"5DCL","4","1100","1100","Success","0.00062"
"3LU8","4","1100","1100","Success","0.00029"
"1DG8","4","10","10","Success","0.00078"
"2BVU","4","1000","1000","Success","0.00045"
"6WJQ","4","11","11","Success","0.0004"
"6VXJ","4","1111","1111","Success","0.00029"
"4F1C","4","101","101","Success","0.00096"
"7WF9","4","11","11","Success","0.00064"
"3HIY","4","1011","1011","Success","0.00035"
"7F6Y","4","101","101","Success","0.0004"
"1MVM","4","10","10","Success","0.00044"
"4RLH","4","1110","1110","Success","0.00031"
"2M2A","4","1000","1000","Success","0.00026"
"1M0P","4","111","111","Success","0.00046"
"7OP9","4","1110","1110","Success","0.00018"
"8EQ8","4","101","101","Success","0.00047"
"4HM3","4","11","11","Success","0.00039"
"6RJO","4","0","0","Success","0.00034"
"1HD7","4","1011","1011","Success","0.0006"
"7L0B","4","1011","1011","Success","0.00035"
"5FF5","4","1101","1101","Success","0.0004"
"6TJW","4","1000","1000","Success","0.00026"
"6PHZ","4","1","1","Success","0.00038"
"4C2K","4","101","101","Success","0.00025"
"6ODD","4","11","11","Success","0.00079"
"6DE7","4","1010","1010","Success","0.00027"
"2RGR","4","1011","1011","Success","0.00038"
"1MI5","4","1000","1000","Success","0.00035"
"3D2B","4","11","11","Success","0.00051"
"7U91","4","1110","1110","Success","0.00038"
"5QGN","4","11","11","Success","0.00074"
"3PJS","4","1100","1100","Success","0.00026"
"2MD0","4","1100","1100","Success","0.00026"
"1TIO","4","0","0","Success","0.00067"
"2E0P","4","101","101","Success","0.00043"
"6JO3","4","110","110","Success","0.00062"
"1RPY","4","11","11","Success","0.00078"
"8CYR","4","111","111","Success","0.00034"
"3EP1","4","1100","1100","Success","0.00052"
"6K07","4","1110","1110","Success","0.00066"
"7RTY","4","11","11","Success","0.00044"
"3WJ8","4","10","10","Success","0.00023"
"6ULA","4","110","110","Success","0.00018"
"4HWE","4","1101","1101","Success","0.00048"
"4ID2","4","1110","1110","Success","0.00059"
"6G79","4","100","100","Success","0.00034"
"5YDO","4","101","101","Success","0.00066"
"6X2B","4","10","10","Success","0.00019"
"4MON","4","111","111","Success","0.0007"
"6LXJ","4","1100","1100","Success","0.00017"
"4R53","4","100","100","Success","0.00028"
"6VKK","4","1100","1100","Success","0.00027"
"6R0Z","4","1111","1111","Success","0.00013"
"7YFL","4","0","0","Success","0.00019"
"2WYA","4","101","101","Success","0.00023"
"5WEQ","4","1101","1101","Success","0.00049"
"8RNZ","4","0","0","Success","0.00079"
"2AXA","4","111","111","Success","0.00064"
"3DCF","4","1001","1001","Success","0.00051"
"4H0R","4","110","110","Success","0.00044"
"1CCA","4","111","111","Success","0.00059"
"2JCM","4","1000","1000","Success","0.00046"
"4TRG","4","1000","1000","Success","0.0003"
"8F6K","4","1000","1000","Success","0.00029"
"1J4A","4","0","0","Success","0.00027"
"3S6B","4","1","1","Success","0.00053"
"6OUW","4","1010","1010","Success","0.00043"
"2RI3","4","1001","1001","Success","0.00055"
"6P8L","4","1010","1010","Success","0.00023"
"8SAQ","4","101","101","Success","0.00021"
"3FO0","4","11","11","Success","0.00047"
"7JJG","4","1010","1010","Success","0.00085"
"5RLT","4","1110","1110","Success","0.00029"
"3FXW","4","1011","1011","Success","0.00059"
"5BON","4","0","0","Success","0.00028"
"6FX3","4","0","0","Success","0.00109"
"6C4K","4","0","0","Success","0.00027"
"6TUS","4","1011","1011","Success","0.00041"
"5PZ1","4","1","1","Success","0.00051"
"1DV6","4","1101","1101","Success","0.00024"
"3SLB","4","1011","1011","Success","0.00031"
"2DDR","4","1000","1000","Success","0.00029"
"3DIK","4","1001","1001","Success","0.00067"
"3QFX","4","1101","1101","Success","0.00047"
"2QPA","4","1000","1000","Success","0.00033"
"7AHU","4","1011","1011","Success","0.00026"
"6OEY","4","110","110","Success","0.00032"
"6NF3","4","1010","1010","Success","0.00097"
"4KIR","4","1011","1011","Success","0.00033"
"5TDC","4","1001","1001","Success","0.00082"
"2LTO","4","1101","1101","Success","0.00025"
"6JPE","4","100","100","Success","0.00059"
"3GDW","4","111","111","Success","0.00061"
"7GBE","4","1","1","Success","0.00056"
"3KHB","4","1110","1110","Success","0.00048"
"9FBA","4","1","1","Success","0.00023"
"4HW9","4","111","111","Success","0.00024"
"7UUK","4","1111","1111","Success","0.00034"
"5NPN","4","100","100","Success","0.00029"
"5WFG","4","1100","1100","Success","0.0003"
"4EZV","4","101","101","Success","0.00046"
"3PQ6","4","1010","1010","Success","0.00018"
"2N4I","4","111","111","Success","0.0002"
"3H4Q","4","111","111","Success","0.00083"
"1WS4","4","101","101","Success","0.00042"
"8JE7","4","1001","1001","Success","0.00031"
"7L2X","4","0","0","Success","0.00022"
"2IY8","4","1101","1101","Success","0.00052"
"5EYO","4","0","0","Success","0.00074"
"2P2T","4","110","110","Success","0.00098"
"1WAU","4","101","101","Success","0.00069"
"2CKK","4","1","1","Success","0.0009"
"8EQJ","4","1001","1001","Success","0.0005"
"7V09","4","1111","1111","Success","0.00035"
"1NDF","4","11","11","Success","0.00028"
"7P7M","4","1001","1001","Success","0.00015"
"7TJJ","4","1000","1000","Success","0.00019"
"1NSQ","4","0","0","Success","0.00047"
"7D7U","4","10","10","Success","0.00048"
"4QEF","4","1111","1111","Success","0.00062"
"3UUZ","4","111","111","Success","0.00047"
"5XMY","4","110","110","Success","0.00087"
"4DK9","4","1110","1110","Success","0.00085"
"3L6A","4","1101","1101","Success","0.00052"
"3BYV","4","1011","1011","Success","0.00053"
"5NIJ","4","1010","1010","Success","0.00023"
"5GO1","4","1100","1100","Success","0.00094"
"5PTG","4","1101","1101","Success","0.00063"
"3MGP","4","1110","1110","Success","0.00036"
"6KF8","4","111","111","Success","0.00043"
"4Q7J","4","1001","1001","Success","0.00019"
"9NV7","4","1001","1001","Success","0.00017"
"5TJT","4","1","1","Success","0.00024"
"8ZNO","4","1110","1110","Success","0.00016"
"1M4Y","4","1011","1011","Success","0.00045"
"1OI1","4","10","10","Success","0.0007"
"4OEB","4","100","100","Success","0.00042"
"9BKU","4","111","111","Success","0.00021"
"6HOA","4","0","0","Success","0.0007"
"5ZTY","4","0","0","Success","0.00047"
"7UM0","4","10","10","Success","0.00019"
"4I8N","4","110","110","Success","0.00056"
"8VEO","4","100","100","Success","0.00033"
"5O7M","4","1100","1100","Success","0.00052"
"7OTF","4","10","10","Success","0.00048"
"2DMF","4","10","10","Success","0.00019"
"5YZP","4","1011","1011","Success","0.00071"
"9J2Y","4","10","10","Success","0.00039"
"7Q65","4","1001","1001","Success","0.00033"
"6BE3","4","100","100","Success","0.00048"
"3RJL","4","100","100","Success","0.00015"
"7GIH","4","110","110","Success","0.0004"
"6YYU","4","1","1","Success","0.00048"
"4MUO","4","11","11","Success","0.00039"
"3KZG","4","1111","1111","Success","0.00034"
"1SN7","4","1111","1111","Success","0.00052"
"3DE9","4","1","1","Success","0.00094"
"8G4H","4","1000","1000","Success","0.00056"
"1Y3T","4","1110","1110","Success","0.0004"
"6Q2T","4","110","110","Success","0.00034"
"2C6O","4","1100","1100","Success","0.00059"
"4QWA","4","1000","1000","Success","0.00055"
"4XCO","4","1001","1001","Success","0.00049"
"3HFS","4","1001","1001","Success","0.0004"
"1BP0","4","1000","1000","Success","0.00055"
"1XR6","4","1000","1000","Success","0.00047"
"8YAR","4","1110","1110","Success","0.00022"
"9IQT","4","1101","1101","Success","0.00029"
"1KRT","4","10","10","Success","0.00032"
"4ZOU","4","1011","1011","Success","0.00092"
"9FBJ","4","100","100","Success","0.00022"
"6CER","4","0","0","Success","0.00019"
"8DAV","4","101","101","Success","0.00015"
"5EQA","4","10","10","Success","0.00031"
"8UB2","4","1011","1011","Success","0.00064"
"5LLO","4","1100","1100","Success","0.0003"
"1R3B","4","100","100","Success","0.00016"
"4WSP","4","100","100","Success","0.00107"
"2D5M","4","110","110","Success","0.00073"
"2AXQ","4","1000","1000","Success","0.00047"
"3OZM","4","1010","1010","Success","0.00018"
"6BNV","4","1","1","Success","0.00011"
"3TSS","4","1000","1000","Success","0.00073"
"3IDU","4","1001","1001","Success","0.00065"
"8R23","4","10","10","Success","0.00025"
"8YEW","4","1011","1011","Success","0.00082"
"7YQF","4","0","0","Success","0.00039"
"5AKI","4","11","11","Success","0.00043"
"5PUB","4","110","110","Success","0.00062"
"1LLW","4","1","1","Success","0.00026"
"6HUP","4","1000","1000","Success","0.00023"
"2CNJ","4","10","10","Success","0.00018"
"5A9E","4","10","10","Success","0.00015"
"6C72","4","1","1","Success","0.00024"
"1VGO","4","1000","1000","Success","0.00046"
"3HNM","4","101","101","Success","0.00039"
"9EG4","4","0","0","Success","0.00019"
"4MGJ","4","1010","1010","Success","0.00047"
"6NFK","4","101","101","Success","0.00071"
"8YYE","4","100","100","Success","0.00036"
"6P3R","4","100","100","Success","0.00028"
"8GSC","4","101","101","Success","0.00032"
"1ISS","4","111","111","Success","0.00033"
"4EY4","4","10","10","Success","0.00029"
"3QJT","4","1101","1101","Success","0.00037"
"3FZE","4","1111","1111","Success","0.00069"
"7N6M","4","1011","1011","Success","0.00068"
"6XTB","4","1","1","Success","0.00063"
"4KH4","4","1","1","Success","0.00028"
"8I3X","4","1000","1000","Success","0.00092"
"3TED","4","0","0","Success","0.00068"
"4Q9F","4","100","100","Success","0.00062"
"6SNK","4","1101","1101","Success","0.00052"
"2CZ2","4","0","0","Success","0.00067"
"5BWO","4","1111","1111","Success","0.00057"
"4YQJ","4","1001","1001","Success","0.00064"
"1PX9","4","1001","1001","Success","0.00152"
"6Q13","4","110","110","Success","0.00027"
"5T5B","4","100","100","Success","0.00028"
"4YYE","4","1001","1001","Success","0.00035"
"1IGJ","4","1001","1001","Success","0.00034"
"1E8U","4","100","100","Success","0.00032"
"7YKZ","4","11","11","Success","0.00015"
"9EUQ","4","11","11","Success","0.00034"
"5N5J","4","1010","1010","Success","0.00078"
"4G45","4","1011","1011","Success","0.0005"
"3OM2","4","1010","1010","Success","0.00047"
"3CZN","4","10","10","Success","0.00031"
"9JA1","4","1100","1100","Success","0.00017"
"9ENF","4","1101","1101","Success","0.00042"
"9FFS","4","1111","1111","Success","0.00023"
"3KRU","4","1001","1001","Success","0.00026"
"8V3Y","4","1","1","Success","0.0001"
"4Z8E","4","10","10","Success","0.00076"
"4US7","4","1011","1011","Success","0.00076"
"7ENO","4","111","111","Success","0.00039"
"3V9V","4","1000","1000","Success","0.00059"
"9H7X","4","1010","1010","Success","0.00046"
"2ENP","4","1000","1000","Success","0.00018"
"7VS7","4","1101","1101","Success","0.00068"
"5BTN","4","1011","1011","Success","0.00026"
"4ILE","4","111","111","Success","0.00075"
"7WZU","4","111","111","Success","0.00035"
"2JA6","4","1111","1111","Success","0.00016"
"3IHU","4","11","11","Success","0.0005"
"5PLJ","4","10","10","Success","0.00053"
"3JCZ","4","100","100","Success","0.00018"
"7R7S","4","0","0","Success","0.00015"
"5OFH","4","111","111","Success","0.00055"
"7MIN","4","11","11","Success","0.0002"
"2VD0","4","1010","1010","Success","0.00036"
"7LAF","4","1001","1001","Success","0.00027"
"8E5W","4","100","100","Success","0.00046"
"4I5I","4","1010","1010","Success","0.00041"
"3N0I","4","1100","1100","Success","0.00042"
"2EQ5","4","111","111","Success","0.00034"
"5EFX","4","1111","1111","Success","0.00083"
"1GQ2","4","101","101","Success","0.00011"
"2WNH","4","100","100","Success","0.00035"
"2INQ","4","1001","1001","Success","0.00055"
"8Z12","4","1101","1101","Success","0.00049"
"5UP1","4","1011","1011","Success","0.00027"
"7BMU","4","1001","1001","Success","0.00092"
"7DXX","4","1100","1100","Success","0.00101"
"5HVW","4","110","110","Success","0.00069"
"3BOK","4","1100","1100","Success","0.00049"
"6FRO","4","1110","1110","Success","0.00088"
"8IRO","4","1100","1100","Success","0.0003"
"5HUM","4","1000","1000","Success","0.00024"
"4ANO","4","111","111","Success","0.00063"
"3HHH","4","1111","1111","Success","0.00068"
"3PX7","4","10","10","Success","0.00041"
"6W30","4","100","100","Success","0.00059"
"8BBE","4","10","10","Success","0.0002"
"2LQN","4","1011","1011","Success","0.00013"
"1D1Q","4","0","0","Success","0.00054"
"8S37","4","1100","1100","Success","0.00018"
"2VIH","4","10","10","Success","0.0006"
"1CM5","4","101","101","Success","0.00026"
"4TUQ","4","1","1","Success","0.00055"
"2Y1O","4","1011","1011","Success","0.00047"
"1T3X","4","1","1","Success","0.00085"
"4HL6","4","101","101","Success","0.00021"
"4QUC","4","1","1","Success","0.00136"
"3HHD","4","11","11","Success","0.00016"
"4S31","4","10","10","Success","0.00053"
"8XBO","4","110","110","Success","0.00042"
"8P3B","4","1000","1000","Success","0.00075"
"1B4S","4","1100","1100","Success","0.00045"
"3PCE","4","11","11","Success","0.0002"
"1Y4H","4","1010","1010","Success","0.00042"
"5BWX","4","1000","1000","Success","0.00037"
"9EM3","4","1101","1101","Success","0.0005"
"3FBE","4","110","110","Success","0.00036"
"2DT6","4","1","1","Success","0.00028"
"6DNJ","4","100","100","Success","0.00062"
"5KAJ","4","1010","1010","Success","0.00014"
"5AVI","4","100","100","Success","0.00045"
"3V6F","4","11","11","Success","0.00024"
"2MEZ","4","111","111","Success","0.00025"
"1YSW","4","1111","1111","Success","0.00078"
"6-Feb","4","1101","1101","Success","0.00039"
"1KQ9","4","1011","1011","Success","0.00052"
"1F04","4","1","1","Success","0.00018"
"9DUV","4","1010","1010","Success","0.00021"
"1SGR","4","111","111","Success","0.00067"
"6KRX","4","1011","1011","Success","0.00057"
"8HJQ","4","1101","1101","Success","0.00049"
"5LZ8","4","10","10","Success","0.00052"
"1P7C","4","1","1","Success","0.00039"
"8E9H","4","1100","1100","Success","0.00014"
"3VA3","4","1011","1011","Success","0.00049"
"3PSS","4","1001","1001","Success","0.00048"
"3CTY","4","101","101","Success","0.0004"
"9CX6","4","1011","1011","Success","0.00083"
"1DO0","4","10","10","Success","0.0002"
"4V1N","4","10","10","Success","0.00015"
"2DDZ","4","1000","1000","Success","0.00029"
"3WT5","4","1000","1000","Success","0.00063"
"4XZJ","4","1001","1001","Success","0.00063"
"9BOR","4","11","11","Success","0.00043"
"7O6W","4","1110","1110","Success","0.00085"
"1PP8","4","10","10","Success","0.00038"
"2QMA","4","100","100","Success","0.00034"
"3CCW","4","100","100","Success","0.00025"
"7WL3","4","1001","1001","Success","0.00038"
"6C4A","4","1110","1110","Success","0.00017"
"1BID","4","101","101","Success","0.00062"
"4WAN","4","1110","1110","Success","0.00045"
"5D49","4","110","110","Success","0.00053"
"1PF9","4","10","10","Success","0.00011"
"5DUO","4","101","101","Success","0.00047"
"4BOF","4","1100","1100","Success","0.00017"
"7LPW","4","1001","1001","Success","0.00031"
"9GUR","4","1101","1101","Success","0.00017"
"7AE2","4","1011","1011","Success","0.00057"
"8H2X","4","110","110","Success","0.00041"
"4JVR","4","10","10","Success","0.00058"
"5IRF","4","1","1","Success","0.00029"
"8PUI","4","11","11","Success","0.00024"
"6V06","4","1101","1101","Success","0.00055"
"3PX3","4","1","1","Success","0.00046"
"7DHX","4","1011","1011","Success","0.00036"
"6REA","4","11","11","Success","0.00015"
"5OJG","4","101","101","Success","0.00044"
"6Q9L","4","100","100","Success","0.00072"
"8U1E","4","110","110","Success","0.00041"
"7NU7","4","1001","1001","Success","0.00034"
"1DGN","4","1000","1000","Success","0.00024"
"8C33","4","10","10","Success","0.00034"
"2YBA","4","110","110","Success","0.00035"
"2FAP","4","1001","1001","Success","0.00072"
"4LMJ","4","1010","1010","Success","0.00024"
"6KXO","4","1001","1001","Success","0.00046"
"4GFJ","4","11","11","Success","0.00039"
"4KZ3","4","0","0","Success","0.00037"
"4OYD","4","1001","1001","Success","0.00042"
"7Z4T","4","100","100","Success","0.0004"
"1PLA","4","110","110","Success","0.00019"
"3QTL","4","101","101","Success","0.00033"
"5XSR","4","1000","1000","Success","0.00054"
"6XFT","4","1010","1010","Success","0.0006"
"2Y5Y","4","1101","1101","Success","0.00036"
"6ENB","4","110","110","Success","0.0004"
"3I64","4","110","110","Success","0.00039"
"2Q1D","4","1111","1111","Success","0.00059"
"4E0Z","4","0","0","Success","0.00057"
"4ZII","4","10","10","Success","0.00077"
"4M5C","4","110","110","Success","0.00067"
"7XZY","4","1011","1011","Success","0.00036"
"8FH9","4","1101","1101","Success","0.00056"
"6YWW","4","111","111","Success","0.00119"
"3DVQ","4","1011","1011","Success","0.00058"
"2JWG","4","11","11","Success","0.00024"
"5FS8","4","110","110","Success","0.00044"
"5JSE","4","1011","1011","Success","0.00024"
"6B8Y","4","1010","1010","Success","0.00058"
"3D2F","4","111","111","Success","0.00021"
"8OM1","4","0","0","Success","0.00011"
"4O4H","4","101","101","Success","0.0002"
"6HNN","4","10","10","Success","0.00027"
"6HTY","4","1111","1111","Success","0.00041"
"1BSV","4","1111","1111","Success","0.00056"
"9FZP","4","101","101","Success","0.00045"
"6QG1","4","110","110","Success","0.00015"
"5TQC","4","1011","1011","Success","0.00033"
"2D9M","4","10","10","Success","0.00026"
"8WRC","4","110","110","Success","0.0002"
"3QOL","4","1111","1111","Success","0.00087"
"4Q8B","4","0","0","Success","0.00032"
"5AM0","4","101","101","Success","0.00043"
"4Z2H","4","1100","1100","Success","0.00043"
"1ZC9","4","1001","1001","Success","0.00048"
"9CBM","4","1100","1100","Success","0.00034"
"8PUP","4","1001","1001","Success","0.00074"
"1E4U","4","110","110","Success","0.0002"
"5TYY","4","1011","1011","Success","0.00052"
"8D95","4","0","0","Success","0.00066"
"4CBQ","4","110","110","Success","0.0004"
"1KIV","4","1001","1001","Success","0.00109"
"8TAD","4","1111","1111","Success","0.00061"
"8Q17","4","1100","1100","Success","0.00042"
"5EU2","4","1111","1111","Success","0.00083"
"3KZE","4","111","111","Success","0.00055"
"3QAM","4","1110","1110","Success","0.00052"
"3D5Z","4","1101","1101","Success","0.00057"
"3ZCS","4","1111","1111","Success","0.00034"
"3TYF","4","111","111","Success","0.00034"
"4JEA","4","110","110","Success","0.00046"
"1V19","4","1111","1111","Success","0.00041"
"5Y0O","4","1101","1101","Success","0.00034"
"3REF","4","110","110","Success","0.00053"
"6DVI","4","101","101","Success","0.0002"
"6YE1","4","1010","1010","Success","0.0003"
"7OC5","4","101","101","Success","0.00036"
"7OAR","4","1001","1001","Success","0.00034"
"4KW1","4","1111","1111","Success","0.00024"
"3H7G","4","1010","1010","Success","0.00075"
"3EU7","4","1100","1100","Success","0.00055"
"7Z2G","4","11","11","Success","0.00032"
"9C3J","4","1010","1010","Success","0.00039"
"2P66","4","1","1","Success","0.00052"
"1-Aug","4","1","1","Success","0.00034"
"5WMA","4","100","100","Success","0.00088"
"4ROC","4","1110","1110","Success","0.00045"
"5PTO","4","101","101","Success","0.00063"
"2ZA4","4","1100","1100","Success","0.00051"
"8ZTE","4","100","100","Success","0.00036"
"7EX3","4","10","10","Success","0.00074"
"7DSF","4","110","110","Success","0.00044"
"5KSQ","4","110","110","Success","0.00045"
"7MW8","4","11","11","Success","0.0002"
"6KPL","4","1100","1100","Success","0.00056"
"7NQU","4","101","101","Success","0.00036"
"2WN8","4","101","101","Success","0.00051"
"7BUJ","4","10","10","Success","0.00037"
"6J7X","4","100","100","Success","0.00035"
"9R2E","4","100","100","Success","0.00028"
"4BPB","4","1101","1101","Success","0.0004"
"7FCT","4","1101","1101","Success","0.00045"
"3BGH","4","101","101","Success","0.00051"
"7UZY","4","1111","1111","Success","0.00023"
"7SX9","4","1101","1101","Success","0.0002"
"5IEI","4","11","11","Success","0.00085"
"3HBZ","4","1000","1000","Success","0.00055"
"4A7W","4","101","101","Success","0.00046"
"4OWC","4","1","1","Success","0.00088"
"5BN3","4","1010","1010","Success","0.00032"
"1F9N","4","110","110","Success","0.00033"
"2LNM","4","111","111","Success","0.00028"
"6MW5","4","1100","1100","Success","0.00065"
"7NJU","4","1110","1110","Success","0.00029"
"1BCK","4","1101","1101","Success","0.00073"
"5QMP","4","1101","1101","Success","0.00051"
"8ORG","4","1100","1100","Success","0.00062"
"4DSR","4","100","100","Success","0.00038"
"4G08","4","1111","1111","Success","0.00083"
"8EQI","4","1010","1010","Success","0.00037"
"2DLY","4","0","0","Success","0.00019"
"7WYO","4","10","10","Success","0.0005"
"6W6O","4","1000","1000","Success","0.00031"
"8YP9","4","101","101","Success","0.00031"
"5V60","4","0","0","Success","0.00054"
"5WGZ","4","1110","1110","Success","0.00039"
"5CQC","4","1","1","Success","0.00053"
"2H7W","4","11","11","Success","0.00068"
"8IEX","4","1100","1100","Success","0.00024"
"1WKG","4","111","111","Success","0.00036"
"3K26","4","1","1","Success","0.00054"
"5.00E+02","4","100","100","Success","0.00032"
"5QZ9","4","111","111","Success","0.00042"
"8IZR","4","1111","1111","Success","0.00027"
"8ERH","4","101","101","Success","0.00043"
"4GYN","4","11","11","Success","0.00054"
"7EMN","4","110","110","Success","0.00031"
"7CNX","4","1111","1111","Success","0.00029"
"1MAS","4","1110","1110","Success","0.00041"
"2VIC","4","1111","1111","Success","0.00059"
"3LH5","4","1110","1110","Success","0.00062"
"2W19","4","1","1","Success","0.00031"
"1DOV","4","10","10","Success","0.00075"
"7QGJ","4","1011","1011","Success","0.00079"
"6IMN","4","10","10","Success","0.00034"
"7KLV","4","101","101","Success","0.00027"
"3UK1","4","100","100","Success","0.00027"
"7Z5I","4","111","111","Success","0.00096"
"4BTA","4","1100","1100","Success","0.00045"
"3QV0","4","1101","1101","Success","0.00075"
"8P89","4","10","10","Success","0.00039"
"2ZT2","4","10","10","Success","0.00081"
"7XGL","4","1000","1000","Success","0.00039"
"1L0E","4","101","101","Success","0.00038"
"7POH","4","1101","1101","Success","0.00073"
"5YGH","4","1111","1111","Success","0.00083"
"4V0I","4","11","11","Success","0.00025"
"4ZS7","4","1110","1110","Success","0.00042"
"2P2D","4","11","11","Success","0.00027"
"6T3H","4","1100","1100","Success","0.00037"
"5H0W","4","11","11","Success","0.00092"
"3SVZ","4","111","111","Success","0.00045"
"2QB5","4","11","11","Success","0.00038"
"4IY2","4","11","11","Success","0.00058"
"4FMF","4","1","1","Success","0.00028"
"2MXZ","4","1","1","Success","0.00019"
"8HGC","4","10","10","Success","0.00048"
"3KQR","4","1110","1110","Success","0.0003"
"7H5F","4","0","0","Success","0.00054"
"3MSO","4","10","10","Success","0.00062"
"1DOS","4","1110","1110","Success","0.00037"
"5DIY","4","101","101","Success","0.00033"
"6MWA","4","100","100","Success","0.00064"
"1GY1","4","110","110","Success","0.00054"
"2V71","4","1010","1010","Success","0.00055"
"1TUH","4","110","110","Success","0.00084"
"1KF8","4","1010","1010","Success","0.00088"
"4NHJ","4","101","101","Success","0.00071"
"4NX8","4","100","100","Success","0.00044"
"7Y4F","4","0","0","Success","0.00019"
"4KXX","4","1000","1000","Success","0.00037"
"3KG5","4","1000","1000","Success","0.00069"
"4ZL1","4","101","101","Success","0.00051"
"1OXK","4","110","110","Success","0.00024"
"2OP0","4","11","11","Success","0.00042"
"7QS0","4","1001","1001","Success","0.00044"
"9IY2","4","1110","1110","Success","0.00022"
"5X3H","4","100","100","Success","0.00044"
"4J3C","4","1110","1110","Success","0.00048"
"5D3G","4","1011","1011","Success","0.00022"
"3KP7","4","101","101","Success","0.00057"
"6YK2","4","1100","1100","Success","0.00058"
"8OY0","4","1111","1111","Success","0.00021"
"1EIL","4","1110","1110","Success","0.00059"
"8W6I","4","10","10","Success","0.00032"
"1BOG","4","1001","1001","Success","0.00047"
"8WVY","4","1110","1110","Success","0.00031"
"3PHG","4","111","111","Success","0.00043"
"1HK2","4","10","10","Success","0.00042"
"1XGW","4","100","100","Success","0.00083"
"3P04","4","1010","1010","Success","0.00085"
"4CC1","4","0","0","Success","0.0004"
"8URG","4","1","1","Success","0.00105"
"4KZT","4","100","100","Success","0.00024"
"3CZU","4","1101","1101","Success","0.00057"
"5F8B","4","1","1","Success","0.00068"
"6QJQ","4","11","11","Success","0.00076"
"1QMT","4","1101","1101","Success","0.00086"
"7MBM","4","1000","1000","Success","0.00023"
"4D9J","4","100","100","Success","0.00014"
"2WVK","4","1011","1011","Success","0.00037"
"2DQ3","4","1001","1001","Success","0.00035"
"4M3U","4","1100","1100","Success","0.00033"
"4D0R","4","1010","1010","Success","0.00059"
"4ZXF","4","1001","1001","Success","0.00029"
"1EQU","4","101","101","Success","0.00042"
"4N9M","4","1000","1000","Success","0.00058"
"4V2D","4","1","1","Success","0.00054"
"3T2N","4","100","100","Success","0.00025"
"1EZX","4","100","100","Success","0.00043"
"1B8L","4","1010","1010","Success","0.00096"
"3TPT","4","0","0","Success","0.00035"
"9C0E","4","1001","1001","Success","0.00023"
"8XOK","4","1001","1001","Success","0.00029"
"9GGQ","4","1001","1001","Success","0.00019"
"4W6E","4","11","11","Success","0.00068"
"2AYU","4","1100","1100","Success","0.00059"
"1HSO","4","1110","1110","Success","0.00037"
"1AV6","4","1010","1010","Success","0.00059"
"5KAV","4","10","10","Success","0.00075"
"3WVS","4","110","110","Success","0.0005"
"7BWL","4","11","11","Success","0.00074"
"2JCA","4","0","0","Success","0.0005"
"2ZUE","4","11","11","Success","0.00041"
"4NAH","4","1","1","Success","0.00031"
"1B9L","4","10","10","Success","0.00031"
"3NFQ","4","0","0","Success","0.00058"
"6KJE","4","10","10","Success","0.00035"
"6QF9","4","1111","1111","Success","0.00046"
"2HV4","4","1110","1110","Success","0.00016"
"6FJT","4","1111","1111","Success","0.00057"
"7YVH","4","1010","1010","Success","0.00048"
"5HYS","4","1000","1000","Success","0.00019"
"7XVE","4","1101","1101","Success","0.00024"
"1C9I","4","1","1","Success","0.00037"
"4DTN","4","1110","1110","Success","0.00032"
"1L2W","4","1111","1111","Success","0.00029"
"2FDA","4","1110","1110","Success","0.00063"
"3BTE","4","1000","1000","Success","0.0006"
"4MVT","4","101","101","Success","0.0003"
"5NIE","4","1100","1100","Success","0.00023"
"5WRT","4","1011","1011","Success","0.00047"
"8VKK","4","1110","1110","Success","0.00018"
"8SL1","4","1001","1001","Success","0.00034"
"4RDQ","4","0","0","Success","0.00016"
"5YLJ","4","1010","1010","Success","0.00021"
"1HF3","4","0","0","Success","0.00035"
"4WIB","4","1","1","Success","0.00054"
"6EYJ","4","110","110","Success","0.00042"
"1J4V","4","1011","1011","Success","0.00069"
"3M4A","4","110","110","Success","0.00056"
"4YEK","4","100","100","Success","0.00034"
"1RHP","4","1001","1001","Success","0.00061"
"5WFN","4","1011","1011","Success","0.0003"
"5DK4","4","10","10","Success","0.00056"
"7KTX","4","1000","1000","Success","0.00021"
"4XX0","4","1001","1001","Success","0.00038"
"7D6Q","4","111","111","Success","0.00039"
"3G0Y","4","1001","1001","Success","0.00049"
"7F3J","4","1010","1010","Success","0.00053"
"5FDW","4","1001","1001","Success","0.00051"
"7E3S","4","0","0","Success","0.00058"
"2K54","4","1100","1100","Success","0.0002"
"2ODA","4","110","110","Success","0.0005"
"9F5P","4","11","11","Success","0.00036"
"7A5S","4","101","101","Success","0.00021"
"8CJW","4","1010","1010","Success","0.00047"
"1H8L","4","1001","1001","Success","0.0005"
"5YIB","4","1101","1101","Success","0.00055"
"3LXT","4","101","101","Success","0.00035"
"3I5F","4","0","0","Success","0.00028"
"1JNE","4","1100","1100","Success","0.00048"
"3TQQ","4","1000","1000","Success","0.00058"
"7QJL","4","1100","1100","Success","0.00047"
"1RBP","4","1101","1101","Success","0.00076"
"4N7B","4","110","110","Success","0.00054"
"5RY4","4","1101","1101","Success","0.00043"
"3O4F","4","1111","1111","Success","0.00021"
"4AJ0","4","10","10","Success","0.00046"
"6V0X","4","1101","1101","Success","0.00097"
"7QXI","4","1011","1011","Success","0.00016"
"5QAS","4","1100","1100","Success","0.00031"
"3CWM","4","1111","1111","Success","0.00052"
"3IS0","4","1111","1111","Success","0.00051"
"5HEZ","4","11","11","Success","0.00029"
"8XDL","4","1100","1100","Success","0.0003"
"6I30","4","11","11","Success","0.00052"
"4XEY","4","111","111","Success","0.0004"
"2DVC","4","0","0","Success","0.00054"
"1CJ5","4","110","110","Success","0.00025"
"8ZW7","4","0","0","Success","0.00026"
"7OPP","4","1","1","Success","0.00048"
"3D6Z","4","100","100","Success","0.00059"
"6QUA","4","100","100","Success","0.00047"
"6LTH","4","1111","1111","Success","0.00023"
"7W83","4","11","11","Success","0.0005"
"1WLP","4","110","110","Success","0.00078"
"1GR5","4","1101","1101","Success","0.00012"
"2QHC","4","1110","1110","Success","0.00068"
"6GCY","4","11","11","Success","0.00059"
"8X7S","4","1111","1111","Success","0.00029"
"3GVV","4","1001","1001","Success","0.00053"
"3O8L","4","1110","1110","Success","0.00025"
"9BCT","4","1001","1001","Success","0.00014"
"5AXM","4","1101","1101","Success","0.00047"
"3PLZ","4","111","111","Success","0.00044"
"1NOU","4","1100","1100","Success","0.00031"
"2JXH","4","1110","1110","Success","0.00019"
"5E1L","4","111","111","Success","0.00073"
"2DRD","4","1101","1101","Success","0.00018"
"6DQL","4","1111","1111","Success","0.00047"
"1M3I","4","100","100","Success","0.00023"
"6PPG","4","1101","1101","Success","0.0003"
"6PHF","4","1001","1001","Success","0.00028"
"4OJX","4","110","110","Success","0.00053"
"6UPJ","4","1111","1111","Success","0.00068"
"5JRN","4","1010","1010","Success","0.00073"
"4R03","4","1110","1110","Success","0.0009"
"1SU5","4","101","101","Success","0.00045"
"1TE3","4","1111","1111","Success","0.00062"
"4W5H","4","1001","1001","Success","0.00071"
"8P7V","4","100","100","Success","0.00055"
"5FVT","4","10","10","Success","0.00032"
"8R0J","4","1000","1000","Success","0.00033"
"5LZL","4","111","111","Success","0.00016"
"2C7L","4","110","110","Success","0.00055"
"5SM4","4","11","11","Success","0.00047"
"6O6N","4","111","111","Success","0.00071"
"6NLU","4","10","10","Success","0.00071"
"1WEE","4","100","100","Success","0.00027"
"1T6A","4","101","101","Success","0.00092"
"8BGA","4","11","11","Success","0.00041"
"2KAA","4","1","1","Success","0.0002"
"8QH0","4","1010","1010","Success","0.00039"
"2ZQX","4","111","111","Success","0.00028"
"4TKG","4","1100","1100","Success","0.00035"
"7JR1","4","1011","1011","Success","0.00021"
"1HES","4","101","101","Success","0.00059"
"6N9N","4","110","110","Success","0.00037"
"6ZZE","4","1110","1110","Success","0.00025"
"1LYI","4","1100","1100","Success","0.00079"
"2RD8","4","1000","1000","Success","0.00042"
"7VTM","4","1110","1110","Success","0.00052"
"5HK1","4","101","101","Success","0.00038"
"8JT4","4","110","110","Success","0.00062"
"7XY3","4","0","0","Success","0.00017"
"3MI0","4","100","100","Success","0.00013"
"4Y21","4","11","11","Success","0.00043"
"4DX2","4","10","10","Success","0.00044"
"8IYG","4","10","10","Success","0.00022"
"4OSW","4","1011","1011","Success","0.00032"
"3P1T","4","1101","1101","Success","0.00028"
"1GWC","4","100","100","Success","0.00038"
"5DHI","4","1001","1001","Success","0.00043"
"5NAG","4","1010","1010","Success","0.00033"
"8.00E+70","4","110","110","Success","0.00019"
"4JB4","4","10","10","Success","0.0004"
"2B8T","4","1110","1110","Success","0.00035"
"9JN3","4","1001","1001","Success","0.0004"
"4BU7","4","101","101","Success","0.00049"
"3V9W","4","1011","1011","Success","0.00035"
"8HXZ","4","1101","1101","Success","0.00034"
"1TUX","4","1111","1111","Success","0.00056"
"1IAX","4","1100","1100","Success","0.00033"
"5SJ3","4","1100","1100","Success","0.00028"
"1JSL","4","1010","1010","Success","0.00027"
"1EW0","4","111","111","Success","0.00086"
"1RDP","4","101","101","Success","0.00042"
"6LFN","4","1110","1110","Success","0.00033"
"4ZOP","4","1001","1001","Success","0.00028"
"8G7I","4","1","1","Success","0.00059"
"5QXM","4","1010","1010","Success","0.00081"
"4U39","4","1100","1100","Success","0.00019"
"5OXP","4","1110","1110","Success","0.00046"
"3K13","4","1111","1111","Success","0.00034"
"4PV6","4","11","11","Success","0.0002"
"4AV8","4","0","0","Success","0.00054"
"2FER","4","10","10","Success","0.0005"
"6SNU","4","0","0","Success","0.00023"
"5VN5","4","111","111","Success","0.00031"
"3FPA","4","1010","1010","Success","0.00033"
"4YMO","4","1111","1111","Success","0.00053"
"3CKY","4","1110","1110","Success","0.00029"
"4G2H","4","1010","1010","Success","0.00063"
"5MJ3","4","1","1","Success","0.00042"
"1VFZ","4","1101","1101","Success","0.00053"
"9FG3","4","1001","1001","Success","0.00023"
"1H4C","4","1011","1011","Success","0.00074"
"5J4R","4","1101","1101","Success","0.0006"
"2ERL","4","1","1","Success","0.00155"
"7AIW","4","1000","1000","Success","0.0003"
"1FYA","4","11","11","Success","0.00073"
"6HOO","4","1","1","Success","0.00045"
"7W8V","4","1000","1000","Success","0.00052"
"6RCZ","4","1","1","Success","0.00044"
"7PEU","4","1110","1110","Success","0.0002"
"4RTX","4","1101","1101","Success","0.00062"
"1T68","4","1010","1010","Success","0.00075"
"7GDC","4","1111","1111","Success","0.00057"
"3A13","4","1000","1000","Success","0.00015"
"2I9E","4","1000","1000","Success","0.00032"
"7UNM","4","1","1","Success","0.00036"
"6NNX","4","1011","1011","Success","0.00083"
"3W44","4","1000","1000","Success","0.00048"
"7DTB","4","1111","1111","Success","0.00086"
"1YRV","4","1","1","Success","0.0008"
"9KHY","4","1001","1001","Success","0.00011"
"2C86","4","110","110","Success","0.0006"
"2G0K","4","10","10","Success","0.00014"
"6W0K","4","1010","1010","Success","0.00043"
"6WTU","4","1011","1011","Success","0.00019"
"2QC7","4","0","0","Success","0.00047"
"1Q57","4","101","101","Success","0.00017"
"2OXC","4","1101","1101","Success","0.00048"
"6ZLZ","4","111","111","Success","0.00021"
"9BFR","4","1111","1111","Success","0.00035"
"1R00","4","1010","1010","Success","0.00052"
"7MQF","4","1000","1000","Success","0.00025"
"4LJ8","4","1110","1110","Success","0.00054"
"1S4Q","4","1111","1111","Success","0.00073"
"8JM6","4","1110","1110","Success","0.00044"
"7GS8","4","100","100","Success","0.0006"
"8OMO","4","1001","1001","Success","0.00027"
"4JKM","4","11","11","Success","0.00023"
"3L7B","4","1111","1111","Success","0.00033"
"8UDP","4","100","100","Success","0.00057"
"3MV7","4","1011","1011","Success","0.00032"
"7ORL","4","100","100","Success","0.00022"
"1YAQ","4","1000","1000","Success","0.00089"
"5O1K","4","10","10","Success","0.00082"
"8W6R","4","111","111","Success","0.0005"
"3ZRA","4","1101","1101","Success","0.00044"
"4NQE","4","111","111","Success","0.00025"
"3TCH","4","0","0","Success","0.00043"
"2B7Y","4","1100","1100","Success","0.00047"
"4NMS","4","1001","1001","Success","0.0007"
"3NIX","4","101","101","Success","0.00018"
"4KAB","4","11","11","Success","0.00042"
"4DJ3","4","1100","1100","Success","0.00042"
"2DLD","4","1010","1010","Success","0.00037"
"1XTP","4","1011","1011","Success","0.00065"
"6H5E","4","1011","1011","Success","0.00028"
"1H6C","4","1110","1110","Success","0.00036"
"4C36","4","1110","1110","Success","0.00052"
"4Y6A","4","0","0","Success","0.00013"
"3UA5","4","100","100","Success","0.00033"
"2DDX","4","10","10","Success","0.00056"
"3KZ5","4","1011","1011","Success","0.00083"
"8HJB","4","1111","1111","Success","0.00052"
"2SOB","4","0","0","Success","0.00031"
"3IE9","4","0","0","Success","0.00094"
"5XWK","4","1001","1001","Success","0.00042"
"3GWH","4","1000","1000","Success","0.00068"
"4H1E","4","0","0","Success","0.00035"
"5QQR","4","101","101","Success","0.00033"
"8FF8","4","1001","1001","Success","0.00038"
"3PHE","4","1111","1111","Success","0.00021"
"2NSR","4","111","111","Success","0.00079"
"3LUP","4","0","0","Success","0.00056"
"5YMU","4","110","110","Success","0.00039"
"7OPK","4","1011","1011","Success","0.00038"
"8ACT","4","0","0","Success","0.00021"
"8PZ0","4","101","101","Success","0.00043"
"5TJH","4","111","111","Success","0.00019"
"8R2T","4","100","100","Success","0.00034"
"8OWF","4","11","11","Success","0.00042"
"7NA0","4","1011","1011","Success","0.00022"
"5X40","4","1010","1010","Success","0.00042"
"4MLO","4","111","111","Success","0.00059"
"6QRC","4","111","111","Success","0.00047"
"4H2X","4","111","111","Success","0.00036"
"2O2Q","4","110","110","Success","0.00022"
"3N35","4","0","0","Success","0.00064"
"5B0E","4","1000","1000","Success","0.0007"
"6LN9","4","1111","1111","Success","0.00032"
"5FPN","4","111","111","Success","0.00036"
"8DEO","4","101","101","Success","0.00033"
"8FPN","4","0","0","Success","0.00085"
"4Q4X","4","1110","1110","Success","0.00035"
"2UYE","4","1010","1010","Success","0.00046"
"6JFU","4","1100","1100","Success","0.00032"
"4FJ1","4","1100","1100","Success","0.00029"
"8DU0","4","1","1","Success","0.00059"
"1IP1","4","10","10","Success","0.00085"
"8Z9C","4","1001","1001","Success","0.00019"
"4PAX","4","1010","1010","Success","0.00053"
"4XWT","4","0","0","Success","0.0003"
"1JVS","4","110","110","Success","0.00036"
"5TFJ","4","1","1","Success","0.00069"
"5I7K","4","10","10","Success","0.0005"
"1A1D","4","1000","1000","Success","0.00081"
"8UE1","4","10","10","Success","0.00055"
"9LUX","4","1","1","Success","0.00025"
"6BIQ","4","11","11","Success","0.0003"
"2UZW","4","1001","1001","Success","0.00053"
"6KY3","4","1010","1010","Success","0.00053"
"3R76","4","11","11","Success","0.00027"
"3HR0","4","10","10","Success","0.00045"
"1KTI","4","1010","1010","Success","0.00035"
"2UX7","4","111","111","Success","0.0009"
"5CB7","4","11","11","Success","0.00054"
"4IXM","4","1110","1110","Success","0.00041"
"6P8F","4","1010","1010","Success","0.00042"
"4LU4","4","1","1","Success","0.00047"
"1JAH","4","1","1","Success","0.00076"
"7O27","4","1000","1000","Success","0.00047"
"1R28","4","1010","1010","Success","0.00064"
"5QOA","4","101","101","Success","0.00049"
"9MOB","4","1011","1011","Success","0.00017"
"3OJO","4","1111","1111","Success","0.00034"
"1G4F","4","1111","1111","Success","0.00024"
"8A8Z","4","1100","1100","Success","0.00037"
"9EWJ","4","1101","1101","Success","0.00023"
"4CE2","4","10","10","Success","0.00065"
"2BHX","4","1001","1001","Success","0.00038"
"1DAI","4","1","1","Success","0.00065"
"4HTV","4","111","111","Success","0.00048"
"5IMU","4","1001","1001","Success","0.00068"
"4PKB","4","1","1","Success","0.00053"
"2ZH5","4","1101","1101","Success","0.00048"
"3NGI","4","1100","1100","Success","0.00032"
"2N97","4","101","101","Success","0.00023"
"2PQM","4","10","10","Success","0.00039"
"6TKK","4","110","110","Success","0.00076"
"3BPP","4","1111","1111","Success","0.00069"
"5KAB","4","1001","1001","Success","0.0006"
"6F73","4","100","100","Success","0.00031"
"4IEE","4","110","110","Success","0.00046"
"7CGY","4","1101","1101","Success","0.00033"
"8IYN","4","1100","1100","Success","0.0009"
"6VWB","4","1001","1001","Success","0.00023"
"5BWF","4","111","111","Success","0.00033"
"4QQ7","4","1","1","Success","0.00048"
"1U1K","4","1101","1101","Success","0.00074"
"1SOM","4","11","11","Success","0.00043"
"6J7B","4","1100","1100","Success","0.0006"
"2IDZ","4","1101","1101","Success","0.00062"
"2YA0","4","10","10","Success","0.00036"
"3KC3","4","1011","1011","Success","0.00018"
"3R9Q","4","10","10","Success","0.00037"
"6WZL","4","111","111","Success","0.00032"
"6DHL","4","1","1","Success","0.00013"
"1AQI","4","100","100","Success","0.00036"
"4A0T","4","1001","1001","Success","0.00042"
"5VW3","4","1101","1101","Success","0.00055"
"6BRH","4","111","111","Success","0.00031"
"7B40","4","110","110","Success","0.0006"
"5QTX","4","100","100","Success","0.00063"
"3RXG","4","101","101","Success","0.00064"
"5DMZ","4","1011","1011","Success","0.00036"
"5L3K","4","110","110","Success","0.00016"
"5EJ2","4","10","10","Success","0.0003"
"4B8O","4","1000","1000","Success","0.00048"
"6N60","4","110","110","Success","0.00017"
"3NC0","4","1111","1111","Success","0.00018"
"8E6A","4","10","10","Success","0.0004"
"8UAB","4","101","101","Success","0.00056"
"5YIX","4","1001","1001","Success","0.00051"
"3J0S","4","0","0","Success","0.00012"
"4GCX","4","1100","1100","Success","0.0005"
"4D35","4","1110","1110","Success","0.00034"
"6EGF","4","1010","1010","Success","0.00059"
"3DXP","4","1011","1011","Success","0.00055"
"5KJT","4","1101","1101","Success","0.00047"
"2LQU","4","1010","1010","Success","0.00025"
"1YYQ","4","1100","1100","Success","0.00038"
"7DR7","4","110","110","Success","0.00012"
"7CIN","4","110","110","Success","0.00038"
"6YRM","4","1000","1000","Success","0.00028"
"3TSW","4","1011","1011","Success","0.00029"
"8GV7","4","1101","1101","Success","0.00037"
"2CSY","4","1111","1111","Success","0.00024"
"1EUN","4","10","10","Success","0.00038"
"3HEQ","4","11","11","Success","0.00069"
"3UMX","4","1100","1100","Success","0.00062"
"7QMV","4","10","10","Success","0.00055"
"3KOL","4","1111","1111","Success","0.00081"
"6FS8","4","111","111","Success","0.00051"
"9GMK","4","1","1","Success","0.0003"
"1EUF","4","100","100","Success","0.00066"
"4KWL","4","1001","1001","Success","0.00068"
"3BWR","4","11","11","Success","0.00028"
"6GAR","4","11","11","Success","0.00039"
"6PH3","4","101","101","Success","0.00031"
"2V4U","4","1100","1100","Success","0.00061"
"8YK2","4","1111","1111","Success","0.00027"
"7D4P","4","1111","1111","Success","0.00019"
"5O3V","4","1111","1111","Success","0.00027"
"3D87","4","111","111","Success","0.00033"
"7X7T","4","110","110","Success","0.00034"
"1QY9","4","1111","1111","Success","0.00028"
"1JOY","4","110","110","Success","0.00018"
"2ME8","4","0","0","Success","0.00015"
"7GI2","4","1110","1110","Success","0.0004"
"5ACF","4","1010","1010","Success","0.00064"
"9ITX","4","100","100","Success","0.00027"
"2AQE","4","1111","1111","Success","0.00024"
"7P5M","4","1010","1010","Success","0.00036"
"7LZS","4","111","111","Success","0.00088"
"3J7Y","4","11","11","Success","0.00011"
"2MF8","4","1","1","Success","0.00115"
"6K7U","4","1011","1011","Success","0.00101"
"7TPW","4","1010","1010","Success","0.00058"
"7S7R","4","1010","1010","Success","0.00048"
"3JA5","4","101","101","Success","0.0003"
"7G44","4","1001","1001","Success","0.00035"
"5GON","4","1100","1100","Success","0.00021"
"8K1L","4","11","11","Success","0.00027"
"3B73","4","1100","1100","Success","0.00074"
"5UI1","4","111","111","Success","0.00029"
"6PYQ","4","1011","1011","Success","0.00065"
"1P9K","4","1110","1110","Success","0.00025"
"5UXS","4","1","1","Success","0.00059"
"4Y2J","4","1010","1010","Success","0.00042"
"8T9X","4","1110","1110","Success","0.00048"
"6WGY","4","1","1","Success","0.00025"
"9HA7","4","110","110","Success","0.00023"
"6NW7","4","110","110","Success","0.00046"
"5W5H","4","1001","1001","Success","0.00032"
"6T2Z","4","1111","1111","Success","0.00063"
"8QA0","4","1","1","Success","0.0002"
"4DOP","4","1111","1111","Success","0.00024"
"4Q2D","4","10","10","Success","0.00033"
"4U30","4","1011","1011","Success","0.0003"
"6NVA","4","1101","1101","Success","0.00021"
"8EE8","4","101","101","Success","0.0002"
"4ASX","4","1100","1100","Success","0.0004"
"7QD4","4","100","100","Success","0.00024"
"2NO2","4","11","11","Success","0.00099"
"1F28","4","101","101","Success","0.00029"
"2ZVZ","4","1","1","Success","0.00055"
"4WWA","4","1111","1111","Success","0.0005"
"6S1Y","4","10","10","Success","0.00039"
"6IBE","4","1010","1010","Success","0.00057"
"6FRY","4","1011","1011","Success","0.00088"
"2KGT","4","1","1","Success","0.00026"
"8FHI","4","101","101","Success","0.0002"
"2FQY","4","1011","1011","Success","0.00054"
"7OIY","4","11","11","Success","0.00045"
"1G81","4","1001","1001","Success","0.00078"
"7LUN","4","1010","1010","Success","0.00026"
"4ZQM","4","1011","1011","Success","0.00053"
"3SN9","4","11","11","Success","0.00019"
"4JA2","4","1111","1111","Success","0.00091"
"1SP9","4","1111","1111","Success","0.00037"
"6FF1","4","10","10","Success","0.00119"
"5XNB","4","1100","1100","Success","0.00021"
"1DUN","4","110","110","Success","0.00088"
"8QB1","4","1010","1010","Success","0.00045"
"1LC8","4","1011","1011","Success","0.00051"
"5CW8","4","1000","1000","Success","0.00053"
"8K34","4","1011","1011","Success","0.00032"
"8AB4","4","110","110","Success","0.00056"
"9DGW","4","1111","1111","Success","0.00033"
"9GS5","4","1100","1100","Success","0.00044"
"8ITD","4","1000","1000","Success","0.00044"
"5GNE","4","1111","1111","Success","0.00036"
"6NF0","4","100","100","Success","0.00056"
"3OYH","4","1011","1011","Success","0.00041"
"7TW6","4","1111","1111","Success","0.00017"
"3EV6","4","101","101","Success","0.00064"
"2EJK","4","10","10","Success","0.00044"
"2XAN","4","11","11","Success","0.00034"
"6PU0","4","0","0","Success","0.00046"
"3V82","4","11","11","Success","0.00068"
"6FVO","4","1011","1011","Success","0.00025"
"8BFG","4","1100","1100","Success","0.00027"
"7T2C","4","1010","1010","Success","0.00035"
"7KB6","4","1010","1010","Success","0.00022"
"7LC9","4","1000","1000","Success","0.00044"
"4DQS","4","1110","1110","Success","0.0004"
"1Y2J","4","111","111","Success","0.0004"
"7KJ4","4","10","10","Success","0.00014"
"5U9A","4","1100","1100","Success","0.0008"
"6WAP","4","1101","1101","Success","0.00021"
"7TF8","4","1011","1011","Success","0.00017"
"1M7L","4","100","100","Success","0.0002"
"1QME","4","1011","1011","Success","0.00041"
"2JWW","4","111","111","Success","0.00021"
"2YPZ","4","110","110","Success","0.00027"
"5DAP","4","100","100","Success","0.0006"
"1R19","4","1110","1110","Success","0.00028"
"5DX7","4","100","100","Success","0.00037"
"5V8T","4","1001","1001","Success","0.0005"
"3ONN","4","1100","1100","Success","0.00065"
"2IOS","4","1100","1100","Success","0.00088"
"6SR8","4","101","101","Success","0.00046"
"2JBG","4","1000","1000","Success","0.00049"
"5O21","4","111","111","Success","0.00043"
"5NKJ","4","1010","1010","Success","0.00025"
"5NR3","4","1010","1010","Success","0.00061"
"2A4O","4","1111","1111","Success","0.00068"
"6IXF","4","1011","1011","Success","0.00046"
"8K9M","4","101","101","Success","0.00016"
"4QJP","4","100","100","Success","0.00043"
"7TUO","4","1","1","Success","0.00053"
"2IPK","4","1101","1101","Success","0.00039"
"1DM1","4","1010","1010","Success","0.00085"
"8QO7","4","1111","1111","Success","0.00053"
"2EJC","4","1001","1001","Success","0.00058"
"8CO3","4","1101","1101","Success","0.00031"
"2OPN","4","10","10","Success","0.00053"
"5IGV","4","1001","1001","Success","0.00057"
"7NAA","4","1100","1100","Success","0.00033"
"7PMD","4","1010","1010","Success","0.00028"
"4M1T","4","11","11","Success","0.00046"
"4GP2","4","100","100","Success","0.00038"
"2QRC","4","1","1","Success","0.0003"
"7CCU","4","101","101","Success","0.00058"
"4H2G","4","1111","1111","Success","0.00043"
"3NJD","4","101","101","Success","0.00041"
"3KWW","4","1100","1100","Success","0.0005"
"4KPV","4","1111","1111","Success","0.00065"
"5JZ8","4","110","110","Success","0.00046"
"6P4X","4","1","1","Success","0.00018"
"5OLV","4","1001","1001","Success","0.00049"
"5C12","4","0","0","Success","0.00066"
"4I6Z","4","10","10","Success","0.00051"
"7OOV","4","0","0","Success","0.00059"
"6PA8","4","1010","1010","Success","0.00028"
"2NY6","4","0","0","Success","0.00033"
"8PPP","4","110","110","Success","0.00031"
"9BUM","4","1101","1101","Success","0.00043"
"5S4I","4","1110","1110","Success","0.00054"
"4XRC","4","1100","1100","Success","0.00027"
"1IAH","4","1011","1011","Success","0.00042"
"3GV4","4","1100","1100","Success","0.00097"
"5M8X","4","1100","1100","Success","0.00033"
"2STA","4","110","110","Success","0.00062"
"6R29","4","101","101","Success","0.00024"
"7WOA","4","1","1","Success","0.00015"
"2GHJ","4","0","0","Success","0.00049"
"2CML","4","100","100","Success","0.00025"
"3AG7","4","1100","1100","Success","0.00097"
"3DZU","4","0","0","Success","0.00039"
"9EW6","4","100","100","Success","0.00063"
"7UFS","4","1110","1110","Success","0.00015"
"6JFI","4","1011","1011","Success","0.00019"
"6Z6Q","4","1011","1011","Success","0.00048"
"9DL3","4","1111","1111","Success","0.0002"
"6NO0","4","1100","1100","Success","0.00046"
"7LON","4","1011","1011","Success","0.00028"
"6G56","4","0","0","Success","0.00036"
"5EMY","4","100","100","Success","0.00045"
"4BEJ","4","1011","1011","Success","0.00021"
"2XOW","4","1111","1111","Success","0.00074"
"1OFY","4","10","10","Success","0.00041"
"2EER","4","1000","1000","Success","0.00037"
"6NDT","4","100","100","Success","0.00075"
"7OOP","4","101","101","Success","0.00011"
"3ZYA","4","1011","1011","Success","0.00052"
"5C69","4","1110","1110","Success","0.00046"
"1B9T","4","11","11","Success","0.0005"
"3SEO","4","101","101","Success","0.00047"
"1GWD","4","100","100","Success","0.00088"
"1ZU2","4","1000","1000","Success","0.00018"
"4KVT","4","111","111","Success","0.00074"
"1WFV","4","110","110","Success","0.00021"
"1EFI","4","1","1","Success","0.00042"
"9B3J","4","1111","1111","Success","0.00014"
"3K25","4","1011","1011","Success","0.00042"
"4AT9","4","100","100","Success","0.00039"
"6AG3","4","1110","1110","Success","0.00063"
"7ZRE","4","100","100","Success","0.00027"
"7RJI","4","1111","1111","Success","0.00091"
"5KIW","4","0","0","Success","0.00031"
"8YNY","4","100","100","Success","0.00025"
"6PDV","4","1110","1110","Success","0.00061"
"8C35","4","101","101","Success","0.00036"
"9QUS","4","1010","1010","Success","0.00045"
"6B97","4","0","0","Success","0.00037"
"2DPT","4","101","101","Success","0.00048"
"4QCJ","4","1011","1011","Success","0.00099"
"8R5T","4","101","101","Success","0.00047"
"3VYK","4","10","10","Success","0.00088"
"5F9U","4","1101","1101","Success","0.00085"
"5NEG","4","10","10","Success","0.00065"
"3JUT","4","11","11","Success","0.00035"
"7E5W","4","100","100","Success","0.00033"
"4LDP","4","100","100","Success","0.00037"
"3K1B","4","11","11","Success","0.00026"
"5Z3C","4","1001","1001","Success","0.00052"
"8GN0","4","0","0","Success","0.00014"
"7DKE","4","0","0","Success","0.00026"
"7EY8","4","1110","1110","Success","0.00012"
"7GGP","4","111","111","Success","0.00057"
"2ZSD","4","1010","1010","Success","0.00056"
"7S47","4","0","0","Success","0.00056"
"1D6M","4","1000","1000","Success","0.00041"
"8SOI","4","1111","1111","Success","0.00028"
"3SE4","4","1101","1101","Success","0.00039"
"9DAF","4","1101","1101","Success","0.00028"
"8WI4","4","100","100","Success","0.00029"
"3RFI","4","1","1","Success","0.0011"
"6I7B","4","0","0","Success","0.00035"
"1YXN","4","111","111","Success","0.00031"
"6YN7","4","10","10","Success","0.00023"
"4AFI","4","1101","1101","Success","0.00055"
"1TW7","4","1000","1000","Success","0.0007"
"2YOR","4","10","10","Success","0.0004"
"5LDH","4","1100","1100","Success","0.00039"
"1II4","4","1001","1001","Success","0.00027"
"8B01","4","1110","1110","Success","0.00037"
"8APY","4","1101","1101","Success","0.00053"
"7U1X","4","1100","1100","Success","0.00034"
"6WJP","4","1111","1111","Success","0.00079"
"3OLO","4","1011","1011","Success","0.0007"
"7H8Z","4","1010","1010","Success","0.00037"
"3DAN","4","100","100","Success","0.00047"
"5M2G","4","1","1","Success","0.00034"
"1LZ9","4","1110","1110","Success","0.00085"
"2EU3","4","1001","1001","Success","0.00062"
"132L","4","1011","1011","Success","0.0009"
"2LSK","4","1000","1000","Success","0.00021"
"4J43","4","100","100","Success","0.00043"
"8VGM","4","0","0","Success","0.00022"
"4Q2T","4","1011","1011","Success","0.00029"
"4X5E","4","101","101","Success","0.00038"
"2WEK","4","1001","1001","Success","0.00037"
"2MH0","4","1010","1010","Success","0.00019"
"3HLO","4","0","0","Success","0.0007"
"6ZZY","4","1000","1000","Success","0.00014"
"6G1X","4","11","11","Success","0.00038"
"8EFQ","4","1001","1001","Success","0.00032"
"8Q9R","4","100","100","Success","0.00049"
"1CG7","4","10","10","Success","0.00018"
"5T3W","4","1001","1001","Success","0.0003"
"4MOL","4","1101","1101","Success","0.0002"
"9DA0","4","101","101","Success","0.00078"
"1P45","4","1001","1001","Success","0.00044"
"1BZL","4","10","10","Success","0.00032"
"1TI5","4","10","10","Success","0.00038"
"3PDJ","4","1010","1010","Success","0.00043"
"5MD1","4","1111","1111","Success","0.00025"
"6A0H","4","1101","1101","Success","0.00041"
"2H9J","4","1000","1000","Success","0.00088"
"8SHY","4","100","100","Success","0.00051"
"3PBB","4","1100","1100","Success","0.00039"
"4KQF","4","1010","1010","Success","0.00053"
"1M01","4","100","100","Success","0.00045"
"4HDJ","4","1011","1011","Success","0.00053"
"8E7R","4","11","11","Success","0.00061"
"4RK4","4","1000","1000","Success","0.00058"
"7Z3P","4","1101","1101","Success","0.00056"
"4OQR","4","1111","1111","Success","0.00049"
"6QB7","4","1","1","Success","0.00042"
"2WQI","4","110","110","Success","0.00077"
"4DIX","4","0","0","Success","0.00049"
"5C4X","4","0","0","Success","0.00016"
"5YWG","4","111","111","Success","0.00037"
"1O5H","4","1101","1101","Success","0.00053"
"7MN2","4","1110","1110","Success","0.00033"
"7KZ7","4","1011","1011","Success","0.00048"
"5D4D","4","0","0","Success","0.00012"
"3I96","4","1100","1100","Success","0.00054"
"3FF3","4","1111","1111","Success","0.00035"
"4ZLZ","4","111","111","Success","0.00061"
"6DTF","4","1101","1101","Success","0.00042"
"5T4A","4","111","111","Success","0.00037"
"6NF5","4","1111","1111","Success","0.00018"
"6C59","4","111","111","Success","0.00097"
"2I7B","4","111","111","Success","0.0006"
"1GNC","4","101","101","Success","0.00024"
"4AFB","4","0","0","Success","0.00064"
"1V85","4","1100","1100","Success","0.00023"
"4WNO","4","110","110","Success","0.00062"
"7JZU","4","100","100","Success","0.00063"
"3KV2","4","1000","1000","Success","0.0004"
"9K2J","4","10","10","Success","0.00034"
"3QVK","4","1100","1100","Success","0.00045"
"4LN7","4","11","11","Success","0.0007"
"1CA8","4","1001","1001","Success","0.0006"
"1WJA","4","1111","1111","Success","0.00103"
"8GGT","4","1011","1011","Success","0.0006"
"2OS7","4","111","111","Success","0.00029"
"7LZ5","4","1001","1001","Success","0.00073"
"7ZEE","4","1001","1001","Success","0.00058"
"6Y4G","4","1001","1001","Success","0.00047"
"1EVK","4","1001","1001","Success","0.00034"
"6JK8","4","0","0","Success","0.00024"
"2PFC","4","1001","1001","Success","0.00079"
"8PAQ","4","1","1","Success","0.00055"
"6VJ5","4","1","1","Success","0.00042"
"1UZQ","4","10","10","Success","0.0008"
"7ERD","4","1011","1011","Success","0.00049"
"7LK7","4","111","111","Success","0.00042"
"7HL0","4","1101","1101","Success","0.00041"
"4M43","4","1001","1001","Success","0.00048"
"4JYZ","4","1100","1100","Success","0.00041"
"7DRZ","4","1101","1101","Success","0.00071"
"2OED","4","1101","1101","Success","0.00134"
"6WXK","4","1000","1000","Success","0.00064"
"4MNH","4","1000","1000","Success","0.00033"
"2ONT","4","10","10","Success","0.00117"
"3KD5","4","10","10","Success","0.00033"
"2D21","4","1101","1101","Success","0.00011"
"1HPZ","4","110","110","Success","0.00031"
"9NSE","4","111","111","Success","0.00035"
"6ELN","4","101","101","Success","0.0007"
"2NSE","4","110","110","Success","0.00035"
"8IIY","4","11","11","Success","0.00044"
"7Z64","4","1101","1101","Success","0.00042"
"4IVI","4","1011","1011","Success","0.0005"
"7KP0","4","0","0","Success","0.00052"
"7PYR","4","11","11","Success","0.0005"
"2QWF","4","1011","1011","Success","0.00051"
"1JV8","4","10","10","Success","0.00028"
"6I67","4","1001","1001","Success","0.00064"
"4PPF","4","1100","1100","Success","0.00058"
"5FRM","4","1110","1110","Success","0.00043"
"8GHK","4","1","1","Success","0.00025"
"6GFV","4","1010","1010","Success","0.00038"
"5XQ3","4","100","100","Success","0.00024"
"1SRA","4","10","10","Success","0.00078"
"9BB8","4","101","101","Success","0.00096"
"4DSN","4","1001","1001","Success","0.00074"
"4JVB","4","111","111","Success","0.00083"
"5DBJ","4","1011","1011","Success","0.00022"
"1UA3","4","100","100","Success","0.00045"
"1REU","4","1","1","Success","0.001"
"9FWF","4","1","1","Success","0.00032"
"6LH0","4","1000","1000","Success","0.00058"
"2W04","4","11","11","Success","0.00028"
"3PRY","4","1001","1001","Success","0.00036"
"4MFU","4","1101","1101","Success","0.00046"
"3LZT","4","0","0","Success","0.00087"
"6OGA","4","0","0","Success","0.00046"
"6B82","4","1000","1000","Success","0.00033"
"7VBL","4","110","110","Success","0.00014"
"8C90","4","1111","1111","Success","0.00021"
"4KYK","4","11","11","Success","0.00053"
"6QNN","4","10","10","Success","0.00051"
"4W66","4","110","110","Success","0.00046"
"7QSM","4","1","1","Success","0.00011"
"5H00","4","1100","1100","Success","0.00029"
"5QTR","4","11","11","Success","0.00036"
"7GGR","4","10","10","Success","0.00056"
"2DSR","4","110","110","Success","0.00066"
"5RAE","4","10","10","Success","0.00037"
"7X85","4","1110","1110","Success","0.00051"
"1Z9U","4","1110","1110","Success","0.00052"
"8FED","4","1010","1010","Success","0.00017"
"7Y37","4","1101","1101","Success","0.00119"
"3VQP","4","11","11","Success","0.00057"
"2RIC","4","10","10","Success","0.00047"
"3DLR","4","1","1","Success","0.00081"
"8OME","4","100","100","Success","0.00029"
"2GQT","4","0","0","Success","0.00061"
"7YYG","4","1100","1100","Success","0.00058"
"8IBR","4","1","1","Success","0.00038"
"5V91","4","111","111","Success","0.00059"
"3J4T","4","1010","1010","Success","0.00048"
"1RJT","4","1","1","Success","0.00037"
"4XHL","4","1010","1010","Success","0.00055"
"6AMH","4","1010","1010","Success","0.00025"
"4HW3","4","1011","1011","Success","0.00023"
"8ALL","4","0","0","Success","0.00024"
"5YHM","4","1101","1101","Success","0.00024"
"8I4L","4","111","111","Success","0.00021"
"8BGL","4","1110","1110","Success","0.00048"
"8G4M","4","1001","1001","Success","0.0002"
"7AB1","4","1111","1111","Success","0.00061"
"2QA7","4","1100","1100","Success","0.00052"
"7DQ1","4","1001","1001","Success","0.00033"
"8BEB","4","1111","1111","Success","0.00047"
"3QXQ","4","1110","1110","Success","0.00028"
"1MX5","4","11","11","Success","0.00017"
"3CLF","4","1101","1101","Success","0.00048"
"6KKB","4","100","100","Success","0.00061"
"8XRH","4","110","110","Success","0.00051"
"4G3E","4","1","1","Success","0.00039"
"6RE2","4","1100","1100","Success","0.00012"
"1WF9","4","1110","1110","Success","0.00021"
"3F4L","4","1","1","Success","0.00022"
"2EMA","4","1","1","Success","0.00033"
"6IYU","4","1000","1000","Success","0.00066"
"5U0U","4","100","100","Success","0.00032"
"7K6Q","4","100","100","Success","0.00028"
"6NIJ","4","1","1","Success","0.00022"
"6GEW","4","1111","1111","Success","0.00052"
"2RSN","4","110","110","Success","0.00023"
"6W7E","4","1010","1010","Success","0.00042"
"7MR1","4","11","11","Success","0.00021"
"4ZJU","4","1110","1110","Success","0.00059"
"9CGY","4","1001","1001","Success","0.00034"
"5.00E+66","4","10","10","Success","0.00042"
"3MN2","4","11","11","Success","0.00066"
"6XC9","4","1010","1010","Success","0.00024"
"7QZ2","4","10","10","Success","0.00061"
"5QBJ","4","1001","1001","Success","0.00054"
"2XQ3","4","10","10","Success","0.00026"
"4NB4","4","1101","1101","Success","0.00022"
"3JAS","4","0","0","Success","0.00014"
"2G7F","4","1000","1000","Success","0.00069"
"7ZY2","4","10","10","Success","0.00054"
"4BCO","4","100","100","Success","0.0003"
"6EJK","4","111","111","Success","0.00036"
"5MBV","4","1111","1111","Success","0.00018"
"1Y4D","4","0","0","Success","0.00054"
"8Y3I","4","1","1","Success","0.0002"
"1OTU","4","1000","1000","Success","0.00023"
"2RBW","4","1111","1111","Success","0.00058"
"6KRT","4","1111","1111","Success","0.00033"
"2E3S","4","101","101","Success","0.00065"
"7Y1K","4","10","10","Success","0.00029"
"4PDO","4","10","10","Success","0.00044"
"2MJY","4","101","101","Success","0.00029"
"7KD0","4","1111","1111","Success","0.0004"
"2BLU","4","101","101","Success","0.00068"
"7AGG","4","100","100","Success","0.00031"
"1QZ1","4","1110","1110","Success","0.00059"
"8P2W","4","1011","1011","Success","0.00041"
"3BYD","4","1000","1000","Success","0.00062"
"2L9U","4","1110","1110","Success","0.00024"
"2RGX","4","1110","1110","Success","0.00069"
"7WR2","4","1100","1100","Success","0.00085"
"6MLT","4","101","101","Success","0.00039"
"4ZE2","4","101","101","Success","0.00043"
"6WEL","4","100","100","Success","0.00022"
"6YAP","4","1000","1000","Success","0.00048"
"2BM5","4","1100","1100","Success","0.00052"
"1L3R","4","1111","1111","Success","0.00053"
"4GP6","4","1101","1101","Success","0.00054"
"1KHN","4","1011","1011","Success","0.00033"
"5GM3","4","10","10","Success","0.00047"
"1E4Y","4","100","100","Success","0.00047"
"169L","4","1000","1000","Success","0.00035"
"4JME","4","10","10","Success","0.00045"
"1W8X","4","11","11","Success","0.00015"
"1IP4","4","10","10","Success","0.00087"
"3NYO","4","110","110","Success","0.00029"
"8Q7F","4","11","11","Success","0.00047"
"3WJQ","4","1000","1000","Success","0.00053"
"1Z9H","4","1011","1011","Success","0.00029"
"3UIF","4","1110","1110","Success","0.00055"
"2DW6","4","101","101","Success","0.00025"
"8QL4","4","10","10","Success","0.00029"
"6T4H","4","0","0","Success","0.00036"
"2V83","4","10","10","Success","0.00064"
"1IHT","4","1011","1011","Success","0.00057"
"8ALZ","4","1101","1101","Success","0.00022"
"5K7S","4","1101","1101","Success","0.0006"
"3K6V","4","110","110","Success","0.00055"
"5JY7","4","1000","1000","Success","0.00012"
"5R1G","4","100","100","Success","0.00042"
"2XOZ","4","11","11","Success","0.00046"
"2Q7T","4","1101","1101","Success","0.00043"
"5GS5","4","1011","1011","Success","0.00035"
"1GAR","4","1110","1110","Success","0.0005"
"8X95","4","1111","1111","Success","0.00036"
"5TTK","4","11","11","Success","0.00024"
"5GW0","4","10","10","Success","0.00031"
"3R9E","4","1000","1000","Success","0.00051"
"6GN8","4","1110","1110","Success","0.00038"
"8QYB","4","1110","1110","Success","0.00047"
"7MKL","4","1001","1001","Success","0.00018"
"6TM9","4","0","0","Success","0.00064"
"6NA5","4","1000","1000","Success","0.00023"
"6L50","4","111","111","Success","0.00036"
"7K88","4","0","0","Success","0.0003"
"4JE7","4","110","110","Success","0.0005"
"4A5Z","4","1101","1101","Success","0.0004"
"8TFP","4","1000","1000","Success","0.00034"
"1AR8","4","110","110","Success","0.00034"
"5ID6","4","101","101","Success","0.00029"
"7PQ4","4","10","10","Success","0.00023"
"2IND","4","1101","1101","Success","0.00033"
"7W59","4","1010","1010","Success","9.00E-05"
"5SI0","4","1011","1011","Success","0.00028"
"4I4C","4","100","100","Success","0.00035"
"1CTT","4","1010","1010","Success","0.0006"
"3QFW","4","1","1","Success","0.00037"
"7XF3","4","1011","1011","Success","0.00051"
"6LRW","4","111","111","Success","0.00054"
"6A1K","4","101","101","Success","0.0004"
"7VL2","4","1111","1111","Success","0.00027"
"1E8L","4","1111","1111","Success","0.00013"
"6HTJ","4","100","100","Success","0.00065"
"7XPU","4","0","0","Success","0.00035"
"5U52","4","110","110","Success","0.00043"
"1XSD","4","100","100","Success","0.00088"
"8IWB","4","1001","1001","Success","0.00039"
"1FRZ","4","1111","1111","Success","0.00043"
"1KC5","4","1111","1111","Success","0.00048"
"1K03","4","1101","1101","Success","0.0005"
"2XKF","4","0","0","Success","0.00061"
"2PSD","4","0","0","Success","0.00055"
"7R7H","4","1101","1101","Success","0.00039"
"8KGA","4","1100","1100","Success","0.00046"
"6BLG","4","1100","1100","Success","0.00051"
"3R41","4","111","111","Success","0.0004"
"8SLW","4","0","0","Success","0.00017"
"2O6E","4","0","0","Success","0.00055"
"1R7A","4","1010","1010","Success","0.00031"
"1UOU","4","100","100","Success","0.00048"
"6AI3","4","0","0","Success","0.00037"
"6NMN","4","100","100","Success","0.00044"
"2W6X","4","101","101","Success","0.00075"
"2GD4","4","1111","1111","Success","0.00027"
"2GKS","4","1101","1101","Success","0.00031"
"4P4X","4","1101","1101","Success","0.00083"
"6HH9","4","101","101","Success","0.00026"
"1BGK","4","1111","1111","Success","0.00042"
"4LOQ","4","110","110","Success","0.00026"
"3SMQ","4","1111","1111","Success","0.00057"
"5RWK","4","111","111","Success","0.00042"
"4XCA","4","1","1","Success","0.00031"
"8OXE","4","1101","1101","Success","0.00055"
"2WAS","4","0","0","Success","0.00038"
"7WNA","4","1000","1000","Success","0.00038"
"4YTF","4","1101","1101","Success","0.00057"
"4FNS","4","1110","1110","Success","0.00019"
"3IKM","4","0","0","Success","0.00017"
"5BW6","4","101","101","Success","0.00039"
"7TRU","4","100","100","Success","0.0005"
"9EK6","4","1000","1000","Success","0.00025"
"8A0U","4","110","110","Success","0.00033"
"4K0V","4","101","101","Success","0.00036"
"8ZMN","4","110","110","Success","0.00074"
"7K74","4","10","10","Success","0.00027"
"5EKG","4","1011","1011","Success","0.00048"
"3VL1","4","0","0","Success","0.00034"
"4NEI","4","1010","1010","Success","0.00026"
"1GN0","4","1111","1111","Success","0.00096"
"6KY0","4","1110","1110","Success","0.00044"
"8TKB","4","1101","1101","Success","0.00072"
"5W7E","4","1010","1010","Success","0.0003"
"2DPF","4","1111","1111","Success","0.00046"
"1F6K","4","1010","1010","Success","0.00041"
"2XX2","4","1101","1101","Success","0.00034"
"3VM9","4","101","101","Success","0.00055"
"7R1J","4","1001","1001","Success","0.00035"
"4QUB","4","1000","1000","Success","0.00062"
"4ZZ4","4","1001","1001","Success","0.0009"
"6S63","4","1010","1010","Success","0.00061"
"6O98","4","1000","1000","Success","0.00047"
"8CQN","4","100","100","Success","0.00052"
"4JSY","4","111","111","Success","0.00055"
"4YXY","4","1001","1001","Success","0.00052"
"4NEV","4","10","10","Success","0.00031"
"6IBI","4","111","111","Success","0.0004"
"8QEG","4","1111","1111","Success","0.00035"
"2AZT","4","1011","1011","Success","0.0004"
"7NR3","4","0","0","Success","0.00055"
"9E0M","4","1101","1101","Success","0.00012"
"2RHJ","4","10","10","Success","0.00056"
"1O3F","4","1011","1011","Success","0.00067"
"9G4N","4","100","100","Success","0.00022"
"7KHC","4","10","10","Success","0.00016"
"2RPC","4","1010","1010","Success","0.00018"
"2E9C","4","1101","1101","Success","0.00049"
"4F61","4","11","11","Success","0.00016"
"2AVP","4","1","1","Success","0.00122"
"4AA6","4","101","101","Success","0.0006"
"2BO1","4","1100","1100","Success","0.00099"
"3KD1","4","1001","1001","Success","0.00034"
"1MTZ","4","1011","1011","Success","0.00058"
"1V2T","4","0","0","Success","0.00065"
"7PLW","4","11","11","Success","0.00027"
"5CJH","4","1010","1010","Success","0.00025"
"6YOM","4","1010","1010","Success","0.00032"
"5JUY","4","1100","1100","Success","0.0001"
"5AO8","4","1010","1010","Success","0.00051"
"4DYS","4","10","10","Success","0.00027"
"7C6C","4","110","110","Success","0.00063"
"8JEV","4","1","1","Success","0.0003"
"4CYB","4","101","101","Success","0.00022"
"4QT5","4","10","10","Success","0.00034"
"4E2L","4","1110","1110","Success","0.00021"
"1XTJ","4","1010","1010","Success","0.0005"
"4E3Q","4","1101","1101","Success","0.00024"
"6V02","4","101","101","Success","0.00042"
"5CZD","4","1101","1101","Success","0.0005"
"1MNN","4","1000","1000","Success","0.00059"
"4DUR","4","100","100","Success","0.00026"
"9B7G","4","1101","1101","Success","0.00024"
"7RIV","4","10","10","Success","0.00059"
"2ITF","4","1111","1111","Success","0.00045"
"2GUP","4","1000","1000","Success","0.00059"
"7M9J","4","11","11","Success","0.00072"
"5MWX","4","0","0","Success","0.0006"
"6BNO","4","1111","1111","Success","0.00019"
"3BEB","4","110","110","Success","0.00051"
"8JS8","4","111","111","Success","0.00031"
"4S1J","4","101","101","Success","0.00054"
"2OE1","4","1010","1010","Success","0.00068"
"5EJW","4","1001","1001","Success","0.00111"
"3R46","4","1000","1000","Success","0.00071"
"6LT7","4","10","10","Success","0.00046"
"6R2N","4","1101","1101","Success","0.00026"
"1N9N","4","111","111","Success","0.00096"
"5OE2","4","1101","1101","Success","0.00033"
"6BRL","4","101","101","Success","0.00043"
"6U9N","4","1111","1111","Success","0.00057"
"2W5F","4","1100","1100","Success","0.0003"
"7YA3","4","1111","1111","Success","0.00035"
"4LD5","4","1010","1010","Success","0.0003"
"4OOM","4","111","111","Success","0.00045"
"5T1U","4","101","101","Success","0.00049"
"7LBL","4","1111","1111","Success","0.00049"
"6UQQ","4","101","101","Success","0.00031"
"2IT9","4","1110","1110","Success","0.00044"
"3B8E","4","100","100","Success","0.00022"
"6SEE","4","101","101","Success","0.00036"
"1BR5","4","10","10","Success","0.00061"
"6IWN","4","111","111","Success","0.00072"
"5I71","4","1101","1101","Success","0.00031"
"2AIX","4","1110","1110","Success","0.0006"
"1KC3","4","1","1","Success","0.00058"
"5OPV","4","100","100","Success","0.00061"
"2QF4","4","1101","1101","Success","0.00052"
"5RUU","4","110","110","Success","0.00055"
"8JQB","4","1","1","Success","0.00016"
"3TZS","4","101","101","Success","0.00042"
"7EO5","4","0","0","Success","0.00091"
"4RUP","4","1000","1000","Success","0.00065"
"2DLN","4","11","11","Success","0.00057"
"1ERZ","4","111","111","Success","0.00042"
"4NYH","4","110","110","Success","0.00041"
"6L2A","4","1101","1101","Success","0.00096"
"3IY8","4","100","100","Success","0.0003"
"3A4C","4","100","100","Success","0.00097"
"5XC7","4","1101","1101","Success","0.00047"
"8CME","4","1101","1101","Success","0.0003"
"9BOF","4","1111","1111","Success","0.00031"
"7JZO","4","1100","1100","Success","0.0007"
"5TFC","4","100","100","Success","0.00064"
"2OE4","4","0","0","Success","0.00078"
"3B3G","4","1011","1011","Success","0.00038"
"4S2Q","4","101","101","Success","0.00117"
"6FDJ","4","1101","1101","Success","0.00017"
"4CN9","4","1010","1010","Success","0.00035"
"2N5U","4","100","100","Success","0.00025"
"5JSP","4","1100","1100","Success","0.00051"
"3GLA","4","111","111","Success","0.00069"
"1JH9","4","1001","1001","Success","0.00054"
"8AEU","4","1001","1001","Success","0.00108"
"3WMM","4","1010","1010","Success","0.00019"
"7QRO","4","10","10","Success","0.0008"
"7QLA","4","1000","1000","Success","0.00033"
"1V07","4","1011","1011","Success","0.00095"
"6E1R","4","1100","1100","Success","0.00017"
"8OE2","4","1101","1101","Success","0.00024"
"1NCS","4","1000","1000","Success","0.00022"
"6GKG","4","1010","1010","Success","0.00023"
"6VVF","4","1010","1010","Success","0.00077"
"1LYL","4","1101","1101","Success","0.00026"
"3IMC","4","10","10","Success","0.00042"
"1ME7","4","1101","1101","Success","0.00052"
"6GB1","4","100","100","Success","0.00083"
"1Y1X","4","1111","1111","Success","0.00054"
"8DAC","4","1110","1110","Success","0.00096"
"3V87","4","1101","1101","Success","0.0007"
"1K7X","4","100","100","Success","0.0004"
"7NK5","4","1111","1111","Success","0.00063"
"4WSJ","4","1011","1011","Success","0.00024"
"3BUY","4","11","11","Success","0.00049"
"8C8K","4","100","100","Success","0.00026"
"2QDS","4","0","0","Success","0.00067"
"4OAA","4","1101","1101","Success","0.00035"
"3V6N","4","1110","1110","Success","0.00047"
"7LCT","4","1110","1110","Success","0.00057"
"7X3C","4","1010","1010","Success","0.00028"
"4AKG","4","1001","1001","Success","0.00014"
"2BB7","4","1101","1101","Success","0.00063"
"6Y6P","4","1111","1111","Success","0.00054"
"5AEK","4","11","11","Success","0.00017"
"3CAS","4","1000","1000","Success","0.00038"
"8XKE","4","1000","1000","Success","0.0005"
"3GH6","4","1001","1001","Success","0.00069"
"2J0G","4","0","0","Success","0.00027"
"1LS1","4","1","1","Success","0.00058"
"1RDG","4","1101","1101","Success","0.00134"
"8WNI","4","1101","1101","Success","0.00033"
"7BL7","4","11","11","Success","0.00019"
"5X4I","4","0","0","Success","0.00048"
"5BRM","4","1","1","Success","0.0003"
"4MA4","4","0","0","Success","0.00045"
"6EMP","4","111","111","Success","0.00014"
"4DI5","4","101","101","Success","0.00043"
"7LU5","4","111","111","Success","0.00012"
"8FGN","4","111","111","Success","0.00025"
"3AQD","4","110","110","Success","0.00027"
"7X88","4","101","101","Success","0.00081"
"3IKW","4","1010","1010","Success","0.00049"
"7GM5","4","111","111","Success","0.00041"
"1MG0","4","110","110","Success","0.00026"
"4N15","4","1111","1111","Success","0.00058"
"4OBP","4","100","100","Success","0.00041"
"4FRV","4","1111","1111","Success","0.00072"
"9D34","4","1010","1010","Success","0.00104"
"6MEP","4","1111","1111","Success","0.00044"
"6K97","4","11","11","Success","0.00043"
"9AWC","4","1","1","Success","0.00066"
"2PCS","4","110","110","Success","0.00079"
"3KTV","4","1110","1110","Success","0.00068"
"1CMY","4","1111","1111","Success","0.00041"
"7T3I","4","1000","1000","Success","0.00017"
"2CTM","4","1011","1011","Success","0.00022"
"3MJ9","4","111","111","Success","0.00039"
"7E9L","4","1100","1100","Success","0.00031"
"8JYS","4","1011","1011","Success","0.00048"
"1V9X","4","10","10","Success","0.00021"
"6V0S","4","1101","1101","Success","0.00068"
"1AA6","4","1001","1001","Success","0.00037"
"5QIO","4","111","111","Success","0.00066"
"1O4C","4","1","1","Success","0.00098"
"7AAG","4","10","10","Success","0.00028"
"4RIV","4","1010","1010","Success","0.0006"
"1R7M","4","111","111","Success","0.00046"
"5Q7G","4","1000","1000","Success","0.00054"
"2NR9","4","1101","1101","Success","0.00073"
"7E3H","4","1000","1000","Success","0.0003"
"3B67","4","1","1","Success","0.00063"
