"PDB_ID","Bit_Length","Watermark_Embedded","Watermark_Decoded","Verification_Status","Global_CA_RMSD"
"5XOX","8","10001100","10001100.0","Success","0.0004"
"3LX3","8","10101010","10101010.0","Success","0.00107"
"6LVU","8","1001000","1001000.0","Success","0.00113"
"5TNJ","8","11011111","11011111.0","Success","0.00039"
"2O1O","8","11100011","11100011.0","Success","0.00052"
"7U82","8","1011000","1011000.0","Success","0.00066"
"3AGX","8","10000000","10000000.0","Success","0.00076"
"4DO6","8","10100110","10100110.0","Success","0.00049"
"5XBP","8","1010010","1010010.0","Success","0.00031"
"3BQX","8","11110","11110.0","Success","0.00117"
"9F8W","8","11001011","11001011.0","Success","0.00056"
"1Q3Y","8","1110010","1110010.0","Success","0.00218"
"6LRF","8","11101001","11101001.0","Success","0.00038"
"5HME","8","10010010","10010010.0","Success","0.00047"
"2IY4","8","110001","110001.0","Success","0.00023"
"5UQN","8","10010101","10010101.0","Success","0.0006"
"3BPM","8","11010110","11010110.0","Success","0.00063"
"2QHL","8","10100010","10100010.0","Success","0.00059"
"8CUQ","8","11000011","11000011.0","Success","0.00052"
"6RGA","8","10110","10110.0","Success","0.00084"
"2CB8","8","10011010","10011010.0","Success","0.00105"
"5ACJ","8","11010010","11010010.0","Success","0.00086"
"6G86","8","11101110","11101110.0","Success","0.00051"
"4RVA","8","10111100","10111100.0","Success","0.00087"
"4E7U","8","10110001","10110001.0","Success","0.00138"
"6R15","8","1110010","1110010.0","Success","0.00089"
"3HBM","8","1011101","1011101.0","Success","0.00082"
"8WJC","8","10110101","10110101.0","Success","0.00067"
"3K3W","8","10011000","10011000.0","Success","0.0005"
"7QKS","8","11011010","11011010.0","Success","0.00039"
"6QII","8","1001001","1001001.0","Success","0.00044"
"8QWN","8","11000000","11000000.0","Success","0.00099"
"8RMQ","8","1000110","1000110.0","Success","0.00034"
"3HG5","8","1011010","1011010.0","Success","0.00048"
"8SME","8","1010111","1010111.0","Success","0.00105"
"5EMC","8","100","100.0","Success","0.00115"
"2R70","8","100010","100010.0","Success","0.00051"
"7CZO","8","100010","100010.0","Success","0.00134"
"4K22","8","1111110","1111110.0","Success","0.00053"
"5YQN","8","11000100","11000100.0","Success","0.00079"
"5UHY","8","10010100","10010100.0","Success","0.00032"
"2QO7","8","11011110","11011110.0","Success","0.00081"
"6C79","8","1","1.0","Success","0.00081"
"5YIV","8","10001010","10001010.0","Success","0.00099"
"1UHS","8","11010100","11010100.0","Success","0.00037"
"3ERJ","8","11100101","11100101.0","Success","0.00095"
"7RKP","8","1011010","1011010.0","Success","0.00107"
"6V1U","8","11111001","11111001.0","Success","0.00123"
"2D2I","8","1000","1000.0","Success","0.00031"
"2QEB","8","111100","111100.0","Success","0.00082"
"7ZP2","8","11110","11110.0","Success","0.00032"
"1U3I","8","10101","10101.0","Success","0.00097"
"2KLJ","8","1010001","1010001.0","Success","0.00033"
"7K62","8","10","10.0","Success","0.00075"
"2JK3","8","10110010","10110010.0","Success","0.00072"
"5D88","8","11010000","11010000.0","Success","0.00088"
"7AZB","8","11010","11010.0","Success","0.00082"
"1TNI","8","1010100","1010100.0","Success","0.00095"
"8V26","8","10001111","10001111.0","Success","0.00048"
"5QLS","8","10100001","10100001.0","Success","0.00071"
"7C61","8","101111","101111.0","Success","0.00048"
"4O1F","8","11011111","11011111.0","Success","0.0006"
"1NL0","8","101","101.0","Success","0.00064"
"6HKT","8","10110011","10110011.0","Success","0.00021"
"1DGQ","8","1101110","1101110.0","Success","0.00022"
"4LCA","8","1000010","1000010.0","Success","0.00054"
"3RNQ","8","100110","100110.0","Success","0.00082"
"6R72","8","11110010","11110010.0","Success","0.0003"
"9FE2","8","1010100","1010100.0","Success","0.00039"
"2YXD","8","10000010","10000010.0","Success","0.00073"
"7D6T","8","10001110","10001110.0","Success","0.00072"
"7NZV","8","1000101","1000101.0","Success","0.00087"
"5EYL","8","11000011","11000011.0","Success","0.00084"
"1S05","8","1001101","1001101.0","Success","0.0012"
"4DJQ","8","10100111","10100111.0","Success","0.00096"
"6A6Q","8","1111001","1111001.0","Success","0.00073"
"1JZQ","8","10010110","10010110.0","Success","0.0005"
"8Y9P","8","10110110","10110110.0","Success","0.00099"
"6VZU","8","1011110","1011110.0","Success","0.00033"
"6F42","8","1110101","1110101.0","Success","0.00019"
"9G7F","8","11111010","11111010.0","Success","0.00039"
"7LFR","8","10111101","10111101.0","Success","0.00041"
"6DY1","8","11000011","11000011.0","Success","0.00077"
"4LM3","8","10010111","10010111.0","Success","0.00055"
"8V4Q","8","1011010","1011010.0","Success","0.00051"
"4GQW","8","10101101","10101101.0","Success","0.00124"
"3HO4","8","10110010","10110010.0","Success","0.00047"
"8DKI","8","11111110","11111110.0","Success","0.00058"
"7Z53","8","1110101","1110101.0","Success","0.00019"
"3N2E","8","1111001","1111001.0","Success","0.00065"
"3UX9","8","101011","101011.0","Success","0.00052"
"2QUZ","8","10001010","10001010.0","Success","0.00106"
"3N0E","8","11000110","11000110.0","Success","0.00077"
"5A9G","8","11000110","11000110.0","Success","0.00067"
"4WRL","8","10110101","10110101.0","Success","0.00047"
"5ZWY","8","1000","1000.0","Success","0.00054"
"5YCG","8","11100010","11100010.0","Success","0.00108"
"1F1A","8","101011","101011.0","Success","0.00108"
"3V0B","8","10001100","10001100.0","Success","0.00028"
"7PTD","8","1110001","1110001.0","Success","0.00083"
"8YXI","8","11011100","11011100.0","Success","0.00052"
"6ETF","8","110010","110010.0","Success","0.00065"
"8B5D","8","10011000","10011000.0","Success","0.00063"
"3SRU","8","11111010","11111010.0","Success","0.00109"
"7Z0L","8","10101111","10101111.0","Success","0.00047"
"4NUW","8","11000101","11000101.0","Success","0.00064"
"8R48","8","10111100","10111100.0","Success","0.00047"
"1PSQ","8","11100110","11100110.0","Success","0.00077"
"4CT5","8","10101010","10101010.0","Success","0.0005"
"8B6S","8","111","111.0","Success","0.00043"
"4AOZ","8","101110","101110.0","Success","0.00065"
"2CLP","8","11011","11011.0","Success","0.00023"
"1JK7","8","1001110","1001110.0","Success","0.00082"
"9CDB","8","11010110","11010110.0","Success","0.00024"
"6CK0","8","11011","11011.0","Success","0.00067"
"5CRV","8","100100","100100.0","Success","0.00049"
"4WPX","8","1001110","1001110.0","Success","0.00052"
"6KK0","8","10100100","10100100.0","Success","0.00055"
"3NFZ","8","111000","111000.0","Success","0.0008"
"9EJN","8","11010011","11010011.0","Success","0.00024"
"8GC7","8","11101011","11101011.0","Success","0.00085"
"7TAF","8","10101000","10101000.0","Success","0.00048"
"5D17","8","10110110","10110110.0","Success","0.00031"
"8E5S","8","1111010","1111010.0","Success","0.00067"
"8QN1","8","100110","100110.0","Success","0.00036"
"5M2A","8","11111011","11111011.0","Success","0.00052"
"9BW2","8","11111110","11111110.0","Success","0.00071"
"3VQT","8","110","110.0","Success","0.00031"
"4WVX","8","11110000","11110000.0","Success","0.00054"
"8OHC","8","11000110","11000110.0","Success","0.00079"
"4HZY","8","11111101","11111101.0","Success","0.00071"
"1BIL","8","1010110","1010110.0","Success","0.00052"
"8JVS","8","10010011","10010011.0","Success","0.00196"
"6Z6R","8","11100011","11100011.0","Success","0.00066"
"8UB8","8","11001110","11001110.0","Success","0.00047"
"6SY4","8","10101","10101.0","Success","0.00071"
"6K7P","8","11110110","11110110.0","Success","0.00097"
"2YEP","8","1010000","1010000.0","Success","0.00034"
"6NYL","8","100010","100010.0","Success","0.00015"
"7NYA","8","11110011","11110011.0","Success","0.0005"
"5KN4","8","1011","1011.0","Success","0.00054"
"1T7X","8","101010","101010.0","Success","0.00083"
"5D5W","8","10100100","10100100.0","Success","0.00141"
"7K5T","8","10100010","10100010.0","Success","0.00055"
"1XEZ","8","100011","100011.0","Success","0.00054"
"1LMJ","8","11000110","11000110.0","Success","0.00031"
"8BYK","8","11010100","11010100.0","Success","0.00064"
"6IMU","8","1010101","1010101.0","Success","0.00044"
"9E6L","8","10111000","10111000.0","Success","0.0003"
"4PC2","8","11010000","11010000.0","Success","0.00037"
"6BSC","8","1011111","1011111.0","Success","0.00132"
"6CWA","8","11110011","11110011.0","Success","0.00055"
"4GL2","8","111110","111110.0","Success","0.00039"
"7D2U","8","10101110","10101110.0","Success","0.00069"
"1JDA","8","10000001","10000001.0","Success","0.00069"
"4F0E","8","11001011","11001011.0","Success","0.00049"
"7HGL","8","10111100","10111100.0","Success","0.00083"
"1CRQ","8","1001110","1001110.0","Success","0.00105"
"6ZWC","8","11101000","11101000.0","Success","0.00044"
"6UWO","8","110001","110001.0","Success","0.00087"
"5FU4","8","10110110","10110110.0","Success","0.00096"
"1D6I","8","11000101","11000101.0","Success","0.0005"
"3EXV","8","11110111","11110111.0","Success","0.00096"
"2VMY","8","10011101","10011101.0","Success","0.00048"
"4MVL","8","101010","101010.0","Success","0.00054"
"2WBT","8","11100010","11100010.0","Success","0.00091"
"8SND","8","10000","10000.0","Success","0.00051"
"3CMU","8","10001110","10001110.0","Success","0.00031"
"1KD1","8","1000010","1000010.0","Success","0.00023"
"6WMQ","8","10001010","10001010.0","Success","0.00066"
"9B20","8","10101000","10101000.0","Success","0.00068"
"6R2E","8","10110000","10110000.0","Success","0.00029"
"5RTR","8","1111111","1111111.0","Success","0.00076"
"6CMS","8","11111","11111.0","Success","0.00061"
"2IV1","8","11101010","11101010.0","Success","0.00033"
"4NNK","8","1000111","1000111.0","Success","0.0011"
"4PSM","8","10111100","10111100.0","Success","0.00058"
"8QEN","8","10100111","10100111.0","Success","0.00029"
"6LM2","8","1011101","1011101.0","Success","0.00099"
"4DNJ","8","1000101","1000101.0","Success","0.00071"
"6Q0B","8","1111110","1111110.0","Success","0.00039"
"7KXG","8","10000011","10000011.0","Success","0.00032"
"7UJ4","8","10110","10110.0","Success","0.00046"
"6Y1G","8","1110110","1110110.0","Success","0.00047"
"3UOV","8","11011110","11011110.0","Success","0.00041"
"6QTM","8","11011110","11011110.0","Success","0.00072"
"1EA9","8","1001100","1001100.0","Success","0.00041"
"3PCX","8","10011","10011.0","Success","0.00088"
"6B3M","8","11001111","11001111.0","Success","0.00018"
"6XB0","8","11110101","11110101.0","Success","0.00077"
"9HNN","8","10100111","10100111.0","Success","0.0006"
"5XUB","8","1000101","1000101.0","Success","0.00087"
"4NGE","8","11101011","11101011.0","Success","0.00031"
"1RMQ","8","1011000","1011000.0","Success","0.00066"
"6FKB","8","10100111","10100111.0","Success","0.00077"
"5Y39","8","1110101","1110101.0","Success","0.00046"
"7DHB","8","11110100","11110100.0","Success","0.00141"
"1S2H","8","100110","100110.0","Success","0.00095"
"2DFX","8","11100101","11100101.0","Success","0.00095"
"5I8W","8","1100000","1100000.0","Success","0.00084"
"5CY8","8","1110101","1110101.0","Success","0.00107"
"5ZQI","8","10000110","10000110.0","Success","0.00098"
"2BAW","8","111100","111100.0","Success","0.0006"
"7MYV","8","111100","111100.0","Success","0.00062"
"7M3M","8","101100","101100.0","Success","0.00059"
"7OYO","8","1010110","1010110.0","Success","0.00083"
"1TLM","8","101100","101100.0","Success","0.00089"
"2C01","8","11001000","11001000.0","Success","0.0012"
"8Z6G","8","10000000","10000000.0","Success","0.00051"
"4D6C","8","1","1.0","Success","0.00056"
"5HPJ","8","110001","110001.0","Success","0.0009"
"6F0W","8","1110011","1110011.0","Success","0.00086"
"1R2D","8","10100111","10100111.0","Success","0.00115"
"5SYL","8","1000011","1000011.0","Success","0.00035"
"5OMC","8","11101010","11101010.0","Success","0.00068"
"5W43","8","11001111","11001111.0","Success","0.0007"
"4OLI","8","11111110","11111110.0","Success","0.00058"
"3JX3","8","1100110","1100110.0","Success","0.00049"
"3CHL","8","11101011","11101011.0","Success","0.00078"
"1XJG","8","1001111","1001111.0","Success","0.0004"
"5ZA2","8","110100","110100.0","Success","0.00053"
"6F0H","8","10110000","10110000.0","Success","0.0007"
"4J9R","8","10101111","10101111.0","Success","0.00068"
"4XQN","8","1001001","1001001.0","Success","0.00071"
"3KLW","8","111100","111100.0","Success","0.00102"
"7K8S","8","1010111","1010111.0","Success","0.00023"
"1YDA","8","1110000","1110000.0","Success","0.00087"
"2Z76","8","1111011","1111011.0","Success","0.0008"
"5IO8","8","0","0.0","Success","0.00094"
"7FBT","8","1001000","1001000.0","Success","0.00076"
"5FQ7","8","1111110","1111110.0","Success","0.00024"
"1KB4","8","11111101","11111101.0","Success","0.00098"
"2RIW","8","10010100","10010100.0","Success","0.00073"
"1QJW","8","10100100","10100100.0","Success","0.00051"
"2P5Z","8","111111","111111.0","Success","0.00072"
"5VCP","8","1011101","1011101.0","Success","0.00052"
"8WHA","8","10110010","10110010.0","Success","0.00035"
"7M1D","8","1111010","1111010.0","Success","0.00045"
"3EP0","8","110100","110100.0","Success","0.00093"
"7PF8","8","0","0.0","Success","0.00101"
"6RJD","8","10011001","10011001.0","Success","0.00048"
"2YX1","8","110110","110110.0","Success","0.00055"
"9F7Y","8","1101010","1101010.0","Success","0.00076"
"4Y7R","8","101","101.0","Success","0.00077"
"8J8T","8","10010","10010.0","Success","0.00089"
"2NXN","8","101001","101001.0","Success","0.00073"
"2P9H","8","11000000","11000000.0","Success","0.00058"
"3OTD","8","10100","10100.0","Success","0.00065"
"5WL3","8","111100","111100.0","Success","0.00048"
"1Q06","8","1010010","1010010.0","Success","0.00089"
"2JLG","8","110000","110000.0","Success","0.00032"
"2JGV","8","11101010","11101010.0","Success","0.00039"
"1O0Q","8","11110111","11110111.0","Success","0.00066"
"2QHE","8","10011100","10011100.0","Success","0.00128"
"3BKW","8","1010010","1010010.0","Success","0.00066"
"6ZRP","8","1101001","1101001.0","Success","0.00043"
"8UL7","8","10000100","10000100.0","Success","0.00071"
"2D6O","8","1010010","1010010.0","Success","0.00109"
"8TB5","8","1100000","1100000.0","Success","0.0006"
"6VEQ","8","101111","101111.0","Success","0.00042"
"3J1A","8","1011100","1011100.0","Success","0.00046"
"6HQB","8","111100","111100.0","Success","0.00029"
"2W87","8","10101001","10101001.0","Success","0.00081"
"7VXH","8","10010001","10010001.0","Success","0.00049"
"8RE4","8","11100011","11100011.0","Success","0.00023"
"8ISC","8","1100110","1100110.0","Success","0.00038"
"8ZBC","8","1111011","1111011.0","Success","0.00036"
"5R1R","8","10101","10101.0","Success","0.00028"
"7C8X","8","11011101","11011101.0","Success","0.00055"
"6FPL","8","11011000","11011000.0","Success","0.00094"
"7PZC","8","10011001","10011001.0","Success","0.00014"
"7BWF","8","11100000","11100000.0","Success","0.00074"
"1YIN","8","1010","1010.0","Success","0.00089"
"1Q4L","8","11011","11011.0","Success","0.00054"
"7K0F","8","11010","11010.0","Success","0.00058"
"3R8W","8","10001","10001.0","Success","0.00036"
"1RSE","8","11111100","11111100.0","Success","0.00112"
"3E62","8","10010000","10010000.0","Success","0.00082"
"8G5S","8","11011111","11011111.0","Success","0.00052"
"3F63","8","11100100","11100100.0","Success","0.00066"
"1I72","8","101010","101010.0","Success","0.00077"
"5IPF","8","1001111","1001111.0","Success","0.00051"
"4E0D","8","11100000","11100000.0","Success","0.00057"
"7XZ1","8","1000111","1000111.0","Success","0.00051"
"6R4J","8","10010110","10010110.0","Success","0.00039"
"2Q76","8","1100000","1100000.0","Success","0.00047"
"5XJ8","8","100101","100101.0","Success","0.00069"
"4Q3L","8","1011110","1011110.0","Success","0.00029"
"3AMY","8","11011010","11011010.0","Success","0.00078"
"5N4L","8","11010000","11010000.0","Success","0.00031"
"3OI8","8","11001111","11001111.0","Success","0.00077"
"8RGK","8","11000011","11000011.0","Success","0.00041"
"6PWP","8","10101001","10101001.0","Success","0.00032"
"3GP8","8","1010110","1010110.0","Success","0.00059"
"1FDD","8","11100011","11100011.0","Success","0.00133"
"3S7P","8","1111111","1111111.0","Success","0.00077"
"2QYO","8","10001100","10001100.0","Success","0.00054"
"3VWO","8","1111110","1111110.0","Success","0.00112"
"6H19","8","111000","111000.0","Success","0.00059"
"2KKT","8","10000111","10000111.0","Success","0.00044"
"8PF2","8","1101110","1101110.0","Success","0.00074"
"3AU8","8","101001","101001.0","Success","0.0005"
"5GI7","8","101101","101101.0","Success","0.00097"
"3FQA","8","11010100","11010100.0","Success","0.00047"
"3ALW","8","111","111.0","Success","0.00061"
"8HI7","8","1010","1010.0","Success","0.00057"
"1UYD","8","111001","111001.0","Success","0.00095"
"7KFH","8","11111100","11111100.0","Success","0.00034"
"7PV1","8","10000111","10000111.0","Success","0.00058"
"7ZVX","8","1000001","1000001.0","Success","0.00055"
"1X1F","8","10011101","10011101.0","Success","0.00025"
"7UE4","8","1001011","1001011.0","Success","0.00072"
"4ACL","8","1111010","1111010.0","Success","0.00078"
"6NN7","8","10011110","10011110.0","Success","0.00022"
"7JGV","8","10011","10011.0","Success","0.00081"
"6TOT","8","10001001","10001001.0","Success","0.00056"
"4TZK","8","11000000","11000000.0","Success","0.00084"
"3HSQ","8","110111","110111.0","Success","0.00048"
"2KFZ","8","100011","100011.0","Success","0.00056"
"2P85","8","11101011","11101011.0","Success","0.00027"
"8DIH","8","10001100","10001100.0","Success","0.0008"
"1ZXC","8","10110100","10110100.0","Success","0.00061"
"8TKL","8","1001101","1001101.0","Success","0.00054"
"9AW2","8","11101011","11101011.0","Success","0.00092"
"2NNH","8","1110110","1110110.0","Success","0.00046"
"4DGX","8","11001110","11001110.0","Success","0.0006"
"2JMD","8","100111","100111.0","Success","0.00025"
"1Y0T","8","11100011","11100011.0","Success","0.00058"
"5A8F","8","110001","110001.0","Success","0.00055"
"4F9C","8","10","10.0","Success","0.0007"
"2PZV","8","11111111","11111111.0","Success","0.0006"
"8SXO","8","1101010","1101010.0","Success","0.0008"
"8W0L","8","100000","100000.0","Success","0.00032"
"2Z2T","8","1010010","1010010.0","Success","0.00095"
"5Q3F","8","10000100","10000100.0","Success","0.00075"
"3P4V","8","1010101","1010101.0","Success","0.00088"
"1P6O","8","11001","11001.0","Success","0.00074"
"3ENT","8","11101010","11101010.0","Success","0.00091"
"5JW6","8","1111000","1111000.0","Success","0.00052"
"3EGX","8","101100","101100.0","Success","0.00034"
"8C84","8","101111","101111.0","Success","0.00102"
"7W1W","8","11010100","11010100.0","Success","0.00055"
"6NG3","8","110111","110111.0","Success","0.00096"
"5Z9X","8","1000001","1000001.0","Success","0.00081"
"9IR6","8","1100010","1100010.0","Success","0.00047"
"1Q8M","8","11010001","11010001.0","Success","0.00061"
"6UAR","8","11000","11000.0","Success","0.0009"
"8XI5","8","11100","11100.0","Success","0.00021"
"4FS4","8","11110011","11110011.0","Success","0.00049"
"7BCA","8","1110001","1110001.0","Success","0.00102"
"5ZFK","8","10001101","10001101.0","Success","0.00051"
"244L","8","10101110","10101110.0","Success","0.0011"
"3UU5","8","10101100","10101100.0","Success","0.00035"
"6EUH","8","10010110","10010110.0","Success","0.00042"
"4ZGY","8","100001","100001.0","Success","0.0006"
"8K9T","8","110011","110011.0","Success","0.00044"
"6RU5","8","1110111","1110111.0","Success","0.00032"
"8ZI5","8","1110","1110.0","Success","0.0004"
"4HFD","8","10000001","10000001.0","Success","0.00035"
"4N96","8","1011","1011.0","Success","0.0005"
"5J1V","8","10000001","10000001.0","Success","0.00044"
"1G0O","8","10010110","10010110.0","Success","0.00042"
"7KT5","8","10111000","10111000.0","Success","0.00075"
"4Y7N","8","1101010","1101010.0","Success","0.00023"
"7XM7","8","1010100","1010100.0","Success","0.00066"
"2C70","8","11111000","11111000.0","Success","0.00041"
"6JID","8","1100111","1100111.0","Success","0.00059"
"5Z74","8","10001110","10001110.0","Success","0.00047"
"1ZL3","8","1000011","1000011.0","Success","0.00079"
"7WWY","8","10101100","10101100.0","Success","0.00081"
"2KFN","8","11100111","11100111.0","Success","0.00057"
"1CW1","8","100100","100100.0","Success","0.0007"
"8Q3C","8","11000001","11000001.0","Success","0.00041"
"6JUS","8","1000010","1000010.0","Success","0.00053"
"1A8S","8","1100","1100.0","Success","0.00087"
"9BV2","8","11011101","11011101.0","Success","0.00013"
"4XKY","8","1110010","1110010.0","Success","0.00039"
"4P52","8","1100001","1100001.0","Success","0.0008"
"7R9K","8","1010101","1010101.0","Success","0.0006"
"3GNY","8","10101000","10101000.0","Success","0.00185"
"8PK3","8","1111111","1111111.0","Success","0.00034"
"4UFB","8","1011111","1011111.0","Success","0.00028"
"1IK3","8","1000111","1000111.0","Success","0.00049"
"8Y80","8","1001101","1001101.0","Success","0.00022"
"5AW0","8","10110000","10110000.0","Success","0.00038"
"7KU0","8","1101","1101.0","Success","0.00087"
"1HJD","8","1","1.0","Success","0.00031"
"2IWU","8","10001010","10001010.0","Success","0.00096"
"3F19","8","11001001","11001001.0","Success","0.00107"
"6Z6H","8","11101111","11101111.0","Success","0.0002"
"1N4N","8","1111001","1111001.0","Success","0.00045"
"1X80","8","1000101","1000101.0","Success","0.00052"
"5ORY","8","10010000","10010000.0","Success","0.00083"
"4B1Y","8","10000","10000.0","Success","0.00064"
"6VZ0","8","11011111","11011111.0","Success","0.00111"
"6UVI","8","101001","101001.0","Success","0.00081"
"1KHJ","8","1011111","1011111.0","Success","0.00046"
"6OA9","8","11100101","11100101.0","Success","0.00023"
"4ZGR","8","10001000","10001000.0","Success","0.00061"
"3S6O","8","1110110","1110110.0","Success","0.00039"
"3NHP","8","1100100","1100100.0","Success","0.00064"
"6RQ9","8","10101011","10101011.0","Success","0.00068"
"7MWB","8","1010010","1010010.0","Success","0.00033"
"8EHB","8","11011001","11011001.0","Success","0.00058"
"2MXA","8","10000","10000.0","Success","0.00038"
"8UG4","8","10101011","10101011.0","Success","0.00045"
"5DBH","8","1001111","1001111.0","Success","0.00079"
"3FRS","8","11011001","11011001.0","Success","0.00103"
"4YW1","8","11010010","11010010.0","Success","0.00038"
"4KXO","8","1010000","1010000.0","Success","0.00084"
"3IJG","8","10000101","10000101.0","Success","0.00076"
"6G3N","8","100011","100011.0","Success","0.00046"
"6MM8","8","11101","11101.0","Success","0.00061"
"6CRZ","8","10000","10000.0","Success","0.00024"
"8KBY","8","11010110","11010110.0","Success","0.00047"
"1AUX","8","10000","10000.0","Success","0.00057"
"3O0X","8","10111010","10111010.0","Success","0.00061"
"6OHU","8","11100100","11100100.0","Success","0.00056"
"1GF7","8","10111110","10111110.0","Success","0.00119"
"5F4Z","8","1011000","1011000.0","Success","0.00031"
"3FCT","8","10101","10101.0","Success","0.00049"
"7EA0","8","1100100","1100100.0","Success","0.00075"
"7TIK","8","100010","100010.0","Success","0.00074"
"7MY5","8","11000111","11000111.0","Success","0.00102"
"3SAF","8","101111","101111.0","Success","0.00048"
"1S18","8","1110000","1110000.0","Success","0.00056"
"7E1A","8","110110","110110.0","Success","0.0004"
"3AYR","8","1001000","1001000.0","Success","0.00073"
"4ZT2","8","11011000","11011000.0","Success","0.00043"
"2GFF","8","11011010","11011010.0","Success","0.00099"
"7LDA","8","10110","10110.0","Success","0.00066"
"4LP9","8","10111111","10111111.0","Success","0.00077"
"3KHK","8","11011111","11011111.0","Success","0.00044"
"8J6Z","8","110010","110010.0","Success","0.00022"
"8E3K","8","11000111","11000111.0","Success","0.00142"
"8EHV","8","10010101","10010101.0","Success","0.00057"
"6WV1","8","11100100","11100100.0","Success","0.00041"
"1LOE","8","1111","1111.0","Success","0.00064"
"4XQ8","8","111001","111001.0","Success","0.00061"
"2YM0","8","1101110","1101110.0","Success","0.00069"
"2DLM","8","1000111","1000111.0","Success","0.00038"
"4ZUV","8","11000010","11000010.0","Success","0.00051"
"6HTI","8","10001101","10001101.0","Success","0.00034"
"7FGQ","8","10011","10011.0","Success","0.00099"
"2CJB","8","1100","1100.0","Success","0.00045"
"4GMB","8","11011001","11011001.0","Success","0.0008"
"2BKF","8","1000011","1000011.0","Success","0.00144"
"6IM4","8","1100000","1100000.0","Success","0.00049"
"5WQL","8","11100110","11100110.0","Success","0.00032"
"6YPV","8","111","111.0","Success","0.00098"
"5CZJ","8","11000","11000.0","Success","0.00055"
"4QM0","8","11111101","11111101.0","Success","0.00062"
"4LN6","8","1111011","1111011.0","Success","0.00026"
"8I71","8","11010001","11010001.0","Success","0.00047"
"3PP1","8","1010110","1010110.0","Success","0.00079"
"1ZW3","8","1011","1011.0","Success","0.00083"
"7E06","8","11010010","11010010.0","Success","0.0006"
"7VWZ","8","10110","10110.0","Success","0.00022"
"3CFR","8","1101000","1101000.0","Success","0.00047"
"3NEC","8","1101100","1101100.0","Success","0.00055"
"5YX6","8","10000111","10000111.0","Success","0.00037"
"3S2Q","8","1110001","1110001.0","Success","0.00119"
"1C5E","8","1010001","1010001.0","Success","0.0008"
"7GAV","8","1011010","1011010.0","Success","0.00055"
"5J0H","8","11011011","11011011.0","Success","0.00115"
"1GSL","8","11100000","11100000.0","Success","0.0009"
"1FV2","8","10111001","10111001.0","Success","0.00064"
"8EF3","8","1011","1011.0","Success","0.00047"
"5D6M","8","10101110","10101110.0","Success","0.0008"
"8FSV","8","10011000","10011000.0","Success","0.00125"
"4RZ5","8","10101100","10101100.0","Success","0.00053"
"3VF9","8","10111010","10111010.0","Success","0.00089"
"3JRW","8","11111111","11111111.0","Success","0.00061"
"5PG0","8","10010001","10010001.0","Success","0.00128"
"8ZI7","8","1001011","1001011.0","Success","0.0007"
"6L5S","8","1000000","1000000.0","Success","0.00066"
"6FHU","8","11111","11111.0","Success","0.00094"
"4Q6T","8","1011110","1011110.0","Success","0.00076"
"5JR4","8","1010001","1010001.0","Success","0.00081"
"1RML","8","10100000","10100000.0","Success","0.00024"
"6AHQ","8","1001001","1001001.0","Success","0.0003"
"4OCM","8","11001111","11001111.0","Success","0.00046"
"7RXS","8","0","0.0","Success","0.00127"
"1GM6","8","10011111","10011111.0","Success","0.00107"
"5Z4J","8","11100111","11100111.0","Success","0.00075"
"3W0F","8","1111000","1111000.0","Success","0.00086"
"1L95","8","10010110","10010110.0","Success","0.00111"
"9H8J","8","1001","1001.0","Success","0.00045"
"4U7L","8","1110110","1110110.0","Success","0.00064"
"4E7A","8","11000110","11000110.0","Success","0.00058"
"1JKA","8","1000011","1000011.0","Success","0.00116"
"6Y20","8","101110","101110.0","Success","0.0006"
"1YBJ","8","1110011","1110011.0","Success","0.00033"
"7GK9","8","1001010","1001010.0","Success","0.00056"
"8R9Y","8","11001","11001.0","Success","0.00043"
"3DXG","8","10111101","10111101.0","Success","0.00087"
"8IKR","8","10011111","10011111.0","Success","0.00072"
"7JQD","8","1101011","1101011.0","Success","0.00126"
"3KKZ","8","11101110","11101110.0","Success","0.00063"
"1D4E","8","11010010","11010010.0","Success","0.00057"
"5Q0U","8","11001100","11001100.0","Success","0.00062"
"5D47","8","11111110","11111110.0","Success","0.00119"
"4J9X","8","11110101","11110101.0","Success","0.00056"
"7XP4","8","10001000","10001000.0","Success","0.00042"
"3TUI","8","11011110","11011110.0","Success","0.0003"
"2YZK","8","1101000","1101000.0","Success","0.00053"
"4MN5","8","1011100","1011100.0","Success","0.00102"
"5L7V","8","11010111","11010111.0","Success","0.00041"
"2XE0","8","100110","100110.0","Success","0.00078"
"5VKJ","8","10111010","10111010.0","Success","0.00077"
"4G1B","8","1011010","1011010.0","Success","0.00034"
"4EGA","8","10110100","10110100.0","Success","0.00043"
"9LW9","8","11011011","11011011.0","Success","0.00041"
"6FYB","8","11011101","11011101.0","Success","0.00032"
"7WWZ","8","11011010","11011010.0","Success","0.00121"
"5HCI","8","1000101","1000101.0","Success","0.00035"
"8UVH","8","10110110","10110110.0","Success","0.00044"
"7RCW","8","11101100","11101100.0","Success","0.00046"
"7WHC","8","110110","110110.0","Success","0.00051"
"7GO0","8","11010100","11010100.0","Success","0.00071"
"2Z46","8","1101111","1101111.0","Success","0.00054"
"5T7C","8","11000000","11000000.0","Success","0.00032"
"8XLS","8","10001001","10001001.0","Success","0.00026"
"5MGL","8","11000110","11000110.0","Success","0.00139"
"7KDL","8","1010100","1010100.0","Success","0.00026"
"8D7W","8","1110010","1110010.0","Success","0.00035"
"5IZ5","8","1111010","1111010.0","Success","0.00035"
"8QV8","8","11110010","11110010.0","Success","0.00066"
"3DGZ","8","11110110","11110110.0","Success","0.00063"
"3LCN","8","1111001","1111001.0","Success","0.00087"
"2LUP","8","101100","101100.0","Success","0.00036"
"4YOX","8","11100001","11100001.0","Success","0.00052"
"1PV6","8","1","1.0","Success","0.0005"
"5FVA","8","1011110","1011110.0","Success","0.00036"
"6AJY","8","10000100","10000100.0","Success","0.00117"
"3LG2","8","10110010","10110010.0","Success","0.00043"
"5ZRP","8","1011001","1011001.0","Success","0.00121"
"5PQN","8","1010001","1010001.0","Success","0.00086"
"3X1Y","8","10110","10110.0","Success","0.00106"
"1OZM","8","1100011","1100011.0","Success","0.00073"
"5K68","8","11111001","11111001.0","Success","0.00126"
"8BTC","8","110100","110100.0","Success","0.00075"
"8U2P","8","11100000","11100000.0","Success","0.00067"
"2XSC","8","10000000","10000000.0","Success","0.00074"
"5WTN","8","1","1.0","Success","0.00044"
"2DVW","8","111000","111000.0","Success","0.00082"
"3Q4Y","8","1011100","1011100.0","Success","0.0012"
"2BRW","8","10000100","10000100.0","Success","0.00037"
"3CXD","8","11101000","11101000.0","Success","0.00067"
"8IQT","8","1010110","1010110.0","Success","0.00088"
"1EB8","8","10111010","10111010.0","Success","0.0006"
"7ZWE","8","1011010","1011010.0","Success","0.00075"
"7P8Z","8","11001","11001.0","Success","0.00063"
"6SC1","8","1010011","1010011.0","Success","0.00074"
"2WTZ","8","10100011","10100011.0","Success","0.00032"
"7BFP","8","11101110","11101110.0","Success","0.00038"
"5KJ8","8","100001","100001.0","Success","0.00037"
"1ND3","8","101100","101100.0","Success","0.00048"
"5HGE","8","1011111","1011111.0","Success","0.00089"
"5OXH","8","11011110","11011110.0","Success","0.0016"
"6GBE","8","1010011","1010011.0","Success","0.00027"
"3CH4","8","100000","100000.0","Success","0.00099"
"6GUO","8","11110010","11110010.0","Success","0.00041"
"7AKV","8","1110111","1110111.0","Success","0.00051"
"7NAT","8","10011101","10011101.0","Success","0.00028"
"5J06","8","1000110","1000110.0","Success","0.00048"
"6FDP","8","1011000","1011000.0","Success","0.00027"
"7A4C","8","10110001","10110001.0","Success","0.00053"
"5JQY","8","11111100","11111100.0","Success","0.00065"
"3NTJ","8","100101","100101.0","Success","0.00035"
"6UJY","8","1000111","1000111.0","Success","0.00045"
"6F2Y","8","1010110","1010110.0","Success","0.00036"
"4ERY","8","10111010","10111010.0","Success","0.00076"
"9E9Y","8","11011110","11011110.0","Success","0.00021"
"6YN0","8","10011","10011.0","Success","0.00051"
"7KVK","8","10111010","10111010.0","Success","0.00046"
"3VL4","8","10100011","10100011.0","Success","0.00071"
"2BKI","8","1101000","1101000.0","Success","0.00042"
"6LFU","8","11111000","11111000.0","Success","0.00078"
"3WCV","8","1101100","1101100.0","Success","0.0004"
"8WXJ","8","11011101","11011101.0","Success","0.00046"
"3O6N","8","1100101","1100101.0","Success","0.00071"
"8W86","8","11111100","11111100.0","Success","0.00037"
"6MUW","8","10111011","10111011.0","Success","0.00018"
"4HE8","8","10010101","10010101.0","Success","0.00021"
"8BT2","8","11011000","11011000.0","Success","0.00075"
"8IGQ","8","1101011","1101011.0","Success","0.0004"
"6W1C","8","10100001","10100001.0","Success","0.0002"
"5Y6E","8","10100101","10100101.0","Success","0.00063"
"4CC4","8","111010","111010.0","Success","0.00042"
"8TZI","8","11100110","11100110.0","Success","0.00071"
"2LVK","8","11001000","11001000.0","Success","0.00035"
"2K1Z","8","11011000","11011000.0","Success","0.00029"
"1ACJ","8","10010","10010.0","Success","0.0006"
"5QRX","8","11101010","11101010.0","Success","0.00107"
"5AR7","8","10010101","10010101.0","Success","0.00058"
"3BGU","8","10110011","10110011.0","Success","0.00092"
"5ZRD","8","11001000","11001000.0","Success","0.00031"
"5EFK","8","1011111","1011111.0","Success","0.00073"
"1BJF","8","11000101","11000101.0","Success","0.00073"
"5O0Y","8","1110111","1110111.0","Success","0.00079"
"7VYS","8","1011","1011.0","Success","0.0002"
"4RSG","8","11011000","11011000.0","Success","0.00103"
"3GIR","8","10000","10000.0","Success","0.00074"
"4CVB","8","1110100","1110100.0","Success","0.00059"
"5ITY","8","11100100","11100100.0","Success","0.00047"
"8P0W","8","1110000","1110000.0","Success","0.00029"
"1IAI","8","10111111","10111111.0","Success","0.00046"
"6QP9","8","1101011","1101011.0","Success","0.00044"
"4K9A","8","1111000","1111000.0","Success","0.00075"
"3U92","8","10101001","10101001.0","Success","0.0006"
"5ITP","8","11110110","11110110.0","Success","0.0006"
"1JB4","8","1101111","1101111.0","Success","0.00088"
"3RLK","8","0","0.0","Success","0.00102"
"4O1S","8","11011000","11011000.0","Success","0.00077"
"7P1K","8","11111101","11111101.0","Success","0.00047"
"1JKY","8","110000","110000.0","Success","0.00049"
"2WL3","8","11101001","11101001.0","Success","0.00042"
"4Z54","8","10100001","10100001.0","Success","0.0006"
"6HV4","8","10000110","10000110.0","Success","0.00018"
"7BNI","8","11100001","11100001.0","Success","0.00095"
"8F8Z","8","111011","111011.0","Success","0.00046"
"8W88","8","11101010","11101010.0","Success","0.00042"
"1OBF","8","10010101","10010101.0","Success","0.00055"
"8BIJ","8","1110011","1110011.0","Success","0.00055"
"8TQL","8","10101101","10101101.0","Success","0.0008"
"2X28","8","1010110","1010110.0","Success","0.00094"
"6HZK","8","100111","100111.0","Success","0.00054"
"4PD5","8","11100000","11100000.0","Success","0.00071"
"8IZY","8","11001","11001.0","Success","0.00043"
"3SK3","8","111100","111100.0","Success","0.00049"
"7YHF","8","11111100","11111100.0","Success","0.00051"
"8B3X","8","111101","111101.0","Success","0.00086"
"4I4G","8","10100111","10100111.0","Success","0.00067"
"9DIS","8","11110","11110.0","Success","0.00051"
"5LG3","8","100100","100100.0","Success","0.00025"
"3O13","8","11100011","11100011.0","Success","0.00101"
"5QD0","8","11111","11111.0","Success","0.0004"
"5MOP","8","1001110","1001110.0","Success","0.0009"
"1BHB","8","110111","110111.0","Success","0.00048"
"2F6A","8","1010100","1010100.0","Success","0.00037"
"7XVU","8","11001101","11001101.0","Success","0.00052"
"4WB2","8","11100001","11100001.0","Success","0.00091"
"2QRZ","8","1010100","1010100.0","Success","0.00069"
"8UO9","8","11110000","11110000.0","Success","0.00055"
"1AD9","8","11111011","11111011.0","Success","0.00047"
"3O01","8","11110","11110.0","Success","0.00057"
"7CX3","8","11000","11000.0","Success","0.00041"
"5B4J","8","1000111","1000111.0","Success","0.00087"
"1FIH","8","11111","11111.0","Success","0.00065"
"3UI3","8","10000111","10000111.0","Success","0.00088"
"1T7M","8","11010101","11010101.0","Success","0.00085"
"9FR4","8","10011111","10011111.0","Success","0.00055"
"3GLQ","8","11000110","11000110.0","Success","0.00046"
"4S37","8","1011000","1011000.0","Success","0.00025"
"1MG5","8","11111","11111.0","Success","0.0006"
"8ATP","8","1110101","1110101.0","Success","0.0009"
"7VKH","8","111111","111111.0","Success","0.00082"
"5JHS","8","100100","100100.0","Success","0.00017"
"4FJC","8","11000000","11000000.0","Success","0.00038"
"7JZV","8","10001011","10001011.0","Success","0.00041"
"7K6L","8","1011101","1011101.0","Success","0.00086"
"8Y1C","8","101010","101010.0","Success","0.00023"
"4IQ1","8","101100","101100.0","Success","0.00055"
"3EXQ","8","11110111","11110111.0","Success","0.00109"
"3P2V","8","10111001","10111001.0","Success","0.00077"
"6GOA","8","10010011","10010011.0","Success","0.00031"
"1N3B","8","1001110","1001110.0","Success","0.00059"
"2VU5","8","11111111","11111111.0","Success","0.00116"
"1XGL","8","10011001","10011001.0","Success","0.00061"
"5ZOD","8","1101101","1101101.0","Success","0.00085"
"4NU7","8","11110000","11110000.0","Success","0.00045"
"1TLZ","8","111001","111001.0","Success","0.00063"
"8GM5","8","10100000","10100000.0","Success","0.00059"
"8V6Y","8","11000110","11000110.0","Success","0.00088"
"6UB2","8","1001100","1001100.0","Success","0.00044"
"4XAC","8","10010100","10010100.0","Success","0.00088"
"5SKQ","8","1110","1110.0","Success","0.00038"
"5JB5","8","10100111","10100111.0","Success","0.00107"
"7X8U","8","10100110","10100110.0","Success","0.00091"
"6KXY","8","11011010","11011010.0","Success","0.00084"
"6B2K","8","10001011","10001011.0","Success","0.00096"
"8XQA","8","1110010","1110010.0","Success","0.00037"
"4HT9","8","111110","111110.0","Success","0.001"
"4JDW","8","1001001","1001001.0","Success","0.00072"
"6Q81","8","11011000","11011000.0","Success","0.0004"
"3H5R","8","10100","10100.0","Success","0.00036"
"1E03","8","11101111","11101111.0","Success","0.00047"
"8KG4","8","10111111","10111111.0","Success","0.00084"
"6B03","8","11111000","11111000.0","Success","0.00044"
"2E2Z","8","1110","1110.0","Success","0.0003"
"6JDR","8","111011","111011.0","Success","0.00067"
"1Y6R","8","11110100","11110100.0","Success","0.00062"
"2OOH","8","1100110","1100110.0","Success","0.00075"
"5IXZ","8","10000000","10000000.0","Success","0.0007"
"7WIG","8","10110011","10110011.0","Success","0.00041"
"5IBF","8","110110","110110.0","Success","0.0007"
"4CR2","8","11101","11101.0","Success","0.00014"
"2CM7","8","11110011","11110011.0","Success","0.00079"
"5MRJ","8","10101000","10101000.0","Success","0.00056"
"4DGG","8","1100011","1100011.0","Success","0.00061"
"6O0T","8","1111000","1111000.0","Success","0.00042"
"5X9C","8","11101101","11101101.0","Success","0.00054"
"3TZB","8","1001010","1001010.0","Success","0.00045"
"1PD7","8","11111","11111.0","Success","0.00025"
"2YMW","8","11111100","11111100.0","Success","0.00037"
"4OLQ","8","1010111","1010111.0","Success","0.00034"
"7Z8Z","8","10001100","10001100.0","Success","0.00095"
"4K9B","8","1110001","1110001.0","Success","0.00074"
"1ERW","8","1111100","1111100.0","Success","0.00138"
"3JW5","8","10011101","10011101.0","Success","0.00077"
"2NWQ","8","100000","100000.0","Success","0.00047"
"5IXT","8","1101010","1101010.0","Success","0.00054"
"7FUH","8","1010101","1010101.0","Success","0.00074"
"5UU1","8","1110001","1110001.0","Success","0.00075"
"7QVX","8","100010","100010.0","Success","0.00054"
"6SDU","8","1000110","1000110.0","Success","0.00047"
"5XMC","8","10001011","10001011.0","Success","0.00068"
"2EAK","8","1110011","1110011.0","Success","0.00065"
"5N4I","8","1011010","1011010.0","Success","0.00068"
"3V9M","8","1101010","1101010.0","Success","0.00087"
"3WEK","8","11101","11101.0","Success","0.00076"
"6VNK","8","1110101","1110101.0","Success","0.0004"
"1XLP","8","10100001","10100001.0","Success","0.00077"
"4J66","8","10010000","10010000.0","Success","0.00125"
"8EX0","8","100","100.0","Success","0.00086"
"4F1R","8","11011110","11011110.0","Success","0.00084"
"4DQ7","8","10110011","10110011.0","Success","0.00074"
"5K91","8","11000010","11000010.0","Success","0.00053"
"8WFN","8","100","100.0","Success","0.00023"
"6GHF","8","1010111","1010111.0","Success","0.00068"
"3UAK","8","11001101","11001101.0","Success","0.00048"
"1EC8","8","111111","111111.0","Success","0.00033"
"4HAO","8","1101010","1101010.0","Success","0.00058"
"3V8Q","8","1110110","1110110.0","Success","0.00087"
"4V0W","8","10100110","10100110.0","Success","0.00056"
"6LVO","8","11010110","11010110.0","Success","0.0009"
"1CHW","8","1001100","1001100.0","Success","0.00049"
"1AZB","8","1111010","1111010.0","Success","0.00084"
"6LE3","8","10010100","10010100.0","Success","0.00045"
"1WKD","8","10000011","10000011.0","Success","0.00072"
"5OMR","8","10110","10110.0","Success","0.00068"
"3SXZ","8","1000100","1000100.0","Success","0.00082"
"2ZQJ","8","1011101","1011101.0","Success","0.00039"
"4JW3","8","11000000","11000000.0","Success","0.00068"
"4A5W","8","111","111.0","Success","0.00029"
"8J4R","8","11011001","11011001.0","Success","0.00025"
"4WRN","8","11010101","11010101.0","Success","0.00038"
"2OWZ","8","10101100","10101100.0","Success","0.00077"
"966C","8","111001","111001.0","Success","0.00112"
"4WYB","8","10000001","10000001.0","Success","0.00021"
"4FT0","8","11001010","11001010.0","Success","0.00082"
"7F9A","8","11011","11011.0","Success","0.00042"
"4BFT","8","1011","1011.0","Success","0.00055"
"8XSQ","8","10110000","10110000.0","Success","0.00047"
"6UZS","8","10101110","10101110.0","Success","0.0007"
"3APP","8","1010100","1010100.0","Success","0.00078"
"1V7T","8","1010111","1010111.0","Success","0.00085"
"7WP5","8","100100","100100.0","Success","0.00067"
"5XIJ","8","10010100","10010100.0","Success","0.00032"
"2BOO","8","1011100","1011100.0","Success","0.0009"
"3SK5","8","1010","1010.0","Success","0.0012"
"1NU4","8","110110","110110.0","Success","0.00099"
"7Z2O","8","10101111","10101111.0","Success","0.00072"
"1SIW","8","1001011","1001011.0","Success","0.0003"
"4FOW","8","1000001","1000001.0","Success","0.00055"
"3TV6","8","1000110","1000110.0","Success","0.0006"
"8DP6","8","1010111","1010111.0","Success","0.00062"
"5HC9","8","1001111","1001111.0","Success","0.00046"
"3VDD","8","11011111","11011111.0","Success","0.00048"
"4S2M","8","10111000","10111000.0","Success","0.00044"
"2JJ0","8","10010010","10010010.0","Success","0.00048"
"9FSK","8","11110100","11110100.0","Success","0.00036"
"1ZMS","8","100010","100010.0","Success","0.00098"
"6AMT","8","101010","101010.0","Success","0.00048"
"7YS6","8","11001111","11001111.0","Success","0.00041"
"3G27","8","111101","111101.0","Success","0.00148"
"1C6G","8","10110","10110.0","Success","0.00111"
"7SYZ","8","11001","11001.0","Success","0.00048"
"4P9Z","8","111001","111001.0","Success","0.00128"
"8HCS","8","1100100","1100100.0","Success","0.0015"
"6E42","8","101111","101111.0","Success","0.00036"
"8PRG","8","111","111.0","Success","0.00158"
"1NEW","8","10011010","10011010.0","Success","0.00027"
"7NBI","8","11","11.0","Success","0.00082"
"7B9B","8","111100","111100.0","Success","0.00077"
"6G81","8","10001000","10001000.0","Success","0.00029"
"5INJ","8","1100010","1100010.0","Success","0.00071"
"8RSD","8","11010101","11010101.0","Success","0.00091"
"3SFC","8","110001","110001.0","Success","0.00053"
"4XOL","8","1110101","1110101.0","Success","0.00111"
"8AOI","8","10010111","10010111.0","Success","0.00075"
"5OCK","8","11110101","11110101.0","Success","0.00063"
"1GX1","8","100101","100101.0","Success","0.00063"
"2ZP8","8","10101","10101.0","Success","0.00056"
"5BSZ","8","1010","1010.0","Success","0.00089"
"4QJ7","8","11011101","11011101.0","Success","0.00066"
"7TYJ","8","1100110","1100110.0","Success","0.00048"
"6P5F","8","10010","10010.0","Success","0.00126"
"7RNX","8","10000111","10000111.0","Success","0.00046"
"5LD1","8","1010101","1010101.0","Success","0.00042"
"1OM5","8","1010000","1010000.0","Success","0.00048"
"2NTZ","8","11011001","11011001.0","Success","0.00075"
"6Y0B","8","11100100","11100100.0","Success","0.0007"
"8ECI","8","1011111","1011111.0","Success","0.00028"
"2Y9H","8","10000100","10000100.0","Success","0.00034"
"4ISF","8","110011","110011.0","Success","0.00068"
"7FTO","8","101111","101111.0","Success","0.00076"
"3AJR","8","10111011","10111011.0","Success","0.00057"
"7ECY","8","11011","11011.0","Success","0.00048"
"5X6K","8","10000010","10000010.0","Success","0.00072"
"1BQT","8","11001111","11001111.0","Success","0.00068"
"3S67","8","11100","11100.0","Success","0.00133"
"8JZY","8","11100","11100.0","Success","0.00119"
"5I9I","8","1011111","1011111.0","Success","0.00049"
"3IOP","8","11101000","11101000.0","Success","0.00084"
"2PVI","8","11100111","11100111.0","Success","0.00078"
"7B56","8","11101101","11101101.0","Success","0.00069"
"7TFI","8","100101","100101.0","Success","0.00028"
"7QI0","8","11000100","11000100.0","Success","0.00065"
"8IZZ","8","10101000","10101000.0","Success","0.00114"
"1ACM","8","100000","100000.0","Success","0.00045"
"4UWE","8","1010010","1010010.0","Success","0.00012"
"8X2I","8","1001110","1001110.0","Success","0.00028"
"4EDR","8","11000001","11000001.0","Success","0.00079"
"5PAX","8","10000001","10000001.0","Success","0.00077"
"4YSK","8","1100001","1100001.0","Success","0.00059"
"6BZF","8","11001","11001.0","Success","0.00034"
"3KXQ","8","10110000","10110000.0","Success","0.00062"
"9QB5","8","11101100","11101100.0","Success","0.00055"
"7RXP","8","10010100","10010100.0","Success","0.0006"
"2FLT","8","10111011","10111011.0","Success","0.0013"
"5BRO","8","11011101","11011101.0","Success","0.00063"
"2A94","8","11000011","11000011.0","Success","0.0008"
"3M08","8","10000010","10000010.0","Success","0.00111"
"3T1O","8","10001101","10001101.0","Success","0.00069"
"1M4R","8","111101","111101.0","Success","0.00085"
"5K0M","8","10001100","10001100.0","Success","0.00073"
"1QZ3","8","1101110","1101110.0","Success","0.00078"
"5O0R","8","1011111","1011111.0","Success","0.00059"
"1YHS","8","1001001","1001001.0","Success","0.00083"
"7C6H","8","10110","10110.0","Success","0.00047"
"4BBY","8","1011001","1011001.0","Success","0.00028"
"6U4Y","8","1111011","1111011.0","Success","0.00035"
"2A49","8","10110011","10110011.0","Success","0.00086"
"7BDH","8","1001000","1001000.0","Success","0.00076"
"7PMY","8","110000","110000.0","Success","0.00055"
"1CE0","8","11101001","11101001.0","Success","0.0013"
"1TLV","8","1111100","1111100.0","Success","0.00093"
"3NCE","8","10111101","10111101.0","Success","0.00069"
"2LRK","8","11101000","11101000.0","Success","0.00016"
"3DRG","8","10101001","10101001.0","Success","0.00059"
"5TM0","8","10001000","10001000.0","Success","0.00017"
"2E93","8","110010","110010.0","Success","0.00056"
"7R88","8","10101100","10101100.0","Success","0.00039"
"6YYM","8","1011001","1011001.0","Success","0.00117"
"5W6U","8","1111001","1111001.0","Success","0.00062"
"6LQD","8","1110001","1110001.0","Success","0.00046"
"4UP0","8","11010111","11010111.0","Success","0.00148"
"3O86","8","1101110","1101110.0","Success","0.00051"
"9KYV","8","1111111","1111111.0","Success","0.00085"
"6QPU","8","11100011","11100011.0","Success","0.00032"
"2FQM","8","1110011","1110011.0","Success","0.0007"
"1IX1","8","11001010","11001010.0","Success","0.00076"
"3S1D","8","10000011","10000011.0","Success","0.00064"
"1ETK","8","100111","100111.0","Success","0.00111"
"7BIM","8","10","10.0","Success","0.00043"
"1M5D","8","1101","1101.0","Success","0.00087"
"8F02","8","10001011","10001011.0","Success","0.00079"
"8GE7","8","11010100","11010100.0","Success","0.00046"
"2H8P","8","11011111","11011111.0","Success","0.0006"
"3HIZ","8","11101010","11101010.0","Success","0.00039"
"7P7K","8","101","101.0","Success","0.0002"
"7UFT","8","10001101","10001101.0","Success","0.00021"
"4O3P","8","10001","10001.0","Success","0.00066"
"1PT9","8","11000100","11000100.0","Success","0.00071"
"1T6T","8","1111","1111.0","Success","0.00095"
"8S9N","8","1000011","1000011.0","Success","0.00093"
"4MKK","8","10010","10010.0","Success","0.00067"
"2LJZ","8","1100010","1100010.0","Success","0.00036"
"8JPS","8","1011000","1011000.0","Success","0.00056"
"3OAB","8","100000","100000.0","Success","0.00043"
"1FTQ","8","11010101","11010101.0","Success","0.00051"
"2H1F","8","1111001","1111001.0","Success","0.00053"
"3WU2","8","10111101","10111101.0","Success","0.00019"
"7NS7","8","1001000","1001000.0","Success","0.00053"
"6VAJ","8","10001010","10001010.0","Success","0.0011"
"5WWS","8","11010100","11010100.0","Success","0.00046"
"2IK9","8","10101111","10101111.0","Success","0.00057"
"5QMR","8","1100011","1100011.0","Success","0.00071"
"9D6A","8","11010101","11010101.0","Success","0.00065"
"3GRO","8","10101001","10101001.0","Success","0.00059"
"4XDD","8","10100001","10100001.0","Success","0.00041"
"4RJF","8","10111000","10111000.0","Success","0.00048"
"4KEU","8","1","1.0","Success","0.0004"
"3ZBP","8","10110111","10110111.0","Success","0.00077"
"5G4R","8","11100111","11100111.0","Success","0.00065"
"9BPS","8","11001001","11001001.0","Success","0.0004"
"5EDR","8","11011010","11011010.0","Success","0.00082"
"5Y5R","8","111010","111010.0","Success","0.00037"
"1DS6","8","110011","110011.0","Success","0.00074"
"4X51","8","11101010","11101010.0","Success","0.00083"
"6NEM","8","1001100","1001100.0","Success","0.00096"
"7G41","8","11111100","11111100.0","Success","0.00049"
"1F9R","8","11111011","11111011.0","Success","0.00086"
"4FO4","8","10101011","10101011.0","Success","0.00053"
"4KMC","8","100","100.0","Success","0.00162"
"5V5G","8","11010000","11010000.0","Success","0.00065"
"8TCF","8","10100","10100.0","Success","0.00045"
"2QGX","8","101000","101000.0","Success","0.00054"
"5XD6","8","11011000","11011000.0","Success","0.00059"
"7Z3T","8","11111100","11111100.0","Success","0.00045"
"4WJW","8","1011001","1011001.0","Success","0.00051"
"6LVR","8","11101100","11101100.0","Success","0.00069"
"4A2J","8","10110101","10110101.0","Success","0.00061"
"4OHH","8","111","111.0","Success","0.00063"
"1Z8C","8","11111010","11111010.0","Success","0.00099"
"5LR1","8","1011101","1011101.0","Success","0.00095"
"1V91","8","10010000","10010000.0","Success","0.00049"
"2WM1","8","10110011","10110011.0","Success","0.00077"
"2ZBG","8","10011001","10011001.0","Success","0.00044"
"8BEA","8","11110011","11110011.0","Success","0.00055"
"3GD4","8","11011010","11011010.0","Success","0.00047"
"7EAZ","8","10000010","10000010.0","Success","0.00025"
"6NY6","8","11011100","11011100.0","Success","0.00028"
"3ITQ","8","10011110","10011110.0","Success","0.0007"
"4H3B","8","10000000","10000000.0","Success","0.00052"
"3BJ2","8","10110","10110.0","Success","0.00056"
"4H8A","8","10001011","10001011.0","Success","0.00052"
"2MJ8","8","110111","110111.0","Success","0.00038"
"8JVC","8","1110010","1110010.0","Success","0.00104"
"1FQF","8","10010","10010.0","Success","0.00073"
"2GM3","8","11000","11000.0","Success","0.00047"
"4Y24","8","100000","100000.0","Success","0.00086"
"3NSD","8","10000011","10000011.0","Success","0.00063"
"1W3I","8","10110100","10110100.0","Success","0.0004"
"3K8X","8","10110001","10110001.0","Success","0.00031"
"6H3W","8","1111101","1111101.0","Success","0.00087"
"6P72","8","10011110","10011110.0","Success","0.00048"
"6CP5","8","10000110","10000110.0","Success","0.00039"
"5DZY","8","10111000","10111000.0","Success","0.00028"
"6WWH","8","111111","111111.0","Success","0.00027"
"6K2N","8","11011","11011.0","Success","0.00045"
"4Z7A","8","101011","101011.0","Success","0.00069"
"7AK7","8","10110011","10110011.0","Success","0.00057"
"2E26","8","11100010","11100010.0","Success","0.00051"
"1EZO","8","10001010","10001010.0","Success","0.00022"
"2O3I","8","10110001","10110001.0","Success","0.0005"
"6AYC","8","11010001","11010001.0","Success","0.00065"
"1X7D","8","10000010","10000010.0","Success","0.00053"
"6M6C","8","1101001","1101001.0","Success","0.00026"
"2FGV","8","11101100","11101100.0","Success","0.00099"
"3I6M","8","11101010","11101010.0","Success","0.0006"
"1KJI","8","110000","110000.0","Success","0.0005"
"4GVH","8","11000001","11000001.0","Success","0.00052"
"2ME0","8","11101","11101.0","Success","0.00038"
"8OP6","8","101001","101001.0","Success","0.0004"
"3V64","8","111111","111111.0","Success","0.00042"
"7X9P","8","11011001","11011001.0","Success","0.00102"
"7LT0","8","10100110","10100110.0","Success","0.00095"
"4F2R","8","11110110","11110110.0","Success","0.00039"
"4A71","8","1101110","1101110.0","Success","0.00081"
"8SU1","8","10001001","10001001.0","Success","0.00077"
"5KDV","8","11000010","11000010.0","Success","0.00046"
"6DLK","8","11001011","11001011.0","Success","0.00051"
"5IMM","8","10101110","10101110.0","Success","0.00087"
"4NJD","8","11011111","11011111.0","Success","0.00079"
"6D07","8","10000001","10000001.0","Success","0.00129"
"1DNU","8","10001011","10001011.0","Success","0.00041"
"4A78","8","1000011","1000011.0","Success","0.00079"
"4X8F","8","1001001","1001001.0","Success","0.0002"
"9B2E","8","11001000","11001000.0","Success","0.00091"
"4QYY","8","10011001","10011001.0","Success","0.00075"
"2OZ3","8","11000110","11000110.0","Success","0.00025"
"7SQA","8","11000","11000.0","Success","0.00058"
"4X0P","8","11100000","11100000.0","Success","0.00027"
"6IN0","8","1001110","1001110.0","Success","0.00084"
"3Q2E","8","10010011","10010011.0","Success","0.00133"
"3KK2","8","11111","11111.0","Success","0.00044"
"2FYM","8","10010110","10010110.0","Success","0.00033"
"6FUF","8","1000000","1000000.0","Success","0.00063"
"1XCD","8","111","111.0","Success","0.00078"
"4FG7","8","11010110","11010110.0","Success","0.0009"
"1KKU","8","111110","111110.0","Success","0.00095"
"4YFF","8","10100001","10100001.0","Success","0.00043"
"4Y8Q","8","1110101","1110101.0","Success","0.00017"
"3H0W","8","10101100","10101100.0","Success","0.0008"
"4UUA","8","11011101","11011101.0","Success","0.00062"
"6Z8L","8","10001110","10001110.0","Success","0.00063"
"5YGC","8","11011101","11011101.0","Success","0.00097"
"4WYY","8","10110010","10110010.0","Success","0.0007"
"4NTW","8","11000101","11000101.0","Success","0.00057"
"4J6R","8","11110011","11110011.0","Success","0.00048"
"7CFY","8","11000010","11000010.0","Success","0.00054"
"4ODB","8","101001","101001.0","Success","0.00047"
"5V1G","8","10110001","10110001.0","Success","0.00077"
"2CSL","8","1011","1011.0","Success","0.00053"
"4N6O","8","11110010","11110010.0","Success","0.0007"
"6E3M","8","11010","11010.0","Success","0.001"
"7WDQ","8","10100000","10100000.0","Success","0.00038"
"5VRG","8","1000011","1000011.0","Success","0.00059"
"5ZEO","8","11110011","11110011.0","Success","0.00111"
"3I9Z","8","1011001","1011001.0","Success","0.00165"
"3NKF","8","10001011","10001011.0","Success","0.00047"
"5YJO","8","10110110","10110110.0","Success","0.00065"
"3DBO","8","10100011","10100011.0","Success","0.00109"
"8ULF","8","10001010","10001010.0","Success","0.00029"
"7L0Q","8","11110010","11110010.0","Success","0.00043"
"2X14","8","1100001","1100001.0","Success","0.00068"
"6VS8","8","10101011","10101011.0","Success","0.00076"
"7HH5","8","11011111","11011111.0","Success","0.00085"
"7FEM","8","100010","100010.0","Success","0.00022"
"4HIK","8","1011001","1011001.0","Success","0.00116"
"2J3K","8","101011","101011.0","Success","0.00054"
"3PAB","8","11010","11010.0","Success","0.0005"
"5GV1","8","1101","1101.0","Success","0.00084"
"3DFM","8","10111111","10111111.0","Success","0.00085"
"3SII","8","10100111","10100111.0","Success","0.00083"
"6HFR","8","101001","101001.0","Success","0.00073"
"3SBO","8","1110001","1110001.0","Success","0.00027"
"3KT7","8","1000100","1000100.0","Success","0.00059"
"3FB6","8","1010011","1010011.0","Success","0.00059"
"7G76","8","11001","11001.0","Success","0.00048"
"8QY5","8","1001110","1001110.0","Success","0.00031"
"8DB4","8","11000010","11000010.0","Success","0.00031"
"2IB6","8","10100110","10100110.0","Success","0.00032"
"1X86","8","10010000","10010000.0","Success","0.0003"
"6NQF","8","1100111","1100111.0","Success","0.00066"
"8WFA","8","11011001","11011001.0","Success","0.00047"
"6GXA","8","110110","110110.0","Success","0.00035"
"6NVD","8","11000011","11000011.0","Success","0.00044"
"5I4N","8","111101","111101.0","Success","0.00083"
"1R2G","8","11111100","11111100.0","Success","0.00116"
"8KHR","8","11100010","11100010.0","Success","0.00042"
"4CO1","8","1110010","1110010.0","Success","0.00093"
"7D65","8","1010101","1010101.0","Success","0.00024"
"4G8W","8","10001011","10001011.0","Success","0.00092"
"1Y2C","8","10100100","10100100.0","Success","0.00056"
"8P7Q","8","1010000","1010000.0","Success","0.00072"
"6SYA","8","1001111","1001111.0","Success","0.00052"
"1L4I","8","1101101","1101101.0","Success","0.00071"
"6XP2","8","1011011","1011011.0","Success","0.00037"
"3SUC","8","110110","110110.0","Success","0.00049"
"3KE1","8","11110001","11110001.0","Success","0.00067"
"9IJ1","8","110000","110000.0","Success","0.00049"
"8HUZ","8","10110011","10110011.0","Success","0.00043"
"2WZD","8","1100000","1100000.0","Success","0.00068"
"1SD8","8","1001110","1001110.0","Success","0.00115"
"6JHT","8","11010001","11010001.0","Success","0.00042"
"2X4N","8","10101110","10101110.0","Success","0.00049"
"3LMA","8","10011111","10011111.0","Success","0.00039"
"4WXD","8","10001101","10001101.0","Success","0.00107"
"4JEQ","8","1000011","1000011.0","Success","0.00025"
"5FGB","8","110000","110000.0","Success","0.00046"
"9MC1","8","1010001","1010001.0","Success","0.00073"
"9QU3","8","11110001","11110001.0","Success","0.0007"
"3ICH","8","111","111.0","Success","0.00102"
"2D6N","8","1111000","1111000.0","Success","0.00079"
"4NBG","8","10011000","10011000.0","Success","0.00035"
"2HST","8","10000101","10000101.0","Success","0.00024"
"8OUJ","8","10010001","10010001.0","Success","0.00037"
"4NMQ","8","1101000","1101000.0","Success","0.00099"
"5BR8","8","10011","10011.0","Success","0.00028"
"2OSW","8","11111110","11111110.0","Success","0.00046"
"7DQ4","8","101011","101011.0","Success","0.00053"
"4ZGV","8","1001101","1001101.0","Success","0.00035"
"3SAR","8","11000110","11000110.0","Success","0.00085"
"1K9C","8","10001001","10001001.0","Success","0.00037"
"1QCW","8","100111","100111.0","Success","0.00051"
"1VQ6","8","10011100","10011100.0","Success","0.00023"
"4Z62","8","10101100","10101100.0","Success","0.00058"
"4WV4","8","10010111","10010111.0","Success","0.00105"
"1I5I","8","1010010","1010010.0","Success","0.00109"
"8S6U","8","110001","110001.0","Success","0.0011"
"1WKK","8","101000","101000.0","Success","0.00083"
"1JQ6","8","1000011","1000011.0","Success","0.00107"
"8BM3","8","1000010","1000010.0","Success","0.00045"
"7Q3H","8","11011011","11011011.0","Success","0.00026"
"8IBU","8","1010100","1010100.0","Success","0.00039"
"2MEI","8","11101111","11101111.0","Success","0.00124"
"3BQJ","8","11000100","11000100.0","Success","0.0008"
"5AA8","8","11101001","11101001.0","Success","0.00082"
"2NY4","8","111101","111101.0","Success","0.00047"
"1IRY","8","110011","110011.0","Success","0.0002"
"4NKS","8","1111010","1111010.0","Success","0.00061"
"8GUJ","8","11010101","11010101.0","Success","0.00046"
"7H89","8","11101111","11101111.0","Success","0.00053"
"3IR3","8","1000110","1000110.0","Success","0.00089"
"1QF7","8","101100","101100.0","Success","0.00026"
"7MBH","8","1111000","1111000.0","Success","0.00048"
"3SGM","8","10001101","10001101.0","Success","0.00215"
"3NK1","8","10010101","10010101.0","Success","0.00069"
"6Q9R","8","1000011","1000011.0","Success","0.00037"
"1C99","8","11011000","11011000.0","Success","0.00051"
"5K6Z","8","1110101","1110101.0","Success","0.0005"
"1UJ1","8","100001","100001.0","Success","0.00058"
"2JHH","8","100000","100000.0","Success","0.00063"
"7Y9Z","8","10111001","10111001.0","Success","0.00023"
"6H4S","8","10010001","10010001.0","Success","0.00038"
"1K6Y","8","1110110","1110110.0","Success","0.00048"
"7E5M","8","11111","11111.0","Success","0.00065"
"2EHC","8","1100111","1100111.0","Success","0.00059"
"8BHD","8","10110000","10110000.0","Success","0.00045"
"3ZZD","8","10110101","10110101.0","Success","0.00102"
"3WCP","8","10000111","10000111.0","Success","0.00059"
"4LFN","8","10011000","10011000.0","Success","0.00055"
"6FCB","8","100100","100100.0","Success","0.00069"
"4L8U","8","1001101","1001101.0","Success","0.00057"
"3GND","8","1101000","1101000.0","Success","0.00018"
"4DZB","8","1011110","1011110.0","Success","0.00063"
"4FEQ","8","111001","111001.0","Success","0.00089"
"8H39","8","11100001","11100001.0","Success","0.00061"
"1T10","8","10111100","10111100.0","Success","0.00058"
"7U6H","8","10000000","10000000.0","Success","0.00043"
"7E14","8","10000000","10000000.0","Success","0.00042"
"7FV3","8","11011001","11011001.0","Success","0.00125"
"1T2T","8","110101","110101.0","Success","0.00144"
"4ERK","8","101111","101111.0","Success","0.00073"
"5MFM","8","10101001","10101001.0","Success","0.00029"
"2E2F","8","11011101","11011101.0","Success","0.00209"
"2EKX","8","1001100","1001100.0","Success","0.00029"
"3F1Z","8","11001001","11001001.0","Success","0.00038"
"7FUA","8","100000","100000.0","Success","0.00073"
"8U30","8","10000001","10000001.0","Success","0.0003"
"4QT1","8","1001010","1001010.0","Success","0.00084"
"5VBX","8","1010100","1010100.0","Success","0.00069"
"8UUS","8","11110011","11110011.0","Success","0.00062"
"8GUL","8","10100","10100.0","Success","0.00048"
"6JTP","8","11110","11110.0","Success","0.00072"
"4TOE","8","1101111","1101111.0","Success","0.00022"
"4BDH","8","111110","111110.0","Success","0.00082"
"4XWS","8","10111100","10111100.0","Success","0.0005"
"6HTR","8","11001110","11001110.0","Success","0.00018"
"8W37","8","10010","10010.0","Success","0.00166"
"2YU7","8","11001","11001.0","Success","0.00026"
"7BAQ","8","10111010","10111010.0","Success","0.00072"
"4R1T","8","11001","11001.0","Success","0.00078"
"3DNG","8","10101010","10101010.0","Success","0.00078"
"3SBU","8","10111001","10111001.0","Success","0.00065"
"8EGR","8","110111","110111.0","Success","0.00018"
"2DQ7","8","11110001","11110001.0","Success","0.00084"
"2B81","8","1001101","1001101.0","Success","0.00038"
"6HH4","8","10100100","10100100.0","Success","0.00051"
"5W2I","8","11110010","11110010.0","Success","0.00089"
"8GMR","8","1000000","1000000.0","Success","0.00033"
"2JBF","8","101","101.0","Success","0.00043"
"3SRA","8","10001010","10001010.0","Success","0.00051"
"1D8C","8","1000101","1000101.0","Success","0.00052"
"5ALS","8","11100111","11100111.0","Success","0.00058"
"7UCE","8","1001111","1001111.0","Success","0.00065"
"8BI9","8","1011110","1011110.0","Success","0.00143"
"6GGB","8","11000101","11000101.0","Success","0.00068"
"8ZFB","8","11111100","11111100.0","Success","0.00081"
"6HPP","8","10001","10001.0","Success","0.00035"
"6UTD","8","100000","100000.0","Success","0.00073"
"9AU7","8","10000011","10000011.0","Success","0.00042"
"8UH6","8","1001111","1001111.0","Success","0.00036"
"3PJ3","8","10010001","10010001.0","Success","0.00088"
"1V6O","8","11001001","11001001.0","Success","0.00032"
"3MMD","8","10010","10010.0","Success","0.00071"
"4YY4","8","101001","101001.0","Success","0.00136"
"5Y31","8","100001","100001.0","Success","0.00032"
"5V00","8","10000001","10000001.0","Success","0.0007"
"2GTI","8","11101000","11101000.0","Success","0.00072"
"3PVT","8","1010010","1010010.0","Success","0.00047"
"4CD1","8","111000","111000.0","Success","0.00065"
"3DFZ","8","11001111","11001111.0","Success","0.00067"
"8PRF","8","11010111","11010111.0","Success","0.00152"
"4C3C","8","10101010","10101010.0","Success","0.00094"
"3OCP","8","1111101","1111101.0","Success","0.00088"
"5P9H","8","10111111","10111111.0","Success","0.00084"
"5NZB","8","110110","110110.0","Success","0.0012"
"7YKL","8","11000000","11000000.0","Success","0.0002"
"8HRS","8","10110001","10110001.0","Success","0.00038"
"1RXE","8","11101011","11101011.0","Success","0.00124"
"6MG7","8","1101100","1101100.0","Success","0.00049"
"2HOQ","8","10110010","10110010.0","Success","0.00091"
"7YXD","8","100","100.0","Success","0.00043"
"7TOT","8","11101001","11101001.0","Success","0.00059"
"4X27","8","1101","1101.0","Success","0.00077"
"4YGZ","8","100111","100111.0","Success","0.00116"
"4YKB","8","10000001","10000001.0","Success","0.00046"
"1IJE","8","11101111","11101111.0","Success","0.00059"
"7N1L","8","11101101","11101101.0","Success","0.0003"
"7G8V","8","111111","111111.0","Success","0.00064"
"7O3L","8","11101100","11101100.0","Success","0.00017"
"6L18","8","10110001","10110001.0","Success","0.00086"
"3UQ2","8","10101011","10101011.0","Success","0.00077"
"2H30","8","11101111","11101111.0","Success","0.00114"
"5OA0","8","1101111","1101111.0","Success","0.00043"
"5OT2","8","10100111","10100111.0","Success","0.00022"
"3CTL","8","11110111","11110111.0","Success","0.00039"
"6LIP","8","11000101","11000101.0","Success","0.00087"
"7VIZ","8","10010101","10010101.0","Success","0.00065"
"6SBK","8","1010010","1010010.0","Success","0.00078"
"7V61","8","11100010","11100010.0","Success","0.00023"
"1XKR","8","101001","101001.0","Success","0.00098"
"7H5H","8","10111000","10111000.0","Success","0.00076"
"9JSB","8","11000000","11000000.0","Success","0.00038"
"1L4V","8","11110100","11110100.0","Success","0.00051"
"1BXV","8","10000101","10000101.0","Success","0.00141"
"4EZ4","8","111001","111001.0","Success","0.00046"
"8JJW","8","11000001","11000001.0","Success","0.00067"
"1STE","8","100001","100001.0","Success","0.00091"
"3SIQ","8","1010001","1010001.0","Success","0.00058"
"7RWM","8","11011","11011.0","Success","0.00036"
"1ACP","8","110011","110011.0","Success","0.0011"
"2AD5","8","1101010","1101010.0","Success","0.00043"
"6VHS","8","111000","111000.0","Success","0.0006"
"3A83","8","1001111","1001111.0","Success","0.00094"
"5IKW","8","11000101","11000101.0","Success","0.0008"
"6O0F","8","10000010","10000010.0","Success","0.00034"
"7VUN","8","0","0.0","Success","0.00044"
"3TGO","8","11111111","11111111.0","Success","0.00049"
"4RQR","8","11110001","11110001.0","Success","0.00134"
"2OER","8","1110001","1110001.0","Success","0.00073"
"8W3F","8","11001011","11001011.0","Success","0.00065"
"4DFU","8","10100110","10100110.0","Success","0.00057"
"4JYA","8","10100","10100.0","Success","0.00029"
"5US6","8","11111111","11111111.0","Success","0.00025"
"5NTY","8","10101001","10101001.0","Success","0.00109"
"3QFR","8","1001111","1001111.0","Success","0.00041"
"1CWR","8","10001110","10001110.0","Success","0.00107"
"8P7J","8","11100110","11100110.0","Success","0.0006"
"3IF5","8","10000100","10000100.0","Success","0.00071"
"5RL0","8","10111111","10111111.0","Success","0.00081"
"3MKT","8","1","1.0","Success","0.00045"
"213L","8","1011000","1011000.0","Success","0.00108"
"6ID6","8","1001111","1001111.0","Success","0.00076"
"3UIL","8","1010100","1010100.0","Success","0.00053"
"2CXV","8","1100010","1100010.0","Success","0.00095"
"1HUG","8","10000100","10000100.0","Success","0.00087"
"4UAE","8","10101000","10101000.0","Success","0.00063"
"8ZLD","8","111","111.0","Success","0.00072"
"3GEN","8","101101","101101.0","Success","0.00082"
"4XMN","8","1010110","1010110.0","Success","0.00026"
"8PUY","8","10100001","10100001.0","Success","0.00069"
"5OAE","8","10011100","10011100.0","Success","0.00058"
"3CAO","8","1101101","1101101.0","Success","0.00137"
"1J59","8","11010101","11010101.0","Success","0.00071"
"5KIU","8","10001111","10001111.0","Success","0.00161"
"5ISZ","8","1010010","1010010.0","Success","0.00047"
"6N7R","8","10110001","10110001.0","Success","0.00026"
"4CE6","8","11101010","11101010.0","Success","0.00064"
"4OMR","8","10111000","10111000.0","Success","0.00086"
"2UZ1","8","10111011","10111011.0","Success","0.00029"
"1C3W","8","1000001","1000001.0","Success","0.00094"
"1L72","8","1011110","1011110.0","Success","0.00107"
"6K9G","8","1101000","1101000.0","Success","0.00045"
"7N2T","8","10010101","10010101.0","Success","0.00077"
"5KFA","8","111101","111101.0","Success","0.00067"
"7OWP","8","100111","100111.0","Success","0.00048"
"5QZA","8","11111001","11111001.0","Success","0.00061"
"6YPK","8","10001111","10001111.0","Success","0.00076"
"8CPN","8","11010010","11010010.0","Success","0.00109"
"5HHK","8","11111001","11111001.0","Success","0.00056"
"3VVX","8","10","10.0","Success","0.00071"
"5ZMD","8","10001000","10001000.0","Success","0.00034"
"9ELF","8","10111111","10111111.0","Success","0.00021"
"5Q59","8","110011","110011.0","Success","0.00075"
"7AVN","8","11101100","11101100.0","Success","0.00063"
"6L94","8","100100","100100.0","Success","0.00078"
"1W3O","8","1011011","1011011.0","Success","0.00097"
"6ZER","8","11000101","11000101.0","Success","0.00031"
"2M7U","8","11110000","11110000.0","Success","0.00033"
"3RM0","8","1010101","1010101.0","Success","0.00079"
"3EHG","8","10011111","10011111.0","Success","0.00119"
"8JIY","8","10001111","10001111.0","Success","0.00094"
"5X1L","8","11010101","11010101.0","Success","0.00038"
"2GS6","8","10001110","10001110.0","Success","0.0008"
"6MZB","8","101011","101011.0","Success","0.00032"
"4RJV","8","11001000","11001000.0","Success","0.00077"
"3SZO","8","1110100","1110100.0","Success","0.00057"
"8P56","8","1110111","1110111.0","Success","0.00053"
"7XLL","8","1110010","1110010.0","Success","0.00048"
"3MO2","8","1101101","1101101.0","Success","0.00043"
"6S7T","8","10011100","10011100.0","Success","0.00029"
"1TN4","8","11000000","11000000.0","Success","0.00111"
"6K0N","8","11110101","11110101.0","Success","0.00056"
"8QCX","8","10101010","10101010.0","Success","0.00068"
"6NCU","8","110","110.0","Success","0.00079"
"1TH6","8","10110001","10110001.0","Success","0.00128"
"7BG1","8","0","0.0","Success","0.00067"
"2EX0","8","11001","11001.0","Success","0.00048"
"2X0L","8","10100001","10100001.0","Success","0.00046"
"4RQM","8","11111100","11111100.0","Success","0.00105"
"5CCV","8","10110","10110.0","Success","0.00016"
"5L0Y","8","11100110","11100110.0","Success","0.0004"
"8DDU","8","1110","1110.0","Success","0.00021"
"1L75","8","10001000","10001000.0","Success","0.00112"
"8HOY","8","11001110","11001110.0","Success","0.00033"
"2YVY","8","10011000","10011000.0","Success","0.00087"
"7N2A","8","11100","11100.0","Success","0.00082"
"6PJF","8","111101","111101.0","Success","0.00099"
"7GSQ","8","11000","11000.0","Success","0.00078"
"1ISV","8","111110","111110.0","Success","0.00048"
"1PF3","8","1000001","1000001.0","Success","0.00064"
"6ANP","8","11010111","11010111.0","Success","0.00047"
"3V69","8","11001100","11001100.0","Success","0.00091"
"8FHU","8","10100011","10100011.0","Success","0.00051"
"2YBP","8","1010011","1010011.0","Success","0.00051"
"2P1U","8","111010","111010.0","Success","0.00091"
"3QB7","8","10000001","10000001.0","Success","0.00056"
"5WPS","8","100011","100011.0","Success","0.00094"
"8A44","8","1111110","1111110.0","Success","0.0005"
"4KBI","8","110011","110011.0","Success","0.00041"
"7MKD","8","110101","110101.0","Success","0.00023"
"6PPY","8","11010","11010.0","Success","0.00072"
"3H4V","8","100001","100001.0","Success","0.00031"
"5SG7","8","10010010","10010010.0","Success","0.00038"
"2A6P","8","11001","11001.0","Success","0.0007"
"6TDG","8","10000111","10000111.0","Success","0.00107"
"7S20","8","10111","10111.0","Success","0.00048"
"1MH9","8","11100111","11100111.0","Success","0.00097"
"5KFQ","8","10001010","10001010.0","Success","0.00067"
"6DVW","8","110001","110001.0","Success","0.00028"
"6MIK","8","11100101","11100101.0","Success","0.00087"
"2GMX","8","111111","111111.0","Success","0.00051"
"6ANG","8","11011100","11011100.0","Success","0.0008"
"4FTQ","8","11111","11111.0","Success","0.00086"
"1GK4","8","10111001","10111001.0","Success","0.00064"
"4NW5","8","11100110","11100110.0","Success","0.00078"
"3K4U","8","11111100","11111100.0","Success","0.00037"
"6P50","8","11111000","11111000.0","Success","0.0006"
"2FHK","8","1011001","1011001.0","Success","0.0004"
"1ZOQ","8","100001","100001.0","Success","0.00064"
"5IWO","8","11101101","11101101.0","Success","0.00059"
"1T9P","8","1100000","1100000.0","Success","0.00109"
"2B8A","8","10011011","10011011.0","Success","0.00025"
"5Z2Q","8","110101","110101.0","Success","0.00063"
"4X1D","8","11100011","11100011.0","Success","0.00037"
"6WTQ","8","10101101","10101101.0","Success","0.00084"
"5SK6","8","1101011","1101011.0","Success","0.0004"
"1K9K","8","11101011","11101011.0","Success","0.00102"
"2HI2","8","10001011","10001011.0","Success","0.00111"
"6OYW","8","11000010","11000010.0","Success","0.00042"
"3MDC","8","100100","100100.0","Success","0.00078"
"6OKW","8","10111111","10111111.0","Success","0.00062"
"3I0J","8","10001010","10001010.0","Success","0.00083"
"5OGJ","8","1010000","1010000.0","Success","0.00057"
"3MUN","8","11101010","11101010.0","Success","0.00051"
"5XWM","8","10000110","10000110.0","Success","0.00036"
"1TQ5","8","10110100","10110100.0","Success","0.00093"
"2FO3","8","1110100","1110100.0","Success","0.00131"
"6UYZ","8","11110000","11110000.0","Success","0.00105"
"3K8H","8","1010110","1010110.0","Success","0.00061"
"4CEJ","8","10100","10100.0","Success","0.00029"
"3BSW","8","111110","111110.0","Success","0.001"
"7WK2","8","10001101","10001101.0","Success","0.00024"
"6XQ2","8","10010011","10010011.0","Success","0.00037"
"8A4I","8","1011011","1011011.0","Success","0.00097"
"4CLD","8","11010011","11010011.0","Success","0.00044"
"6B6U","8","1100010","1100010.0","Success","0.00042"
"2KTD","8","11000100","11000100.0","Success","0.00027"
"4R8M","8","10101110","10101110.0","Success","0.00057"
"1SHM","8","10001110","10001110.0","Success","0.00065"
"7AJP","8","11001","11001.0","Success","0.00029"
"4HJK","8","110","110.0","Success","0.00162"
"7R2H","8","1110011","1110011.0","Success","0.00109"
"1CK0","8","11001101","11001101.0","Success","0.00067"
"7E85","8","11110111","11110111.0","Success","0.00075"
"7B42","8","11101000","11101000.0","Success","0.00083"
"8U6E","8","10110110","10110110.0","Success","0.00044"
"5IM3","8","11111001","11111001.0","Success","0.00033"
"2AHI","8","11001111","11001111.0","Success","0.00048"
"6M5T","8","101","101.0","Success","0.00089"
"9J5C","8","1110100","1110100.0","Success","0.00082"
"2O4L","8","1001111","1001111.0","Success","0.00095"
"2ICA","8","10110110","10110110.0","Success","0.00105"
"5KN0","8","11011","11011.0","Success","0.00037"
"1NKV","8","10","10.0","Success","0.00053"
"4V3Y","8","101010","101010.0","Success","0.00046"
"3B6I","8","10001100","10001100.0","Success","0.00067"
"7KBK","8","11001100","11001100.0","Success","0.00056"
"3K7P","8","1000001","1000001.0","Success","0.00077"
"3CJT","8","101001","101001.0","Success","0.00026"
"8BVJ","8","11101010","11101010.0","Success","0.00029"
"3EPN","8","11000001","11000001.0","Success","0.00043"
"7R62","8","100010","100010.0","Success","0.00089"
"6HPZ","8","1010111","1010111.0","Success","0.00116"
"2AE0","8","1111000","1111000.0","Success","0.00075"
"4D4Q","8","1011001","1011001.0","Success","0.00055"
"5LV3","8","1010100","1010100.0","Success","0.00038"
"5REE","8","101101","101101.0","Success","0.00081"
"6UCD","8","11001010","11001010.0","Success","0.00074"
"8GF2","8","11011000","11011000.0","Success","0.00031"
"7KA0","8","10111011","10111011.0","Success","0.00028"
"8DD8","8","11010011","11010011.0","Success","0.00039"
"7ALK","8","11101001","11101001.0","Success","0.00091"
"4KNX","8","11100111","11100111.0","Success","0.00064"
"1L0F","8","11000100","11000100.0","Success","0.00052"
"3VB4","8","11101110","11101110.0","Success","0.00056"
"3FNE","8","1101100","1101100.0","Success","0.00042"
"9KPF","8","1111100","1111100.0","Success","0.0004"
"3PCM","8","1011110","1011110.0","Success","0.00026"
"7DGK","8","11100","11100.0","Success","0.00079"
"2N2L","8","110111","110111.0","Success","0.00035"
"2E6H","8","10110","10110.0","Success","0.00048"
"7BBD","8","1011010","1011010.0","Success","0.00059"
"3Q0V","8","10111110","10111110.0","Success","0.00072"
"4FTV","8","11001001","11001001.0","Success","0.00047"
"3GA3","8","10101110","10101110.0","Success","0.0012"
"3K52","8","10100100","10100100.0","Success","0.00063"
"2WDQ","8","10001001","10001001.0","Success","0.00025"
"6SOC","8","1111010","1111010.0","Success","0.00035"
"1O1V","8","1011100","1011100.0","Success","0.00038"
"5I6I","8","100","100.0","Success","0.00026"
"1UN9","8","10000011","10000011.0","Success","0.00041"
"1UW6","8","1000","1000.0","Success","0.00022"
"7SEO","8","1000110","1000110.0","Success","0.00063"
"5FLX","8","1000101","1000101.0","Success","0.0002"
"8B2O","8","1101011","1101011.0","Success","0.00084"
"8OTE","8","1101001","1101001.0","Success","0.00042"
"3MAM","8","11110101","11110101.0","Success","0.0008"
"6D3L","8","10100001","10100001.0","Success","0.00088"
"8F72","8","10011101","10011101.0","Success","0.0004"
"5CH6","8","1110","1110.0","Success","0.00047"
"4JML","8","11110010","11110010.0","Success","0.00065"
"4QWX","8","10010000","10010000.0","Success","0.00017"
"6M4R","8","11101100","11101100.0","Success","0.0004"
"2PR0","8","11100011","11100011.0","Success","0.00102"
"4V32","8","1101110","1101110.0","Success","0.0008"
"2EJ4","8","10100","10100.0","Success","0.00031"
"1LJ9","8","111110","111110.0","Success","0.00077"
"8YVJ","8","1010","1010.0","Success","0.00089"
"5SGT","8","1111110","1111110.0","Success","0.00039"
"5G43","8","100001","100001.0","Success","0.00084"
"8R98","8","1101110","1101110.0","Success","0.00026"
"4PS3","8","11011111","11011111.0","Success","0.00049"
"7MAC","8","110","110.0","Success","0.00098"
"6SEL","8","10111000","10111000.0","Success","0.00078"
"3LNO","8","10011010","10011010.0","Success","0.00057"
"2Z6V","8","11001000","11001000.0","Success","0.00069"
"1HPL","8","10111101","10111101.0","Success","0.00045"
"2KKY","8","1110111","1110111.0","Success","0.0003"
"3TD3","8","10100001","10100001.0","Success","0.00045"
"9D79","8","10101011","10101011.0","Success","0.00044"
"1Q4R","8","1110011","1110011.0","Success","0.00136"
"6ZE1","8","1010100","1010100.0","Success","0.00075"
"7AOO","8","10101010","10101010.0","Success","0.00054"
"1V30","8","10010","10010.0","Success","0.00129"
"1VJW","8","111010","111010.0","Success","0.00177"
"6MYQ","8","11111101","11111101.0","Success","0.00043"
"8GFV","8","111101","111101.0","Success","0.00048"
"8I23","8","11100001","11100001.0","Success","0.00024"
"5B35","8","11011110","11011110.0","Success","0.00094"
"3O8P","8","11001001","11001001.0","Success","0.00077"
"8J8X","8","11101101","11101101.0","Success","0.0007"
"6LU9","8","100111","100111.0","Success","0.00028"
"3AJX","8","1000010","1000010.0","Success","0.00048"
"8YXS","8","110000","110000.0","Success","0.00029"
"1T3K","8","111101","111101.0","Success","0.00027"
"2NOB","8","1011111","1011111.0","Success","0.00076"
"3JWU","8","10101010","10101010.0","Success","0.00049"
"5NI3","8","1101100","1101100.0","Success","0.00047"
"1WFH","8","11111100","11111100.0","Success","0.00039"
"5H19","8","11100101","11100101.0","Success","0.00071"
"4I88","8","10100010","10100010.0","Success","0.00045"
"8UXW","8","11010000","11010000.0","Success","0.0002"
"5RMK","8","1101000","1101000.0","Success","0.00041"
"6VJF","8","10011001","10011001.0","Success","0.00037"
"8HU7","8","10001000","10001000.0","Success","0.00117"
"5AW9","8","1111010","1111010.0","Success","0.00037"
"1A7M","8","10001","10001.0","Success","0.00022"
"6MMQ","8","1001010","1001010.0","Success","0.00059"
"8K8S","8","110110","110110.0","Success","0.00033"
"5TH6","8","10100","10100.0","Success","0.00047"
"3FDG","8","10100010","10100010.0","Success","0.00051"
"5B7Q","8","10001110","10001110.0","Success","0.00063"
"4OQ6","8","11000000","11000000.0","Success","0.00083"
"6U7H","8","1100110","1100110.0","Success","0.00027"
"7R69","8","11000110","11000110.0","Success","0.00039"
"5COL","8","1111100","1111100.0","Success","0.0008"
"4NL8","8","10001101","10001101.0","Success","0.00033"
"2PXI","8","11","11.0","Success","0.00076"
"7Z42","8","10011011","10011011.0","Success","0.00021"
"7Q28","8","11001100","11001100.0","Success","0.00057"
"2F3T","8","101111","101111.0","Success","0.00039"
"6FE8","8","10111001","10111001.0","Success","0.00036"
"5FS4","8","11011","11011.0","Success","0.00088"
"1LV5","8","10111","10111.0","Success","0.0004"
"2VN0","8","10110101","10110101.0","Success","0.00065"
"7EQX","8","10111011","10111011.0","Success","0.0005"
"6S1R","8","10101101","10101101.0","Success","0.00069"
"3THE","8","101111","101111.0","Success","0.00055"
"5IDO","8","10001100","10001100.0","Success","0.00064"
"7LPC","8","10000111","10000111.0","Success","0.00033"
"8KB8","8","10011","10011.0","Success","0.00044"
"5I1H","8","10010011","10010011.0","Success","0.00064"
"6CZ3","8","11000000","11000000.0","Success","0.00087"
"3TE1","8","110011","110011.0","Success","0.00039"
"6O2B","8","10100101","10100101.0","Success","0.0003"
"2CWH","8","1010111","1010111.0","Success","0.00053"
"1Q0L","8","110000","110000.0","Success","0.00068"
"4CCT","8","10000001","10000001.0","Success","0.00034"
"1E7K","8","1110","1110.0","Success","0.00088"
"2V0V","8","11011101","11011101.0","Success","0.00051"
"7THX","8","10010001","10010001.0","Success","0.0005"
"8TLY","8","10001110","10001110.0","Success","0.00066"
"1P1C","8","11111101","11111101.0","Success","0.00071"
"8FXJ","8","11100011","11100011.0","Success","0.00066"
"9DBO","8","11111000","11111000.0","Success","0.0006"
"1OEZ","8","10010110","10010110.0","Success","0.00064"
"4LPH","8","10000101","10000101.0","Success","0.00073"
"4IJ9","8","11011101","11011101.0","Success","0.00072"
"8DVX","8","1111100","1111100.0","Success","0.0007"
"6SIN","8","10010110","10010110.0","Success","0.00084"
"5MX4","8","100111","100111.0","Success","0.00037"
"6AVW","8","101100","101100.0","Success","0.00098"
"1G6L","8","11000000","11000000.0","Success","0.00099"
"7L27","8","10010101","10010101.0","Success","0.00036"
"7MCM","8","11010100","11010100.0","Success","0.00066"
"6LP2","8","1110000","1110000.0","Success","0.00056"
"4EU8","8","10111000","10111000.0","Success","0.00044"
"3AZB","8","11000101","11000101.0","Success","0.00024"
"4UW1","8","1100000","1100000.0","Success","0.00034"
"5C1R","8","1010000","1010000.0","Success","0.00053"
"2E49","8","11001011","11001011.0","Success","0.00038"
"4AUB","8","1110110","1110110.0","Success","0.00028"
"5EXV","8","10111110","10111110.0","Success","0.00044"
"3QBM","8","10101","10101.0","Success","0.0007"
"3I9J","8","11101000","11101000.0","Success","0.00063"
"1VBM","8","10111011","10111011.0","Success","0.00054"
"4WRV","8","10010110","10010110.0","Success","0.00091"
"1FEZ","8","11101100","11101100.0","Success","0.00044"
"9BMU","8","11101","11101.0","Success","0.00026"
"3UN1","8","11001000","11001000.0","Success","0.00046"
"4WHR","8","10100110","10100110.0","Success","0.00038"
"6R5D","8","11101","11101.0","Success","0.00051"
"5ZTO","8","111","111.0","Success","0.00082"
"2XXJ","8","1001000","1001000.0","Success","0.00039"
"7WUM","8","10111110","10111110.0","Success","0.00164"
"2VZE","8","11110001","11110001.0","Success","0.00035"
"6NAS","8","10010000","10010000.0","Success","0.00053"
"5VR5","8","11100110","11100110.0","Success","0.00091"
"6DJD","8","10001000","10001000.0","Success","0.00046"
"7ST4","8","1011111","1011111.0","Success","0.00071"
"3GFG","8","100000","100000.0","Success","0.00023"
"4R1J","8","11001001","11001001.0","Success","0.00107"
"5D5C","8","101101","101101.0","Success","0.0012"
"3JUH","8","11101111","11101111.0","Success","0.00052"
"3RH0","8","11010011","11010011.0","Success","0.00086"
"5K48","8","11100110","11100110.0","Success","0.00064"
"8R56","8","1010011","1010011.0","Success","0.00026"
"5HZS","8","111101","111101.0","Success","0.00028"
"3ZJQ","8","10000","10000.0","Success","0.00069"
"4DC6","8","10110","10110.0","Success","0.00094"
"7ZGS","8","11100010","11100010.0","Success","0.00043"
"8PNO","8","101101","101101.0","Success","0.0007"
"1X1G","8","110111","110111.0","Success","0.00027"
"7KBJ","8","10111100","10111100.0","Success","0.00032"
"4YZD","8","111111","111111.0","Success","0.00041"
"4N9Y","8","110","110.0","Success","0.00064"
"4IG0","8","1110101","1110101.0","Success","0.00044"
"5DNK","8","11000111","11000111.0","Success","0.00043"
"5BW9","8","11011000","11011000.0","Success","0.00015"
"6ON8","8","11110001","11110001.0","Success","0.00118"
"4BDU","8","11111001","11111001.0","Success","0.0004"
"7E89","8","10110000","10110000.0","Success","0.00026"
"5XL1","8","1010011","1010011.0","Success","0.00044"
"7DTV","8","1001100","1001100.0","Success","0.00034"
"7UUI","8","100001","100001.0","Success","0.00065"
"2CZR","8","1101011","1101011.0","Success","0.00089"
"8X79","8","10010111","10010111.0","Success","0.00043"
"8GI7","8","11011111","11011111.0","Success","0.00036"
"7M0H","8","11001111","11001111.0","Success","0.00081"
"1LL2","8","10101000","10101000.0","Success","0.00083"
"2P70","8","100001","100001.0","Success","0.00122"
"2H9G","8","11111110","11111110.0","Success","0.00042"
"6TAB","8","10000011","10000011.0","Success","0.00102"
"5U7R","8","100001","100001.0","Success","0.00036"
"5JEY","8","10011","10011.0","Success","0.00094"
"9EUZ","8","1001","1001.0","Success","0.00033"
"6L6J","8","1101101","1101101.0","Success","0.00052"
"6QKX","8","11111100","11111100.0","Success","0.00053"
"4ICR","8","10110001","10110001.0","Success","0.00049"
"4RCE","8","1010001","1010001.0","Success","0.00073"
"4K50","8","1000110","1000110.0","Success","0.00033"
"7RBS","8","1010100","1010100.0","Success","0.00028"
"9BZ7","8","11111101","11111101.0","Success","0.0003"
"5VLC","8","11010100","11010100.0","Success","0.00027"
"6L1T","8","1011100","1011100.0","Success","0.00044"
"5OHS","8","10010111","10010111.0","Success","0.00019"
"4J4M","8","111111","111111.0","Success","0.0007"
"2W4I","8","11101010","11101010.0","Success","0.00044"
"4BML","8","1110","1110.0","Success","0.00029"
"3CTM","8","11010100","11010100.0","Success","0.00031"
"8J7P","8","11001011","11001011.0","Success","0.0007"
"4BQA","8","11100","11100.0","Success","0.00078"
"1EGD","8","1111","1111.0","Success","0.00036"
"2OTH","8","11000000","11000000.0","Success","0.00127"
"6SE7","8","1101101","1101101.0","Success","0.00046"
"4C3K","8","11000010","11000010.0","Success","0.00056"
"3SYR","8","11000011","11000011.0","Success","0.00049"
"2Q5I","8","10101010","10101010.0","Success","0.00062"
"3PZR","8","10101","10101.0","Success","0.0005"
"2JZC","8","110100","110100.0","Success","0.00031"
"3SD6","8","10110011","10110011.0","Success","0.00152"
"4GCH","8","1010000","1010000.0","Success","0.00089"
"4M9P","8","11111","11111.0","Success","0.00084"
"2F26","8","11001000","11001000.0","Success","0.00072"
"1NTP","8","111101","111101.0","Success","0.00092"
"4XWK","8","1110111","1110111.0","Success","0.00041"
"1JMC","8","11011110","11011110.0","Success","0.00088"
"1PRH","8","1111","1111.0","Success","0.00042"
"2FU7","8","10001100","10001100.0","Success","0.00058"
"3U1V","8","111100","111100.0","Success","0.00039"
"8UHI","8","10000000","10000000.0","Success","0.00021"
"6E69","8","111100","111100.0","Success","0.00047"
"6C3I","8","11000","11000.0","Success","0.0005"
"6LBR","8","11111101","11111101.0","Success","0.00051"
"2ECM","8","1001011","1001011.0","Success","0.00043"
"7CX6","8","11010011","11010011.0","Success","0.00045"
"4B21","8","11000011","11000011.0","Success","0.00095"
"3QQQ","8","11010100","11010100.0","Success","0.00083"
"6OBF","8","11001100","11001100.0","Success","0.00086"
"6OHO","8","11010100","11010100.0","Success","0.00041"
"6KY1","8","10011001","10011001.0","Success","0.00061"
"3GPA","8","100010","100010.0","Success","0.00049"
"4R6P","8","11100100","11100100.0","Success","0.00057"
"5BJ3","8","11101000","11101000.0","Success","0.00037"
"5JQW","8","10100000","10100000.0","Success","0.00072"
"4XNV","8","11000010","11000010.0","Success","0.00074"
"4BJB","8","101111","101111.0","Success","0.00097"
"8ZF9","8","100100","100100.0","Success","0.00038"
"6RXP","8","10100010","10100010.0","Success","0.00064"
"9DP5","8","110101","110101.0","Success","0.00052"
"4JSG","8","1011100","1011100.0","Success","0.00048"
"4QQW","8","10010010","10010010.0","Success","0.00023"
"1P35","8","101001","101001.0","Success","0.00049"
"1AUS","8","11001010","11001010.0","Success","0.0003"
"2RSP","8","1111011","1111011.0","Success","0.00092"
"3J8D","8","1111100","1111100.0","Success","0.0003"
"6I3U","8","10101","10101.0","Success","0.00058"
"5SWG","8","101110","101110.0","Success","0.00039"
"6YID","8","1010011","1010011.0","Success","0.00043"
"4XL9","8","10111011","10111011.0","Success","0.00056"
"2AIU","8","1001101","1001101.0","Success","0.00138"
"8W5P","8","1000100","1000100.0","Success","0.00064"
"5Y7G","8","11011001","11011001.0","Success","0.00034"
"8OVB","8","1100010","1100010.0","Success","0.00035"
"4RAO","8","11010","11010.0","Success","0.00047"
"8OI9","8","11110011","11110011.0","Success","0.00052"
"5N7X","8","1001110","1001110.0","Success","0.00042"
"6GBD","8","1100111","1100111.0","Success","0.00028"
"9I62","8","11010010","11010010.0","Success","0.00026"
"4DQP","8","1001111","1001111.0","Success","0.00039"
"1ZK9","8","11101011","11101011.0","Success","0.00128"
"1RG2","8","1001001","1001001.0","Success","0.00047"
"2IV9","8","1101","1101.0","Success","0.00061"
"1Y1J","8","1111101","1111101.0","Success","0.00083"
"2WE6","8","1101100","1101100.0","Success","0.00066"
"2XU7","8","1100001","1100001.0","Success","0.0005"
"6PQX","8","11001010","11001010.0","Success","0.00046"
"8PLU","8","111001","111001.0","Success","0.00041"
"2C4M","8","11000101","11000101.0","Success","0.00025"
"4BIV","8","1000","1000.0","Success","0.00059"
"2PL7","8","11100111","11100111.0","Success","0.00117"
"4Z2T","8","1111101","1111101.0","Success","0.00041"
"4I37","8","11111001","11111001.0","Success","0.00064"
"2WIN","8","11101000","11101000.0","Success","0.00015"
"3EYB","8","10010110","10010110.0","Success","0.00048"
"6TWA","8","11111001","11111001.0","Success","0.0006"
"8QKG","8","11000010","11000010.0","Success","0.00054"
"4XXH","8","1001001","1001001.0","Success","0.00061"
"6NYH","8","1100010","1100010.0","Success","0.00063"
"7QRT","8","10100000","10100000.0","Success","0.00097"
"5KXB","8","10011111","10011111.0","Success","0.00044"
"1DJB","8","1101111","1101111.0","Success","0.00082"
"8HT1","8","10000010","10000010.0","Success","0.00071"
"6MV3","8","11110101","11110101.0","Success","0.00026"
"6RHK","8","1100001","1100001.0","Success","0.00084"
"7YP8","8","1011111","1011111.0","Success","0.00048"
"7RT5","8","100000","100000.0","Success","0.00102"
"7XKE","8","11011100","11011100.0","Success","0.00043"
"7MBP","8","11100","11100.0","Success","0.00022"
"2NPK","8","1111001","1111001.0","Success","0.0007"
"9RCQ","8","110001","110001.0","Success","0.00024"
"3TQ7","8","11000","11000.0","Success","0.00086"
"8B9X","8","10010","10010.0","Success","0.00059"
"3UKG","8","1111001","1111001.0","Success","0.0009"
"7WD8","8","11101100","11101100.0","Success","0.00061"
"1DX0","8","101110","101110.0","Success","0.00136"
"6XMF","8","1100000","1100000.0","Success","0.00056"
"5Z23","8","10011110","10011110.0","Success","0.00048"
"4IN6","8","1001111","1001111.0","Success","0.00047"
"3UDX","8","10111111","10111111.0","Success","0.0004"
"6VY2","8","11001011","11001011.0","Success","0.00028"
"8Q3Z","8","11000101","11000101.0","Success","0.00047"
"1H7F","8","111111","111111.0","Success","0.00063"
"7T8W","8","110111","110111.0","Success","0.00063"
"6Z8R","8","11011","11011.0","Success","0.00037"
"1NJG","8","11111","11111.0","Success","0.00064"
"5PUQ","8","1000101","1000101.0","Success","0.00086"
"8K4W","8","110111","110111.0","Success","0.00081"
"7YKQ","8","1111011","1111011.0","Success","0.00043"
"1YJG","8","111","111.0","Success","0.00057"
"5LW8","8","11011101","11011101.0","Success","0.00032"
"3PU9","8","10001011","10001011.0","Success","0.00064"
"6N8B","8","110001","110001.0","Success","0.0007"
"1PR4","8","100011","100011.0","Success","0.00052"
"1V2I","8","110","110.0","Success","0.00048"
"8U0Q","8","10110011","10110011.0","Success","0.00045"
"7F1E","8","11010001","11010001.0","Success","0.00063"
"8GR8","8","110101","110101.0","Success","0.00046"
"1D2H","8","10111111","10111111.0","Success","0.00042"
"4FWY","8","110100","110100.0","Success","0.00111"
"6NVZ","8","10101111","10101111.0","Success","0.00039"
"1Q62","8","11000100","11000100.0","Success","0.00072"
"2DT8","8","10001110","10001110.0","Success","0.00082"
"8ZPE","8","1011010","1011010.0","Success","0.00035"
"1J8C","8","1100","1100.0","Success","0.0003"
"8IK7","8","111","111.0","Success","0.00095"
"2YXH","8","11100110","11100110.0","Success","0.00088"
"6LZX","8","11011000","11011000.0","Success","0.00046"
"5QMV","8","11101001","11101001.0","Success","0.00071"
"3PSK","8","1011001","1011001.0","Success","0.0005"
"5H6G","8","1101110","1101110.0","Success","0.0005"
"8DKG","8","11010100","11010100.0","Success","0.00038"
"4GP7","8","111","111.0","Success","0.00074"
"7HOL","8","11001110","11001110.0","Success","0.001"
"9IIR","8","11100010","11100010.0","Success","0.00031"
"5TCF","8","1111110","1111110.0","Success","0.00027"
"4FLU","8","10111001","10111001.0","Success","0.0005"
"4C8X","8","10010111","10010111.0","Success","0.00058"
"9N58","8","1110101","1110101.0","Success","0.00041"
"6N7Z","8","10000","10000.0","Success","0.00074"
"1IBL","8","1110010","1110010.0","Success","0.00028"
"7TZJ","8","110110","110110.0","Success","0.00056"
"7PHI","8","11100111","11100111.0","Success","0.00035"
"2EQG","8","10111110","10111110.0","Success","0.00044"
"2DLO","8","11011101","11011101.0","Success","0.00034"
"3TVV","8","10111010","10111010.0","Success","0.00064"
"1DOR","8","11100","11100.0","Success","0.00057"
"6WX1","8","10011","10011.0","Success","0.00067"
"3DBM","8","1111111","1111111.0","Success","0.00065"
"7KH4","8","11000011","11000011.0","Success","0.00033"
"3SIY","8","11111000","11111000.0","Success","0.00046"
"1P2D","8","10101001","10101001.0","Success","0.00048"
"1RJX","8","1110001","1110001.0","Success","0.00088"
"6HCU","8","100110","100110.0","Success","0.00044"
"5F58","8","11000100","11000100.0","Success","0.00083"
"6JEP","8","1101101","1101101.0","Success","0.00042"
"8UCJ","8","10101010","10101010.0","Success","0.0003"
"3THW","8","10100001","10100001.0","Success","0.00032"
"1L32","8","11110001","11110001.0","Success","0.0011"
"5OU9","8","10100000","10100000.0","Success","0.00068"
"7CAZ","8","1001000","1001000.0","Success","0.00042"
"8ZXC","8","1011110","1011110.0","Success","0.00021"
"4URY","8","10110110","10110110.0","Success","0.00057"
"2W76","8","10111010","10111010.0","Success","0.00034"
"4Q0P","8","11101010","11101010.0","Success","0.0009"
"6ZHE","8","11011010","11011010.0","Success","0.00014"
"5VI7","8","11000110","11000110.0","Success","0.00067"
"2V6T","8","11100110","11100110.0","Success","0.00098"
"6G77","8","10000101","10000101.0","Success","0.00059"
"8J56","8","10000111","10000111.0","Success","0.00055"
"4XIK","8","11111","11111.0","Success","0.00054"
"1VHK","8","10100100","10100100.0","Success","0.00047"
"7JVX","8","11000","11000.0","Success","0.00078"
"8YNN","8","1000001","1000001.0","Success","0.00039"
"4M3Q","8","110011","110011.0","Success","0.00066"
"3GIQ","8","111001","111001.0","Success","0.00045"
"1FNF","8","11011","11011.0","Success","0.00073"
"4X0L","8","10101110","10101110.0","Success","0.0006"
"7Q6D","8","1001100","1001100.0","Success","0.0007"
"4N36","8","110001","110001.0","Success","0.00058"
"3Q0E","8","11011001","11011001.0","Success","0.00051"
"5AC9","8","10100100","10100100.0","Success","0.00054"
"7TUX","8","1100101","1100101.0","Success","0.00045"
"9FQO","8","11110110","11110110.0","Success","0.00066"
"3U6M","8","11100011","11100011.0","Success","0.00089"
"1P68","8","110110","110110.0","Success","0.00036"
"9G00","8","10010110","10010110.0","Success","0.00025"
"8HIG","8","11000001","11000001.0","Success","0.00097"
"1LP3","8","10010111","10010111.0","Success","0.00058"
"7G9F","8","10100110","10100110.0","Success","0.00065"
"1R09","8","11001000","11001000.0","Success","0.0005"
"4L1Z","8","10110100","10110100.0","Success","0.0008"
"5QY3","8","1100010","1100010.0","Success","0.00052"
"5WPR","8","110101","110101.0","Success","0.00097"
"2JVN","8","1011101","1011101.0","Success","0.00038"
"3QKP","8","10110100","10110100.0","Success","0.00082"
"3AZM","8","11011001","11011001.0","Success","0.00051"
"6MJX","8","10100","10100.0","Success","0.00075"
"9B67","8","1110001","1110001.0","Success","0.00028"
"5WBW","8","11100101","11100101.0","Success","0.00043"
"2RHD","8","10101111","10101111.0","Success","0.0011"
"7NCA","8","100101","100101.0","Success","0.00051"
"8G1T","8","1110011","1110011.0","Success","0.00058"
"3GV6","8","111010","111010.0","Success","0.00178"
"8Y9C","8","11100011","11100011.0","Success","0.00034"
"2BKR","8","11011011","11011011.0","Success","0.00078"
"5HJK","8","11000111","11000111.0","Success","0.00075"
"6LH8","8","10010110","10010110.0","Success","0.0011"
"3MM8","8","10111010","10111010.0","Success","0.00034"
"2G6W","8","10011100","10011100.0","Success","0.0007"
"4QWJ","8","10011100","10011100.0","Success","0.00018"
"3OE8","8","10111001","10111001.0","Success","0.00038"
"7RL6","8","1101","1101.0","Success","0.00021"
"6BRT","8","101100","101100.0","Success","0.0003"
"5V2V","8","10111001","10111001.0","Success","0.00081"
"6VSS","8","10000000","10000000.0","Success","0.00032"
"3FSG","8","10001111","10001111.0","Success","0.00042"
"2BXC","8","11000111","11000111.0","Success","0.0004"
"3UIC","8","11010101","11010101.0","Success","0.00022"
"5XEO","8","11010100","11010100.0","Success","0.00056"
"8FRI","8","1000110","1000110.0","Success","0.00049"
"6RJK","8","10010100","10010100.0","Success","0.00046"
"3OXR","8","110","110.0","Success","0.0007"
"8IJZ","8","1001010","1001010.0","Success","0.00127"
"6FL2","8","10001111","10001111.0","Success","0.00056"
"3ZPV","8","1100010","1100010.0","Success","0.00032"
"6ALZ","8","11111011","11111011.0","Success","0.00058"
"6I4H","8","10000001","10000001.0","Success","0.00059"
"3X22","8","10110000","10110000.0","Success","0.00066"
"3QLJ","8","101110","101110.0","Success","0.00032"
"6E9T","8","10011","10011.0","Success","0.00019"
"5Y4H","8","1110","1110.0","Success","0.00085"
"4UH6","8","10101011","10101011.0","Success","0.00048"
"7BUX","8","10110101","10110101.0","Success","0.00054"
"5W5A","8","11010101","11010101.0","Success","0.00065"
"3B6G","8","11110010","11110010.0","Success","0.0005"
"1XIA","8","11010000","11010000.0","Success","0.00049"
"8GEZ","8","1001100","1001100.0","Success","0.00062"
"4HWN","8","11011100","11011100.0","Success","0.00152"
"7MZT","8","101001","101001.0","Success","0.00062"
"6B6F","8","10111","10111.0","Success","0.00085"
"1KCA","8","10001011","10001011.0","Success","0.0005"
"5LYF","8","11001010","11001010.0","Success","0.00082"
"6FF9","8","1110101","1110101.0","Success","0.0005"
"6XJZ","8","1011011","1011011.0","Success","0.00047"
"5K53","8","11011110","11011110.0","Success","0.00065"
"8D5C","8","10011001","10011001.0","Success","0.00027"
"1KRF","8","11111001","11111001.0","Success","0.00045"
"3M24","8","10000101","10000101.0","Success","0.00047"
"8A1B","8","11010000","11010000.0","Success","0.00081"
"4DFC","8","100101","100101.0","Success","0.00071"
"3B9J","8","1000100","1000100.0","Success","0.00028"
"3ON0","8","111111","111111.0","Success","0.00064"
"5CJ7","8","1010110","1010110.0","Success","0.00062"
"2OUY","8","11111111","11111111.0","Success","0.00054"
"8QFJ","8","10110110","10110110.0","Success","0.00072"
"4WI8","8","101001","101001.0","Success","0.00068"
"3B74","8","10111110","10111110.0","Success","0.00078"
"4K8V","8","111010","111010.0","Success","0.00037"
"7W34","8","11100001","11100001.0","Success","0.00094"
"8WK3","8","10000110","10000110.0","Success","0.0002"
"3M6F","8","100010","100010.0","Success","0.00102"
"1NWC","8","1111100","1111100.0","Success","0.00053"
"4YMA","8","11110010","11110010.0","Success","0.00061"
"8K3D","8","10100001","10100001.0","Success","0.00132"
"5Q8Z","8","1001101","1001101.0","Success","0.00077"
"9LSA","8","111100","111100.0","Success","0.00068"
"6QI0","8","10010110","10010110.0","Success","0.00056"
"4HOT","8","10001011","10001011.0","Success","0.00064"
"2EJG","8","1111110","1111110.0","Success","0.00056"
"1PPK","8","1100001","1100001.0","Success","0.00077"
"7H77","8","11000000","11000000.0","Success","0.00054"
"5RWN","8","10100100","10100100.0","Success","0.00057"
"6EDZ","8","1110010","1110010.0","Success","0.00025"
"6J6A","8","10011110","10011110.0","Success","0.00047"
"3L4B","8","1101100","1101100.0","Success","0.00038"
"7AF5","8","1001001","1001001.0","Success","0.00043"
"1WKJ","8","10010","10010.0","Success","0.00084"
"2ISH","8","10100001","10100001.0","Success","0.00047"
"8AMS","8","1000101","1000101.0","Success","0.00059"
"2YZQ","8","1100100","1100100.0","Success","0.00091"
"4M2L","8","10100001","10100001.0","Success","0.00068"
"8BKY","8","100","100.0","Success","0.00014"
"4HYF","8","11011100","11011100.0","Success","0.00054"
"7AK3","8","11101101","11101101.0","Success","0.00073"
"1G9J","8","11111001","11111001.0","Success","0.00056"
"4CMU","8","11110100","11110100.0","Success","0.00081"
"2FYG","8","10000111","10000111.0","Success","0.00122"
"3Q00","8","10000111","10000111.0","Success","0.00091"
"8HJ0","8","1110","1110.0","Success","0.00043"
"4WJM","8","111110","111110.0","Success","0.00078"
"6G8W","8","10010100","10010100.0","Success","0.001"
"5KGL","8","1001101","1001101.0","Success","0.00042"
"8S90","8","11000011","11000011.0","Success","0.0003"
"7W72","8","11111011","11111011.0","Success","0.00029"
"2Q0B","8","1111011","1111011.0","Success","0.00055"
"6CPA","8","10001000","10001000.0","Success","0.00081"
"7NME","8","11101110","11101110.0","Success","0.00049"
"7U0D","8","1100011","1100011.0","Success","0.00043"
"5RXL","8","11100111","11100111.0","Success","0.00059"
"3C3C","8","11011","11011.0","Success","0.00048"
"2G3J","8","1000111","1000111.0","Success","0.00079"
"4E3E","8","1011101","1011101.0","Success","0.00053"
"3SWA","8","111000","111000.0","Success","0.00048"
"9CQJ","8","1011101","1011101.0","Success","0.00042"
"3Q9S","8","10101001","10101001.0","Success","0.00093"
"1S3N","8","11001011","11001011.0","Success","0.00075"
"1PDR","8","10000000","10000000.0","Success","0.0014"
"7Y8U","8","1011011","1011011.0","Success","0.00051"
"3EBQ","8","10100000","10100000.0","Success","0.00115"
"7E7I","8","11111111","11111111.0","Success","0.0003"
"6ALV","8","1011001","1011001.0","Success","0.0008"
"6NM8","8","100011","100011.0","Success","0.00086"
"3JUJ","8","1000101","1000101.0","Success","0.00042"
"3KBG","8","10100010","10100010.0","Success","0.00101"
"2KRE","8","11001111","11001111.0","Success","0.00031"
"6T9Q","8","111000","111000.0","Success","0.00179"
"1B72","8","10000110","10000110.0","Success","0.00115"
"6L6E","8","100111","100111.0","Success","0.00077"
"7QOM","8","10000101","10000101.0","Success","0.00066"
"8VIF","8","10101111","10101111.0","Success","0.00067"
"2RUU","8","1010010","1010010.0","Success","0.00052"
"3B62","8","101011","101011.0","Success","0.00072"
"5V7W","8","10100011","10100011.0","Success","0.00072"
"7RBV","8","10011001","10011001.0","Success","0.00023"
"7SV9","8","11101","11101.0","Success","0.0007"
"6PZG","8","1110000","1110000.0","Success","0.00068"
"3DPS","8","1101101","1101101.0","Success","0.00063"
"2ZGG","8","10110101","10110101.0","Success","0.00154"
"7L8Y","8","10001100","10001100.0","Success","0.0003"
"8XBM","8","1111011","1111011.0","Success","0.00027"
"2R4R","8","10110010","10110010.0","Success","0.00056"
"8U4O","8","11101","11101.0","Success","0.00044"
"2HBC","8","10101000","10101000.0","Success","0.00082"
"7GDI","8","10011100","10011100.0","Success","0.00079"
"5NK3","8","110010","110010.0","Success","0.00082"
"6I4F","8","11000010","11000010.0","Success","0.00062"
"4DDV","8","11010100","11010100.0","Success","0.00028"
"1TDC","8","1100100","1100100.0","Success","0.00078"
"6YZZ","8","11100","11100.0","Success","0.00115"
"7MRD","8","1001101","1001101.0","Success","0.00091"
"2ZDG","8","101010","101010.0","Success","0.0004"
"5IDP","8","100","100.0","Success","0.00057"
"4P14","8","1000111","1000111.0","Success","0.00089"
"4AKC","8","11010000","11010000.0","Success","0.00059"
"6ZUI","8","10100011","10100011.0","Success","0.00068"
"8A9T","8","11111110","11111110.0","Success","0.0003"
"7CRS","8","100000","100000.0","Success","0.00084"
"8TZQ","8","11000001","11000001.0","Success","0.00042"
"5DAQ","8","10011","10011.0","Success","0.0008"
"3Q1I","8","101000","101000.0","Success","0.00093"
"1ZAG","8","11010000","11010000.0","Success","0.0004"
"3DDT","8","11010101","11010101.0","Success","0.00114"
"5L3Q","8","1101101","1101101.0","Success","0.0004"
"1UES","8","11001101","11001101.0","Success","0.0005"
"3G0Q","8","11000100","11000100.0","Success","0.00075"
"5F0S","8","111101","111101.0","Success","0.0007"
"8RWY","8","10100","10100.0","Success","0.00031"
"6NVW","8","11011001","11011001.0","Success","0.00051"
"1VDX","8","1000111","1000111.0","Success","0.00099"
"8Q6X","8","1011111","1011111.0","Success","0.00049"
"2ZDX","8","10111101","10111101.0","Success","0.00053"
"7BJD","8","1111100","1111100.0","Success","0.00086"
"5WR4","8","10111100","10111100.0","Success","0.00078"
"1T1Q","8","100","100.0","Success","0.0005"
"4HMT","8","111","111.0","Success","0.00063"
"6EVK","8","1000100","1000100.0","Success","0.00029"
"1JJA","8","10110000","10110000.0","Success","0.00032"
"1PTT","8","1010011","1010011.0","Success","0.00082"
"3VT5","8","1011000","1011000.0","Success","0.00089"
"8J8O","8","11001","11001.0","Success","0.00059"
"6QD5","8","10010000","10010000.0","Success","0.00073"
"4Z1K","8","11000100","11000100.0","Success","0.00086"
"5HYG","8","10011010","10011010.0","Success","0.00083"
"1CZ4","8","1110101","1110101.0","Success","0.00098"
"1XZ6","8","1101111","1101111.0","Success","0.00088"
"3AKI","8","11010001","11010001.0","Success","0.00065"
"2H68","8","11001101","11001101.0","Success","0.00057"
"8GGS","8","11000","11000.0","Success","0.0008"
"8EVO","8","11111010","11111010.0","Success","0.00044"
"6SBE","8","100","100.0","Success","0.00072"
"3IJ2","8","1110000","1110000.0","Success","0.00059"
"5J94","8","11000001","11000001.0","Success","0.00092"
"5DWU","8","10011111","10011111.0","Success","0.0005"
"7ZY8","8","10010","10010.0","Success","0.00055"
"8AY1","8","11011111","11011111.0","Success","0.00048"
"5F8L","8","10","10.0","Success","0.00063"
"2G8U","8","10000111","10000111.0","Success","0.00123"
"6LAD","8","111110","111110.0","Success","0.00042"
"6Q5P","8","111101","111101.0","Success","0.00102"
"5V4S","8","111100","111100.0","Success","0.00034"
"5QR6","8","11011011","11011011.0","Success","0.00049"
"6T87","8","11101010","11101010.0","Success","0.00066"
"5MZF","8","10011011","10011011.0","Success","0.00052"
"7SKW","8","11000111","11000111.0","Success","0.00119"
"8QUU","8","1001001","1001001.0","Success","0.00075"
"7RLA","8","11000","11000.0","Success","0.00021"
"8FYN","8","11100110","11100110.0","Success","0.0007"
"2USN","8","11111000","11111000.0","Success","0.00104"
"1W98","8","1011","1011.0","Success","0.00057"
"4W6F","8","1000101","1000101.0","Success","0.00066"
"8F2F","8","10011100","10011100.0","Success","0.00052"
"4GW0","8","10010101","10010101.0","Success","0.00074"
"7APZ","8","10010101","10010101.0","Success","0.00072"
"4K2N","8","1001","1001.0","Success","0.00086"
"9F2A","8","110011","110011.0","Success","0.00033"
"1YS3","8","1010010","1010010.0","Success","0.00069"
"4AT5","8","10010100","10010100.0","Success","0.0008"
"5EPD","8","101111","101111.0","Success","0.00075"
"1EQN","8","10000001","10000001.0","Success","0.00035"
"2JM2","8","10000010","10000010.0","Success","0.00045"
"8ADD","8","10001001","10001001.0","Success","0.00093"
"1O2D","8","11001010","11001010.0","Success","0.00053"
"2C67","8","1011010","1011010.0","Success","0.00044"
"3OZQ","8","10011000","10011000.0","Success","0.00073"
"9GL0","8","10100111","10100111.0","Success","0.00035"
"5FFW","8","11100101","11100101.0","Success","0.00091"
"7K1F","8","11111100","11111100.0","Success","0.00031"
"1Q7Z","8","10101110","10101110.0","Success","0.00043"
"8HER","8","1011","1011.0","Success","0.00023"
"6GXL","8","11100101","11100101.0","Success","0.00057"
"8YVO","8","11000001","11000001.0","Success","0.00069"
"6Z6V","8","10100111","10100111.0","Success","0.00042"
"4U23","8","1010011","1010011.0","Success","0.00088"
"7WAH","8","10000100","10000100.0","Success","0.00035"
"8A11","8","1010010","1010010.0","Success","0.00032"
"4RHC","8","1000010","1000010.0","Success","0.00033"
"4D8O","8","11100000","11100000.0","Success","0.00062"
"4E0U","8","1000011","1000011.0","Success","0.00048"
"3FXM","8","100001","100001.0","Success","0.00073"
"5HLO","8","110011","110011.0","Success","0.0007"
"7VBI","8","10","10.0","Success","0.00041"
"1UY1","8","11010100","11010100.0","Success","0.00119"
"5MPT","8","110100","110100.0","Success","0.00071"
"7BSO","8","1101100","1101100.0","Success","0.00145"
"5O3L","8","1001000","1001000.0","Success","0.0005"
"6TVP","8","111000","111000.0","Success","0.00051"
"8OZD","8","11100110","11100110.0","Success","0.00033"
"2R35","8","1100011","1100011.0","Success","0.0014"
"4Z18","8","10001110","10001110.0","Success","0.00065"
"7D1E","8","11111110","11111110.0","Success","0.0008"
"1JUO","8","11011110","11011110.0","Success","0.00075"
"7RED","8","10011100","10011100.0","Success","0.00086"
"8Z9B","8","10000111","10000111.0","Success","0.00089"
"6KRN","8","11111111","11111111.0","Success","0.00063"
"6WB7","8","11101100","11101100.0","Success","0.00041"
"4P13","8","1111001","1111001.0","Success","0.00035"
"7A1H","8","1001","1001.0","Success","0.00174"
"8EB2","8","101","101.0","Success","0.00027"
"9EIS","8","11111001","11111001.0","Success","0.00038"
"4ZMJ","8","1010","1010.0","Success","0.00059"
"7FPF","8","11100011","11100011.0","Success","0.00058"
"9CUF","8","10","10.0","Success","0.00047"
"1JC7","8","1101","1101.0","Success","0.00114"
"3W28","8","1111","1111.0","Success","0.00078"
"5A34","8","10000001","10000001.0","Success","0.00035"
"2XWH","8","10001111","10001111.0","Success","0.00058"
"4I06","8","10010011","10010011.0","Success","0.00045"
"9UEQ","8","1010101","1010101.0","Success","0.00039"
"2K9M","8","11000100","11000100.0","Success","0.00026"
"3HR6","8","10111100","10111100.0","Success","0.00065"
"8VBK","8","111000","111000.0","Success","0.00061"
"8DWA","8","1011001","1011001.0","Success","0.00058"
"6F2X","8","1100000","1100000.0","Success","0.00021"
"6K2G","8","1010001","1010001.0","Success","0.00072"
"5GXG","8","11011111","11011111.0","Success","0.00061"
"2ZOD","8","11100110","11100110.0","Success","0.00054"
"2W3O","8","1100110","1100110.0","Success","0.00096"
"4ICH","8","1111011","1111011.0","Success","0.00073"
"7PCR","8","11011101","11011101.0","Success","0.00059"
"5YK2","8","100100","100100.0","Success","0.00069"
"2Q0J","8","111101","111101.0","Success","0.00056"
"3VKD","8","10001","10001.0","Success","0.00063"
"9EO9","8","1101001","1101001.0","Success","0.00108"
"6AYZ","8","11100100","11100100.0","Success","0.0004"
"8HV9","8","1101010","1101010.0","Success","0.0008"
"3RW8","8","10101000","10101000.0","Success","0.00122"
"1EOK","8","1101101","1101101.0","Success","0.00082"
"4CMO","8","10010101","10010101.0","Success","0.00081"
"5VLD","8","1011111","1011111.0","Success","0.00028"
"7VED","8","1011101","1011101.0","Success","0.00083"
"2N6A","8","11100101","11100101.0","Success","0.00026"
"6WHQ","8","110111","110111.0","Success","0.00043"
"3V2J","8","10011","10011.0","Success","0.00084"
"1F0V","8","101000","101000.0","Success","0.00063"
"3JSK","8","10101101","10101101.0","Success","0.0002"
"6X0Q","8","10000101","10000101.0","Success","0.00028"
"2J4M","8","101111","101111.0","Success","0.00057"
"3IDF","8","100110","100110.0","Success","0.00081"
"4CM0","8","11111001","11111001.0","Success","0.00063"
"5E14","8","10001000","10001000.0","Success","0.00061"
"1AJH","8","10010011","10010011.0","Success","0.00109"
"5EZY","8","1000011","1000011.0","Success","0.0003"
"4YFX","8","1010010","1010010.0","Success","0.00017"
"6P6F","8","1111101","1111101.0","Success","0.00073"
"9JRL","8","11010","11010.0","Success","0.00069"
"1LRT","8","1101000","1101000.0","Success","0.00038"
"8CZU","8","110100","110100.0","Success","0.00079"
"2IQ7","8","1001001","1001001.0","Success","0.00029"
"6TZB","8","10100011","10100011.0","Success","0.00035"
"5LGJ","8","1010100","1010100.0","Success","0.00056"
"9C5S","8","10110011","10110011.0","Success","0.00179"
"2DVI","8","11111010","11111010.0","Success","0.00068"
"6POE","8","10000110","10000110.0","Success","0.00022"
"1MHT","8","11110011","11110011.0","Success","0.00075"
"6H7W","8","11000111","11000111.0","Success","0.00018"
"4BAC","8","1100011","1100011.0","Success","0.00058"
"8ZQB","8","10101110","10101110.0","Success","0.00049"
"6YQI","8","10011110","10011110.0","Success","0.00072"
"4FT7","8","100111","100111.0","Success","0.00079"
"1Y9T","8","1111","1111.0","Success","0.00129"
"7Q34","8","1000111","1000111.0","Success","0.00069"
"1L1E","8","10000000","10000000.0","Success","0.0006"
"8K7E","8","11011","11011.0","Success","0.00048"
"7RI1","8","111100","111100.0","Success","0.00063"
"3GTX","8","10110","10110.0","Success","0.00079"
"2HH7","8","1010001","1010001.0","Success","0.00153"
"1OTH","8","11001000","11001000.0","Success","0.00075"
"7T8K","8","11101111","11101111.0","Success","0.00059"
"6J86","8","10011101","10011101.0","Success","0.00048"
"7GJA","8","10000111","10000111.0","Success","0.00057"
"6YHE","8","110110","110110.0","Success","0.00074"
"2L1D","8","11010100","11010100.0","Success","0.00028"
"7R8L","8","10010000","10010000.0","Success","0.00043"
"8CHE","8","10","10.0","Success","0.00045"
"5REL","8","110100","110100.0","Success","0.00077"
"6NLJ","8","110101","110101.0","Success","0.00032"
"6PTE","8","10000001","10000001.0","Success","0.00035"
"6MHR","8","10000001","10000001.0","Success","0.00042"
"8W5D","8","110000","110000.0","Success","0.00067"
"6FHH","8","1011","1011.0","Success","0.00029"
"1JIV","8","10001101","10001101.0","Success","0.00074"
"1E87","8","1111011","1111011.0","Success","0.00126"
"8F0E","8","100000","100000.0","Success","0.0004"
"3HPK","8","10011110","10011110.0","Success","0.00092"
"2D0I","8","1010101","1010101.0","Success","0.00038"
"4NSD","8","10010101","10010101.0","Success","0.00059"
"6FG9","8","11011111","11011111.0","Success","0.00032"
"1DXJ","8","10010101","10010101.0","Success","0.00089"
"2IK1","8","1101000","1101000.0","Success","0.00057"
"1O8X","8","10100010","10100010.0","Success","0.00114"
"1A00","8","101000","101000.0","Success","0.00057"
"7EJT","8","1011010","1011010.0","Success","0.00025"
"3UIW","8","10101101","10101101.0","Success","0.00092"
"6D39","8","10011010","10011010.0","Success","0.00095"
"2UZ3","8","1011111","1011111.0","Success","0.00049"
"6ZUY","8","11101111","11101111.0","Success","0.00023"
"1LT5","8","110010","110010.0","Success","0.00059"
"8TN6","8","10010010","10010010.0","Success","0.00066"
"5S62","8","1101001","1101001.0","Success","0.00029"
"7TKH","8","1110000","1110000.0","Success","0.00019"
"6G14","8","10101011","10101011.0","Success","0.00057"
"4R7R","8","11101","11101.0","Success","0.00122"
"4MQX","8","10001101","10001101.0","Success","0.00033"
"6L1Q","8","110111","110111.0","Success","0.00047"
"3J7X","8","10010100","10010100.0","Success","0.00029"
"5UTM","8","11010110","11010110.0","Success","0.00036"
"5TGS","8","1001100","1001100.0","Success","0.00064"
"1QJO","8","1011000","1011000.0","Success","0.00029"
"2O3G","8","10000111","10000111.0","Success","0.00162"
"4B5S","8","11101000","11101000.0","Success","0.00063"
"2MCM","8","1011","1011.0","Success","0.00131"
"7BPS","8","10100100","10100100.0","Success","0.00072"
"3WTB","8","111000","111000.0","Success","0.00032"
"8IDA","8","11011001","11011001.0","Success","0.00043"
"6LU0","8","110111","110111.0","Success","0.00046"
"6KLU","8","101010","101010.0","Success","0.00076"
"8QUG","8","100001","100001.0","Success","0.00101"
"7LXJ","8","10001","10001.0","Success","0.00092"
"1FFM","8","11101011","11101011.0","Success","0.00199"
"7CMU","8","11001001","11001001.0","Success","0.00043"
"2CGH","8","11100110","11100110.0","Success","0.0006"
"7R6Y","8","1110","1110.0","Success","0.00031"
"6J43","8","1101","1101.0","Success","0.00083"
"7OXN","8","1111110","1111110.0","Success","0.00064"
"8F4B","8","10111100","10111100.0","Success","0.0004"
"6K5W","8","1010100","1010100.0","Success","0.00027"
"6ADR","8","10000001","10000001.0","Success","0.00045"
"4NLP","8","11111010","11111010.0","Success","0.00064"
"7UR1","8","1101010","1101010.0","Success","0.0007"
"9BS3","8","1111000","1111000.0","Success","0.00041"
"2WOO","8","1000101","1000101.0","Success","0.00033"
"4KCG","8","1010","1010.0","Success","0.00062"
"8HGL","8","1001001","1001001.0","Success","0.00021"
"4R5N","8","11000010","11000010.0","Success","0.0007"
"6E9W","8","11010010","11010010.0","Success","0.0005"
"9FTJ","8","1011000","1011000.0","Success","0.00035"
"4P1O","8","11010101","11010101.0","Success","0.0008"
"2BGH","8","111","111.0","Success","0.00048"
"5XYV","8","11110100","11110100.0","Success","0.00093"
"7FVP","8","10111011","10111011.0","Success","0.00124"
"5MTQ","8","1001011","1001011.0","Success","0.0003"
"8WBQ","8","10101000","10101000.0","Success","0.00062"
"7CPZ","8","10110110","10110110.0","Success","0.00126"
"5DJO","8","111100","111100.0","Success","0.00074"
"1ZP7","8","11011000","11011000.0","Success","0.00078"
"5H7O","8","11111000","11111000.0","Success","0.00029"
"4QAV","8","11011110","11011110.0","Success","0.00049"
"2VC2","8","111101","111101.0","Success","0.00037"
"5YUP","8","1001101","1001101.0","Success","0.00065"
"3WBQ","8","1001","1001.0","Success","0.00091"
"1PL0","8","111011","111011.0","Success","0.00028"
"8ZT4","8","10","10.0","Success","0.00061"
"6R8B","8","11100101","11100101.0","Success","0.00034"
"4N4F","8","11011000","11011000.0","Success","0.00101"
"1VPI","8","10010011","10010011.0","Success","0.00126"
"7ZRV","8","110010","110010.0","Success","0.00023"
"5MPN","8","101111","101111.0","Success","0.00122"
"1EOC","8","1101110","1101110.0","Success","0.00067"
"5O2Z","8","1101000","1101000.0","Success","0.00092"
"3KV4","8","1100110","1100110.0","Success","0.00066"
"6KGE","8","10111101","10111101.0","Success","0.00068"
"1CDM","8","11110100","11110100.0","Success","0.0011"
"6H4B","8","10011011","10011011.0","Success","0.00097"
"1GLB","8","1010101","1010101.0","Success","0.00054"
"1WGN","8","1100011","1100011.0","Success","0.00039"
"3FWL","8","1010000","1010000.0","Success","0.00052"
"6E2N","8","10110101","10110101.0","Success","0.00062"
"8AVM","8","1100111","1100111.0","Success","0.0004"
"8UC5","8","1011101","1011101.0","Success","0.00062"
"5KSO","8","11110001","11110001.0","Success","0.00105"
"2V1D","8","1000011","1000011.0","Success","0.00047"
"8VMY","8","10101001","10101001.0","Success","0.00078"
"5Z9G","8","11011110","11011110.0","Success","0.00082"
"1VFV","8","10101110","10101110.0","Success","0.00079"
"4FU4","8","1111011","1111011.0","Success","0.00051"
"2CH5","8","10011111","10011111.0","Success","0.00037"
"8J5I","8","11110101","11110101.0","Success","0.00141"
"4OG5","8","10001101","10001101.0","Success","0.00064"
"6FAX","8","100","100.0","Success","0.0006"
"3N7W","8","11101000","11101000.0","Success","0.00085"
"2H3O","8","11000111","11000111.0","Success","0.00212"
"9JOB","8","10001111","10001111.0","Success","0.00049"
"9JNW","8","11110010","11110010.0","Success","0.00037"
"2WPL","8","11011110","11011110.0","Success","0.00079"
"4DEH","8","111111","111111.0","Success","0.00082"
"7ZI0","8","10100000","10100000.0","Success","0.0004"
"1C9D","8","10110000","10110000.0","Success","0.00055"
"6F9D","8","100001","100001.0","Success","0.00021"
"1KLQ","8","11110010","11110010.0","Success","0.00098"
"2WSC","8","10000111","10000111.0","Success","0.00025"
"7EPZ","8","1110110","1110110.0","Success","0.00045"
"6JX2","8","1111000","1111000.0","Success","0.00039"
"3Q68","8","10000","10000.0","Success","0.00046"
"2NU3","8","10111100","10111100.0","Success","0.0009"
"1GEJ","8","10110011","10110011.0","Success","0.00069"
"4NFN","8","11100","11100.0","Success","0.0008"
"4KF3","8","10011010","10011010.0","Success","0.00089"
"7FUL","8","1001101","1001101.0","Success","0.00072"
"4RXS","8","10100","10100.0","Success","0.00043"
"7LIV","8","1111101","1111101.0","Success","0.00017"
"9B7P","8","11000000","11000000.0","Success","0.00033"
"7LE6","8","11001000","11001000.0","Success","0.00094"
"5CDO","8","101110","101110.0","Success","0.00028"
"2FJA","8","11110010","11110010.0","Success","0.00033"
"1EPZ","8","111010","111010.0","Success","0.00101"
"5KJA","8","111010","111010.0","Success","0.00028"
"6ED7","8","10101000","10101000.0","Success","0.00024"
"7CLL","8","1110","1110.0","Success","0.00032"
"3RFS","8","110110","110110.0","Success","0.00062"
"6Z4E","8","11111","11111.0","Success","0.00094"
"8GLL","8","11010001","11010001.0","Success","0.00027"
"7D5V","8","11001101","11001101.0","Success","0.00039"
"1B67","8","1111110","1111110.0","Success","0.0012"
"5CCC","8","10010000","10010000.0","Success","0.00111"
"8YAF","8","111101","111101.0","Success","0.00029"
"2AM1","8","11111010","11111010.0","Success","0.00067"
"4NXR","8","10111010","10111010.0","Success","0.00139"
"1PRE","8","1010000","1010000.0","Success","0.00047"
"2XMF","8","10011100","10011100.0","Success","0.00175"
"6GUC","8","1000011","1000011.0","Success","0.00042"
"7ALF","8","110","110.0","Success","0.00104"
"7LC0","8","10001110","10001110.0","Success","0.00026"
"8XKX","8","10101100","10101100.0","Success","0.00045"
"4BLK","8","1011000","1011000.0","Success","0.00077"
"4S2N","8","11110101","11110101.0","Success","0.00044"
"3D40","8","1001110","1001110.0","Success","0.00088"
"7MW1","8","10011110","10011110.0","Success","0.00039"
"6U2Z","8","10111101","10111101.0","Success","0.00085"
"8K0C","8","1011000","1011000.0","Success","0.00031"
"3ASE","8","1000111","1000111.0","Success","0.00113"
"4L7J","8","1000001","1000001.0","Success","0.00072"
"4MOD","8","11010000","11010000.0","Success","0.00108"
"6QTG","8","10101011","10101011.0","Success","0.00056"
"7LSS","8","100","100.0","Success","0.00026"
"2KP7","8","110","110.0","Success","0.00035"
"1I3Z","8","10010101","10010101.0","Success","0.00133"
"7QL5","8","11000001","11000001.0","Success","0.00031"
"4AEE","8","1010000","1010000.0","Success","0.00037"
"1JN0","8","10001111","10001111.0","Success","0.00044"
"6LX3","8","1010111","1010111.0","Success","0.00036"
"2FYZ","8","11011010","11011010.0","Success","0.00084"
"2FKJ","8","1100111","1100111.0","Success","0.00042"
"3N3G","8","1100100","1100100.0","Success","0.00065"
"4L4G","8","10000011","10000011.0","Success","0.00066"
"3DD0","8","10001","10001.0","Success","0.00087"
"4CIL","8","11101110","11101110.0","Success","0.00082"
"9B3T","8","11110101","11110101.0","Success","0.00029"
"7MKU","8","1000110","1000110.0","Success","0.00056"
"6XTN","8","11010100","11010100.0","Success","0.00077"
"5G57","8","10","10.0","Success","0.00052"
"3IYZ","8","11100100","11100100.0","Success","0.00089"
"1ZAP","8","110001","110001.0","Success","0.00077"
"6VC9","8","11100110","11100110.0","Success","0.00049"
"5KCX","8","1010000","1010000.0","Success","0.00083"
"3VZP","8","11001001","11001001.0","Success","0.00044"
"2YFY","8","1010011","1010011.0","Success","0.00044"
"6HSW","8","11011101","11011101.0","Success","0.0004"
"1ZKD","8","11111000","11111000.0","Success","0.00052"
"7NGS","8","10111000","10111000.0","Success","0.00095"
"5VX9","8","11010100","11010100.0","Success","0.0011"
"9MYL","8","1000001","1000001.0","Success","0.00037"
"2VBM","8","10110010","10110010.0","Success","0.00059"
"5QM8","8","10","10.0","Success","0.00071"
"8VSL","8","1111110","1111110.0","Success","0.00089"
"5ZLP","8","10101010","10101010.0","Success","0.00018"
"8FCQ","8","1010000","1010000.0","Success","0.00021"
"5JY1","8","11111000","11111000.0","Success","0.00041"
"7DGX","8","111100","111100.0","Success","0.00134"
"5IIU","8","10100","10100.0","Success","0.00057"
"8BVR","8","1001","1001.0","Success","0.00055"
"3MW3","8","111101","111101.0","Success","0.001"
"1OYW","8","10000101","10000101.0","Success","0.00061"
"2XS0","8","1101","1101.0","Success","0.00076"
"8KHQ","8","100011","100011.0","Success","0.00027"
"2EKU","8","100100","100100.0","Success","0.0011"
"2KZ4","8","110101","110101.0","Success","0.00029"
"5YP6","8","1000011","1000011.0","Success","0.00088"
"7FOZ","8","11000111","11000111.0","Success","0.00059"
"2E8P","8","1011111","1011111.0","Success","0.00032"
"2BXW","8","11011","11011.0","Success","0.00083"
"3NPR","8","11011010","11011010.0","Success","0.00083"
"8ZAO","8","101001","101001.0","Success","0.00049"
"2EEG","8","10110","10110.0","Success","0.00033"
"6B3P","8","11110010","11110010.0","Success","0.00066"
"6PSR","8","10111011","10111011.0","Success","0.00022"
"7BEG","8","1100100","1100100.0","Success","0.00023"
"8AQD","8","1110011","1110011.0","Success","0.00119"
"2ZHH","8","10100000","10100000.0","Success","0.00124"
"7YK8","8","11101111","11101111.0","Success","0.00065"
"8TUR","8","10101000","10101000.0","Success","0.00065"
"6ESB","8","1100","1100.0","Success","0.0003"
"7MPU","8","111010","111010.0","Success","0.00068"
"8DI7","8","11001100","11001100.0","Success","0.00036"
"2GZA","8","101","101.0","Success","0.00044"
"8K9G","8","11110111","11110111.0","Success","0.00032"
"4WLB","8","10111011","10111011.0","Success","0.00061"
"8GV6","8","11001100","11001100.0","Success","0.00031"
"8HMS","8","1111","1111.0","Success","0.00031"
"6PDB","8","10111011","10111011.0","Success","0.00085"
"6FS0","8","11001000","11001000.0","Success","0.00058"
"7TLW","8","11000","11000.0","Success","0.00123"
"1XZF","8","1110001","1110001.0","Success","0.00097"
"8VMC","8","10100010","10100010.0","Success","0.00021"
"4DWI","8","11101010","11101010.0","Success","0.00056"
"7ZDV","8","111011","111011.0","Success","0.00041"
"7DFH","8","111","111.0","Success","0.00038"
"1GCV","8","10111001","10111001.0","Success","0.00059"
"1G2L","8","100010","100010.0","Success","0.00081"
"4Z5C","8","1011000","1011000.0","Success","0.00113"
"1SLY","8","1001111","1001111.0","Success","0.00056"
"4ZGX","8","10001101","10001101.0","Success","0.00019"
"5YPL","8","11001000","11001000.0","Success","0.00065"
"5C85","8","11111001","11111001.0","Success","0.00126"
"6K4V","8","10100100","10100100.0","Success","0.00068"
"8C99","8","110011","110011.0","Success","0.00044"
"1KS7","8","11000111","11000111.0","Success","0.00074"
"1KMM","8","100000","100000.0","Success","0.00036"
"4NH6","8","101000","101000.0","Success","0.00084"
"1TLI","8","11111101","11111101.0","Success","0.00082"
"6RGL","8","11001000","11001000.0","Success","0.00035"
"5FXF","8","1011110","1011110.0","Success","0.00043"
"5MM1","8","10101010","10101010.0","Success","0.00073"
"6LI5","8","10111110","10111110.0","Success","0.00054"
"1XWN","8","1011011","1011011.0","Success","0.00024"
"2CG1","8","10011010","10011010.0","Success","0.00054"
"1JK0","8","11100111","11100111.0","Success","0.00058"
"4R5Z","8","1000001","1000001.0","Success","0.00036"
"4YAR","8","1111110","1111110.0","Success","0.00066"
"6D03","8","10101101","10101101.0","Success","0.00024"
"7XBX","8","11101011","11101011.0","Success","0.00047"
"8BLL","8","10100101","10100101.0","Success","0.00024"
"6Q9O","8","10001000","10001000.0","Success","0.00097"
"5EAL","8","10000001","10000001.0","Success","0.00056"
"6Z6U","8","10110000","10110000.0","Success","0.00021"
"3SXE","8","1001010","1001010.0","Success","0.00079"
"3ZTC","8","11110001","11110001.0","Success","0.00037"
"1HG8","8","101","101.0","Success","0.00075"
"2BST","8","100011","100011.0","Success","0.00071"
"8G45","8","1010111","1010111.0","Success","0.00141"
"5K3F","8","10111111","10111111.0","Success","0.00056"
"4ZNZ","8","11111110","11111110.0","Success","0.00095"
"2BOY","8","1110101","1110101.0","Success","0.00031"
"2BMB","8","11101","11101.0","Success","0.00062"
"2FRK","8","1010010","1010010.0","Success","0.00112"
"110M","8","10011001","10011001.0","Success","0.00113"
"8DBO","8","11100000","11100000.0","Success","0.00031"
"8BC9","8","10001101","10001101.0","Success","0.00032"
"6A2K","8","1000011","1000011.0","Success","0.00042"
"5Z4W","8","11011111","11011111.0","Success","0.00075"
"4G7H","8","1011100","1011100.0","Success","0.00016"
"5H7Q","8","11101111","11101111.0","Success","0.00062"
"7TD6","8","10000101","10000101.0","Success","0.00051"
"6AL6","8","11110","11110.0","Success","0.00072"
"1BV9","8","1101011","1101011.0","Success","0.00096"
"8JEK","8","11101110","11101110.0","Success","0.00042"
"1QQU","8","11011111","11011111.0","Success","0.00091"
"6AZJ","8","1001001","1001001.0","Success","0.00045"
"1DQU","8","11110","11110.0","Success","0.00061"
"6T23","8","1010000","1010000.0","Success","0.00031"
"8QC6","8","101","101.0","Success","0.00052"
"5HZC","8","10100","10100.0","Success","0.00063"
"5DLV","8","11000","11000.0","Success","0.00037"
"4E6R","8","10011010","10011010.0","Success","0.00131"
"1JC5","8","10100000","10100000.0","Success","0.00047"
"6PQ4","8","11110","11110.0","Success","0.00081"
"2W9D","8","111","111.0","Success","0.00066"
"3BY5","8","110100","110100.0","Success","0.00127"
"1JJ1","8","101001","101001.0","Success","0.00123"
"6YX6","8","10011100","10011100.0","Success","0.00093"
"3MJD","8","10101010","10101010.0","Success","0.00047"
"8VW9","8","1101100","1101100.0","Success","0.00068"
"2HTQ","8","1110100","1110100.0","Success","0.00069"
"5TYS","8","10001001","10001001.0","Success","0.00098"
"6UZQ","8","100000","100000.0","Success","0.0007"
"9FW9","8","10010101","10010101.0","Success","0.0004"
"3WMR","8","10111000","10111000.0","Success","0.00048"
"7Q06","8","10110001","10110001.0","Success","0.00034"
"6YKD","8","1101","1101.0","Success","0.00085"
"3F1K","8","10000111","10000111.0","Success","0.00087"
"5OM7","8","10001100","10001100.0","Success","0.0007"
"7RX3","8","11100111","11100111.0","Success","0.0004"
"6ZJP","8","1101","1101.0","Success","0.00044"
"3E27","8","10111100","10111100.0","Success","0.00051"
"8BSH","8","11011110","11011110.0","Success","0.00034"
"2JH8","8","1100000","1100000.0","Success","0.00056"
"4USP","8","1110101","1110101.0","Success","0.00085"
"2PGV","8","10111011","10111011.0","Success","0.00083"
"6TI5","8","10111","10111.0","Success","0.00032"
"7JXG","8","1000100","1000100.0","Success","0.00043"
"4U76","8","11111001","11111001.0","Success","0.00078"
"1JE0","8","1010111","1010111.0","Success","0.00051"
"1WPR","8","1001110","1001110.0","Success","0.00058"
"8F6T","8","10","10.0","Success","0.00067"
"1CP3","8","10000001","10000001.0","Success","0.00062"
"2CU0","8","11111000","11111000.0","Success","0.00053"
"5L9Z","8","10101","10101.0","Success","0.00061"
"2RSL","8","10101001","10101001.0","Success","0.00071"
"6Q2L","8","11010100","11010100.0","Success","0.00079"
"7JV1","8","11001001","11001001.0","Success","0.00057"
"1U0F","8","1101110","1101110.0","Success","0.0004"
"8ET3","8","10011100","10011100.0","Success","0.00023"
"4PSD","8","1100011","1100011.0","Success","0.0009"
"4J6S","8","1010110","1010110.0","Success","0.00043"
"9H6A","8","1100","1100.0","Success","0.0007"
"5POG","8","11110100","11110100.0","Success","0.00085"
"2YBG","8","11101101","11101101.0","Success","0.00051"
"4CBH","8","11111101","11111101.0","Success","0.00036"
"7B9L","8","1101111","1101111.0","Success","0.00056"
"6QEC","8","1011001","1011001.0","Success","0.00168"
"3KZZ","8","10100010","10100010.0","Success","0.00113"
"5WIR","8","10101","10101.0","Success","0.00065"
"7ZCM","8","11111111","11111111.0","Success","0.00081"
"1BLI","8","10011101","10011101.0","Success","0.00063"
"1DCN","8","11000101","11000101.0","Success","0.00034"
"8A06","8","11001111","11001111.0","Success","0.00118"
"7O9P","8","11000101","11000101.0","Success","0.00079"
"2PZB","8","1011001","1011001.0","Success","0.00045"
"7U47","8","10010010","10010010.0","Success","0.00032"
"3OMA","8","1111000","1111000.0","Success","0.00035"
"3TAE","8","11101100","11101100.0","Success","0.00023"
"5HAP","8","11010000","11010000.0","Success","0.00063"
"8YSH","8","101001","101001.0","Success","0.00076"
"6CTI","8","1001010","1001010.0","Success","0.00075"
"6H5L","8","1101000","1101000.0","Success","0.00051"
"1KEI","8","10101111","10101111.0","Success","0.00079"
"2AFV","8","11001101","11001101.0","Success","0.00066"
"3TIH","8","11111001","11111001.0","Success","0.00038"
"6IV6","8","11001001","11001001.0","Success","0.00039"
"3RD0","8","11000101","11000101.0","Success","0.00106"
"6WM2","8","11011010","11011010.0","Success","0.00014"
"1DM8","8","10000001","10000001.0","Success","0.00047"
"3JBW","8","1110001","1110001.0","Success","0.00031"
"4O71","8","1010001","1010001.0","Success","0.00084"
"4K1G","8","10001100","10001100.0","Success","0.00057"
"5BRU","8","110100","110100.0","Success","0.00087"
"5PAO","8","10101000","10101000.0","Success","0.00079"
"6X14","8","100001","100001.0","Success","0.00039"
"6Z6A","8","11111010","11111010.0","Success","0.00058"
"1F42","8","10010101","10010101.0","Success","0.0008"
"8R4V","8","1100000","1100000.0","Success","0.00045"
"5ZVE","8","1101110","1101110.0","Success","0.00051"
"4ZEJ","8","10100011","10100011.0","Success","0.00066"
"4W6N","8","1000010","1000010.0","Success","0.00039"
"6KGO","8","10110110","10110110.0","Success","0.00055"
"8P2V","8","10011110","10011110.0","Success","0.00105"
"6MSU","8","1101011","1101011.0","Success","0.00033"
"2CLY","8","1010111","1010111.0","Success","0.00058"
"8WLV","8","11000010","11000010.0","Success","0.00056"
"2I4P","8","1011010","1011010.0","Success","0.0006"
"2QXU","8","100011","100011.0","Success","0.00037"
"4ZFJ","8","1100111","1100111.0","Success","0.00027"
"3UU1","8","11011111","11011111.0","Success","0.00038"
"1RBN","8","11110101","11110101.0","Success","0.00123"
"2IF9","8","1000111","1000111.0","Success","0.00086"
"1PIE","8","1","1.0","Success","0.00069"
"8J5P","8","1010010","1010010.0","Success","0.00029"
"7VE5","8","11110010","11110010.0","Success","0.0012"
"5MAL","8","1111001","1111001.0","Success","0.00062"
"7VFC","8","10101000","10101000.0","Success","0.00092"
"3WY2","8","10101010","10101010.0","Success","0.00041"
"4L9N","8","110100","110100.0","Success","0.0008"
"8HKB","8","1000100","1000100.0","Success","0.0008"
"6DHA","8","11010100","11010100.0","Success","0.0006"
"4TPM","8","10010100","10010100.0","Success","0.00055"
"9DL7","8","11100110","11100110.0","Success","0.00028"
"7KP3","8","11001100","11001100.0","Success","0.00061"
"5OS8","8","10110110","10110110.0","Success","0.00074"
"5AJP","8","1010000","1010000.0","Success","0.00058"
"4ZSQ","8","1100011","1100011.0","Success","0.00049"
"4URK","8","10001111","10001111.0","Success","0.00048"
"4WUV","8","11011110","11011110.0","Success","0.00057"
"9BOG","8","110100","110100.0","Success","0.00036"
"6I91","8","10000110","10000110.0","Success","0.00052"
"4Z3L","8","1111001","1111001.0","Success","0.00043"
"1U31","8","11100111","11100111.0","Success","0.00072"
"7RDV","8","11000111","11000111.0","Success","0.00049"
"2C4A","8","10010010","10010010.0","Success","0.00069"
"6VJ4","8","1110","1110.0","Success","0.00093"
"8E6J","8","1000101","1000101.0","Success","0.00028"
"3ZDI","8","1011010","1011010.0","Success","0.00072"
"5W5D","8","1101111","1101111.0","Success","0.00066"
"3QE6","8","11001","11001.0","Success","0.00058"
"9FK5","8","10111000","10111000.0","Success","0.00049"
"6L6L","8","11110100","11110100.0","Success","0.00101"
"4ABV","8","10000001","10000001.0","Success","0.0009"
"1QJZ","8","111110","111110.0","Success","0.00059"
"3GSL","8","1100111","1100111.0","Success","0.0007"
"1YDK","8","110100","110100.0","Success","0.00065"
"7SNK","8","10111111","10111111.0","Success","0.00058"
"4YKR","8","111","111.0","Success","0.00096"
"2ZGD","8","10110101","10110101.0","Success","0.00137"
"4IGY","8","110001","110001.0","Success","0.00057"
"1O5M","8","1100011","1100011.0","Success","0.00051"
"7M4J","8","10100111","10100111.0","Success","0.00077"
"7C4K","8","11100010","11100010.0","Success","0.00054"
"8Q8W","8","1011001","1011001.0","Success","0.00066"
"7P57","8","11100111","11100111.0","Success","0.00073"
"7ODX","8","11110011","11110011.0","Success","0.00074"
"6KIK","8","110","110.0","Success","0.00084"
"5K3H","8","10101","10101.0","Success","0.00019"
"6M09","8","11101010","11101010.0","Success","0.00044"
"4YJR","8","1110001","1110001.0","Success","0.00084"
"3GPH","8","1001000","1001000.0","Success","0.00046"
"5XRB","8","1010","1010.0","Success","0.00095"
"1J1D","8","101110","101110.0","Success","0.00052"
"8DTD","8","1100101","1100101.0","Success","0.00083"
"6O8N","8","11111100","11111100.0","Success","0.00096"
"4H4Y","8","10000110","10000110.0","Success","0.00068"
"6WQA","8","10001111","10001111.0","Success","0.0007"
"3NF1","8","1010011","1010011.0","Success","0.00079"
"2KJW","8","1011101","1011101.0","Success","0.00031"
"9QH3","8","1010001","1010001.0","Success","0.00034"
"5DF0","8","1111110","1111110.0","Success","0.00044"
"6YXH","8","11101010","11101010.0","Success","0.00074"
"8A35","8","100110","100110.0","Success","0.001"
"5V3Y","8","10111001","10111001.0","Success","0.00062"
"7RS7","8","10111001","10111001.0","Success","0.00044"
"4C2B","8","10001111","10001111.0","Success","0.00032"
"7XP9","8","111011","111011.0","Success","0.00158"
"1TUW","8","1011101","1011101.0","Success","0.00133"
"4NXS","8","110","110.0","Success","0.00049"
"4I13","8","11101111","11101111.0","Success","0.00078"
"3SBQ","8","1100100","1100100.0","Success","0.00039"
"6EKB","8","1110111","1110111.0","Success","0.00176"
"3D3K","8","1101010","1101010.0","Success","0.00046"
"4CYJ","8","1011100","1011100.0","Success","0.00033"
"6YAS","8","11010010","11010010.0","Success","0.00091"
"1L08","8","10111","10111.0","Success","0.00106"
"4F0R","8","11000011","11000011.0","Success","0.00067"
"7DBN","8","10010101","10010101.0","Success","0.00031"
"6XVO","8","10111000","10111000.0","Success","0.00179"
"7FGI","8","10110010","10110010.0","Success","0.00019"
"1UU8","8","1101101","1101101.0","Success","0.00082"
"2HMN","8","10011001","10011001.0","Success","0.00056"
"6TZO","8","100000","100000.0","Success","0.00095"
"3WYX","8","10010111","10010111.0","Success","0.00085"
"1LLZ","8","1000101","1000101.0","Success","0.00037"
"1ZXG","8","1100111","1100111.0","Success","0.0004"
"5TBS","8","1001","1001.0","Success","0.00082"
"5U20","8","1001","1001.0","Success","0.00036"
"2GBQ","8","11010","11010.0","Success","0.00044"
"1QA7","8","1110111","1110111.0","Success","0.00047"
"4BPR","8","10000100","10000100.0","Success","0.00081"
"3C6R","8","1111111","1111111.0","Success","0.00036"
"2G2U","8","10000101","10000101.0","Success","0.00067"
"1V1Q","8","11100111","11100111.0","Success","0.00097"
"5TRF","8","110010","110010.0","Success","0.00062"
"3GMB","8","1111001","1111001.0","Success","0.00051"
"7XZ8","8","10000101","10000101.0","Success","0.00068"
"6A7D","8","11001011","11001011.0","Success","0.00107"
"6J4A","8","11000","11000.0","Success","0.0003"
"8TQ0","8","1110011","1110011.0","Success","0.00053"
"6S2P","8","1100100","1100100.0","Success","0.00087"
"1LWL","8","11110110","11110110.0","Success","0.00069"
"3RT0","8","111001","111001.0","Success","0.00043"
"4JVC","8","10011000","10011000.0","Success","0.00095"
"1R0Y","8","1000010","1000010.0","Success","0.00043"
"8IN4","8","11000011","11000011.0","Success","0.00095"
"6OOS","8","10101011","10101011.0","Success","0.00069"
"7LS3","8","1110001","1110001.0","Success","0.00067"
"7C1A","8","1101010","1101010.0","Success","0.00033"
"1L7Z","8","10000100","10000100.0","Success","0.0011"
"7EIM","8","10110011","10110011.0","Success","0.00025"
"2GJ3","8","1110101","1110101.0","Success","0.00087"
"3WJM","8","10001","10001.0","Success","0.00022"
"7GIY","8","10111111","10111111.0","Success","0.00055"
"1YPV","8","1101110","1101110.0","Success","0.00087"
"5SFD","8","10101","10101.0","Success","0.00039"
"7WWR","8","10111001","10111001.0","Success","0.00161"
"1GYN","8","111101","111101.0","Success","0.00074"
"4FH0","8","10101011","10101011.0","Success","0.001"
"4JWK","8","10000101","10000101.0","Success","0.00099"
"1E52","8","11111111","11111111.0","Success","0.00029"
"3OJG","8","11011111","11011111.0","Success","0.00078"
"7NLT","8","1111110","1111110.0","Success","0.00078"
"5JCT","8","11101111","11101111.0","Success","0.0008"
"8UG2","8","10110111","10110111.0","Success","0.00131"
"2VT7","8","0","0.0","Success","0.00042"
"1I3L","8","1","1.0","Success","0.00053"
"6VUM","8","11010000","11010000.0","Success","0.00035"
"3RKE","8","1000","1000.0","Success","0.00057"
"5JCF","8","10111011","10111011.0","Success","0.00038"
"8FF2","8","10010000","10010000.0","Success","0.00073"
"7O3D","8","10100110","10100110.0","Success","0.00053"
"3KPT","8","1010101","1010101.0","Success","0.00053"
"5PU2","8","11001","11001.0","Success","0.00087"
"3RRA","8","11100111","11100111.0","Success","0.0005"
"8T9B","8","1010011","1010011.0","Success","0.0003"
"2HEL","8","11110101","11110101.0","Success","0.00085"
"7CAP","8","11100001","11100001.0","Success","0.00089"
"3HIM","8","11110001","11110001.0","Success","0.0007"
"5MBQ","8","101001","101001.0","Success","0.00045"
"3LMI","8","11100100","11100100.0","Success","0.00044"
"4A8O","8","10110001","10110001.0","Success","0.00031"
"5ZCO","8","11100011","11100011.0","Success","0.00023"
"4WXZ","8","100011","100011.0","Success","0.00035"
"7K40","8","10101011","10101011.0","Success","0.00076"
"1I6J","8","10100","10100.0","Success","0.00087"
"3WCY","8","10001100","10001100.0","Success","0.00064"
"6E3Y","8","1000","1000.0","Success","0.0004"
"7X8J","8","111010","111010.0","Success","0.00049"
"4PNF","8","1101100","1101100.0","Success","0.00032"
"4IF4","8","1100100","1100100.0","Success","0.00047"
"3F11","8","11001110","11001110.0","Success","0.0008"
"2P46","8","101100","101100.0","Success","0.00063"
"4CHC","8","11000100","11000100.0","Success","0.00046"
"4XRS","8","10100010","10100010.0","Success","0.0009"
"6VXT","8","1010101","1010101.0","Success","0.00031"
"7K6S","8","11001100","11001100.0","Success","0.00121"
"8BJ7","8","1110010","1110010.0","Success","0.00065"
"6NWP","8","10011000","10011000.0","Success","0.00061"
"6L3X","8","10011010","10011010.0","Success","0.00027"
"7GFC","8","1010011","1010011.0","Success","0.00078"
"7TAS","8","11100000","11100000.0","Success","0.00069"
"6QB5","8","1010000","1010000.0","Success","0.00039"
"1BZZ","8","10110111","10110111.0","Success","0.00056"
"1IAJ","8","11101011","11101011.0","Success","0.0006"
"7TQW","8","1011","1011.0","Success","0.00051"
"1SA1","8","11101","11101.0","Success","0.00032"
"1HUP","8","10000011","10000011.0","Success","0.00117"
"3K07","8","10110111","10110111.0","Success","0.00043"
"6QGL","8","10100010","10100010.0","Success","0.00052"
"4X2W","8","10100101","10100101.0","Success","0.00073"
"2V8Q","8","110110","110110.0","Success","0.00064"
"2YRH","8","10000001","10000001.0","Success","0.00046"
"3EKD","8","11011000","11011000.0","Success","0.00045"
"5JXZ","8","11001111","11001111.0","Success","0.00051"
"6ECN","8","11010100","11010100.0","Success","0.00043"
"7OLE","8","11111011","11111011.0","Success","0.00022"
"1L70","8","10101111","10101111.0","Success","0.00105"
"4HKC","8","10011111","10011111.0","Success","0.00091"
"4EQR","8","1110000","1110000.0","Success","0.00046"
"7PW4","8","11","11.0","Success","0.00026"
"8P1B","8","10100000","10100000.0","Success","0.00117"
"6KX7","8","10010011","10010011.0","Success","0.00062"
"3LWG","8","10001010","10001010.0","Success","0.00086"
"3E1P","8","10100100","10100100.0","Success","0.00031"
"6ME1","8","1001010","1001010.0","Success","0.00047"
"2GSP","8","10110100","10110100.0","Success","0.00134"
"8JUT","8","11110001","11110001.0","Success","0.00014"
"6EI3","8","100000","100000.0","Success","0.00061"
"5FO3","8","11010010","11010010.0","Success","0.00078"
"7V0B","8","1100000","1100000.0","Success","0.00031"
"6TH1","8","10110001","10110001.0","Success","0.00072"
"1PZ1","8","111110","111110.0","Success","0.00055"
"1QI8","8","1101101","1101101.0","Success","0.00058"
"1R0J","8","11010111","11010111.0","Success","0.0019"
"4K91","8","1010100","1010100.0","Success","0.00053"
"4M9X","8","110011","110011.0","Success","0.00042"
"6VZO","8","1011000","1011000.0","Success","0.00063"
"4E3F","8","100100","100100.0","Success","0.00083"
"3SXV","8","11001110","11001110.0","Success","0.00056"
"4O51","8","10010100","10010100.0","Success","0.00032"
"7V3S","8","101000","101000.0","Success","0.00079"
"6LL5","8","10101","10101.0","Success","0.00077"
"8IQ9","8","1111110","1111110.0","Success","0.00033"
"4ECO","8","1011010","1011010.0","Success","0.00039"
"7BBL","8","111000","111000.0","Success","0.00065"
"5FIV","8","110001","110001.0","Success","0.00126"
"5HZR","8","0","0.0","Success","0.00059"
"1BQU","8","10010101","10010101.0","Success","0.00068"
"4Y8H","8","111110","111110.0","Success","0.00017"
"4E7H","8","1111101","1111101.0","Success","0.00059"
"7OSV","8","11100001","11100001.0","Success","0.00107"
"1WP9","8","1001101","1001101.0","Success","0.00026"
"8R6M","8","11011111","11011111.0","Success","0.00064"
"4AZ4","8","11010101","11010101.0","Success","0.00106"
"5R5U","8","1","1.0","Success","0.00094"
"2WGL","8","11001010","11001010.0","Success","0.00056"
"2D66","8","1111101","1111101.0","Success","0.00068"
"1MZV","8","11111100","11111100.0","Success","0.00095"
"8YVB","8","1101000","1101000.0","Success","0.00132"
"4ODM","8","1100","1100.0","Success","0.00053"
"5Y66","8","11101111","11101111.0","Success","0.00065"
"1QMF","8","10011101","10011101.0","Success","0.00057"
"1Y6L","8","100100","100100.0","Success","0.00063"
"3KNX","8","100001","100001.0","Success","0.00073"
"1WK8","8","10111011","10111011.0","Success","0.00072"
"3HR8","8","1110","1110.0","Success","0.00076"
"9EX8","8","11001100","11001100.0","Success","0.00083"
"7V49","8","11","11.0","Success","0.00106"
"1N7K","8","10101","10101.0","Success","0.00063"
"5H53","8","11110001","11110001.0","Success","0.00032"
"6XF9","8","1001101","1001101.0","Success","0.0003"
"6MGP","8","10110111","10110111.0","Success","0.00047"
"7VL7","8","1100101","1100101.0","Success","0.00036"
"7Y54","8","1101111","1101111.0","Success","0.00137"
"4WN3","8","110011","110011.0","Success","0.00089"
"2XCN","8","11011100","11011100.0","Success","0.00071"
"5RW8","8","10010011","10010011.0","Success","0.00058"
"2ENV","8","1010","1010.0","Success","0.00033"
"4UPQ","8","11111100","11111100.0","Success","0.00049"
"4HYM","8","11110101","11110101.0","Success","0.00058"
"3GY8","8","1010011","1010011.0","Success","0.00093"
"4OYF","8","10000000","10000000.0","Success","0.00028"
"2EPS","8","11010010","11010010.0","Success","0.00042"
"6M4Y","8","10101","10101.0","Success","0.00071"
"3VE6","8","11000100","11000100.0","Success","0.00065"
"1QGK","8","10100010","10100010.0","Success","0.00046"
"6K9Q","8","10101010","10101010.0","Success","0.00014"
"1M2X","8","110111","110111.0","Success","0.00044"
"1B2X","8","1011110","1011110.0","Success","0.00078"
"3KQA","8","10111001","10111001.0","Success","0.00034"
"2KC5","8","1011111","1011111.0","Success","0.00025"
"8YWG","8","11000010","11000010.0","Success","0.00045"
"6XV1","8","11000","11000.0","Success","0.00058"
"3X1Z","8","11110101","11110101.0","Success","0.00074"
"5IIR","8","1111011","1111011.0","Success","0.00038"
"7TPC","8","10100111","10100111.0","Success","0.00025"
"6MEK","8","11110101","11110101.0","Success","0.00029"
"4J3J","8","10111001","10111001.0","Success","0.00035"
"1TII","8","110001","110001.0","Success","0.00052"
"1HDJ","8","1010001","1010001.0","Success","0.00036"
"2DOC","8","1110110","1110110.0","Success","0.00029"
"4ODL","8","11011000","11011000.0","Success","0.00074"
"8RH1","8","11110","11110.0","Success","0.00028"
"1U49","8","11111110","11111110.0","Success","0.00057"
"6S1I","8","110000","110000.0","Success","0.00038"
"5T17","8","1011110","1011110.0","Success","0.00027"
"7Q1G","8","1001101","1001101.0","Success","0.0006"
"2OA0","8","101100","101100.0","Success","0.00044"
"5FYU","8","1110100","1110100.0","Success","0.00061"
"1Y94","8","11100100","11100100.0","Success","0.00087"
"1EIQ","8","10101001","10101001.0","Success","0.00082"
"6KTN","8","10110100","10110100.0","Success","0.00084"
"1W7D","8","11100","11100.0","Success","0.00118"
"2DIB","8","11111110","11111110.0","Success","0.00028"
"6E6S","8","100011","100011.0","Success","0.00125"
"5Y82","8","110100","110100.0","Success","0.00048"
"4QA3","8","11111011","11111011.0","Success","0.00053"
"1Q86","8","1111111","1111111.0","Success","0.00023"
"1SLX","8","100000","100000.0","Success","0.00073"
"9HGS","8","10011000","10011000.0","Success","0.00161"
"6AGY","8","1111010","1111010.0","Success","0.00114"
"8ABF","8","1110010","1110010.0","Success","0.00022"
"2P0L","8","11001","11001.0","Success","0.00088"
"3LR6","8","1111001","1111001.0","Success","0.00087"
"2V3M","8","10000","10000.0","Success","0.00057"
"7TNL","8","1011101","1011101.0","Success","0.00028"
"5B19","8","10011010","10011010.0","Success","0.00073"
"1LSY","8","1010","1010.0","Success","0.00123"
"1ES8","8","10101","10101.0","Success","0.00097"
"7CR2","8","110000","110000.0","Success","0.00044"
"4IYN","8","1000100","1000100.0","Success","0.00039"
"2JLZ","8","1010111","1010111.0","Success","0.00046"
"2PX4","8","10100000","10100000.0","Success","0.00084"
"2IMR","8","10011","10011.0","Success","0.0007"
"4XXV","8","110010","110010.0","Success","0.00051"
"1F0U","8","111011","111011.0","Success","0.00092"
"3W29","8","111111","111111.0","Success","0.00075"
"6YIY","8","11001010","11001010.0","Success","0.0009"
"7FPA","8","1000101","1000101.0","Success","0.00059"
"1HB4","8","11011111","11011111.0","Success","0.00073"
"5DV5","8","11001010","11001010.0","Success","0.00059"
"5BR0","8","1101001","1101001.0","Success","0.00043"
"1E0J","8","100110","100110.0","Success","0.00033"
"6CRI","8","10110001","10110001.0","Success","0.00016"
"7LCO","8","10000101","10000101.0","Success","0.00077"
"1NB8","8","1110000","1110000.0","Success","0.00056"
"6B5D","8","10111010","10111010.0","Success","0.00082"
"1A6U","8","10011010","10011010.0","Success","0.0009"
"7WUH","8","10000001","10000001.0","Success","0.00021"
"8JAF","8","111101","111101.0","Success","0.00059"
"3TFM","8","11101101","11101101.0","Success","0.00093"
"1K6S","8","1100000","1100000.0","Success","0.00065"
"6UUI","8","100","100.0","Success","0.00094"
"6X6X","8","1111101","1111101.0","Success","0.0005"
"8W4B","8","10000101","10000101.0","Success","0.00092"
"4GBV","8","11110011","11110011.0","Success","0.00076"
"5EVH","8","10001010","10001010.0","Success","0.0012"
"8C19","8","110001","110001.0","Success","0.00074"
"2V75","8","1010010","1010010.0","Success","0.00139"
"8BRS","8","11010110","11010110.0","Success","0.00052"
"8XV6","8","11101","11101.0","Success","0.001"
"6CRL","8","1001100","1001100.0","Success","0.00022"
"6YMU","8","11101100","11101100.0","Success","0.00038"
"3FR2","8","10010","10010.0","Success","0.00118"
"1KO3","8","11000100","11000100.0","Success","0.00092"
"9BLI","8","11100","11100.0","Success","0.00059"
"3TZG","8","1111","1111.0","Success","0.00065"
"5UJJ","8","11010001","11010001.0","Success","0.00048"
"1JA2","8","1010010","1010010.0","Success","0.00119"
"1UMB","8","10101100","10101100.0","Success","0.00036"
"3N83","8","10000100","10000100.0","Success","0.00023"
"4GHW","8","1100000","1100000.0","Success","0.00056"
"7THG","8","10010010","10010010.0","Success","0.00083"
"7SZA","8","10000000","10000000.0","Success","0.00047"
"4J8B","8","1111111","1111111.0","Success","0.00079"
"2EM9","8","11011101","11011101.0","Success","0.00045"
"7PNA","8","10101011","10101011.0","Success","0.00074"
"7RZV","8","11010110","11010110.0","Success","0.00074"
"5AVY","8","11000010","11000010.0","Success","0.00036"
"4NZ3","8","110111","110111.0","Success","0.00048"
"4PEF","8","110000","110000.0","Success","0.00031"
"1CEA","8","10100110","10100110.0","Success","0.00112"
"4CBA","8","100111","100111.0","Success","0.00062"
"5ZIE","8","1000001","1000001.0","Success","0.00033"
"3EYO","8","10001100","10001100.0","Success","0.00049"
"7VYA","8","1","1.0","Success","0.00024"
"7QCU","8","10101","10101.0","Success","0.00047"
"5NUH","8","1111111","1111111.0","Success","0.00071"
"4Y1Z","8","11001100","11001100.0","Success","0.00085"
"2Z8O","8","1110111","1110111.0","Success","0.00069"
"6A18","8","1101001","1101001.0","Success","0.00068"
"3M65","8","1100101","1100101.0","Success","0.00069"
"4P3N","8","11100010","11100010.0","Success","0.00034"
"2H2T","8","11001","11001.0","Success","0.00117"
"3DH4","8","1111","1111.0","Success","0.0003"
"5QPQ","8","1110101","1110101.0","Success","0.00071"
"5EBG","8","11000001","11000001.0","Success","0.0009"
"8Y2E","8","1111010","1111010.0","Success","0.0006"
"4LPK","8","11111010","11111010.0","Success","0.00077"
"5QRU","8","1011000","1011000.0","Success","0.00101"
"3O07","8","1101000","1101000.0","Success","0.00046"
"7QCG","8","11100100","11100100.0","Success","0.00077"
"1AWF","8","1001010","1001010.0","Success","0.0008"
"7E27","8","11110011","11110011.0","Success","0.00036"
"5D5H","8","10111010","10111010.0","Success","0.00052"
"4PX2","8","11100001","11100001.0","Success","0.00039"
"3WRZ","8","11000010","11000010.0","Success","0.00042"
"7Q4W","8","110100","110100.0","Success","0.00029"
"2A6W","8","11100101","11100101.0","Success","0.00066"
"8SCS","8","1010011","1010011.0","Success","0.00041"
"1AJD","8","1111111","1111111.0","Success","0.00048"
"5POY","8","110100","110100.0","Success","0.00087"
"5B1N","8","11101011","11101011.0","Success","0.00177"
"5JEO","8","11100100","11100100.0","Success","0.00089"
"7X3T","8","1011110","1011110.0","Success","0.00026"
"2PKX","8","1110","1110.0","Success","0.00091"
"1HO8","8","11","11.0","Success","0.00063"
"4O1M","8","10110100","10110100.0","Success","0.00033"
"3OW8","8","11010011","11010011.0","Success","0.00039"
"4LHK","8","11111101","11111101.0","Success","0.00067"
"2CGV","8","1100100","1100100.0","Success","0.00081"
"2HX2","8","1001","1001.0","Success","0.0005"
"1KL3","8","10000001","10000001.0","Success","0.00064"
"2ZHC","8","11100","11100.0","Success","0.00078"
"4QWT","8","11","11.0","Success","0.00026"
"3OPS","8","101010","101010.0","Success","0.00035"
"3QL9","8","100100","100100.0","Success","0.00119"
"1OFF","8","100000","100000.0","Success","0.00145"
"2PS1","8","1101011","1101011.0","Success","0.00062"
"1HN4","8","11","11.0","Success","0.00085"
"7UQW","8","101111","101111.0","Success","0.00049"
"8IKH","8","10011000","10011000.0","Success","0.00043"
"6A5G","8","1010101","1010101.0","Success","0.00056"
"6LFZ","8","11101001","11101001.0","Success","0.00045"
"6HHH","8","101110","101110.0","Success","0.00072"
"4WND","8","1011111","1011111.0","Success","0.0007"
"4PXO","8","11101","11101.0","Success","0.00067"
"6W03","8","11101011","11101011.0","Success","0.00041"
"7HKN","8","10000000","10000000.0","Success","0.00057"
"2XNH","8","10010110","10010110.0","Success","0.00083"
"5V28","8","10101100","10101100.0","Success","0.00103"
"2YYK","8","11110000","11110000.0","Success","0.00063"
"7OXB","8","1101","1101.0","Success","0.00078"
"1I13","8","10111011","10111011.0","Success","0.00071"
"6TJE","8","11100010","11100010.0","Success","0.00072"
"7QXV","8","10111011","10111011.0","Success","0.00072"
"3ICA","8","10001110","10001110.0","Success","0.00068"
"7DDZ","8","1100010","1100010.0","Success","0.00066"
"3DGC","8","1111101","1111101.0","Success","0.00052"
"3WXG","8","11000100","11000100.0","Success","0.00046"
"6UN7","8","1101010","1101010.0","Success","0.00063"
"8ECZ","8","10101101","10101101.0","Success","0.00046"
"3EDV","8","111010","111010.0","Success","0.00054"
"4HMN","8","11100010","11100010.0","Success","0.00075"
"5LQM","8","1110010","1110010.0","Success","0.00075"
"3HJO","8","10110001","10110001.0","Success","0.00069"
"1E24","8","1000001","1000001.0","Success","0.00064"
"4XT4","8","110000","110000.0","Success","0.00091"
"8APQ","8","11110100","11110100.0","Success","0.00028"
"3NNE","8","10101101","10101101.0","Success","0.00022"
"1ML2","8","11111101","11111101.0","Success","0.00082"
"1QR6","8","11100111","11100111.0","Success","0.00042"
"6B22","8","11110101","11110101.0","Success","0.00088"
"6P8X","8","11101000","11101000.0","Success","0.00053"
"2EWH","8","100001","100001.0","Success","0.00142"
"6BW4","8","10001001","10001001.0","Success","0.00049"
"6VT4","8","10000011","10000011.0","Success","0.00074"
"8TQ9","8","10011000","10011000.0","Success","0.00049"
"5CHG","8","11011011","11011011.0","Success","0.0006"
"3KR6","8","100101","100101.0","Success","0.00069"
"5N6M","8","1110000","1110000.0","Success","0.00063"
"6MYD","8","1101","1101.0","Success","0.00075"
"8ZJG","8","10001100","10001100.0","Success","0.00039"
"3C7F","8","10101011","10101011.0","Success","0.00063"
"5E03","8","11111","11111.0","Success","0.00129"
"5EPL","8","1010001","1010001.0","Success","0.00127"
"4HIR","8","10001001","10001001.0","Success","0.00035"
"5J1H","8","11010010","11010010.0","Success","0.00072"
"2Y69","8","10110010","10110010.0","Success","0.00024"
"5VS1","8","10001110","10001110.0","Success","0.00078"
"6CBV","8","10000110","10000110.0","Success","0.0006"
"5HVE","8","11100010","11100010.0","Success","0.00103"
"3BOA","8","1000111","1000111.0","Success","0.00064"
"2DN6","8","10100011","10100011.0","Success","0.00029"
"5ABW","8","1110001","1110001.0","Success","0.00093"
"1B9K","8","1001000","1001000.0","Success","0.00093"
"1SDM","8","1011101","1011101.0","Success","0.00074"
"5AIP","8","110101","110101.0","Success","0.00086"
"2G8R","8","11101010","11101010.0","Success","0.00087"
"3AGC","8","111010","111010.0","Success","0.00058"
"6R78","8","10011","10011.0","Success","0.00066"
"7N5S","8","11010111","11010111.0","Success","0.00128"
"5GHC","8","11011100","11011100.0","Success","0.00033"
"5VQ5","8","10011000","10011000.0","Success","0.00071"
"4CJR","8","11001111","11001111.0","Success","0.00077"
"7WSS","8","11011001","11011001.0","Success","0.00042"
"5RVE","8","10000110","10000110.0","Success","0.00074"
"2L4E","8","110000","110000.0","Success","0.00041"
"1B3T","8","10111110","10111110.0","Success","0.00081"
"7MLC","8","1000001","1000001.0","Success","0.0011"
"7GJ8","8","10110000","10110000.0","Success","0.00056"
"8F3P","8","11011110","11011110.0","Success","0.00055"
"1NMK","8","11111111","11111111.0","Success","0.00073"
"7QWA","8","1111101","1111101.0","Success","0.0012"
"9EBK","8","11101","11101.0","Success","0.00066"
"9FGM","8","10000000","10000000.0","Success","0.0004"
"2XIR","8","11000011","11000011.0","Success","0.00081"
"3E6V","8","11100000","11100000.0","Success","0.00054"
"8FK9","8","10010000","10010000.0","Success","0.00079"
"2L7E","8","10010","10010.0","Success","0.00027"
"4INS","8","10111","10111.0","Success","0.00138"
"2COS","8","11110010","11110010.0","Success","0.00042"
"4XG4","8","11110011","11110011.0","Success","0.00084"
"2B6A","8","110010","110010.0","Success","0.00044"
"1NID","8","11111000","11111000.0","Success","0.00078"
"8EK4","8","11001011","11001011.0","Success","0.00082"
"3I65","8","1100010","1100010.0","Success","0.00072"
"1ENO","8","1010001","1010001.0","Success","0.00079"
"6WG4","8","10000111","10000111.0","Success","0.00073"
"2R73","8","1110111","1110111.0","Success","0.00057"
"6P9Z","8","1011","1011.0","Success","0.0011"
"6G5Q","8","10000011","10000011.0","Success","0.0005"
"3K3E","8","1000110","1000110.0","Success","0.00054"
"3CXV","8","11101110","11101110.0","Success","0.00071"
"7LHI","8","11011010","11011010.0","Success","0.00034"
"2Y4U","8","11101110","11101110.0","Success","0.00067"
"2WGZ","8","11101011","11101011.0","Success","0.00057"
"2L84","8","11110100","11110100.0","Success","0.00029"
"3P3H","8","11","11.0","Success","0.00085"
"5AIV","8","11010000","11010000.0","Success","0.00049"
"2Q5Y","8","1010011","1010011.0","Success","0.00081"
"1G6B","8","1001100","1001100.0","Success","0.0013"
"5QU1","8","100100","100100.0","Success","0.00127"
"6MPS","8","1110100","1110100.0","Success","0.00087"
"4CQP","8","101110","101110.0","Success","0.00063"
"7VH6","8","1001","1001.0","Success","0.0002"
"8R0S","8","11111111","11111111.0","Success","0.00064"
"1BK7","8","10111100","10111100.0","Success","0.00104"
"1SR5","8","1100100","1100100.0","Success","0.00053"
"5KDQ","8","1100001","1100001.0","Success","0.00059"
"2Z32","8","1110","1110.0","Success","0.0008"
"1KWQ","8","10111101","10111101.0","Success","0.00087"
"6CU2","8","10000001","10000001.0","Success","0.00085"
"1QBT","8","10000110","10000110.0","Success","0.00097"
"8GHZ","8","11100100","11100100.0","Success","0.00033"
"5V2L","8","101110","101110.0","Success","0.00078"
"7EHN","8","11011110","11011110.0","Success","0.00055"
"1DSS","8","10110101","10110101.0","Success","0.00053"
"7SR5","8","10010100","10010100.0","Success","0.00044"
"7M17","8","1111001","1111001.0","Success","0.00031"
"2ZDT","8","101001","101001.0","Success","0.00077"
"3VLJ","8","10101101","10101101.0","Success","0.00036"
"6P1Q","8","100011","100011.0","Success","0.00074"
"7AXS","8","10011000","10011000.0","Success","0.00075"
"6XQB","8","1101101","1101101.0","Success","0.00043"
"8UZ6","8","101011","101011.0","Success","0.00038"
"7F4X","8","11011100","11011100.0","Success","0.00072"
"5SNS","8","0","0.0","Success","0.00048"
"7UPN","8","11110","11110.0","Success","0.00042"
"2YR3","8","10011100","10011100.0","Success","0.00031"
"2QKU","8","101011","101011.0","Success","0.00086"
"5AAN","8","10111010","10111010.0","Success","0.00102"
"5QR8","8","11100111","11100111.0","Success","0.00048"
"6B7U","8","1101011","1101011.0","Success","0.00121"
"8PCH","8","1100000","1100000.0","Success","0.00089"
"5OUG","8","1100","1100.0","Success","0.00042"
"7CAI","8","11010110","11010110.0","Success","0.00022"
"3LOG","8","11000010","11000010.0","Success","0.00033"
"7YOB","8","1110101","1110101.0","Success","0.00022"
"4HYJ","8","1010111","1010111.0","Success","0.00065"
"1Y5B","8","110000","110000.0","Success","0.00092"
"6DNW","8","1100011","1100011.0","Success","0.00095"
"2PMZ","8","11100101","11100101.0","Success","0.00018"
"8ZDX","8","1001010","1001010.0","Success","0.00031"
"7CDV","8","10100110","10100110.0","Success","0.00061"
"8BUJ","8","1000010","1000010.0","Success","0.00021"
"1P2I","8","11010010","11010010.0","Success","0.00083"
"7TEF","8","100110","100110.0","Success","0.00066"
"2LE8","8","101000","101000.0","Success","0.00026"
"7H93","8","110000","110000.0","Success","0.00053"
"4W5W","8","10010011","10010011.0","Success","0.00086"
"2B4E","8","11111101","11111101.0","Success","0.00071"
"1BDX","8","10001011","10001011.0","Success","0.00051"
"3QNK","8","100101","100101.0","Success","0.00032"
"6AC4","8","10100001","10100001.0","Success","0.00027"
"7YHH","8","1011","1011.0","Success","0.00052"
"5CXW","8","10010101","10010101.0","Success","0.00072"
"6I1R","8","11000011","11000011.0","Success","0.00055"
"5WSK","8","10010","10010.0","Success","0.00029"
"5RHQ","8","1011101","1011101.0","Success","0.00066"
"8Z5H","8","1110111","1110111.0","Success","0.00046"
"8ONI","8","110111","110111.0","Success","0.00043"
"2JNZ","8","11001101","11001101.0","Success","0.00029"
"6J5A","8","10011000","10011000.0","Success","0.00039"
"6KC2","8","10010101","10010101.0","Success","0.00077"
"8HX1","8","10100001","10100001.0","Success","0.00032"
"1D02","8","1011010","1011010.0","Success","0.00068"
"8HHA","8","101001","101001.0","Success","0.00024"
"5JC6","8","10010101","10010101.0","Success","0.00081"
"7M3K","8","11100100","11100100.0","Success","0.00057"
"1XQ5","8","11011000","11011000.0","Success","0.0006"
"5FJZ","8","11011001","11011001.0","Success","0.00042"
"6CPE","8","1000001","1000001.0","Success","0.00085"
"4PSJ","8","1011000","1011000.0","Success","0.00085"
"7ERU","8","10100101","10100101.0","Success","0.00069"
"1VHH","8","111010","111010.0","Success","0.00114"
"8EEQ","8","10111100","10111100.0","Success","0.00037"
"5ZDQ","8","10011011","10011011.0","Success","0.00044"
"4NBA","8","11000011","11000011.0","Success","0.00036"
"4KXZ","8","10110001","10110001.0","Success","0.0003"
"3EEQ","8","110000","110000.0","Success","0.00056"
"2DXC","8","10101100","10101100.0","Success","0.00032"
"2JG5","8","11000000","11000000.0","Success","0.00057"
"5NIZ","8","10101000","10101000.0","Success","0.00098"
"7M4A","8","100000","100000.0","Success","0.00073"
"3OZ1","8","1011001","1011001.0","Success","0.00066"
"3L0X","8","1101111","1101111.0","Success","0.00087"
"1LYA","8","1101101","1101101.0","Success","0.00053"
"8PLL","8","11111011","11111011.0","Success","0.00057"
"7O6L","8","10001100","10001100.0","Success","0.00104"
"2GJF","8","10000111","10000111.0","Success","0.00026"
"7N6R","8","10010010","10010010.0","Success","0.00034"
"5AR3","8","11010001","11010001.0","Success","0.00059"
"1EHB","8","1100100","1100100.0","Success","0.00155"
"7JY6","8","11111110","11111110.0","Success","0.00026"
"3VU4","8","11111100","11111100.0","Success","0.00055"
"7R27","8","11000110","11000110.0","Success","0.00049"
"5MHL","8","1011101","1011101.0","Success","0.00037"
"1HZE","8","10111111","10111111.0","Success","0.00097"
"8ETB","8","11101110","11101110.0","Success","0.00071"
"7XBU","8","11110000","11110000.0","Success","0.00065"
"7PKP","8","11001111","11001111.0","Success","0.00028"
"9D8M","8","11001001","11001001.0","Success","0.00087"
"4M3K","8","10010110","10010110.0","Success","0.00069"
"6JOO","8","10000101","10000101.0","Success","0.00049"
"1ZZ2","8","1101000","1101000.0","Success","0.00075"
"2C4Z","8","1111100","1111100.0","Success","0.00071"
"3RSR","8","11010","11010.0","Success","0.00056"
"8Z7W","8","10001101","10001101.0","Success","0.0007"
"9BDI","8","110000","110000.0","Success","0.00039"
"7OZV","8","10010110","10010110.0","Success","0.00044"
"5FRP","8","10010","10010.0","Success","0.00037"
"3WSI","8","1001001","1001001.0","Success","0.00036"
"1RUC","8","11110110","11110110.0","Success","0.0005"
"3SEZ","8","11111011","11111011.0","Success","0.00027"
"7R73","8","1111110","1111110.0","Success","0.00069"
"3ZJU","8","111101","111101.0","Success","0.00048"
"7XIZ","8","11011000","11011000.0","Success","0.00085"
"1NOK","8","1001","1001.0","Success","0.00047"
"6AUC","8","1110010","1110010.0","Success","0.0013"
"6LN2","8","10011100","10011100.0","Success","0.00046"
"4YZK","8","11011110","11011110.0","Success","0.00076"
"3QGG","8","10110011","10110011.0","Success","0.00042"
"7SYU","8","11010011","11010011.0","Success","0.0002"
"7ICJ","8","110101","110101.0","Success","0.00076"
"1KIT","8","111100","111100.0","Success","0.00052"
"2IAB","8","100000","100000.0","Success","0.00075"
"4H3X","8","11100","11100.0","Success","0.00074"
"1DQO","8","11111110","11111110.0","Success","0.00116"
"8VZJ","8","11100","11100.0","Success","0.0002"
"7P6K","8","11100101","11100101.0","Success","0.00021"
"1VKD","8","10100110","10100110.0","Success","0.00032"
"5QGY","8","1000010","1000010.0","Success","0.00102"
"8DTM","8","1101","1101.0","Success","0.00047"
"8Q67","8","11100110","11100110.0","Success","0.00023"
"2WKM","8","1010111","1010111.0","Success","0.00084"
"3NVN","8","110111","110111.0","Success","0.00046"
"7Y5V","8","10110011","10110011.0","Success","0.00029"
"2DUE","8","1011110","1011110.0","Success","0.00093"
"5DB0","8","1111001","1111001.0","Success","0.00064"
"7X4E","8","1000101","1000101.0","Success","0.00128"
"4MOY","8","1001110","1001110.0","Success","0.00079"
"8SSK","8","101110","101110.0","Success","0.00039"
"8A4G","8","11000011","11000011.0","Success","0.00074"
"7Y9V","8","11001001","11001001.0","Success","0.00044"
"1I3K","8","111","111.0","Success","0.00054"
"5M5V","8","1110101","1110101.0","Success","0.00049"
"5SDP","8","111000","111000.0","Success","0.00037"
"5I50","8","10110001","10110001.0","Success","0.00101"
"4OF1","8","11100","11100.0","Success","0.00092"
"8AC2","8","10111011","10111011.0","Success","0.00025"
"5FZO","8","1011011","1011011.0","Success","0.00053"
"7O49","8","10111010","10111010.0","Success","0.00018"
"3KYH","8","11111111","11111111.0","Success","0.00037"
"8QDI","8","110110","110110.0","Success","0.00076"
"3NY4","8","11100011","11100011.0","Success","0.00085"
"4ROU","8","11001011","11001011.0","Success","0.00064"
"3B4W","8","10","10.0","Success","0.00065"
"6HUI","8","11111001","11111001.0","Success","0.00047"
"4MZ5","8","1101101","1101101.0","Success","0.00065"
"215L","8","10","10.0","Success","0.00108"
"4EMK","8","10000101","10000101.0","Success","0.00092"
"8JML","8","11010010","11010010.0","Success","0.0006"
"2FR5","8","1101111","1101111.0","Success","0.00059"
"1M9T","8","10000101","10000101.0","Success","0.00048"
"9DHS","8","10001","10001.0","Success","0.00029"
"4OJJ","8","1111","1111.0","Success","0.00046"
"4X1O","8","110","110.0","Success","0.00092"
"5AIK","8","111001","111001.0","Success","0.00038"
"5GYD","8","11011000","11011000.0","Success","0.00046"
"7DKH","8","110100","110100.0","Success","0.00025"
"8EMW","8","1010110","1010110.0","Success","0.00036"
"7WI8","8","1011100","1011100.0","Success","0.00035"
"6PTM","8","11111101","11111101.0","Success","0.00051"
"5ZBK","8","110010","110010.0","Success","0.00099"
"2YVQ","8","1010011","1010011.0","Success","0.00115"
"5GIR","8","1010101","1010101.0","Success","0.00046"
"7BQY","8","100101","100101.0","Success","0.00077"
"3RID","8","11101011","11101011.0","Success","0.0006"
"9QYY","8","11011001","11011001.0","Success","0.00049"
"3NQO","8","1110011","1110011.0","Success","0.00073"
"3SL9","8","10010111","10010111.0","Success","0.0005"
"6ONU","8","11001001","11001001.0","Success","0.00061"
"3VRV","8","10110100","10110100.0","Success","0.00087"
"2KTB","8","11000001","11000001.0","Success","0.00027"
"5FKA","8","100011","100011.0","Success","0.00053"
"8SPG","8","1000110","1000110.0","Success","0.00046"
"8DMH","8","10011001","10011001.0","Success","0.00032"
"4XUI","8","1000001","1000001.0","Success","0.00055"
"2G5N","8","11100100","11100100.0","Success","0.0009"
"5S5H","8","11000110","11000110.0","Success","0.00028"
"4RQB","8","111010","111010.0","Success","0.00071"
"3AS2","8","1111001","1111001.0","Success","0.00058"
"7B3M","8","1000111","1000111.0","Success","0.00056"
"7NU6","8","11111001","11111001.0","Success","0.00047"
"2VL6","8","10100000","10100000.0","Success","0.00048"
"3VIF","8","11001010","11001010.0","Success","0.00063"
"6J0T","8","11011110","11011110.0","Success","0.00043"
"2RF4","8","11111","11111.0","Success","0.00053"
"3BCS","8","10011001","10011001.0","Success","0.00049"
"4ZW7","8","1111101","1111101.0","Success","0.00045"
"6A0P","8","1011011","1011011.0","Success","0.00068"
"1SKM","8","10010110","10010110.0","Success","0.00077"
"8OFS","8","1011110","1011110.0","Success","0.00055"
"6W1D","8","10101111","10101111.0","Success","0.00053"
"7KM1","8","1110011","1110011.0","Success","0.00032"
"3WFI","8","11010110","11010110.0","Success","0.00055"
"2Q07","8","10001110","10001110.0","Success","0.00086"
"3TI7","8","111","111.0","Success","0.00076"
"8XQD","8","10001010","10001010.0","Success","0.00062"
"3LNF","8","1011100","1011100.0","Success","0.00068"
"8QUO","8","11101000","11101000.0","Success","0.0004"
"8HN8","8","10010101","10010101.0","Success","0.0004"
"5LEE","8","11100110","11100110.0","Success","0.00064"
"2W8G","8","11001111","11001111.0","Success","0.00043"
"3AHU","8","1010110","1010110.0","Success","0.001"
"6LJ5","8","111001","111001.0","Success","0.00086"
"3U48","8","10100110","10100110.0","Success","0.00037"
"2HU6","8","11101001","11101001.0","Success","0.00113"
"1ZDF","8","11011","11011.0","Success","0.00086"
"3RRD","8","11001000","11001000.0","Success","0.0009"
"2GVW","8","101111","101111.0","Success","0.00078"
"2KB6","8","10101000","10101000.0","Success","0.00043"
"3UOL","8","11010001","11010001.0","Success","0.00059"
"8RI1","8","11010111","11010111.0","Success","0.00041"
"4BLO","8","1111000","1111000.0","Success","0.00024"
"2XSO","8","10000011","10000011.0","Success","0.00016"
"4OM2","8","11011010","11011010.0","Success","0.00066"
"8IVH","8","1010100","1010100.0","Success","0.00052"
"6SQU","8","1011","1011.0","Success","0.00058"
"8JUK","8","11110100","11110100.0","Success","0.00066"
"5T7Z","8","1001010","1001010.0","Success","0.00061"
"3R0O","8","11000000","11000000.0","Success","0.00048"
"4IC6","8","1010","1010.0","Success","0.00043"
"3FW6","8","1011001","1011001.0","Success","0.00061"
"4OUG","8","11000100","11000100.0","Success","0.00052"
"8SAD","8","1111000","1111000.0","Success","0.00048"
"6G0Q","8","1110101","1110101.0","Success","0.0012"
"6IMB","8","1101110","1101110.0","Success","0.00056"
"2NY7","8","100100","100100.0","Success","0.00049"
"2KTM","8","111101","111101.0","Success","0.0005"
"5N09","8","1111010","1111010.0","Success","0.00035"
"6J0G","8","11111000","11111000.0","Success","0.00051"
"6EXZ","8","10111","10111.0","Success","0.00168"
"5A43","8","10011111","10011111.0","Success","0.00066"
"8QGZ","8","100100","100100.0","Success","0.00063"
"4U66","8","100011","100011.0","Success","0.00058"
"1SZS","8","1000100","1000100.0","Success","0.00034"
"4TXD","8","11110000","11110000.0","Success","0.00073"
"3P1U","8","1001110","1001110.0","Success","0.00042"
"1IDT","8","11011100","11011100.0","Success","0.00066"
"8T3P","8","11101011","11101011.0","Success","0.00045"
"3TYD","8","11011100","11011100.0","Success","0.00059"
"7FOQ","8","1000001","1000001.0","Success","0.00059"
"7SEE","8","10011001","10011001.0","Success","0.00021"
"7F7C","8","1110011","1110011.0","Success","0.00085"
"5DTL","8","10101011","10101011.0","Success","0.00027"
"5HUG","8","10000101","10000101.0","Success","0.0007"
"5QLM","8","10010101","10010101.0","Success","0.00072"
"6IH0","8","10001110","10001110.0","Success","0.00084"
"2DQ6","8","10001001","10001001.0","Success","0.00047"
"6YOA","8","10010001","10010001.0","Success","0.00082"
"4X2N","8","100110","100110.0","Success","0.00077"
"5MUQ","8","11110111","11110111.0","Success","0.00047"
"7TQ4","8","11111110","11111110.0","Success","0.00079"
"2EF9","8","11011100","11011100.0","Success","0.00059"
"1UJK","8","11000001","11000001.0","Success","0.00082"
"1T1V","8","11011101","11011101.0","Success","0.00101"
"7DCY","8","10010011","10010011.0","Success","0.00054"
"4GXS","8","10110","10110.0","Success","0.00062"
"4Z3D","8","11010101","11010101.0","Success","0.00041"
"7AV7","8","111111","111111.0","Success","0.00029"
"7E1D","8","11010100","11010100.0","Success","0.00097"
"5KEV","8","1101011","1101011.0","Success","0.00094"
"1SKR","8","1111110","1111110.0","Success","0.00051"
"8W71","8","1101010","1101010.0","Success","0.00044"
"8IPK","8","110100","110100.0","Success","0.00081"
"2YKQ","8","1101001","1101001.0","Success","0.00056"
"3T7R","8","1111101","1111101.0","Success","0.00064"
"1MPW","8","11111101","11111101.0","Success","0.00046"
"5V5J","8","11101100","11101100.0","Success","0.0008"
"7BTO","8","1110000","1110000.0","Success","0.00026"
"4KFQ","8","1001010","1001010.0","Success","0.00058"
"7KO0","8","1010011","1010011.0","Success","0.00131"
"5S3Q","8","11100100","11100100.0","Success","0.00072"
"5LSW","8","10101111","10101111.0","Success","0.00058"
"7URA","8","100001","100001.0","Success","0.00053"
"2OV7","8","1011001","1011001.0","Success","0.00069"
"6DOE","8","1011110","1011110.0","Success","0.00117"
"6VC5","8","1010100","1010100.0","Success","0.00078"
"3KEF","8","11000","11000.0","Success","0.00057"
"8FZ5","8","10000011","10000011.0","Success","0.00018"
"3SL1","8","11010000","11010000.0","Success","0.00078"
"5LU7","8","10","10.0","Success","0.00048"
"5VMC","8","10110101","10110101.0","Success","0.00036"
"5KS2","8","1011","1011.0","Success","0.00093"
"6DID","8","1011","1011.0","Success","0.00025"
"4TUY","8","10111111","10111111.0","Success","0.00029"
"6PXF","8","10011101","10011101.0","Success","0.00094"
"2RF1","8","10110100","10110100.0","Success","0.00058"
"8A4U","8","1111111","1111111.0","Success","0.00048"
"7W0B","8","11101000","11101000.0","Success","0.00035"
"1CDW","8","10011011","10011011.0","Success","0.00104"
"2XTQ","8","10111101","10111101.0","Success","0.0003"
"5QST","8","10011100","10011100.0","Success","0.00039"
"4WXH","8","11101101","11101101.0","Success","0.00052"
"6RS0","8","1111001","1111001.0","Success","0.00044"
"5I4R","8","10000100","10000100.0","Success","0.00042"
"7VQX","8","11011010","11011010.0","Success","0.00041"
"2APJ","8","0","0.0","Success","0.00045"
"8VEH","8","10011011","10011011.0","Success","0.00052"
"6SD4","8","10100101","10100101.0","Success","0.00019"
"6APR","8","1110","1110.0","Success","0.00076"
"4FOC","8","10100100","10100100.0","Success","0.0008"
"8AAM","8","1011101","1011101.0","Success","0.00077"
"4JLU","8","1111110","1111110.0","Success","0.00094"
"3QL2","8","10011001","10011001.0","Success","0.00088"
"6NUC","8","11101011","11101011.0","Success","0.00058"
"1KSO","8","11000","11000.0","Success","0.00104"
"5XSS","8","11011110","11011110.0","Success","0.00041"
"3HKL","8","1001111","1001111.0","Success","0.00079"
"2CA1","8","11000","11000.0","Success","0.00098"
"1PJT","8","110","110.0","Success","0.00045"
"3DZF","8","1100011","1100011.0","Success","0.00035"
"7XX1","8","1000","1000.0","Success","0.0006"
"1BNV","8","1","1.0","Success","0.00088"
"4PN9","8","1001","1001.0","Success","0.00104"
"8JSF","8","11011110","11011110.0","Success","0.00063"
"8I83","8","10100110","10100110.0","Success","0.00028"
"7XNE","8","10101101","10101101.0","Success","0.00089"
"3MK6","8","10011110","10011110.0","Success","0.00038"
"7XNV","8","111","111.0","Success","0.00031"
"5WWD","8","11000110","11000110.0","Success","0.00084"
"7G6C","8","11110111","11110111.0","Success","0.00049"
"8IHV","8","1001110","1001110.0","Success","0.00099"
"6J4Q","8","11100100","11100100.0","Success","0.00041"
"2LGI","8","101110","101110.0","Success","0.00058"
"4X1W","8","1110111","1110111.0","Success","0.00037"
"1BG3","8","1100011","1100011.0","Success","0.00033"
"3L1S","8","11101001","11101001.0","Success","0.00053"
"2EDJ","8","1100100","1100100.0","Success","0.0003"
"3L70","8","1001100","1001100.0","Success","0.00022"
"4X0Y","8","1101011","1101011.0","Success","0.00038"
"5ZVV","8","11110000","11110000.0","Success","0.0005"
"2J1X","8","11001101","11001101.0","Success","0.0007"
"6RWI","8","11","11.0","Success","0.00085"
"4XIN","8","1010001","1010001.0","Success","0.0009"
"3V5T","8","1111110","1111110.0","Success","0.00066"
"8WZQ","8","10111010","10111010.0","Success","0.00054"
"5HGK","8","100101","100101.0","Success","0.0008"
"4CP0","8","11100000","11100000.0","Success","0.00093"
"7DNB","8","1100011","1100011.0","Success","0.00053"
"8WE3","8","11000","11000.0","Success","0.00118"
"3UY4","8","10111000","10111000.0","Success","0.0008"
"3TM6","8","11000100","11000100.0","Success","0.00049"
"4Y8C","8","1001010","1001010.0","Success","0.00054"
"4ZAO","8","10010010","10010010.0","Success","0.00084"
"2WWB","8","11100100","11100100.0","Success","0.00036"
"8CJC","8","10001","10001.0","Success","0.00037"
"4UA1","8","10000110","10000110.0","Success","0.00089"
"8H14","8","1000101","1000101.0","Success","0.00025"
"4RRO","8","11101111","11101111.0","Success","0.00068"
"3ED8","8","11000010","11000010.0","Success","0.00039"
"8T5E","8","11101001","11101001.0","Success","0.00114"
"8OIJ","8","10000111","10000111.0","Success","0.00075"
"3OB0","8","1100001","1100001.0","Success","0.00048"
"3FIT","8","1010101","1010101.0","Success","0.00121"
"5X2Y","8","10110011","10110011.0","Success","0.00036"
"1XGP","8","1010","1010.0","Success","0.00059"
"8KAI","8","11110","11110.0","Success","0.00028"
"4P4P","8","11110001","11110001.0","Success","0.00083"
"2LHE","8","11011110","11011110.0","Success","0.00041"
"6MH6","8","11001101","11001101.0","Success","0.00083"
"5A6W","8","1110111","1110111.0","Success","0.00089"
"5HVD","8","10110001","10110001.0","Success","0.00083"
"4K25","8","1100100","1100100.0","Success","0.00074"
"6BJ5","8","101100","101100.0","Success","0.00043"
"6B20","8","11010110","11010110.0","Success","0.00042"
"3BAF","8","10001000","10001000.0","Success","0.00107"
"4WV1","8","1111110","1111110.0","Success","0.00042"
"1BMK","8","1000000","1000000.0","Success","0.00074"
"8TKQ","8","11001011","11001011.0","Success","0.0003"
"6IOC","8","10011111","10011111.0","Success","0.00095"
"2N1G","8","1001101","1001101.0","Success","0.00029"
"5PDQ","8","1110001","1110001.0","Success","0.00127"
"3BFJ","8","1100000","1100000.0","Success","0.00015"
"7JQ7","8","11011101","11011101.0","Success","0.00032"
"2BFN","8","11110110","11110110.0","Success","0.00077"
"6IWF","8","1101000","1101000.0","Success","0.00056"
"1A2B","8","10110010","10110010.0","Success","0.00105"
"5DDQ","8","10000","10000.0","Success","0.00097"
"1LTV","8","10110100","10110100.0","Success","0.00084"
"2VEY","8","11010","11010.0","Success","0.00079"
"8T68","8","10110011","10110011.0","Success","0.00092"
"7A8C","8","10010010","10010010.0","Success","0.00093"
"6EVJ","8","10101000","10101000.0","Success","0.00021"
"3TEA","8","1111001","1111001.0","Success","0.00085"
"5E4Q","8","11101","11101.0","Success","0.00082"
"1YPE","8","110100","110100.0","Success","0.00082"
"5HKF","8","1000011","1000011.0","Success","0.00075"
"2M3D","8","10010010","10010010.0","Success","0.00031"
"1CA7","8","100110","100110.0","Success","0.00072"
"2B9D","8","11001110","11001110.0","Success","0.00136"
"6TVV","8","1111","1111.0","Success","0.00047"
"1JJ2","8","11001011","11001011.0","Success","0.00023"
"7YZ2","8","1010110","1010110.0","Success","0.00043"
"2P1B","8","10110110","10110110.0","Success","0.00043"
"6POI","8","1001011","1001011.0","Success","0.0007"
"7R9N","8","11110100","11110100.0","Success","0.00057"
"3O1Q","8","1101100","1101100.0","Success","0.00055"
"1G2E","8","10111011","10111011.0","Success","0.00107"
"8QG5","8","11000000","11000000.0","Success","0.00086"
"8AIM","8","11110100","11110100.0","Success","0.00055"
"3NMS","8","1010","1010.0","Success","0.00039"
"7VH9","8","10110000","10110000.0","Success","0.00029"
"4ZWL","8","11010000","11010000.0","Success","0.00021"
"8ZME","8","1110001","1110001.0","Success","0.00042"
"3QYX","8","11111000","11111000.0","Success","0.0006"
"8Q88","8","1111110","1111110.0","Success","0.00062"
"5S85","8","11111100","11111100.0","Success","0.00057"
"1EB9","8","100101","100101.0","Success","0.0006"
"8P3M","8","10001001","10001001.0","Success","0.00016"
"5WXG","8","10000110","10000110.0","Success","0.00172"
"2RGM","8","11000011","11000011.0","Success","0.00046"
"5I11","8","11111101","11111101.0","Success","0.00187"
"3G3T","8","10110001","10110001.0","Success","0.0008"
"2BXL","8","1000001","1000001.0","Success","0.00057"
"8P79","8","1110001","1110001.0","Success","0.00055"
"4RM3","8","11001001","11001001.0","Success","0.00042"
"4U95","8","1000011","1000011.0","Success","0.00024"
"8ZT2","8","110011","110011.0","Success","0.00043"
"6S3V","8","1011111","1011111.0","Success","0.00069"
"8YH0","8","11011011","11011011.0","Success","0.00041"
"3FTY","8","100001","100001.0","Success","0.00056"
"4TTQ","8","100","100.0","Success","0.00098"
"4BGZ","8","10110010","10110010.0","Success","0.00037"
"2CT2","8","1110111","1110111.0","Success","0.00032"
"6DRE","8","110","110.0","Success","0.00061"
"8RJF","8","10101011","10101011.0","Success","0.00028"
"7KSC","8","10101000","10101000.0","Success","0.00072"
"6MZO","8","10001101","10001101.0","Success","0.00075"
"5DAA","8","1100111","1100111.0","Success","0.00057"
"6CRV","8","11011110","11011110.0","Success","0.00028"
"6F3R","8","11111011","11111011.0","Success","0.0005"
"1UL1","8","1111000","1111000.0","Success","0.00033"
"6NHW","8","1010010","1010010.0","Success","0.00024"
"5WC9","8","10111100","10111100.0","Success","0.0006"
"4PZL","8","10111100","10111100.0","Success","0.00046"
"1VQB","8","10111","10111.0","Success","0.00152"
"6MV0","8","100001","100001.0","Success","0.00109"
"4BXF","8","11100001","11100001.0","Success","0.00047"
"4LZZ","8","1100010","1100010.0","Success","0.00018"
"6GEP","8","11011101","11011101.0","Success","0.00066"
"8JCH","8","100011","100011.0","Success","0.0002"
"1LRM","8","1110","1110.0","Success","0.00079"
"3ZKB","8","10001000","10001000.0","Success","0.00017"
"5Z00","8","1000111","1000111.0","Success","0.00066"
"1JNW","8","1001101","1001101.0","Success","0.00097"
"3T59","8","10011","10011.0","Success","0.00032"
"2CV2","8","111100","111100.0","Success","0.00046"
"2I37","8","1010101","1010101.0","Success","0.00045"
"1VFW","8","11001001","11001001.0","Success","0.00077"
"6DQQ","8","1011011","1011011.0","Success","0.00059"
"7XET","8","11000111","11000111.0","Success","0.00069"
"1IHP","8","10000011","10000011.0","Success","0.00066"
"9LJ2","8","101011","101011.0","Success","0.00032"
"6SPI","8","11100000","11100000.0","Success","0.00031"
"7YRB","8","10000010","10000010.0","Success","0.00154"
"7T5X","8","10010110","10010110.0","Success","0.00034"
"5LNG","8","1110110","1110110.0","Success","0.00056"
"7N7R","8","10101010","10101010.0","Success","0.00052"
"5I2D","8","1011001","1011001.0","Success","0.00016"
"1Q8F","8","10001001","10001001.0","Success","0.00038"
"6GGR","8","10100","10100.0","Success","0.00072"
"5GVJ","8","1000010","1000010.0","Success","0.00057"
"2LEO","8","11001001","11001001.0","Success","0.00039"
"3QAY","8","10011010","10011010.0","Success","0.00052"
"3AGY","8","1101001","1101001.0","Success","0.00072"
"9HZE","8","10000101","10000101.0","Success","0.00029"
"7NC6","8","10101100","10101100.0","Success","0.00038"
"5Q97","8","10110100","10110100.0","Success","0.00073"
"7ZRQ","8","10010110","10010110.0","Success","0.0011"
"5YDD","8","11001110","11001110.0","Success","0.00085"
"8VKO","8","10001","10001.0","Success","0.00019"
"6CNB","8","1010100","1010100.0","Success","0.00018"
"5AH3","8","10010011","10010011.0","Success","0.00063"
"8EAX","8","1001010","1001010.0","Success","0.00028"
"1P1T","8","1011100","1011100.0","Success","0.00031"
"8U7C","8","11100100","11100100.0","Success","0.00087"
"9D81","8","1100111","1100111.0","Success","0.00056"
"8AQA","8","10100000","10100000.0","Success","0.00089"
"5QPS","8","1111100","1111100.0","Success","0.0007"
"4RHH","8","11000111","11000111.0","Success","0.00026"
"3OIX","8","10010011","10010011.0","Success","0.0004"
"2BPR","8","11011010","11011010.0","Success","0.00021"
"6MX3","8","100010","100010.0","Success","0.00076"
"6GEJ","8","11010110","11010110.0","Success","0.0002"
"7UJN","8","1111011","1111011.0","Success","0.00031"
"8XMJ","8","10110011","10110011.0","Success","0.00054"
"2HQV","8","10000001","10000001.0","Success","0.00104"
"7RC9","8","10010110","10010110.0","Success","0.00036"
"5VMG","8","1100101","1100101.0","Success","0.00035"
"3JX1","8","1001","1001.0","Success","0.00048"
"3PQ5","8","1010010","1010010.0","Success","0.00026"
"8ARR","8","100101","100101.0","Success","0.00087"
"2EQS","8","1111010","1111010.0","Success","0.0003"
"2CFV","8","1101","1101.0","Success","0.00082"
"1XPU","8","10100100","10100100.0","Success","0.00028"
"3FXZ","8","1100100","1100100.0","Success","0.0008"
"7VL0","8","11110001","11110001.0","Success","0.00037"
"1F1C","8","10111110","10111110.0","Success","0.00083"
"6GIP","8","11000001","11000001.0","Success","0.00081"
"1K47","8","1000011","1000011.0","Success","0.00033"
"7L5S","8","1110110","1110110.0","Success","0.0005"
"4NFT","8","11000101","11000101.0","Success","0.00051"
"2GJP","8","1110001","1110001.0","Success","0.00062"
"1STS","8","11110000","11110000.0","Success","0.00087"
"6IF1","8","10100001","10100001.0","Success","0.00058"
"8K7O","8","11101001","11101001.0","Success","0.00093"
"8QDY","8","11101","11101.0","Success","0.0007"
"4LD3","8","1000111","1000111.0","Success","0.00102"
"5ZM0","8","1000110","1000110.0","Success","0.00063"
"7A4Y","8","10001110","10001110.0","Success","0.0007"
"6EED","8","111110","111110.0","Success","0.00046"
"3ZUF","8","11111001","11111001.0","Success","0.00039"
"5FQ0","8","1010101","1010101.0","Success","0.00063"
"1J22","8","11011101","11011101.0","Success","0.00121"
"4NY3","8","10001001","10001001.0","Success","0.00056"
"3B49","8","111001","111001.0","Success","0.00095"
"5J46","8","11010010","11010010.0","Success","0.00107"
"1L5V","8","11000110","11000110.0","Success","0.00035"
"1KSV","8","10010001","10010001.0","Success","0.00092"
"6SNI","8","110111","110111.0","Success","0.00045"
"7ZIC","8","10001000","10001000.0","Success","0.00038"
"6C8F","8","10001100","10001100.0","Success","0.00053"
"2C5B","8","10110110","10110110.0","Success","0.00047"
"5XKA","8","10101100","10101100.0","Success","0.00061"
"7C9I","8","11111110","11111110.0","Success","0.00038"
"1S98","8","1111000","1111000.0","Success","0.00103"
"7GSX","8","111000","111000.0","Success","0.00085"
"4TRR","8","11100","11100.0","Success","0.0003"
"8QNG","8","11011110","11011110.0","Success","0.00071"
"4JS8","8","11010011","11010011.0","Success","0.00082"
"4V2G","8","11101011","11101011.0","Success","0.0007"
"3K2X","8","10111101","10111101.0","Success","0.00066"
"1HKH","8","11011","11011.0","Success","0.00057"
"6QVF","8","10010010","10010010.0","Success","0.00053"
"8CLG","8","11110111","11110111.0","Success","0.00028"
"8ZTK","8","1001110","1001110.0","Success","0.00049"
"9DYN","8","11010111","11010111.0","Success","0.00034"
"3O0D","8","11010011","11010011.0","Success","0.00031"
"6D0S","8","10100001","10100001.0","Success","0.00081"
"6U39","8","10110001","10110001.0","Success","0.00035"
"6N2J","8","111110","111110.0","Success","0.00104"
"6HPR","8","11001011","11001011.0","Success","0.00073"
"8WYC","8","11110011","11110011.0","Success","0.00026"
"6LA5","8","110110","110110.0","Success","0.00045"
"3UD8","8","11000110","11000110.0","Success","0.00069"
"2YXL","8","11011011","11011011.0","Success","0.00065"
"1SS4","8","11001","11001.0","Success","0.00081"
"6NOS","8","1000101","1000101.0","Success","0.00086"
"1Y2K","8","1010011","1010011.0","Success","0.00055"
"7PBQ","8","10110000","10110000.0","Success","0.00032"
"8DX0","8","11010","11010.0","Success","0.00083"
"2Z9L","8","1010011","1010011.0","Success","0.00057"
"5PF0","8","11111001","11111001.0","Success","0.00128"
"5HWF","8","10011010","10011010.0","Success","0.00106"
"9F7X","8","10101101","10101101.0","Success","0.00086"
"7R7Y","8","10001001","10001001.0","Success","0.00069"
"8VH0","8","1011001","1011001.0","Success","0.00041"
"5AIS","8","110110","110110.0","Success","0.00047"
"3NLP","8","11011000","11011000.0","Success","0.00047"
"7V46","8","11101001","11101001.0","Success","0.00067"
"1B0O","8","10000011","10000011.0","Success","0.00108"
"4ZZU","8","100110","100110.0","Success","0.00065"
"6N12","8","10011110","10011110.0","Success","0.00061"
"2F2V","8","10101010","10101010.0","Success","0.00177"
"7WD9","8","11011011","11011011.0","Success","0.0002"
"4EJQ","8","110001","110001.0","Success","0.0004"
"7GEV","8","1011000","1011000.0","Success","0.0008"
"5Z79","8","11111001","11111001.0","Success","0.00023"
"7MIM","8","11001101","11001101.0","Success","0.00027"
"6R5C","8","1000010","1000010.0","Success","0.00069"
"6I41","8","10011111","10011111.0","Success","0.00115"
"5CDY","8","10111101","10111101.0","Success","0.00047"
"7WU1","8","1010111","1010111.0","Success","0.00024"
"3ZDZ","8","111001","111001.0","Success","0.00026"
"5MH0","8","10111","10111.0","Success","0.00112"
"6TM2","8","11101110","11101110.0","Success","0.00028"
"3KKB","8","10010101","10010101.0","Success","0.00089"
"8JYB","8","11001101","11001101.0","Success","0.00074"
"5XBN","8","1001001","1001001.0","Success","0.00129"
"9BGS","8","1110110","1110110.0","Success","0.00044"
"8OJS","8","11010011","11010011.0","Success","0.00046"
"1EXD","8","1","1.0","Success","0.0006"
"5FY0","8","1010111","1010111.0","Success","0.00046"
"5US1","8","1101001","1101001.0","Success","0.0003"
"5Y7Y","8","1","1.0","Success","0.00063"
"8OFJ","8","11000100","11000100.0","Success","0.0008"
"3R2T","8","10001010","10001010.0","Success","0.0007"
"5NCB","8","10000011","10000011.0","Success","0.00067"
"8Q9E","8","10110010","10110010.0","Success","0.00066"
"1L66","8","1001101","1001101.0","Success","0.00108"
"4MZA","8","10100100","10100100.0","Success","0.00048"
"6WE1","8","11100000","11100000.0","Success","0.00093"
"1Y1Z","8","110100","110100.0","Success","0.00082"
"3R89","8","10011110","10011110.0","Success","0.00058"
"1DHR","8","110110","110110.0","Success","0.00089"
"8VM8","8","1010","1010.0","Success","0.00065"
"1OPB","8","10010010","10010010.0","Success","0.00062"
"8ZJA","8","10010000","10010000.0","Success","0.00093"
"3LHP","8","1011101","1011101.0","Success","0.00051"
"8C0L","8","1110101","1110101.0","Success","0.00088"
"1RQ8","8","10000000","10000000.0","Success","0.00045"
"7JY7","8","11100011","11100011.0","Success","0.00025"
"7V6N","8","11011001","11011001.0","Success","0.0002"
"1TYS","8","10010101","10010101.0","Success","0.00087"
"6YN9","8","10000100","10000100.0","Success","0.00074"
"8YGN","8","10010011","10010011.0","Success","0.00026"
"1EGE","8","1000101","1000101.0","Success","0.00035"
"9ET1","8","11000100","11000100.0","Success","0.00042"
"4B8J","8","11100001","11100001.0","Success","0.00064"
"5P3X","8","1110001","1110001.0","Success","0.00076"
"6F35","8","11101011","11101011.0","Success","0.00048"
"3A3E","8","10100010","10100010.0","Success","0.00048"
"1WMU","8","1000","1000.0","Success","0.00082"
"5XHN","8","10011000","10011000.0","Success","0.00102"
"1RGQ","8","110001","110001.0","Success","0.00071"
"7E0D","8","1101100","1101100.0","Success","0.00057"
"4Q84","8","111101","111101.0","Success","0.0004"
"3I60","8","11010110","11010110.0","Success","0.00075"
"4MAL","8","1101101","1101101.0","Success","0.00124"
"2NTM","8","10010101","10010101.0","Success","0.00049"
"5HTL","8","11000010","11000010.0","Success","0.00083"
"5W31","8","1001000","1001000.0","Success","0.00107"
"7YQQ","8","11111111","11111111.0","Success","0.00047"
"5N4F","8","11100100","11100100.0","Success","0.00053"
"8JQP","8","110011","110011.0","Success","0.00051"
"3II5","8","1001111","1001111.0","Success","0.00062"
"1CIZ","8","1100","1100.0","Success","0.00106"
"7XGQ","8","10011","10011.0","Success","0.0005"
"7M0Q","8","11111000","11111000.0","Success","0.00099"
"3WI0","8","1000101","1000101.0","Success","0.00106"
"9B83","8","1010001","1010001.0","Success","0.0005"
"7D79","8","10000111","10000111.0","Success","0.0004"
"2O84","8","11110011","11110011.0","Success","0.00078"
"8H9D","8","1111000","1111000.0","Success","0.0003"
"7DCX","8","11100","11100.0","Success","0.00021"
"2YC2","8","1001110","1001110.0","Success","0.00056"
"5MRW","8","1010100","1010100.0","Success","0.00021"
"6Y92","8","11000100","11000100.0","Success","0.0004"
"5VMS","8","10111100","10111100.0","Success","0.00061"
"5L46","8","1","1.0","Success","0.00035"
"5HR3","8","1100101","1100101.0","Success","0.00095"
"3SSX","8","11010111","11010111.0","Success","0.00094"
"8K97","8","11100111","11100111.0","Success","0.00022"
"3DCY","8","11001110","11001110.0","Success","0.00087"
"4P45","8","1001111","1001111.0","Success","0.00051"
"8EHI","8","1001010","1001010.0","Success","0.00024"
"4QYX","8","1000011","1000011.0","Success","0.0009"
"3D31","8","1010100","1010100.0","Success","0.00041"
"2CJ3","8","1001100","1001100.0","Success","0.00097"
"5N67","8","10001001","10001001.0","Success","0.00078"
"5MDS","8","1100000","1100000.0","Success","0.00045"
"2RBU","8","11010011","11010011.0","Success","0.00081"
"5G4N","8","1110000","1110000.0","Success","0.00071"
"4QZ7","8","11111101","11111101.0","Success","0.00017"
"6ZQ8","8","1","1.0","Success","0.00043"
"2M6L","8","1010011","1010011.0","Success","0.00015"
"5XEU","8","1010100","1010100.0","Success","0.00048"
"7EHK","8","10000011","10000011.0","Success","0.00097"
"5Z2I","8","10100","10100.0","Success","0.00072"
"4UDI","8","1011000","1011000.0","Success","0.00033"
"7NOJ","8","11101011","11101011.0","Success","0.00039"
"7T4Z","8","1011","1011.0","Success","0.00065"
"4YCO","8","11011100","11011100.0","Success","0.00046"
"5MD3","8","10010101","10010101.0","Success","0.00036"
"2V07","8","100001","100001.0","Success","0.00137"
"1Y1P","8","11000001","11000001.0","Success","0.00054"
"4R6J","8","1111111","1111111.0","Success","0.00042"
"8Y94","8","11101100","11101100.0","Success","0.00041"
"8JSR","8","10101010","10101010.0","Success","0.00038"
"5A69","8","110111","110111.0","Success","0.00058"
"7YD6","8","10000","10000.0","Success","0.00047"
"3L25","8","1111","1111.0","Success","0.00061"
"4FCV","8","11010001","11010001.0","Success","0.00046"
"1MEU","8","10000010","10000010.0","Success","0.00098"
"1YNW","8","10111011","10111011.0","Success","0.00109"
"4GNQ","8","11110011","11110011.0","Success","0.00056"
"6Y8S","8","11110010","11110010.0","Success","0.00073"
"7DE5","8","1101100","1101100.0","Success","0.00055"
"2H8Q","8","10100010","10100010.0","Success","0.00047"
"1EM7","8","1101110","1101110.0","Success","0.00186"
"5TF0","8","10011101","10011101.0","Success","0.00036"
"3E41","8","11010111","11010111.0","Success","0.00062"
"7O73","8","1011100","1011100.0","Success","0.00015"
"4REC","8","111111","111111.0","Success","0.00055"
"8D0Y","8","100001","100001.0","Success","0.00039"
"6YTF","8","110110","110110.0","Success","0.00047"
"6NLZ","8","100110","100110.0","Success","0.00045"
"6GWC","8","11000101","11000101.0","Success","0.00042"
"7WDD","8","1011101","1011101.0","Success","0.00046"
"7GO2","8","1000111","1000111.0","Success","0.00071"
"9CEA","8","10110","10110.0","Success","0.00088"
"8R1D","8","1001001","1001001.0","Success","0.00023"
"3DQM","8","10000101","10000101.0","Success","0.00092"
"6AVV","8","11010001","11010001.0","Success","0.00098"
"6KHF","8","1","1.0","Success","0.00075"
"7QR6","8","1010100","1010100.0","Success","0.00036"
"4HA0","8","10101000","10101000.0","Success","0.00054"
"5W16","8","11000010","11000010.0","Success","0.00043"
"5W5O","8","10111111","10111111.0","Success","0.00021"
"8I2K","8","1000000","1000000.0","Success","0.00068"
"2XQW","8","1110111","1110111.0","Success","0.00053"
"8P2P","8","1010000","1010000.0","Success","0.00046"
"5LUZ","8","1000001","1000001.0","Success","0.00037"
"5WL5","8","1111010","1111010.0","Success","0.0009"
"8PE3","8","11110100","11110100.0","Success","0.00049"
"5LZ2","8","10011000","10011000.0","Success","0.00071"
"2JY6","8","10011111","10011111.0","Success","0.0004"
"8J2M","8","10000110","10000110.0","Success","0.00048"
"6WM8","8","1111000","1111000.0","Success","0.00043"
"8WZ2","8","1011010","1011010.0","Success","0.00039"
"2G1H","8","10001100","10001100.0","Success","0.00081"
"8XCZ","8","1011000","1011000.0","Success","0.00068"
"4APL","8","111000","111000.0","Success","0.00034"
"4RDI","8","1101101","1101101.0","Success","0.00044"
"5N8H","8","10110110","10110110.0","Success","0.00077"
"5CCF","8","11011","11011.0","Success","0.00065"
"4HTB","8","11011000","11011000.0","Success","0.0007"
"3R3C","8","100101","100101.0","Success","0.00085"
"1HTR","8","11100010","11100010.0","Success","0.00071"
"8HE7","8","11111010","11111010.0","Success","0.00052"
"3LYB","8","11111111","11111111.0","Success","0.0006"
"1BY5","8","10101011","10101011.0","Success","0.00054"
"7VO4","8","1110","1110.0","Success","0.00062"
"2R9G","8","100000","100000.0","Success","0.00026"
"4TSZ","8","101111","101111.0","Success","0.00018"
"9ETN","8","10000111","10000111.0","Success","0.00058"
"8IJR","8","1000101","1000101.0","Success","0.00036"
"7ZLH","8","10000011","10000011.0","Success","0.00039"
"3OSZ","8","11110101","11110101.0","Success","0.00078"
"6P6B","8","10101110","10101110.0","Success","0.00047"
"3RJO","8","1100100","1100100.0","Success","0.00069"
"3CCF","8","110111","110111.0","Success","0.00064"
"1NBC","8","1001001","1001001.0","Success","0.00076"
"4RXH","8","1010100","1010100.0","Success","0.00067"
"4DDO","8","11000000","11000000.0","Success","0.00068"
"1JKS","8","1011","1011.0","Success","0.00082"
"1GS3","8","10","10.0","Success","0.00128"
"1UFI","8","1100","1100.0","Success","0.00103"
"8DEA","8","11011000","11011000.0","Success","0.00046"
"7C3Q","8","100111","100111.0","Success","0.00138"
"2NOA","8","11000000","11000000.0","Success","0.00065"
"9BXI","8","10011001","10011001.0","Success","0.00065"
"1AS4","8","101110","101110.0","Success","0.00072"
"7AUP","8","10100111","10100111.0","Success","0.00111"
"7BCK","8","11001000","11001000.0","Success","0.00074"
"4DQZ","8","101010","101010.0","Success","0.00075"
"6KOR","8","11011010","11011010.0","Success","0.00105"
"8XBH","8","101010","101010.0","Success","0.0004"
"8XLR","8","1111100","1111100.0","Success","0.00036"
"4ES5","8","10011000","10011000.0","Success","0.00052"
"3U2J","8","11011010","11011010.0","Success","0.00092"
"4HV5","8","1110000","1110000.0","Success","0.00084"
"8GD0","8","110011","110011.0","Success","0.00076"
"4EB8","8","11001001","11001001.0","Success","0.00046"
"4IOJ","8","10000101","10000101.0","Success","0.00041"
"3GMN","8","11110100","11110100.0","Success","0.00071"
"6UGW","8","10111100","10111100.0","Success","0.00093"
"3TLT","8","11000111","11000111.0","Success","0.00035"
"4GVY","8","10000010","10000010.0","Success","0.00073"
"8ECK","8","10000010","10000010.0","Success","0.0003"
"1X0O","8","1110101","1110101.0","Success","0.00028"
"1H3G","8","111010","111010.0","Success","0.00041"
"3KL5","8","110110","110110.0","Success","0.00035"
"4N8V","8","10100111","10100111.0","Success","0.0004"
"2VA2","8","1110","1110.0","Success","0.00052"
"6CXA","8","1100","1100.0","Success","0.00049"
"6WBE","8","10","10.0","Success","0.00129"
"3N33","8","1110100","1110100.0","Success","0.00036"
"2XBG","8","10100001","10100001.0","Success","0.00079"
"1GD1","8","11101010","11101010.0","Success","0.00038"
"2FXO","8","10100100","10100100.0","Success","0.00062"
"7NJL","8","11110100","11110100.0","Success","0.00019"
"6WUU","8","10001100","10001100.0","Success","0.00039"
"7BKC","8","1101000","1101000.0","Success","0.00016"
"8VE4","8","11110001","11110001.0","Success","0.00063"
"1PB3","8","11110100","11110100.0","Success","0.00067"
"8HV4","8","10000101","10000101.0","Success","0.00081"
"3U2F","8","10010010","10010010.0","Success","0.00069"
"2EUR","8","10010","10010.0","Success","0.0008"
"6U3V","8","10101101","10101101.0","Success","0.00039"
"4GG4","8","1111111","1111111.0","Success","0.00063"
"7P72","8","11000100","11000100.0","Success","0.00066"
"6JXG","8","1101010","1101010.0","Success","0.0005"
"4D2W","8","10000010","10000010.0","Success","0.00039"
"8FI5","8","1100001","1100001.0","Success","0.00067"
"5I2Q","8","11111000","11111000.0","Success","0.00131"
"2IW0","8","10100110","10100110.0","Success","0.00092"
"2D8C","8","1111110","1111110.0","Success","0.00031"
"6ZY9","8","10000","10000.0","Success","0.00031"
"1EBD","8","1111010","1111010.0","Success","0.00046"
"6S1N","8","11011001","11011001.0","Success","0.00029"
"1H2W","8","1001001","1001001.0","Success","0.00051"
"2L34","8","11010101","11010101.0","Success","0.00043"
"3GEU","8","11110011","11110011.0","Success","0.0005"
"1XJM","8","10100101","10100101.0","Success","0.00042"
"1JFQ","8","11111011","11111011.0","Success","0.00067"
"2REM","8","10011110","10011110.0","Success","0.00059"
"5QJG","8","1111010","1111010.0","Success","0.0005"
"7S9D","8","110101","110101.0","Success","0.00039"
"1LME","8","10111110","10111110.0","Success","0.00081"
"9BWJ","8","1011000","1011000.0","Success","0.00033"
"3H1Q","8","1110001","1110001.0","Success","0.0006"
"1WJ5","8","11011101","11011101.0","Success","0.00028"
"2WEQ","8","10010011","10010011.0","Success","0.00097"
"4UXJ","8","11010001","11010001.0","Success","0.00038"
"6F2I","8","10111100","10111100.0","Success","0.00122"
"5M5U","8","10001001","10001001.0","Success","0.00051"
"1GMB","8","1101101","1101101.0","Success","0.00127"
"6TAQ","8","11101010","11101010.0","Success","0.00055"
"8AU3","8","11000100","11000100.0","Success","0.00059"
"9KQF","8","1101110","1101110.0","Success","0.00052"
"8XK3","8","1100110","1100110.0","Success","0.00054"
"8CCZ","8","10101100","10101100.0","Success","0.00058"
"6GWD","8","10001101","10001101.0","Success","0.00025"
"5O2W","8","1111100","1111100.0","Success","0.00083"
"3EPA","8","10011110","10011110.0","Success","0.00078"
"7DEY","8","10001111","10001111.0","Success","0.00048"
"7TBV","8","11110101","11110101.0","Success","0.00027"
"6S5I","8","10110010","10110010.0","Success","0.00111"
"1GVS","8","1110100","1110100.0","Success","0.00075"
"2C4R","8","10101001","10101001.0","Success","0.00062"
"6AWF","8","11000001","11000001.0","Success","0.00031"
"8JI7","8","11100110","11100110.0","Success","0.00064"
"6J19","8","11101001","11101001.0","Success","0.00082"
"4GF2","8","11000","11000.0","Success","0.00054"
"3LTO","8","10100","10100.0","Success","0.00055"
"5UEX","8","100101","100101.0","Success","0.00138"
"4PAV","8","11010111","11010111.0","Success","0.00053"
"6CZ9","8","10001101","10001101.0","Success","0.0003"
"8ZYW","8","1010011","1010011.0","Success","0.0004"
"8ATC","8","101011","101011.0","Success","0.00047"
"2CV5","8","10011001","10011001.0","Success","0.00051"
"1REZ","8","1110110","1110110.0","Success","0.00121"
"4O2Z","8","10000","10000.0","Success","0.00072"
"8Q4A","8","11101011","11101011.0","Success","0.00015"
"3LKW","8","10011111","10011111.0","Success","0.00099"
"2QF6","8","1100000","1100000.0","Success","0.0005"
"2DGV","8","11101001","11101001.0","Success","0.00033"
"7AJQ","8","1100101","1100101.0","Success","0.00039"
"6W3H","8","10111000","10111000.0","Success","0.00051"
"5WY5","8","11010101","11010101.0","Success","0.00068"
"4L8H","8","111001","111001.0","Success","0.00086"
"4Z1L","8","1010101","1010101.0","Success","0.00017"
"8HNL","8","1101","1101.0","Success","0.00041"
"8P3N","8","101101","101101.0","Success","0.00074"
"3KP5","8","1011010","1011010.0","Success","0.00084"
"1MEY","8","101001","101001.0","Success","0.00099"
"6ZR2","8","10001","10001.0","Success","0.00015"
"3BD8","8","1000011","1000011.0","Success","0.00049"
"4WKZ","8","11001110","11001110.0","Success","0.00068"
"3QEC","8","11100001","11100001.0","Success","0.00117"
"6CQ9","8","11101110","11101110.0","Success","0.00059"
"1RW0","8","10110111","10110111.0","Success","0.00062"
"6KP2","8","1001011","1001011.0","Success","0.00043"
"6VJX","8","10000110","10000110.0","Success","0.00071"
"2GSH","8","110001","110001.0","Success","0.00047"
"7AOP","8","11010","11010.0","Success","0.00111"
"7NXD","8","1001110","1001110.0","Success","0.00034"
"2F7S","8","1001","1001.0","Success","0.00074"
"7UAV","8","1001110","1001110.0","Success","0.00057"
"6ACH","8","111110","111110.0","Success","0.00025"
"4JOC","8","1101111","1101111.0","Success","0.00072"
"3GW4","8","10101000","10101000.0","Success","0.00069"
"9F2D","8","1011011","1011011.0","Success","0.00028"
"6TFW","8","11100111","11100111.0","Success","0.00061"
"4ZQC","8","1001010","1001010.0","Success","0.00051"
"6X99","8","0","0.0","Success","0.00027"
"6XTR","8","1010001","1010001.0","Success","0.00077"
"3KTG","8","10111000","10111000.0","Success","0.00038"
"5BSM","8","101000","101000.0","Success","0.00041"
"6MS7","8","11100000","11100000.0","Success","0.00084"
"8DCX","8","10101111","10101111.0","Success","0.0004"
"4UNZ","8","1010110","1010110.0","Success","0.00036"
"6WVV","8","10010","10010.0","Success","0.00018"
"2LR1","8","110","110.0","Success","0.00021"
"1K8K","8","1010000","1010000.0","Success","0.00033"
"1H5R","8","10011101","10011101.0","Success","0.00041"
"9G8U","8","10100011","10100011.0","Success","0.00056"
"8EKP","8","10110111","10110111.0","Success","0.00028"
"8HNC","8","1010101","1010101.0","Success","0.00056"
"6YUD","8","1010001","1010001.0","Success","0.00042"
"4N3B","8","1111000","1111000.0","Success","0.0005"
"7P23","8","10110111","10110111.0","Success","0.00063"
"6UIA","8","11001000","11001000.0","Success","0.00022"
"3D03","8","111000","111000.0","Success","0.00033"
"4FQN","8","11000101","11000101.0","Success","0.00071"
"6U85","8","10111101","10111101.0","Success","0.00066"
"7YNQ","8","1100001","1100001.0","Success","0.00072"
"7AKD","8","1100000","1100000.0","Success","0.00024"
"1GQS","8","110010","110010.0","Success","0.0006"
"4RI2","8","11110100","11110100.0","Success","0.00074"
"8RD0","8","101100","101100.0","Success","0.00078"
"2EBN","8","110111","110111.0","Success","0.0008"
"6LHZ","8","10110101","10110101.0","Success","0.00107"
"8GCY","8","10","10.0","Success","0.00072"
"5IN5","8","1100010","1100010.0","Success","0.00037"
"3GKE","8","100001","100001.0","Success","0.00043"
"7PPT","8","1001101","1001101.0","Success","0.00078"
"3VY9","8","10101111","10101111.0","Success","0.00074"
"5NAM","8","11111110","11111110.0","Success","0.0006"
"7P4U","8","100101","100101.0","Success","0.00097"
"1NPC","8","10011011","10011011.0","Success","0.00078"
"6O72","8","110010","110010.0","Success","0.00023"
"5V8G","8","11010011","11010011.0","Success","0.0012"
"1TTW","8","1111","1111.0","Success","0.00113"
"3CS3","8","11001010","11001010.0","Success","0.00085"
"7EO3","8","11110100","11110100.0","Success","0.00083"
"7CDM","8","1101","1101.0","Success","0.00121"
"4REJ","8","1111011","1111011.0","Success","0.00115"
"5X4X","8","11000100","11000100.0","Success","0.00081"
"4WE4","8","11110010","11110010.0","Success","0.00061"
"8C0C","8","110111","110111.0","Success","0.00064"
"7TKA","8","1111010","1111010.0","Success","0.0002"
"8Y2Z","8","11","11.0","Success","0.00056"
"5IVY","8","1000110","1000110.0","Success","0.00077"
"7LC5","8","1010011","1010011.0","Success","0.00103"
"1UZB","8","100110","100110.0","Success","0.00041"
"7DBP","8","11110010","11110010.0","Success","0.00046"
"4GX5","8","101100","101100.0","Success","0.00032"
"4B4S","8","1001001","1001001.0","Success","0.00104"
"7ZOG","8","1010001","1010001.0","Success","0.00031"
"8BJE","8","10110000","10110000.0","Success","0.00114"
"5V8W","8","1100111","1100111.0","Success","0.00051"
"4YZF","8","10001","10001.0","Success","0.00022"
"4H0E","8","11011","11011.0","Success","0.00116"
"6FML","8","11000011","11000011.0","Success","0.0002"
"5FN4","8","10001001","10001001.0","Success","0.00039"
"3KIP","8","11010010","11010010.0","Success","0.00024"
"2RDY","8","1100001","1100001.0","Success","0.00035"
"4YMT","8","111","111.0","Success","0.00046"
"4FWD","8","110001","110001.0","Success","0.00057"
"4W5S","8","11101100","11101100.0","Success","0.00094"
"1CKJ","8","11010100","11010100.0","Success","0.00057"
"7ZK9","8","101011","101011.0","Success","0.0004"
"3POS","8","11101111","11101111.0","Success","0.00049"
"2O0P","8","10100000","10100000.0","Success","0.0013"
"1UX8","8","11010111","11010111.0","Success","0.00124"
"2N9W","8","1011010","1011010.0","Success","0.00033"
"8EBK","8","11101111","11101111.0","Success","0.00136"
"6H6G","8","1001100","1001100.0","Success","0.00029"
"9BI4","8","11010001","11010001.0","Success","0.00033"
"1QAJ","8","100100","100100.0","Success","0.00061"
"5O4M","8","11010010","11010010.0","Success","0.00044"
"5LRF","8","1100111","1100111.0","Success","0.00048"
"5H6R","8","11111101","11111101.0","Success","0.00049"
"4NGV","8","11111101","11111101.0","Success","0.0012"
"7B7I","8","1000000","1000000.0","Success","0.0013"
"6MX5","8","11101000","11101000.0","Success","0.00102"
"8QEM","8","11101010","11101010.0","Success","0.00015"
"4RLU","8","11100111","11100111.0","Success","0.0008"
"3LY3","8","10100111","10100111.0","Success","0.00087"
"7S6B","8","11101111","11101111.0","Success","0.00025"
"8ENM","8","11110100","11110100.0","Success","0.00031"
"9JUJ","8","10010000","10010000.0","Success","0.0004"
"3HLF","8","1101101","1101101.0","Success","0.00067"
"2OI5","8","10101110","10101110.0","Success","0.00047"
"4E3G","8","10110111","10110111.0","Success","0.00087"
"8XCM","8","10110011","10110011.0","Success","0.00042"
"1S53","8","11010011","11010011.0","Success","0.00065"
"7S0Z","8","10011001","10011001.0","Success","0.00037"
"7RC6","8","10100011","10100011.0","Success","0.00071"
"4DZO","8","10110010","10110010.0","Success","0.00091"
"7O9F","8","10000101","10000101.0","Success","0.00046"
"7F8B","8","1100111","1100111.0","Success","0.00089"
"3AR4","8","11111000","11111000.0","Success","0.00045"
"4ADI","8","1111000","1111000.0","Success","0.00038"
"2RJF","8","10100101","10100101.0","Success","0.00045"
"2CVO","8","11111001","11111001.0","Success","0.00037"
"8BQL","8","1011001","1011001.0","Success","0.00041"
"3LFJ","8","11101110","11101110.0","Success","0.00073"
"9MNX","8","1100010","1100010.0","Success","0.00053"
"3U7U","8","10110000","10110000.0","Success","0.00022"
"2YH3","8","1111000","1111000.0","Success","0.00073"
"3AB7","8","1001","1001.0","Success","0.00063"
"2OC7","8","11111111","11111111.0","Success","0.00072"
"5LLH","8","10111010","10111010.0","Success","0.00084"
"5RT3","8","1001011","1001011.0","Success","0.00076"
"5Q3V","8","10010001","10010001.0","Success","0.00076"
"3OUI","8","1011101","1011101.0","Success","0.00099"
"5V6A","8","10110011","10110011.0","Success","0.00067"
"9CYT","8","0","0.0","Success","0.00021"
"7I2A","8","1001001","1001001.0","Success","0.00056"
"1ZVJ","8","1001011","1001011.0","Success","0.00071"
"1FF5","8","1111101","1111101.0","Success","0.00066"
"8XSO","8","11000001","11000001.0","Success","0.00023"
"8ZFV","8","10000001","10000001.0","Success","0.00064"
"3BO8","8","1010011","1010011.0","Success","0.00068"
"4FP9","8","10100000","10100000.0","Success","0.00029"
"7RO0","8","11111001","11111001.0","Success","0.00046"
"3QBL","8","10110011","10110011.0","Success","0.00049"
"2J6G","8","11100000","11100000.0","Success","0.00085"
"2NWW","8","1010100","1010100.0","Success","0.00038"
"6MJJ","8","10001100","10001100.0","Success","0.00048"
"8TA4","8","1101110","1101110.0","Success","0.00039"
"5E51","8","11111111","11111111.0","Success","0.00049"
"3RU0","8","1111000","1111000.0","Success","0.00046"
"5NCJ","8","10101100","10101100.0","Success","0.0006"
"1NMT","8","110001","110001.0","Success","0.0004"
"6TT3","8","11111110","11111110.0","Success","0.00039"
"8C60","8","11110100","11110100.0","Success","0.0004"
"3Q94","8","10111101","10111101.0","Success","0.0006"
"7XY7","8","11000000","11000000.0","Success","0.00046"
"6Y3U","8","10000110","10000110.0","Success","0.00084"
"1A3K","8","1011000","1011000.0","Success","0.00116"
"4XM8","8","1000011","1000011.0","Success","0.00062"
"1GE4","8","11010100","11010100.0","Success","0.00124"
"7S0N","8","111001","111001.0","Success","0.00041"
"1BG6","8","11011101","11011101.0","Success","0.00073"
"4BBN","8","10110011","10110011.0","Success","0.00061"
"8KCL","8","10110110","10110110.0","Success","0.00085"
"4KQ0","8","111101","111101.0","Success","0.00087"
"5BXQ","8","10000111","10000111.0","Success","0.00047"
"1VLQ","8","111000","111000.0","Success","0.00023"
"2SQC","8","111001","111001.0","Success","0.0004"
"9ENV","8","10011110","10011110.0","Success","0.00062"
"2BAS","8","100000","100000.0","Success","0.00048"
"1EYE","8","10001101","10001101.0","Success","0.00084"
"1SWG","8","10001100","10001100.0","Success","0.00064"
"1SCE","8","110010","110010.0","Success","0.0007"
"2BUV","8","110110","110110.0","Success","0.00067"
"6N2U","8","1011110","1011110.0","Success","0.00163"
"6GES","8","10100110","10100110.0","Success","0.00054"
"8QAF","8","11110011","11110011.0","Success","0.00183"
"8UAC","8","11100110","11100110.0","Success","0.00068"
"5N5A","8","1010001","1010001.0","Success","0.00052"
"1VDN","8","10111111","10111111.0","Success","0.00106"
"2AOX","8","1110000","1110000.0","Success","0.00056"
"6TXJ","8","110001","110001.0","Success","0.00037"
"8AWY","8","10101111","10101111.0","Success","0.00071"
"3S0Z","8","11011100","11011100.0","Success","0.00065"
"5FSU","8","1010111","1010111.0","Success","0.00062"
"5VNE","8","10101010","10101010.0","Success","0.00033"
"4DFR","8","10001001","10001001.0","Success","0.00077"
"5G6I","8","1101010","1101010.0","Success","0.0007"
"3DWP","8","1011110","1011110.0","Success","0.00057"
"6KIX","8","1011010","1011010.0","Success","0.00034"
"2NVV","8","1000000","1000000.0","Success","0.00025"
"1G7S","8","11101010","11101010.0","Success","0.00057"
"3TZ0","8","10100010","10100010.0","Success","0.00081"
"2Q1M","8","110111","110111.0","Success","0.00123"
"2XTM","8","10001111","10001111.0","Success","0.00067"
"6YFI","8","1101111","1101111.0","Success","0.00056"
"8IRD","8","1111110","1111110.0","Success","0.00018"
"1C92","8","11101011","11101011.0","Success","0.00085"
"4WRS","8","111101","111101.0","Success","0.00083"
"4B7U","8","11101001","11101001.0","Success","0.00039"
"5XPL","8","11110011","11110011.0","Success","0.00086"
"6KWC","8","10000011","10000011.0","Success","0.00095"
"4C5J","8","1111","1111.0","Success","0.00041"
"1MC3","8","10000100","10000100.0","Success","0.00058"
"6QES","8","101101","101101.0","Success","0.00067"
"7XK2","8","11010011","11010011.0","Success","0.0004"
"2MY3","8","10010111","10010111.0","Success","0.00025"
"7X4A","8","1110100","1110100.0","Success","0.0008"
"4KAJ","8","100001","100001.0","Success","0.00078"
"8JP2","8","11111010","11111010.0","Success","0.00077"
"5CNB","8","101001","101001.0","Success","0.00114"
"1ZNZ","8","11100010","11100010.0","Success","0.00101"
"9KHZ","8","10110010","10110010.0","Success","0.00029"
"2AGL","8","11001111","11001111.0","Success","0.00046"
"1YFB","8","10100","10100.0","Success","0.00137"
"4MI2","8","10110010","10110010.0","Success","0.00048"
"1EXJ","8","1010101","1010101.0","Success","0.00083"
"2PN1","8","11001111","11001111.0","Success","0.00077"
"1YA8","8","10101010","10101010.0","Success","0.00035"
"9JO2","8","1101101","1101101.0","Success","0.00037"
"5OIX","8","110011","110011.0","Success","0.00095"
"5C0R","8","11010011","11010011.0","Success","0.00052"
"6KE0","8","100111","100111.0","Success","0.00056"
"5BQZ","8","1000000","1000000.0","Success","0.00036"
"1MEC","8","110001","110001.0","Success","0.00049"
"4JIM","8","10001100","10001100.0","Success","0.00042"
"7UFX","8","1110111","1110111.0","Success","0.00093"
"6D3F","8","10110110","10110110.0","Success","0.0006"
"2KKU","8","10111011","10111011.0","Success","0.00026"
"5AP8","8","100100","100100.0","Success","0.00066"
"8GXR","8","11101001","11101001.0","Success","0.00042"
"2V3Y","8","111000","111000.0","Success","0.00064"
"3E6D","8","10101","10101.0","Success","0.0007"
"2A59","8","1111001","1111001.0","Success","0.00051"
"1FND","8","1010010","1010010.0","Success","0.00079"
"4AH9","8","1110","1110.0","Success","0.00075"
"5SVW","8","1100011","1100011.0","Success","0.00062"
"6FIV","8","10011001","10011001.0","Success","0.0013"
"9AZP","8","10100000","10100000.0","Success","0.00024"
"3SCX","8","10111110","10111110.0","Success","0.00045"
"1W7U","8","1010100","1010100.0","Success","0.00045"
"3PGD","8","10010101","10010101.0","Success","0.00049"
"8CA1","8","10011000","10011000.0","Success","0.00042"
"5IJJ","8","10011101","10011101.0","Success","0.00075"
"1ANE","8","11010011","11010011.0","Success","0.00092"
"4Y0R","8","11110011","11110011.0","Success","0.0011"
"6XKL","8","1001101","1001101.0","Success","0.00025"
"2Z3Y","8","1111010","1111010.0","Success","0.00055"
"1STF","8","1010000","1010000.0","Success","0.0008"
"9FSM","8","101110","101110.0","Success","0.0003"
"1NW6","8","100001","100001.0","Success","0.00085"
"3C8V","8","101110","101110.0","Success","0.00033"
"3CRP","8","0","0.0","Success","0.00112"
"3MB3","8","11000110","11000110.0","Success","0.00129"
"7TPE","8","10110000","10110000.0","Success","0.00026"
"1N1G","8","10101100","10101100.0","Success","0.00073"
"1EH4","8","1110110","1110110.0","Success","0.00057"
"2EFC","8","1010100","1010100.0","Success","0.00048"
"9EMM","8","10010","10010.0","Success","0.00028"
"6IJU","8","11","11.0","Success","0.0014"
"8QNN","8","1001011","1001011.0","Success","0.00085"
"4DPO","8","10001","10001.0","Success","0.00097"
"4FH5","8","1000100","1000100.0","Success","0.0008"
"8POC","8","10001100","10001100.0","Success","0.00057"
"5N9E","8","11110010","11110010.0","Success","0.00034"
"2Y3X","8","10100100","10100100.0","Success","0.00054"
"7YII","8","10001","10001.0","Success","0.0006"
"5QUR","8","1110010","1110010.0","Success","0.00092"
"7L6R","8","11100001","11100001.0","Success","0.00067"
"4JAL","8","10011111","10011111.0","Success","0.00079"
"5VAG","8","1101010","1101010.0","Success","0.00051"
"5M69","8","1110011","1110011.0","Success","0.00075"
"8PBI","8","1111000","1111000.0","Success","0.00073"
"2BZD","8","1010101","1010101.0","Success","0.00033"
"8A2N","8","11111001","11111001.0","Success","0.00057"
"3V5E","8","111000","111000.0","Success","0.00027"
"6LEU","8","10101010","10101010.0","Success","0.00041"
"6RVF","8","11101110","11101110.0","Success","0.00085"
"2VU2","8","11100010","11100010.0","Success","0.00035"
"5K41","8","10000","10000.0","Success","0.00062"
"1XK7","8","1010110","1010110.0","Success","0.00038"
"7ZYT","8","1000111","1000111.0","Success","0.00044"
"7DLU","8","1100110","1100110.0","Success","0.00032"
"1QX3","8","10010011","10010011.0","Success","0.00092"
"3VCL","8","10111000","10111000.0","Success","0.0007"
"8FYY","8","11101010","11101010.0","Success","0.00089"
"2B91","8","10111","10111.0","Success","0.00122"
"3SP1","8","11001101","11001101.0","Success","0.00049"
"1VJD","8","1111101","1111101.0","Success","0.00068"
"4F0J","8","111110","111110.0","Success","0.00077"
"8BUZ","8","1010111","1010111.0","Success","0.00039"
"1RZQ","8","100011","100011.0","Success","0.00043"
"4N2E","8","110010","110010.0","Success","0.00052"
"4NG2","8","11001000","11001000.0","Success","0.00037"
"2YRX","8","10100000","10100000.0","Success","0.00066"
"5ZL5","8","10101011","10101011.0","Success","0.00027"
"1RCB","8","10110001","10110001.0","Success","0.00122"
"2KSU","8","10001000","10001000.0","Success","0.0003"
"2UW0","8","11010001","11010001.0","Success","0.00072"
"7R19","8","1000001","1000001.0","Success","0.00024"
"7DGJ","8","10010011","10010011.0","Success","0.00078"
"2WW0","8","11001011","11001011.0","Success","0.00018"
"1T70","8","110011","110011.0","Success","0.00031"
"4KIQ","8","1011111","1011111.0","Success","0.00039"
"7DXE","8","11010010","11010010.0","Success","0.00026"
"1IB5","8","10000101","10000101.0","Success","0.00108"
"2J62","8","111000","111000.0","Success","0.00041"
"2YB6","8","1101100","1101100.0","Success","0.00112"
"1RH0","8","111111","111111.0","Success","0.00046"
"4ECX","8","11101000","11101000.0","Success","0.00065"
"5ZY9","8","11111100","11111100.0","Success","0.0004"
"3U9U","8","11010010","11010010.0","Success","0.00031"
"7TY2","8","11001001","11001001.0","Success","0.00092"
"2KMG","8","10101","10101.0","Success","0.00026"
"6YCD","8","1010101","1010101.0","Success","0.00065"
"5MIO","8","10001000","10001000.0","Success","0.00037"
"1K3M","8","10111001","10111001.0","Success","0.00052"
"2EEB","8","10000111","10000111.0","Success","0.0003"
"3THC","8","100011","100011.0","Success","0.00029"
"4D3K","8","11011","11011.0","Success","0.00052"
"1KS9","8","10011","10011.0","Success","0.00079"
"6HVH","8","10101101","10101101.0","Success","0.00064"
"7XOO","8","11100100","11100100.0","Success","0.00062"
"2R3K","8","11010111","11010111.0","Success","0.00083"
"4Y06","8","11111110","11111110.0","Success","0.00037"
"9CW2","8","1010001","1010001.0","Success","0.00035"
"7X5S","8","1111111","1111111.0","Success","0.00066"
"5Q1N","8","11001111","11001111.0","Success","0.00076"
"3CQK","8","10011111","10011111.0","Success","0.00059"
"6QU7","8","11000101","11000101.0","Success","0.0007"
"3NZU","8","11000010","11000010.0","Success","0.00048"
"6KB4","8","10000011","10000011.0","Success","0.00082"
"8URB","8","10010011","10010011.0","Success","0.00037"
"1LIB","8","11011000","11011000.0","Success","0.00123"
"7U19","8","10000111","10000111.0","Success","0.00027"
"1MP3","8","110","110.0","Success","0.00058"
"4QJL","8","11001000","11001000.0","Success","0.00093"
"2ZLY","8","11101010","11101010.0","Success","0.00073"
"5GAQ","8","10010001","10010001.0","Success","0.00027"
"1MV3","8","10001011","10001011.0","Success","0.00021"
"8HYL","8","1111001","1111001.0","Success","0.00052"
"8YJZ","8","111000","111000.0","Success","0.00032"
"3Q6N","8","1111110","1111110.0","Success","0.0003"
"7DTU","8","10100101","10100101.0","Success","0.00035"
"4ZXW","8","100100","100100.0","Success","0.00046"
"1USL","8","101111","101111.0","Success","0.00049"
"1AR1","8","10111010","10111010.0","Success","0.00041"
"5MIU","8","110110","110110.0","Success","0.00045"
"3A12","8","10010","10010.0","Success","0.00021"
"1BWD","8","1001001","1001001.0","Success","0.00053"
"6RMB","8","10001111","10001111.0","Success","0.00055"
"2HRW","8","1000111","1000111.0","Success","0.00082"
"2Y82","8","11100110","11100110.0","Success","0.00082"
"3ZN0","8","11","11.0","Success","0.00049"
"8F3A","8","11010","11010.0","Success","0.00113"
"7SOR","8","10111101","10111101.0","Success","0.00105"
"4I5J","8","10110101","10110101.0","Success","0.00083"
"6F06","8","10110011","10110011.0","Success","0.00067"
"4A5N","8","10000010","10000010.0","Success","0.00068"
"7BYF","8","11001101","11001101.0","Success","0.00034"
"9AVH","8","10010111","10010111.0","Success","0.00058"
"1G79","8","1111110","1111110.0","Success","0.00099"
"6FV9","8","1001111","1001111.0","Success","0.00056"
"6HLA","8","11000","11000.0","Success","0.0004"
"8TZO","8","10001011","10001011.0","Success","0.00042"
"6BJU","8","10","10.0","Success","0.00062"
"3ZDT","8","10000","10000.0","Success","0.00055"
"6XRK","8","1101110","1101110.0","Success","0.00051"
"4QCF","8","1100111","1100111.0","Success","0.00071"
"8CFJ","8","11110","11110.0","Success","0.00032"
"1XDW","8","10101010","10101010.0","Success","0.00075"
"8Y9B","8","11010100","11010100.0","Success","0.00034"
"1IFW","8","1100000","1100000.0","Success","0.00026"
"4R4J","8","10100110","10100110.0","Success","0.00053"
"1B0L","8","11111000","11111000.0","Success","0.00054"
"5IER","8","111110","111110.0","Success","0.00061"
"1ERN","8","101010","101010.0","Success","0.00066"
"7EHL","8","10000001","10000001.0","Success","0.00041"
"5KYM","8","1001110","1001110.0","Success","0.00062"
"4G70","8","11010111","11010111.0","Success","0.0005"
"1E2B","8","1011011","1011011.0","Success","0.00033"
"6J6X","8","1011001","1011001.0","Success","0.00058"
"4DVD","8","1101000","1101000.0","Success","0.00101"
"1ZHZ","8","11010110","11010110.0","Success","0.00067"
"5ZK5","8","10110100","10110100.0","Success","0.00097"
"1SD4","8","1110011","1110011.0","Success","0.0009"
"4YP6","8","1101111","1101111.0","Success","0.00059"
"2E2G","8","1101010","1101010.0","Success","0.00029"
"1R10","8","11100100","11100100.0","Success","0.0006"
"2P39","8","11010101","11010101.0","Success","0.00116"
"4AQ2","8","1101011","1101011.0","Success","0.00019"
"6DJK","8","10000000","10000000.0","Success","0.0007"
"1EPQ","8","1001101","1001101.0","Success","0.00074"
"6H99","8","10110011","10110011.0","Success","0.00068"
"2CYZ","8","10010111","10010111.0","Success","0.00068"
"4QCK","8","10011110","10011110.0","Success","0.00074"
"9FJL","8","1100011","1100011.0","Success","0.00106"
"1J2Y","8","11010010","11010010.0","Success","0.00109"
"7M4K","8","1011101","1011101.0","Success","0.00078"
"8GFS","8","1110011","1110011.0","Success","0.00061"
"7SY3","8","1000011","1000011.0","Success","0.00023"
"6CBF","8","1011010","1011010.0","Success","0.00076"
"3WFQ","8","11000100","11000100.0","Success","0.00033"
"3EG1","8","10110001","10110001.0","Success","0.00119"
"4RZA","8","10101000","10101000.0","Success","0.00102"
"1IQC","8","1111010","1111010.0","Success","0.00039"
"1XYI","8","10110000","10110000.0","Success","0.00171"
"3ERF","8","10111000","10111000.0","Success","0.00096"
"3MH2","8","111001","111001.0","Success","0.00076"
"2TBV","8","1101111","1101111.0","Success","0.00046"
"7MBU","8","11111011","11111011.0","Success","0.00022"
"3JYZ","8","10101000","10101000.0","Success","0.00113"
"1ZQ7","8","1101111","1101111.0","Success","0.0005"
"3DLL","8","11101011","11101011.0","Success","0.00025"
"2HS0","8","1000110","1000110.0","Success","0.00058"
"3B8M","8","1010001","1010001.0","Success","0.00049"
"6S6L","8","1011001","1011001.0","Success","0.00035"
"8IUG","8","11010001","11010001.0","Success","0.00027"
"5KGN","8","101011","101011.0","Success","0.00043"
"6W4R","8","10011000","10011000.0","Success","0.00045"
"8W6W","8","11010011","11010011.0","Success","0.00091"
"6Q4G","8","110000","110000.0","Success","0.00082"
"2OE2","8","11011100","11011100.0","Success","0.00073"
"1A4K","8","110","110.0","Success","0.00047"
"1W9Y","8","101100","101100.0","Success","0.00083"
"3G36","8","10101111","10101111.0","Success","0.00097"
"7FEF","8","1111001","1111001.0","Success","0.00193"
"2YXW","8","11010011","11010011.0","Success","0.00048"
"4L0T","8","11010011","11010011.0","Success","0.00069"
"5YTF","8","10110","10110.0","Success","0.00062"
"3GA5","8","1001111","1001111.0","Success","0.00056"
"8BGW","8","10111111","10111111.0","Success","0.00035"
"8ABU","8","11000110","11000110.0","Success","0.00052"
"8OFV","8","11001110","11001110.0","Success","0.00029"
"2YS8","8","10011010","10011010.0","Success","0.00033"
"1WBF","8","1111001","1111001.0","Success","0.00065"
"7V53","8","11101100","11101100.0","Success","0.00046"
"8XCG","8","10101","10101.0","Success","0.00024"
"2ESN","8","11010111","11010111.0","Success","0.0004"
"7VJL","8","100000","100000.0","Success","0.00059"
"3VFB","8","111001","111001.0","Success","0.00099"
"3KA0","8","10001100","10001100.0","Success","0.00084"
"2GNJ","8","1011110","1011110.0","Success","0.00072"
"2RS9","8","10111101","10111101.0","Success","0.00027"
"8EY0","8","101110","101110.0","Success","0.00064"
"5WNM","8","11101111","11101111.0","Success","0.00085"
"9CQI","8","11001101","11001101.0","Success","0.00066"
"1H6Q","8","1","1.0","Success","0.00106"
"6KHT","8","11","11.0","Success","0.00037"
"7SMI","8","101101","101101.0","Success","0.00075"
"2QQK","8","11011000","11011000.0","Success","0.00045"
"3M0V","8","11011101","11011101.0","Success","0.00034"
"4C4I","8","11111001","11111001.0","Success","0.00087"
"3ZMT","8","11100000","11100000.0","Success","0.0005"
"5UQ0","8","1111100","1111100.0","Success","0.00058"
"2Z81","8","1000100","1000100.0","Success","0.00059"
"4NMF","8","11101011","11101011.0","Success","0.0003"
"5A3E","8","11101110","11101110.0","Success","0.00122"
"6RO1","8","10101000","10101000.0","Success","0.00045"
"1O9E","8","10100001","10100001.0","Success","0.00092"
"2BZ0","8","1111010","1111010.0","Success","0.00073"
"6DGU","8","1010100","1010100.0","Success","0.0004"
"6E2P","8","1101110","1101110.0","Success","0.00045"
"2BLP","8","10010","10010.0","Success","0.00122"
"1ULT","8","11011011","11011011.0","Success","0.00042"
"8X55","8","1000010","1000010.0","Success","0.00024"
"5WWE","8","1010","1010.0","Success","0.00102"
"6UPZ","8","1001011","1001011.0","Success","0.00023"
"8ZRV","8","11100000","11100000.0","Success","0.00035"
"7UE1","8","11100101","11100101.0","Success","0.0008"
"8XES","8","11100000","11100000.0","Success","0.00068"
"2E5K","8","10000000","10000000.0","Success","0.00032"
"2C83","8","10100100","10100100.0","Success","0.00071"
"7RYV","8","11111101","11111101.0","Success","0.00033"
"2YZ8","8","10101011","10101011.0","Success","0.00142"
"6P8E","8","1011101","1011101.0","Success","0.0006"
"5XTM","8","110001","110001.0","Success","0.00088"
"1DCZ","8","10010110","10010110.0","Success","0.00155"
"4PUC","8","11110011","11110011.0","Success","0.00042"
"6DL9","8","111101","111101.0","Success","0.00051"
"5M2Z","8","11111100","11111100.0","Success","0.00018"
"6OQ6","8","1100100","1100100.0","Success","0.00063"
"4HXP","8","10000101","10000101.0","Success","0.00124"
"1SOQ","8","1110","1110.0","Success","0.00065"
"7VBN","8","10110011","10110011.0","Success","0.00023"
"6YL9","8","1001111","1001111.0","Success","0.00073"
"1S3I","8","1000101","1000101.0","Success","0.00079"
"9GG2","8","11000101","11000101.0","Success","0.00018"
"6W9I","8","11000111","11000111.0","Success","0.00086"
"6EO4","8","11100001","11100001.0","Success","0.00046"
"4BDY","8","1000110","1000110.0","Success","0.00058"
"1B5S","8","10101000","10101000.0","Success","0.0004"
"7NWL","8","11100111","11100111.0","Success","0.00032"
"2WKU","8","100","100.0","Success","0.00034"
"7SN3","8","1001000","1001000.0","Success","0.00024"
"3AP4","8","1001111","1001111.0","Success","0.00056"
"2WBC","8","10100011","10100011.0","Success","0.001"
"2KXN","8","101011","101011.0","Success","0.00041"
"6GT6","8","101110","101110.0","Success","0.00087"
"4MTJ","8","10010111","10010111.0","Success","0.00033"
"8SG4","8","110101","110101.0","Success","0.00035"
"5D4A","8","11011110","11011110.0","Success","0.00117"
"7JP1","8","11011010","11011010.0","Success","0.00077"
"3FWI","8","1001101","1001101.0","Success","0.00069"
"3M9H","8","1011010","1011010.0","Success","0.00087"
"3FI2","8","10100110","10100110.0","Success","0.00076"
"3EPL","8","11000","11000.0","Success","0.00047"
"7OI9","8","11110010","11110010.0","Success","0.00015"
"5KGW","8","11010110","11010110.0","Success","0.00124"
"6L8I","8","1111011","1111011.0","Success","0.00062"
"8WJ1","8","10011100","10011100.0","Success","0.00087"
"3U9S","8","101","101.0","Success","0.00017"
"5NTW","8","11110","11110.0","Success","0.00044"
"1J5O","8","11110000","11110000.0","Success","0.00037"
"7DLY","8","11010111","11010111.0","Success","0.00049"
"3TVI","8","101","101.0","Success","0.00019"
"8UXQ","8","11011101","11011101.0","Success","0.00044"
"5VEG","8","11111001","11111001.0","Success","0.00065"
"3GHY","8","1110010","1110010.0","Success","0.00055"
"6FU3","8","1111101","1111101.0","Success","0.00053"
"8BLQ","8","1101100","1101100.0","Success","0.0004"
"6SDF","8","100010","100010.0","Success","0.00126"
"7L89","8","11001111","11001111.0","Success","0.00031"
"5ZKZ","8","110101","110101.0","Success","0.00098"
"8XOG","8","10001011","10001011.0","Success","0.00041"
"7BOF","8","101110","101110.0","Success","0.0004"
"4G3P","8","100111","100111.0","Success","0.00065"
"5S7P","8","1000110","1000110.0","Success","0.00056"
"6AX0","8","1100100","1100100.0","Success","0.00077"
"4MSG","8","1010","1010.0","Success","0.00066"
"7TEO","8","10101110","10101110.0","Success","0.00017"
"5IBG","8","11000011","11000011.0","Success","0.00071"
"8HPS","8","1011010","1011010.0","Success","0.00034"
"1MS8","8","100011","100011.0","Success","0.00038"
"6Z1I","8","110100","110100.0","Success","0.00063"
"1BP3","8","11011101","11011101.0","Success","0.00071"
"7SND","8","10000000","10000000.0","Success","0.00114"
"3PYK","8","10001","10001.0","Success","0.00085"
"7OE0","8","11010001","11010001.0","Success","0.0003"
"8FIP","8","1011000","1011000.0","Success","0.00053"
"7XRL","8","10101001","10101001.0","Success","0.00033"
"5I9W","8","10101110","10101110.0","Success","0.00082"
"1KNW","8","10011","10011.0","Success","0.00067"
"5W3E","8","10100","10100.0","Success","0.00043"
"8C76","8","10000001","10000001.0","Success","0.0005"
"6JIA","8","10001100","10001100.0","Success","0.00091"
"5YMY","8","1000100","1000100.0","Success","0.00019"
"3ILG","8","1001011","1001011.0","Success","0.00134"
"6LX2","8","1001000","1001000.0","Success","0.00061"
"3J4B","8","1011010","1011010.0","Success","0.00029"
"1FBK","8","100000","100000.0","Success","0.00092"
"7LTO","8","101100","101100.0","Success","0.00057"
"7E5C","8","10001001","10001001.0","Success","0.00033"
"8UZW","8","10111010","10111010.0","Success","0.00023"
"5B5K","8","10100100","10100100.0","Success","0.00088"
"7DJ2","8","11110111","11110111.0","Success","0.00043"
"8IF3","8","11100010","11100010.0","Success","0.00047"
"4AT7","8","10101000","10101000.0","Success","0.00052"
"1K9R","8","10000011","10000011.0","Success","0.00046"
"7W3U","8","11000101","11000101.0","Success","0.00039"
"1Q5I","8","101","101.0","Success","0.00064"
"7TMD","8","110110","110110.0","Success","0.00031"
"9OFH","8","10100100","10100100.0","Success","0.00025"
"2H39","8","111010","111010.0","Success","0.00055"
"3IVT","8","11011011","11011011.0","Success","0.00049"
"8J1J","8","11000110","11000110.0","Success","0.00048"
"1MB8","8","11101100","11101100.0","Success","0.00092"
"1E4I","8","1101010","1101010.0","Success","0.00065"
"8GIU","8","11011110","11011110.0","Success","0.00021"
"6AMO","8","10111010","10111010.0","Success","0.00032"
"4C2M","8","100100","100100.0","Success","0.00015"
"1Z8S","8","1000000","1000000.0","Success","0.00035"
"6WBT","8","11100001","11100001.0","Success","0.00034"
"6ZCZ","8","11111010","11111010.0","Success","0.00051"
"7C75","8","1110111","1110111.0","Success","0.00055"
"5CFB","8","100","100.0","Success","0.00034"
"5H48","8","11101001","11101001.0","Success","0.00119"
"7CS8","8","1011","1011.0","Success","0.00034"
"4UNQ","8","10101000","10101000.0","Success","0.00069"
"7NK9","8","10011000","10011000.0","Success","0.00041"
"1ZYJ","8","1011011","1011011.0","Success","0.00074"
"5AJX","8","100","100.0","Success","0.00064"
"3HEM","8","11001","11001.0","Success","0.00081"
"6IHL","8","11010110","11010110.0","Success","0.00087"
"1Z6F","8","10010100","10010100.0","Success","0.00074"
"5CUX","8","11101111","11101111.0","Success","0.00059"
"3RCY","8","110011","110011.0","Success","0.00024"
"3MJV","8","11101100","11101100.0","Success","0.00044"
"5OWG","8","11000100","11000100.0","Success","0.00101"
"4QBF","8","10110010","10110010.0","Success","0.00094"
"1QYB","8","10010001","10010001.0","Success","0.00104"
"4BQI","8","11010001","11010001.0","Success","0.00033"
"4RDK","8","110111","110111.0","Success","0.00057"
"4MXK","8","10001100","10001100.0","Success","0.0011"
"7U25","8","11000001","11000001.0","Success","0.00055"
"4H4E","8","10101000","10101000.0","Success","0.00055"
"8P9V","8","10001","10001.0","Success","0.00034"
"1JR2","8","1111111","1111111.0","Success","0.0006"
"7EDD","8","11011111","11011111.0","Success","0.00038"
"5G55","8","1001011","1001011.0","Success","0.00049"
"5HT4","8","11010001","11010001.0","Success","0.00102"
"7RGF","8","11110000","11110000.0","Success","0.00047"
"3A9B","8","11111011","11111011.0","Success","0.00071"
"6SLU","8","1101110","1101110.0","Success","0.00038"
"4WJG","8","11000111","11000111.0","Success","0.00017"
"5RE4","8","11111110","11111110.0","Success","0.00078"
"3R5H","8","10011001","10011001.0","Success","0.0005"
"1IWI","8","1110101","1110101.0","Success","0.00068"
"4EO8","8","1011001","1011001.0","Success","0.00042"
"5CRZ","8","100000","100000.0","Success","0.00121"
"7NF1","8","101011","101011.0","Success","0.00044"
"1EUC","8","10001001","10001001.0","Success","0.00054"
"6MDV","8","1010111","1010111.0","Success","0.00034"
"5K6X","8","10110","10110.0","Success","0.00051"
"8QLM","8","1101001","1101001.0","Success","0.00038"
"5EJZ","8","1000010","1000010.0","Success","0.00038"
"2QGM","8","10111100","10111100.0","Success","0.00071"
"5PXP","8","1011100","1011100.0","Success","0.0007"
"1QQA","8","10010010","10010010.0","Success","0.00075"
"6DWJ","8","10110111","10110111.0","Success","0.00032"
"1H5V","8","11100111","11100111.0","Success","0.0008"
"1H1W","8","1010010","1010010.0","Success","0.0008"
"9DA9","8","1010100","1010100.0","Success","0.00059"
"8YQA","8","10111","10111.0","Success","0.00121"
"1RHL","8","1000","1000.0","Success","0.0014"
"6JUA","8","11110010","11110010.0","Success","0.0004"
"2DXL","8","11110100","11110100.0","Success","0.00059"
"2ONF","8","11","11.0","Success","0.00079"
"6HGV","8","1101100","1101100.0","Success","0.00077"
"2O68","8","10101110","10101110.0","Success","0.00079"
"1O1T","8","10011011","10011011.0","Success","0.00051"
"9DH9","8","1011001","1011001.0","Success","0.00026"
"3NT7","8","111110","111110.0","Success","0.00068"
"3MN5","8","1101111","1101111.0","Success","0.00073"
"4NFZ","8","10101001","10101001.0","Success","0.00057"
"5RTS","8","10011000","10011000.0","Success","0.00074"
"3QQM","8","1010000","1010000.0","Success","0.00033"
"2R1G","8","11000100","11000100.0","Success","0.00068"
"1U8H","8","1001001","1001001.0","Success","0.00067"
"6U3K","8","10100001","10100001.0","Success","0.00068"
"6XJ6","8","10011010","10011010.0","Success","0.00081"
"3IS6","8","10011101","10011101.0","Success","0.00066"
"5VXI","8","11011010","11011010.0","Success","0.00076"
"8S2Y","8","10001011","10001011.0","Success","0.00043"
"3LI1","8","1110111","1110111.0","Success","0.00068"
"2W1I","8","10111","10111.0","Success","0.00058"
"7YSI","8","1110101","1110101.0","Success","0.00115"
"1O84","8","10101111","10101111.0","Success","0.00117"
"9BH6","8","10110","10110.0","Success","0.00025"
"7JOA","8","111010","111010.0","Success","0.0004"
"6PGA","8","11110101","11110101.0","Success","0.00076"
"4ZT6","8","11100","11100.0","Success","0.00043"
"7H4G","8","10100100","10100100.0","Success","0.00115"
"1ZUE","8","11111","11111.0","Success","0.00047"
"4II8","8","0","0.0","Success","0.00125"
"3RAQ","8","1100010","1100010.0","Success","0.00053"
"5L7R","8","10001010","10001010.0","Success","0.00041"
"8RH9","8","11101100","11101100.0","Success","0.00034"
"5AKZ","8","10100000","10100000.0","Success","0.00059"
"5U41","8","11101101","11101101.0","Success","0.00061"
"2P0H","8","1100011","1100011.0","Success","0.00124"
"1LI6","8","1101111","1101111.0","Success","0.00109"
"3RXT","8","10100000","10100000.0","Success","0.00095"
"8W45","8","11110100","11110100.0","Success","0.00087"
"1PRY","8","11011100","11011100.0","Success","0.00091"
"2NPQ","8","100011","100011.0","Success","0.00078"
"4O77","8","11100101","11100101.0","Success","0.00088"
"5AX6","8","1101111","1101111.0","Success","0.00062"
"6J9C","8","11001001","11001001.0","Success","0.00093"
"4Q7D","8","1001001","1001001.0","Success","0.00069"
"1DQY","8","11111","11111.0","Success","0.00083"
"6G47","8","1100111","1100111.0","Success","0.00059"
"1OLZ","8","11101000","11101000.0","Success","0.00038"
"8GBB","8","1011100","1011100.0","Success","0.00062"
"3D4K","8","111000","111000.0","Success","0.00045"
"6UNP","8","1110111","1110111.0","Success","0.00057"
"5LDE","8","10011111","10011111.0","Success","0.00063"
"3N78","8","11000010","11000010.0","Success","0.00053"
"5E5G","8","10010100","10010100.0","Success","0.00044"
"2GP7","8","10011","10011.0","Success","0.00046"
"7X7N","8","100001","100001.0","Success","0.00025"
"3QRQ","8","11000010","11000010.0","Success","0.00093"
"3GO8","8","100000","100000.0","Success","0.00089"
"2Y1M","8","1000101","1000101.0","Success","0.00029"
"6VPZ","8","10100000","10100000.0","Success","0.00072"
"2ZBH","8","10110010","10110010.0","Success","0.00125"
"8RCB","8","101011","101011.0","Success","0.0004"
"6WB9","8","1000000","1000000.0","Success","0.00033"
"2P8R","8","101101","101101.0","Success","0.00088"
"3IKO","8","10001000","10001000.0","Success","0.00023"
"5O4O","8","11111100","11111100.0","Success","0.0005"
"1N19","8","10111110","10111110.0","Success","0.00077"
"4WXB","8","100","100.0","Success","0.00034"
"2A97","8","110111","110111.0","Success","0.00051"
"2LMG","8","11101110","11101110.0","Success","0.00035"
"9L3W","8","11101111","11101111.0","Success","0.00045"
"3RVD","8","10001001","10001001.0","Success","0.00023"
"1YQQ","8","1010000","1010000.0","Success","0.00048"
"2Y4V","8","11100001","11100001.0","Success","0.00108"
"2YRU","8","11110000","11110000.0","Success","0.00028"
"1YRF","8","10010100","10010100.0","Success","0.00239"
"4EZ1","8","1101110","1101110.0","Success","0.00043"
"5Q2I","8","11110010","11110010.0","Success","0.00075"
"1TZ2","8","11110011","11110011.0","Success","0.00038"
"1K97","8","111101","111101.0","Success","0.00066"
"2O25","8","110011","110011.0","Success","0.00051"
"5HHI","8","10011","10011.0","Success","0.00075"
"6CID","8","10101001","10101001.0","Success","0.00048"
"4HS3","8","0","0.0","Success","0.00072"
"8BA5","8","1101010","1101010.0","Success","0.00117"
"1D1M","8","1111001","1111001.0","Success","0.00122"
"7G2E","8","11111100","11111100.0","Success","0.00047"
"3HVD","8","11010011","11010011.0","Success","0.00022"
"2ZBF","8","11100101","11100101.0","Success","0.00043"
"5HIZ","8","1011110","1011110.0","Success","0.00092"
"7HKM","8","1000100","1000100.0","Success","0.00058"
"7P2T","8","10110110","10110110.0","Success","0.00034"
"2L0C","8","1000100","1000100.0","Success","0.00032"
"5HOU","8","10111","10111.0","Success","0.00024"
"8Y4A","8","1001100","1001100.0","Success","0.00023"
"1WAC","8","11011001","11011001.0","Success","0.0003"
"2XP0","8","101001","101001.0","Success","0.00065"
"5C1Q","8","10001","10001.0","Success","0.00083"
"8P7N","8","1100110","1100110.0","Success","0.00038"
"1FMU","8","101010","101010.0","Success","0.0008"
"7XVX","8","10100110","10100110.0","Success","0.00072"
"6VUJ","8","11101100","11101100.0","Success","0.0012"
"3RG6","8","10011101","10011101.0","Success","0.00037"
"2NB1","8","11000001","11000001.0","Success","0.0002"
"4NA8","8","111000","111000.0","Success","0.00089"
"4IC1","8","10011011","10011011.0","Success","0.00031"
"5PWF","8","10100100","10100100.0","Success","0.00072"
"3EK7","8","10000100","10000100.0","Success","0.00069"
"2ZCO","8","11010010","11010010.0","Success","0.00079"
"8TE4","8","10000100","10000100.0","Success","0.00032"
"2YCK","8","10110011","10110011.0","Success","0.00083"
"5FLV","8","1110100","1110100.0","Success","0.00044"
"8R11","8","11011001","11011001.0","Success","0.00057"
"7NVQ","8","10111010","10111010.0","Success","0.00083"
"8BQW","8","11001111","11001111.0","Success","0.00105"
"4C5L","8","11110001","11110001.0","Success","0.00043"
"6ZDJ","8","101101","101101.0","Success","0.00029"
"1GL3","8","11010000","11010000.0","Success","0.00049"
"6LTK","8","11011100","11011100.0","Success","0.00096"
"6Q7F","8","10000101","10000101.0","Success","0.00081"
"8EE7","8","1101","1101.0","Success","0.00041"
"1DS3","8","11010","11010.0","Success","0.00195"
"8TUQ","8","1000100","1000100.0","Success","0.00066"
"3FRY","8","100100","100100.0","Success","0.00113"
"2VW7","8","1000110","1000110.0","Success","0.00051"
"4QXZ","8","10000100","10000100.0","Success","0.00078"
"1DKL","8","11101011","11101011.0","Success","0.00049"
"5HP8","8","1100000","1100000.0","Success","0.00075"
"4G4R","8","1100100","1100100.0","Success","0.00088"
"7YCN","8","1010010","1010010.0","Success","0.00027"
"3SOH","8","11011001","11011001.0","Success","0.0006"
"8PXL","8","1110111","1110111.0","Success","0.00068"
"1OGC","8","1101101","1101101.0","Success","0.00054"
"8UD0","8","10010101","10010101.0","Success","0.00121"
"5MVR","8","10101","10101.0","Success","0.00115"
"3FUN","8","100000","100000.0","Success","0.00056"
"6G2U","8","1011010","1011010.0","Success","0.00026"
"1XJZ","8","1001001","1001001.0","Success","0.00065"
"3VHJ","8","10001111","10001111.0","Success","0.00108"
"9AUV","8","10100101","10100101.0","Success","0.00026"
"7TJ8","8","1101110","1101110.0","Success","0.00038"
"1VLP","8","101100","101100.0","Success","0.00033"
"2B8L","8","1100000","1100000.0","Success","0.00071"
"7H3Y","8","11011000","11011000.0","Success","0.00114"
"1HJM","8","11011000","11011000.0","Success","0.00135"
"4GN3","8","10000010","10000010.0","Success","0.0003"
"1TF6","8","1011001","1011001.0","Success","0.0007"
"1BBW","8","111011","111011.0","Success","0.00063"
"5C0Y","8","11011010","11011010.0","Success","0.00048"
"6HHJ","8","10101110","10101110.0","Success","0.00065"
"7P62","8","10001","10001.0","Success","0.0002"
"6GUV","8","11001100","11001100.0","Success","0.00114"
"3ZOF","8","101110","101110.0","Success","0.00074"
"8X5D","8","11110101","11110101.0","Success","0.00029"
"5B32","8","11010100","11010100.0","Success","0.00052"
"7OX9","8","11010110","11010110.0","Success","0.00039"
"6TK3","8","10001000","10001000.0","Success","0.00082"
"1XMT","8","110","110.0","Success","0.00141"
"7MLS","8","111000","111000.0","Success","0.00123"
"7PKQ","8","11110000","11110000.0","Success","0.00017"
"1D1A","8","10001011","10001011.0","Success","0.00052"
"2E8C","8","1101011","1101011.0","Success","0.00122"
"5LB3","8","1111101","1111101.0","Success","0.00046"
"6FL9","8","11011010","11011010.0","Success","0.00036"
"5IA3","8","10111000","10111000.0","Success","0.00084"
"1SFC","8","11110111","11110111.0","Success","0.00048"
"1HJV","8","10010100","10010100.0","Success","0.00036"
"4YS6","8","10110010","10110010.0","Success","0.00079"
"2AL2","8","11001110","11001110.0","Success","0.00048"
"4DLK","8","11101111","11101111.0","Success","0.0005"
"1RVT","8","10001011","10001011.0","Success","0.00037"
"8ZY1","8","11011110","11011110.0","Success","0.00024"
"9EJ4","8","11000111","11000111.0","Success","0.00054"
"3EDY","8","10010011","10010011.0","Success","0.00058"
"1OJ4","8","1101111","1101111.0","Success","0.00058"
"3H5K","8","10111000","10111000.0","Success","0.0006"
"4M20","8","1010010","1010010.0","Success","0.00064"
"5O0M","8","100011","100011.0","Success","0.00056"
"7B2M","8","11101011","11101011.0","Success","0.00036"
"8CYT","8","111011","111011.0","Success","0.00045"
"6CV7","8","11011010","11011010.0","Success","0.00069"
"3PUT","8","1001101","1001101.0","Success","0.00079"
"3C9C","8","10011","10011.0","Success","0.00072"
"8PPD","8","10000","10000.0","Success","0.00062"
"8VOD","8","100","100.0","Success","0.00096"
"4MCO","8","10111110","10111110.0","Success","0.00046"
"1M18","8","1100000","1100000.0","Success","0.00052"
"5B0W","8","11010110","11010110.0","Success","0.00037"
"1T33","8","11010010","11010010.0","Success","0.00066"
"8B35","8","10001110","10001110.0","Success","0.0005"
"4IG9","8","10010110","10010110.0","Success","0.0004"
"8W20","8","10000","10000.0","Success","0.00026"
"8U14","8","10100111","10100111.0","Success","0.00045"
"6WU4","8","10111010","10111010.0","Success","0.00044"
"5UYG","8","1110011","1110011.0","Success","0.00084"
"5E0S","8","1110001","1110001.0","Success","0.00019"
"5UKZ","8","110001","110001.0","Success","0.00067"
"8VBO","8","11010111","11010111.0","Success","0.00065"
"8T31","8","110000","110000.0","Success","0.00054"
"2ITH","8","101111","101111.0","Success","0.00024"
"8Q2Z","8","1110111","1110111.0","Success","0.00047"
"1C7Y","8","11001101","11001101.0","Success","0.00097"
"2YOC","8","101111","101111.0","Success","0.0003"
"3RFV","8","10000101","10000101.0","Success","0.0005"
"4AUU","8","1101000","1101000.0","Success","0.00076"
"9EJ0","8","1100111","1100111.0","Success","0.00055"
"6PAS","8","10001111","10001111.0","Success","0.00041"
"7VLD","8","10110000","10110000.0","Success","0.00041"
"3IKT","8","11000101","11000101.0","Success","0.0007"
"3ENG","8","10000001","10000001.0","Success","0.00097"
"5WXC","8","0","0.0","Success","0.0005"
"8SZZ","8","101100","101100.0","Success","0.00016"
"5A2R","8","11001101","11001101.0","Success","0.00054"
"3D7M","8","100011","100011.0","Success","0.0008"
"8W0Z","8","1111001","1111001.0","Success","0.00024"
"8GOL","8","11101111","11101111.0","Success","0.00038"
"7Q21","8","1010010","1010010.0","Success","0.00018"
"6WR4","8","10110010","10110010.0","Success","0.00037"
"6S3X","8","1111000","1111000.0","Success","0.00047"
"2W6P","8","11101101","11101101.0","Success","0.00049"
"2Q79","8","110011","110011.0","Success","0.00166"
"6JPB","8","10011","10011.0","Success","0.00026"
"8VUC","8","1110111","1110111.0","Success","0.00047"
"6CC6","8","1011000","1011000.0","Success","0.00037"
"6O1P","8","100","100.0","Success","0.00027"
"7PY9","8","100","100.0","Success","0.00119"
"8I90","8","10100001","10100001.0","Success","0.00046"
"3W95","8","11001100","11001100.0","Success","0.00112"
"3MI7","8","1111011","1111011.0","Success","0.00148"
"1T8B","8","11001010","11001010.0","Success","0.00066"
"6GPT","8","11011110","11011110.0","Success","0.00095"
"8AG1","8","111110","111110.0","Success","0.00042"
"6OHJ","8","10101111","10101111.0","Success","0.00074"
"2CIG","8","100","100.0","Success","0.00108"
"8SHC","8","110000","110000.0","Success","0.0004"
"2O8G","8","1100100","1100100.0","Success","0.00052"
"2L9W","8","11001010","11001010.0","Success","0.0003"
"8J3G","8","1001001","1001001.0","Success","0.00077"
"4V35","8","10010011","10010011.0","Success","0.00076"
"2R5R","8","1101100","1101100.0","Success","0.00089"
"6N5D","8","10010110","10010110.0","Success","0.0003"
"6ZFS","8","11011010","11011010.0","Success","0.0003"
"1P3H","8","1010101","1010101.0","Success","0.00039"
"1FKW","8","10111110","10111110.0","Success","0.00074"
"6PVE","8","11111101","11111101.0","Success","0.00042"
"3LWS","8","11011","11011.0","Success","0.0003"
"6DMU","8","11110101","11110101.0","Success","0.00028"
"7OO0","8","1101101","1101101.0","Success","0.00031"
"1DFU","8","1111110","1111110.0","Success","0.00145"
"7Y1T","8","11110001","11110001.0","Success","0.00044"
"3F3T","8","10001011","10001011.0","Success","0.00062"
"4N5A","8","10101","10101.0","Success","0.00061"
"3I79","8","1010","1010.0","Success","0.00065"
"9FMZ","8","1000101","1000101.0","Success","0.0004"
"1OYR","8","1010010","1010010.0","Success","0.00036"
"7F17","8","110110","110110.0","Success","0.00055"
"2XTK","8","10111110","10111110.0","Success","0.00057"
"4QV3","8","11100110","11100110.0","Success","0.00018"
"8E6I","8","1010000","1010000.0","Success","0.0007"
"1UH3","8","11001100","11001100.0","Success","0.00056"
"6XQG","8","10111011","10111011.0","Success","0.00087"
"5MQG","8","1110110","1110110.0","Success","0.0009"
"3WWS","8","10101000","10101000.0","Success","0.00099"
"4JX5","8","11001110","11001110.0","Success","0.00028"
"8GDL","8","11000010","11000010.0","Success","0.00053"
"4DF8","8","10100011","10100011.0","Success","0.00058"
"7WT0","8","1111100","1111100.0","Success","0.00074"
"7LJL","8","1110","1110.0","Success","0.00053"
"7G39","8","11101010","11101010.0","Success","0.00046"
"7DKD","8","100110","100110.0","Success","0.00036"
"5ZQE","8","101100","101100.0","Success","0.00032"
"8BEV","8","1000010","1000010.0","Success","0.00058"
"4N7W","8","10100000","10100000.0","Success","0.00055"
"3QZ0","8","110001","110001.0","Success","0.00108"
"6EYC","8","100","100.0","Success","0.00022"
"2G2O","8","11010101","11010101.0","Success","0.0008"
"1SSC","8","1110010","1110010.0","Success","0.00126"
"2XLC","8","10111100","10111100.0","Success","0.00031"
"9GKG","8","100011","100011.0","Success","0.00044"
"8FVL","8","1111000","1111000.0","Success","0.00058"
"7VFF","8","10001111","10001111.0","Success","0.00034"
"5ZSZ","8","10110100","10110100.0","Success","0.00079"
"3WDW","8","111011","111011.0","Success","0.00058"
"3EQG","8","1000110","1000110.0","Success","0.00078"
"2W2Q","8","10110011","10110011.0","Success","0.00068"
"9QXY","8","1101100","1101100.0","Success","0.00093"
"1D7M","8","10111110","10111110.0","Success","0.00095"
"1GKR","8","10010","10010.0","Success","0.00033"
"2E32","8","10000000","10000000.0","Success","0.00051"
"1VG3","8","10110110","10110110.0","Success","0.00084"
"4H1L","8","11001010","11001010.0","Success","0.0004"
"5USN","8","1000010","1000010.0","Success","0.00117"
"2EAP","8","10011111","10011111.0","Success","0.00033"
"8DUK","8","110101","110101.0","Success","0.00045"
"7MLO","8","11100100","11100100.0","Success","0.00061"
"5IUB","8","1111111","1111111.0","Success","0.00069"
"6WCE","8","11001001","11001001.0","Success","0.00079"
"5GO5","8","11010010","11010010.0","Success","0.00113"
"5W6G","8","10001100","10001100.0","Success","0.00045"
"7SME","8","1100100","1100100.0","Success","0.00076"
"7ZDB","8","10100010","10100010.0","Success","0.0004"
"6I7J","8","1010110","1010110.0","Success","0.00074"
"6MGK","8","110110","110110.0","Success","0.00026"
"8AG3","8","11111001","11111001.0","Success","0.00077"
"3QBH","8","1000110","1000110.0","Success","0.00041"
"1BPY","8","10110101","10110101.0","Success","0.00077"
"4R8D","8","10000110","10000110.0","Success","0.00049"
"1G6O","8","1100101","1100101.0","Success","0.00054"
"5FNX","8","10001100","10001100.0","Success","0.00101"
"3MSY","8","101001","101001.0","Success","0.00029"
"8JDF","8","10111111","10111111.0","Success","0.00062"
"8GKZ","8","11110000","11110000.0","Success","0.00044"
"6BFF","8","100101","100101.0","Success","0.00073"
"8FPR","8","10010011","10010011.0","Success","0.0012"
"6NE0","8","10010101","10010101.0","Success","0.00026"
"8KEO","8","10010010","10010010.0","Success","0.00021"
"7BC5","8","11111110","11111110.0","Success","0.0011"
"8R0G","8","11111010","11111010.0","Success","0.00034"
"7RN7","8","110011","110011.0","Success","0.00064"
"4GPG","8","11001011","11001011.0","Success","0.00079"
"6NQ4","8","11110","11110.0","Success","0.00057"
"6BQU","8","11011010","11011010.0","Success","0.00114"
"7PPI","8","1110111","1110111.0","Success","0.00032"
"1K91","8","10110111","10110111.0","Success","0.00052"
"6LTB","8","10110000","10110000.0","Success","0.00044"
"4F21","8","10010000","10010000.0","Success","0.00032"
"7BIK","8","11110110","11110110.0","Success","0.00082"
"9CET","8","10110111","10110111.0","Success","0.00056"
"7Q1C","8","111100","111100.0","Success","0.00047"
"4JQ3","8","101011","101011.0","Success","0.00054"
"2DY0","8","1111101","1111101.0","Success","0.00072"
"6SJP","8","1101110","1101110.0","Success","0.00057"
"5XPI","8","101010","101010.0","Success","0.00116"
"5XXF","8","10110001","10110001.0","Success","0.00058"
"4I9Z","8","10101010","10101010.0","Success","0.00079"
"2XAS","8","1001100","1001100.0","Success","0.00051"
"1HCE","8","10011101","10011101.0","Success","0.00129"
"8U5X","8","110000","110000.0","Success","0.00057"
"3H7N","8","111111","111111.0","Success","0.00026"
"5VKY","8","1001011","1001011.0","Success","0.00093"
"6LLF","8","10000111","10000111.0","Success","0.00036"
"4BSF","8","11000100","11000100.0","Success","0.00064"
"1PWW","8","111011","111011.0","Success","0.00036"
"7XZI","8","10010000","10010000.0","Success","0.0002"
"2Y37","8","1011","1011.0","Success","0.00048"
"3AMH","8","10001100","10001100.0","Success","0.00062"
"5KEC","8","110010","110010.0","Success","0.00066"
"4EQ3","8","11000111","11000111.0","Success","0.00096"
"6JLZ","8","1110000","1110000.0","Success","0.00021"
"7XJM","8","1110","1110.0","Success","0.00037"
"1DD1","8","1000001","1000001.0","Success","0.00052"
"8XNR","8","10111010","10111010.0","Success","0.00022"
"7SUG","8","11011100","11011100.0","Success","0.00085"
"4BLG","8","11001010","11001010.0","Success","0.00089"
"8BXB","8","11101101","11101101.0","Success","0.00034"
"1JYK","8","11100001","11100001.0","Success","0.00093"
"6J62","8","1001111","1001111.0","Success","0.00087"
"5GL3","8","11101000","11101000.0","Success","0.00034"
"4XMM","8","1101010","1101010.0","Success","0.00023"
"8UMH","8","10001100","10001100.0","Success","0.00015"
"1UVZ","8","10010101","10010101.0","Success","0.00054"
"9IP0","8","1100010","1100010.0","Success","0.00021"
"8IVE","8","10110000","10110000.0","Success","0.0005"
"2VTR","8","10010010","10010010.0","Success","0.00081"
"5V79","8","10100000","10100000.0","Success","0.00061"
"4OAP","8","11001001","11001001.0","Success","0.00065"
"1XN8","8","11000110","11000110.0","Success","0.00026"
"8HAO","8","11111010","11111010.0","Success","0.00029"
"3IU9","8","10000100","10000100.0","Success","0.00081"
"4K4V","8","110010","110010.0","Success","0.00044"
"5H6B","8","1010100","1010100.0","Success","0.00089"
"5XPN","8","10010110","10010110.0","Success","0.0009"
"1IZL","8","11111001","11111001.0","Success","0.00021"
"8BUM","8","110110","110110.0","Success","0.00021"
"6FFZ","8","11111000","11111000.0","Success","0.00037"
"5OQV","8","10000","10000.0","Success","0.0007"
"6D7F","8","11011000","11011000.0","Success","0.00023"
"1QMP","8","11001001","11001001.0","Success","0.00061"
"8UTN","8","1000110","1000110.0","Success","0.00025"
"3DNV","8","1101111","1101111.0","Success","0.00063"
"6PPM","8","1101","1101.0","Success","0.00045"
"4DLU","8","11110000","11110000.0","Success","0.00107"
"7RW4","8","111001","111001.0","Success","0.00076"
"7VUK","8","11011010","11011010.0","Success","0.00046"
"8SZV","8","101100","101100.0","Success","0.0008"
"7NQ4","8","10001101","10001101.0","Success","0.00049"
"2XXL","8","10001100","10001100.0","Success","0.0005"
"4X3G","8","11010011","11010011.0","Success","0.00069"
"7R8D","8","10101001","10101001.0","Success","0.00041"
"6YE0","8","10100101","10100101.0","Success","0.00051"
"4NF7","8","11000101","11000101.0","Success","0.00073"
"2BYS","8","100001","100001.0","Success","0.0003"
"7B37","8","1010111","1010111.0","Success","0.00071"
"2L4I","8","1001000","1001000.0","Success","0.00034"
"8S89","8","11001101","11001101.0","Success","0.00069"
"2J7M","8","10101011","10101011.0","Success","0.00117"
"8TSB","8","10110100","10110100.0","Success","0.00038"
"2YSL","8","10001111","10001111.0","Success","0.00035"
"1YX5","8","10000110","10000110.0","Success","0.00024"
"7SWS","8","1010","1010.0","Success","0.00033"
"1AEB","8","11001011","11001011.0","Success","0.00082"
"1IR6","8","11111111","11111111.0","Success","0.00071"
"3K1P","8","11010110","11010110.0","Success","0.00058"
"7C8Z","8","1011","1011.0","Success","0.00029"
"6OXN","8","1110101","1110101.0","Success","0.00078"
"7MGM","8","1101001","1101001.0","Success","0.00026"
"6LJ9","8","10110010","10110010.0","Success","0.00062"
"6CIB","8","110","110.0","Success","0.0003"
"7BJY","8","11000110","11000110.0","Success","0.00096"
"7DE7","8","10110110","10110110.0","Success","0.001"
"1JNJ","8","10000","10000.0","Success","0.00031"
"3HAD","8","1001000","1001000.0","Success","0.00059"
"8QU8","8","10110010","10110010.0","Success","0.00038"
"5NPA","8","10101000","10101000.0","Success","0.00053"
"5AGJ","8","10001","10001.0","Success","0.00086"
"2QK1","8","10","10.0","Success","0.00089"
"5O3O","8","10011100","10011100.0","Success","0.0005"
"6UZM","8","1100010","1100010.0","Success","0.0007"
"3RD6","8","1101110","1101110.0","Success","0.00079"
"1DE2","8","10111011","10111011.0","Success","0.00027"
"6W5I","8","111101","111101.0","Success","0.00033"
"6HQ1","8","10011111","10011111.0","Success","0.00036"
"8DOV","8","10011110","10011110.0","Success","0.00036"
"3EQ9","8","11010101","11010101.0","Success","0.00052"
"5D9P","8","11110","11110.0","Success","0.00051"
"5SJP","8","1100100","1100100.0","Success","0.00039"
"2JKC","8","11100010","11100010.0","Success","0.00059"
"8V5P","8","10100011","10100011.0","Success","0.00028"
"1CNW","8","11001001","11001001.0","Success","0.00088"
"4M6A","8","10110101","10110101.0","Success","0.00045"
"1S95","8","1111011","1111011.0","Success","0.00055"
"6PE8","8","10011","10011.0","Success","0.00039"
"8CMA","8","1101111","1101111.0","Success","0.00057"
"5P4O","8","1001","1001.0","Success","0.00075"
"4ZKP","8","11111","11111.0","Success","0.00074"
"3F9A","8","11001111","11001111.0","Success","0.00083"
"1RQF","8","11000000","11000000.0","Success","0.00038"
"3O05","8","10110010","10110010.0","Success","0.0005"
"6FX2","8","11011","11011.0","Success","0.0015"
"6FIE","8","100100","100100.0","Success","0.00081"
"8G40","8","11100001","11100001.0","Success","0.00028"
"2ARX","8","11001010","11001010.0","Success","0.00062"
"1YPQ","8","10000110","10000110.0","Success","0.00082"
"8G1M","8","10100","10100.0","Success","0.00087"
"8RLD","8","1011","1011.0","Success","0.00068"
"3SR2","8","111011","111011.0","Success","0.00036"
"7CJU","8","11001101","11001101.0","Success","0.00051"
"8CWJ","8","1100001","1100001.0","Success","0.00029"
"2NNL","8","11011001","11011001.0","Success","0.00055"
"9ERT","8","101110","101110.0","Success","0.00075"
"3I40","8","10110010","10110010.0","Success","0.00195"
"3LNE","8","10101001","10101001.0","Success","0.00096"
"231L","8","101010","101010.0","Success","0.00109"
"3HHK","8","10","10.0","Success","0.00042"
"6UHR","8","11110001","11110001.0","Success","0.00066"
"4FC0","8","100000","100000.0","Success","0.00061"
"7M7V","8","11100111","11100111.0","Success","0.00059"
"3F6I","8","10011011","10011011.0","Success","0.00069"
"4DC2","8","11111010","11111010.0","Success","0.00075"
"1RFZ","8","10111011","10111011.0","Success","0.00056"
"4R16","8","10110010","10110010.0","Success","0.00047"
"6ERB","8","11001110","11001110.0","Success","0.00049"
"6SRH","8","101111","101111.0","Success","0.00056"
"6PGJ","8","10110000","10110000.0","Success","0.00074"
"3EQT","8","10111100","10111100.0","Success","0.00082"
"3U10","8","11001000","11001000.0","Success","0.001"
"4DG9","8","11000100","11000100.0","Success","0.00059"
"5P6G","8","10100101","10100101.0","Success","0.00074"
"2CDY","8","11101111","11101111.0","Success","0.00045"
"9DJY","8","11111110","11111110.0","Success","0.00029"
"6F2K","8","1000110","1000110.0","Success","0.0012"
"1QHD","8","1100011","1100011.0","Success","0.00071"
"6HKP","8","1010100","1010100.0","Success","0.00074"
"1FZQ","8","11011010","11011010.0","Success","0.00103"
"6OZV","8","10100110","10100110.0","Success","0.00048"
"8SDP","8","1010100","1010100.0","Success","0.00053"
"3LDM","8","10101111","10101111.0","Success","0.00083"
"6QIB","8","11001","11001.0","Success","0.0004"
"7T5Z","8","11","11.0","Success","0.00035"
"8E63","8","10001101","10001101.0","Success","0.00056"
"1II6","8","11010001","11010001.0","Success","0.00052"
"4FTR","8","1110111","1110111.0","Success","0.00083"
"3VK2","8","11111000","11111000.0","Success","0.00036"
"8G6A","8","10111110","10111110.0","Success","0.00056"
"6BTF","8","100100","100100.0","Success","0.0008"
"8YSB","8","10100111","10100111.0","Success","0.00138"
"1XEI","8","11011000","11011000.0","Success","0.0012"
"3N60","8","10100110","10100110.0","Success","0.00049"
"4NQK","8","10110001","10110001.0","Success","0.00039"
"5Z6V","8","1000110","1000110.0","Success","0.00111"
"7ZZN","8","101010","101010.0","Success","0.00099"
"5XOC","8","1001011","1001011.0","Success","0.00075"
"2GT2","8","1101000","1101000.0","Success","0.00056"
"5NS6","8","111000","111000.0","Success","0.00036"
"5K7W","8","1001111","1001111.0","Success","0.00063"
"8H6R","8","101000","101000.0","Success","0.00148"
"9CDM","8","101101","101101.0","Success","0.00079"
"7OQC","8","1001","1001.0","Success","0.00025"
"8DUY","8","10010001","10010001.0","Success","0.00035"
"8CAR","8","11101001","11101001.0","Success","0.00048"
"8V34","8","111011","111011.0","Success","0.00033"
"1ZLL","8","10010100","10010100.0","Success","0.00018"
"7WWL","8","1000111","1000111.0","Success","0.00023"
"4R1N","8","11101","11101.0","Success","0.0004"
"8A29","8","10100","10100.0","Success","0.00024"
"4Q1S","8","10011101","10011101.0","Success","0.00017"
"5DVS","8","1010101","1010101.0","Success","0.00065"
"4IK2","8","11100100","11100100.0","Success","0.00072"
"8AHC","8","111010","111010.0","Success","0.00093"
"7VEV","8","10000011","10000011.0","Success","0.00055"
"8DNN","8","11000111","11000111.0","Success","0.00039"
"1LJ3","8","11100001","11100001.0","Success","0.00086"
"8XKS","8","10000011","10000011.0","Success","0.00015"
"1UQW","8","10100001","10100001.0","Success","0.00045"
"6Q6B","8","11011000","11011000.0","Success","0.00064"
"5PXA","8","1111","1111.0","Success","0.0007"
"4CJC","8","1011110","1011110.0","Success","0.00044"
"1A4L","8","1000011","1000011.0","Success","0.00037"
"3G4N","8","1100011","1100011.0","Success","0.00047"
"7KC6","8","10001001","10001001.0","Success","0.0007"
"1H3A","8","1111011","1111011.0","Success","0.00032"
"8X7Q","8","10100011","10100011.0","Success","0.00059"
"7TDL","8","11000","11000.0","Success","0.00032"
"4K7Z","8","1100011","1100011.0","Success","0.00064"
"2EZU","8","111011","111011.0","Success","0.0004"
"3OO4","8","1010001","1010001.0","Success","0.0008"
"6KNK","8","1001001","1001001.0","Success","0.00041"
"5ILD","8","1010010","1010010.0","Success","0.0006"
"7D24","8","1001100","1001100.0","Success","0.00093"
"2MGR","8","1010110","1010110.0","Success","0.00031"
"6ZTA","8","1101110","1101110.0","Success","0.00036"
"3RV1","8","1001","1001.0","Success","0.00064"
"4WFV","8","11011001","11011001.0","Success","0.00109"
"3FV7","8","101000","101000.0","Success","0.00088"
"8A2W","8","10110","10110.0","Success","0.0009"
"5R0E","8","1011111","1011111.0","Success","0.00058"
"2P0K","8","1011011","1011011.0","Success","0.00095"
"7ZZ0","8","101001","101001.0","Success","0.00061"
"6Y9R","8","101101","101101.0","Success","0.00074"
"1DMW","8","10101","10101.0","Success","0.00078"
"2WSX","8","11110","11110.0","Success","0.00036"
"8JI5","8","10000110","10000110.0","Success","0.00067"
"3IVC","8","11101000","11101000.0","Success","0.00055"
"5YEV","8","11001011","11001011.0","Success","0.00032"
"6Q9U","8","10010111","10010111.0","Success","0.0015"
"1P2G","8","1011110","1011110.0","Success","0.00048"
"2PJT","8","11110","11110.0","Success","0.00053"
"5DDT","8","11001100","11001100.0","Success","0.00065"
"6QCY","8","10000011","10000011.0","Success","0.00036"
"8YKG","8","10011011","10011011.0","Success","0.00025"
"1YZV","8","10001000","10001000.0","Success","0.00099"
"5ETB","8","11010000","11010000.0","Success","0.00128"
"4B7P","8","1000001","1000001.0","Success","0.00096"
"41BI","8","111001","111001.0","Success","0.00113"
"5XU6","8","1110110","1110110.0","Success","0.00036"
"5CP5","8","1000011","1000011.0","Success","0.00126"
"6UEO","8","11000100","11000100.0","Success","0.00052"
"6J1U","8","1001000","1001000.0","Success","0.00038"
"9CH5","8","11110","11110.0","Success","0.00054"
"5L6B","8","1011010","1011010.0","Success","0.00017"
"8PU1","8","101110","101110.0","Success","0.00085"
"5GAN","8","11001010","11001010.0","Success","0.00014"
"3CKR","8","11000100","11000100.0","Success","0.00042"
"2GV0","8","11000111","11000111.0","Success","0.00122"
"7C69","8","0","0.0","Success","0.00047"
"3NT5","8","100110","100110.0","Success","0.00054"
"4XFT","8","111100","111100.0","Success","0.00077"
"4MKR","8","11110101","11110101.0","Success","0.0004"
"3NPM","8","10111011","10111011.0","Success","0.00078"
"7KU2","8","10100111","10100111.0","Success","0.00093"
"4FCP","8","10000010","10000010.0","Success","0.00067"
"1XAN","8","11000101","11000101.0","Success","0.00062"
"5O9U","8","110111","110111.0","Success","0.00048"
"1FH3","8","10110110","10110110.0","Success","0.00026"
"5EJL","8","11111","11111.0","Success","0.00088"
"1G45","8","1101100","1101100.0","Success","0.00084"
"2GN2","8","11110100","11110100.0","Success","0.00077"
"2GKL","8","1101110","1101110.0","Success","0.00093"
"3THS","8","10011010","10011010.0","Success","0.00041"
"5DJR","8","1000111","1000111.0","Success","0.00074"
"4DC1","8","111","111.0","Success","0.00061"
"9BBC","8","11101000","11101000.0","Success","0.00044"
"6OQH","8","10000111","10000111.0","Success","0.00026"
"8DNZ","8","100101","100101.0","Success","0.00058"
"2WKN","8","10000111","10000111.0","Success","0.00024"
"5PQY","8","111011","111011.0","Success","0.00089"
"6UYP","8","11011000","11011000.0","Success","0.00144"
"8ETJ","8","101110","101110.0","Success","0.00019"
"3T1E","8","1110010","1110010.0","Success","0.00044"
"5N2F","8","11010111","11010111.0","Success","0.00083"
"1CBW","8","10100101","10100101.0","Success","0.00054"
"190L","8","10000000","10000000.0","Success","0.00109"
"4YA5","8","110001","110001.0","Success","0.00018"
"1R89","8","1","1.0","Success","0.00064"
"5ZES","8","11101000","11101000.0","Success","0.00052"
"5K7X","8","11100","11100.0","Success","0.0003"
"8RNR","8","11111010","11111010.0","Success","0.00063"
"1B87","8","10","10.0","Success","0.00105"
"6QGO","8","110110","110110.0","Success","0.00065"
"1KR6","8","10111000","10111000.0","Success","0.00077"
"9HFW","8","11110001","11110001.0","Success","0.00116"
"2Q9F","8","1101","1101.0","Success","0.00068"
"2J3D","8","1010101","1010101.0","Success","0.00059"
"4AG6","8","11000100","11000100.0","Success","0.00041"
"2YGA","8","1011010","1011010.0","Success","0.00095"
"2QPT","8","1001101","1001101.0","Success","0.00062"
"6PN3","8","1001010","1001010.0","Success","0.00048"
"9FM8","8","11110010","11110010.0","Success","0.00081"
"1GW4","8","11000","11000.0","Success","0.00206"
"8HLF","8","11010011","11010011.0","Success","0.00088"
"4CYG","8","10000001","10000001.0","Success","0.00046"
"6HRD","8","11011111","11011111.0","Success","0.00032"
"6K65","8","101010","101010.0","Success","0.0008"
"4LRB","8","10010000","10010000.0","Success","0.00041"
"5AYW","8","101110","101110.0","Success","0.00036"
"8DSL","8","110101","110101.0","Success","0.00053"
"1QIM","8","10100110","10100110.0","Success","0.00058"
"9NZ6","8","111001","111001.0","Success","0.00029"
"8W5F","8","10101111","10101111.0","Success","0.00063"
"4JCE","8","1000111","1000111.0","Success","0.00038"
"4NXT","8","11000000","11000000.0","Success","0.00038"
"6DEW","8","10100000","10100000.0","Success","0.00042"
"7XVZ","8","11001100","11001100.0","Success","0.00064"
"2NPA","8","10101000","10101000.0","Success","0.00057"
"7EFX","8","110000","110000.0","Success","0.00112"
"4MSF","8","10001010","10001010.0","Success","0.00053"
"7XTY","8","1001010","1001010.0","Success","0.001"
"4C9Z","8","1110101","1110101.0","Success","0.0007"
"2NLB","8","11011110","11011110.0","Success","0.00116"
"6ZXO","8","11000011","11000011.0","Success","0.00034"
"1K9V","8","10010101","10010101.0","Success","0.00097"
"6X3V","8","11000110","11000110.0","Success","0.0003"
"4ND5","8","11000011","11000011.0","Success","0.00039"
"3FF6","8","1000010","1000010.0","Success","0.00026"
"1AT5","8","1000011","1000011.0","Success","0.00125"
"7KL2","8","10111","10111.0","Success","0.00081"
"1URC","8","1011001","1011001.0","Success","0.0004"
"7LYM","8","10010000","10010000.0","Success","0.00025"
"6RVG","8","11011100","11011100.0","Success","0.00082"
"1CXE","8","11100000","11100000.0","Success","0.00053"
"9ICG","8","1011011","1011011.0","Success","0.00075"
"3CHH","8","11110101","11110101.0","Success","0.00057"
"1GTG","8","11100101","11100101.0","Success","0.00072"
"1T61","8","1000110","1000110.0","Success","0.00038"
"2V3E","8","1011110","1011110.0","Success","0.00042"
"8BY3","8","11011","11011.0","Success","0.00055"
"1FGV","8","10111","10111.0","Success","0.00091"
"4GGR","8","111","111.0","Success","0.00134"
"3GFK","8","11100101","11100101.0","Success","0.00096"
"6JZF","8","10010011","10010011.0","Success","0.0008"
"6XTZ","8","1011110","1011110.0","Success","0.00067"
"6D3W","8","1011000","1011000.0","Success","0.00061"
"7ADB","8","10000001","10000001.0","Success","0.00017"
"8GGY","8","10001110","10001110.0","Success","0.00081"
"3RU8","8","1000101","1000101.0","Success","0.00052"
"5V7J","8","10010100","10010100.0","Success","0.00035"
"6U9U","8","111001","111001.0","Success","0.00067"
"2HT8","8","100010","100010.0","Success","0.00071"
"5JTW","8","11101000","11101000.0","Success","0.00025"
"1Z5U","8","11110000","11110000.0","Success","0.00049"
"5LSU","8","11111011","11111011.0","Success","0.00067"
"4JAJ","8","1111000","1111000.0","Success","0.00083"
"6XC7","8","10011111","10011111.0","Success","0.00042"
"4ZPE","8","10111110","10111110.0","Success","0.00072"
"7WOX","8","11001100","11001100.0","Success","0.00061"
"5INF","8","1010011","1010011.0","Success","0.00026"
"6VYK","8","10010101","10010101.0","Success","0.00031"
"4E01","8","10111011","10111011.0","Success","0.00079"
"3SOW","8","10","10.0","Success","0.0012"
"2QKD","8","111000","111000.0","Success","0.00072"
"4ENT","8","10111","10111.0","Success","0.00026"
"5IK7","8","10100000","10100000.0","Success","0.00049"
"7RWC","8","11110111","11110111.0","Success","0.00034"
"1J7A","8","10101000","10101000.0","Success","0.00141"
"3TXQ","8","110","110.0","Success","0.00046"
"5A4D","8","10000101","10000101.0","Success","0.00028"
"7FNE","8","111100","111100.0","Success","0.0006"
"1BVN","8","11000101","11000101.0","Success","0.00058"
"5KN7","8","10110010","10110010.0","Success","0.00078"
"1RKJ","8","10010010","10010010.0","Success","0.00028"
"8KEQ","8","10010010","10010010.0","Success","0.00022"
"6W26","8","1001100","1001100.0","Success","0.00058"
"3T2K","8","1010011","1010011.0","Success","0.00068"
"1QAW","8","1100000","1100000.0","Success","0.00051"
"5HFN","8","10011110","10011110.0","Success","0.00035"
"5N53","8","1100001","1100001.0","Success","0.00068"
"4GJD","8","10111110","10111110.0","Success","0.00055"
"2EGU","8","1100110","1100110.0","Success","0.00084"
"2WTX","8","101000","101000.0","Success","0.00032"
"8B9P","8","100011","100011.0","Success","0.00039"
"1MOK","8","1011010","1011010.0","Success","0.0003"
"5UNI","8","100100","100100.0","Success","0.00075"
"7A52","8","10100110","10100110.0","Success","0.00052"
"2KPI","8","10000001","10000001.0","Success","0.00041"
"3QVB","8","1100100","1100100.0","Success","0.00087"
"4CTJ","8","101110","101110.0","Success","0.00062"
"2GBA","8","1101010","1101010.0","Success","0.00135"
"6AUL","8","11110111","11110111.0","Success","0.00124"
"1T7N","8","10101011","10101011.0","Success","0.00055"
"6HMR","8","1101","1101.0","Success","0.00059"
"2B2W","8","11111000","11111000.0","Success","0.00065"
"2X4X","8","11011000","11011000.0","Success","0.00058"
"3JCA","8","10011100","10011100.0","Success","0.00039"
"7LJJ","8","11111010","11111010.0","Success","0.00061"
"6YLI","8","1110011","1110011.0","Success","0.00074"
"5KEU","8","1010100","1010100.0","Success","0.00058"
"3RZ7","8","10101","10101.0","Success","0.00084"
"8Z1Y","8","1101101","1101101.0","Success","0.00033"
"6BN6","8","1011001","1011001.0","Success","0.00063"
"5C46","8","10011011","10011011.0","Success","0.00054"
"5BUP","8","10111100","10111100.0","Success","0.00107"
"8EUA","8","100010","100010.0","Success","0.00079"
"6F6K","8","10111111","10111111.0","Success","0.00059"
"8DF7","8","1001100","1001100.0","Success","0.00033"
"2DY5","8","1110","1110.0","Success","0.00094"
"5NPC","8","1101110","1101110.0","Success","0.00049"
"3NGF","8","11101011","11101011.0","Success","0.00061"
"8REL","8","10010000","10010000.0","Success","0.00049"
"7CP9","8","10011110","10011110.0","Success","0.00044"
"4XZA","8","1110110","1110110.0","Success","0.0005"
"7O9J","8","111100","111100.0","Success","0.00053"
"2WCX","8","1010101","1010101.0","Success","0.00061"
"2BCB","8","11111001","11111001.0","Success","0.00028"
"1SJU","8","1011011","1011011.0","Success","0.00044"
"6NHQ","8","11111","11111.0","Success","0.00037"
"5KV8","8","11110110","11110110.0","Success","0.00047"
"1D5R","8","110001","110001.0","Success","0.00079"
"3P44","8","101010","101010.0","Success","0.00085"
"1MAL","8","1011001","1011001.0","Success","0.00038"
"2MEM","8","11100001","11100001.0","Success","0.00028"
"5N7I","8","10101","10101.0","Success","0.00093"
"3VV6","8","10111101","10111101.0","Success","0.00073"
"8IGC","8","10101101","10101101.0","Success","0.00105"
"3LHL","8","10000010","10000010.0","Success","0.00083"
"3MXJ","8","10110","10110.0","Success","0.00066"
"2WBK","8","1101011","1101011.0","Success","0.00034"
"1ISY","8","10010000","10010000.0","Success","0.00046"
"6TCN","8","1111111","1111111.0","Success","0.00047"
"4FFX","8","1001","1001.0","Success","0.00033"
"2DAO","8","10010011","10010011.0","Success","0.00028"
"7VBH","8","1110111","1110111.0","Success","0.00041"
"1OUX","8","1101","1101.0","Success","0.00065"
"7AVV","8","11011011","11011011.0","Success","0.00067"
"3ITO","8","1000010","1000010.0","Success","0.00034"
"4J82","8","1110010","1110010.0","Success","0.00055"
"1WEP","8","10110111","10110111.0","Success","0.00035"
"3EGS","8","1100110","1100110.0","Success","0.00067"
"3V74","8","11010010","11010010.0","Success","0.00071"
"5IKP","8","11101010","11101010.0","Success","0.0005"
"6CD1","8","101110","101110.0","Success","0.00024"
"2DB4","8","10011100","10011100.0","Success","0.00034"
"4R26","8","1010010","1010010.0","Success","0.00066"
"1R9L","8","11110000","11110000.0","Success","0.0008"
"5UZU","8","11011001","11011001.0","Success","0.00054"
"9BLT","8","1011101","1011101.0","Success","0.00047"
"7WOO","8","11110110","11110110.0","Success","0.00015"
"1C9O","8","11001110","11001110.0","Success","0.00123"
"4OC5","8","10101","10101.0","Success","0.00052"
"1MIM","8","1001001","1001001.0","Success","0.00066"
"8J7K","8","10101010","10101010.0","Success","0.00052"
"2M2N","8","111111","111111.0","Success","0.00035"
"7G4T","8","11100110","11100110.0","Success","0.0005"
"7E15","8","11011001","11011001.0","Success","0.00041"
"6O6M","8","11000011","11000011.0","Success","0.00036"
"8PX4","8","11110001","11110001.0","Success","0.00075"
"4YQP","8","1111","1111.0","Success","0.0009"
"2ITG","8","100011","100011.0","Success","0.00111"
"6NAQ","8","11000001","11000001.0","Success","0.00028"
"4ECZ","8","10001101","10001101.0","Success","0.00066"
"6PA0","8","11000111","11000111.0","Success","0.00061"
"6QPH","8","1000011","1000011.0","Success","0.00026"
"1L6O","8","11011101","11011101.0","Success","0.00082"
"5KT5","8","1110010","1110010.0","Success","0.00074"
"8GKR","8","10011011","10011011.0","Success","0.00066"
"8YUE","8","100010","100010.0","Success","0.00051"
"1MAB","8","1111111","1111111.0","Success","0.00042"
"4TYW","8","1110111","1110111.0","Success","0.00061"
"8ONW","8","11011011","11011011.0","Success","0.00054"
"6TFS","8","10010110","10010110.0","Success","0.00044"
"5N56","8","10011011","10011011.0","Success","0.00067"
"4WEM","8","1100000","1100000.0","Success","0.00074"
"3HAB","8","111010","111010.0","Success","0.00036"
"8V7B","8","11110","11110.0","Success","0.00065"
"8W8R","8","10110111","10110111.0","Success","0.00041"
"7JGT","8","10110101","10110101.0","Success","0.00148"
"4D41","8","110100","110100.0","Success","0.0003"
"3LBB","8","1101110","1101110.0","Success","0.00086"
"4DPT","8","11110","11110.0","Success","0.00055"
"7P4B","8","11111100","11111100.0","Success","0.00035"
"5THU","8","1100100","1100100.0","Success","0.00051"
"3UQZ","8","1101111","1101111.0","Success","0.00046"
"5QN2","8","10110110","10110110.0","Success","0.00073"
"5DN3","8","1000100","1000100.0","Success","0.00083"
"1V7Y","8","1010011","1010011.0","Success","0.00061"
"4U7N","8","10110010","10110010.0","Success","0.00067"
"9B68","8","11010100","11010100.0","Success","0.00036"
"6IPE","8","11010010","11010010.0","Success","0.00072"
"3N31","8","110100","110100.0","Success","0.00089"
"3G0S","8","110011","110011.0","Success","0.00055"
"4ZKX","8","1011110","1011110.0","Success","0.00038"
"2QZ9","8","100000","100000.0","Success","0.00044"
"5H2G","8","10111111","10111111.0","Success","0.00057"
"129L","8","11100011","11100011.0","Success","0.0011"
"4WLU","8","1111001","1111001.0","Success","0.00039"
"2KM8","8","100001","100001.0","Success","0.00028"
"3IIR","8","10001110","10001110.0","Success","0.00073"
"4FS7","8","111001","111001.0","Success","0.00066"
"6P0W","8","1111111","1111111.0","Success","0.00097"
"2AOC","8","11011010","11011010.0","Success","0.00099"
"2K4R","8","10100010","10100010.0","Success","0.00029"
"6CNK","8","11101","11101.0","Success","0.00026"
"4IYR","8","11111111","11111111.0","Success","0.00066"
"2H5Q","8","1001101","1001101.0","Success","0.00091"
"8CMB","8","10101101","10101101.0","Success","0.00069"
"4RDA","8","101111","101111.0","Success","0.00067"
"8FBC","8","100101","100101.0","Success","0.00051"
"5PTA","8","11001011","11001011.0","Success","0.00085"
"2LZT","8","1010011","1010011.0","Success","0.00123"
"2YF2","8","1001111","1001111.0","Success","0.00074"
"6F2D","8","111","111.0","Success","0.00034"
"3AA8","8","111","111.0","Success","0.00077"
"6EB4","8","10100001","10100001.0","Success","0.00057"
"8TEF","8","1110101","1110101.0","Success","0.00031"
"3G9Z","8","1100110","1100110.0","Success","0.0008"
"3FK9","8","10011110","10011110.0","Success","0.00081"
"7YXC","8","11110010","11110010.0","Success","0.0009"
"7YZ9","8","11100011","11100011.0","Success","0.00078"
"6RT0","8","11001011","11001011.0","Success","0.0005"
"6C4Z","8","10100011","10100011.0","Success","0.00065"
"2ZDY","8","11111010","11111010.0","Success","0.00051"
"8WIA","8","1000101","1000101.0","Success","0.0005"
"7MU1","8","100100","100100.0","Success","0.00083"
"4LIP","8","1100000","1100000.0","Success","0.00055"
"9B21","8","1110001","1110001.0","Success","0.00066"
"2YA8","8","1001000","1001000.0","Success","0.00044"
"1AG4","8","1111000","1111000.0","Success","0.00138"
"2FMK","8","10111010","10111010.0","Success","0.00116"
"5Y6H","8","111111","111111.0","Success","0.00129"
"1BPL","8","1000011","1000011.0","Success","0.00061"
"7YLW","8","10000100","10000100.0","Success","0.00015"
"1O2H","8","1000011","1000011.0","Success","0.00094"
"8CJ8","8","1110","1110.0","Success","0.00027"
"6HM1","8","11101111","11101111.0","Success","0.0007"
"1PKX","8","1001111","1001111.0","Success","0.00029"
"3UCN","8","11100000","11100000.0","Success","0.00062"
"3W16","8","10000","10000.0","Success","0.00089"
"6GBK","8","11111000","11111000.0","Success","0.00054"
"1QC6","8","1111000","1111000.0","Success","0.00096"
"7DZ3","8","10110011","10110011.0","Success","0.00041"
"1GNF","8","11011011","11011011.0","Success","0.00041"
"9L0D","8","1001011","1001011.0","Success","0.00034"
"5KQO","8","11010011","11010011.0","Success","0.00048"
"8D7H","8","101111","101111.0","Success","0.00034"
"4DYN","8","11011110","11011110.0","Success","0.00048"
"1VBB","8","11111011","11111011.0","Success","0.00048"
"2WEI","8","101100","101100.0","Success","0.0008"
"4ANV","8","11111011","11111011.0","Success","0.00047"
"3U7W","8","1110011","1110011.0","Success","0.00066"
"1ZDA","8","11000110","11000110.0","Success","0.00047"
"7RTA","8","10101000","10101000.0","Success","0.00064"
"8H6D","8","1100100","1100100.0","Success","0.00038"
"4EIF","8","1110111","1110111.0","Success","0.00148"
"6O26","8","11001001","11001001.0","Success","0.00067"
"2IIJ","8","10110110","10110110.0","Success","0.00024"
"1BHF","8","1100","1100.0","Success","0.00132"
"3DIE","8","1100100","1100100.0","Success","0.00091"
"1A6N","8","1","1.0","Success","0.00109"
"7YE6","8","1101110","1101110.0","Success","0.00034"
"5VZS","8","1100101","1100101.0","Success","0.00086"
"1I32","8","10011001","10011001.0","Success","0.00029"
"6Q77","8","11101","11101.0","Success","0.0013"
"6Y7L","8","11110000","11110000.0","Success","0.00132"
"8TRK","8","1100001","1100001.0","Success","0.00034"
"7MNI","8","110101","110101.0","Success","0.00041"
"5AHK","8","11","11.0","Success","0.00041"
"4KUG","8","11011110","11011110.0","Success","0.00042"
"1D2F","8","10101110","10101110.0","Success","0.0005"
"3VV0","8","110","110.0","Success","0.0009"
"1HZM","8","10000001","10000001.0","Success","0.00115"
"4I02","8","1010101","1010101.0","Success","0.00039"
"4QU7","8","11000","11000.0","Success","0.00079"
"6HDF","8","11","11.0","Success","0.00066"
"8TAU","8","1000001","1000001.0","Success","0.00014"
"2EBL","8","10100011","10100011.0","Success","0.00033"
"3F81","8","1100101","1100101.0","Success","0.00073"
"7SKS","8","1101010","1101010.0","Success","0.00059"
"3PR4","8","10111111","10111111.0","Success","0.00074"
"6RMW","8","1001001","1001001.0","Success","0.00026"
"1TCS","8","10110100","10110100.0","Success","0.00087"
"6HBU","8","11111000","11111000.0","Success","0.00041"
"6UG8","8","11011011","11011011.0","Success","0.00067"
"5N8Q","8","100001","100001.0","Success","0.00063"
"8QHW","8","1100110","1100110.0","Success","0.00095"
"3VJF","8","11110","11110.0","Success","0.00099"
"3K4N","8","101100","101100.0","Success","0.00041"
"3LD1","8","11001101","11001101.0","Success","0.00073"
"8JEJ","8","11001101","11001101.0","Success","0.00041"
"9JNT","8","1111101","1111101.0","Success","0.00037"
"7OQE","8","10001111","10001111.0","Success","0.00015"
"7DHS","8","10011100","10011100.0","Success","0.00088"
"2WHN","8","1011010","1011010.0","Success","0.00098"
"3UQB","8","11110000","11110000.0","Success","0.00099"
"1Z4Z","8","11100101","11100101.0","Success","0.00064"
"1I8N","8","11001100","11001100.0","Success","0.00085"
"4JT8","8","1010001","1010001.0","Success","0.00085"
"2H8W","8","11111001","11111001.0","Success","0.00026"
"8HAR","8","11100111","11100111.0","Success","0.00052"
"2PNA","8","10010010","10010010.0","Success","0.00029"
"6CJ4","8","10010000","10010000.0","Success","0.0009"
"1C7W","8","10011","10011.0","Success","0.00171"
"4FB9","8","1111","1111.0","Success","0.00042"
"181L","8","11100010","11100010.0","Success","0.00112"
"7CBC","8","11101000","11101000.0","Success","0.00055"
"1MI3","8","11110000","11110000.0","Success","0.0004"
"5JCO","8","101100","101100.0","Success","0.0002"
"2VT4","8","11011","11011.0","Success","0.00042"
"6OQ4","8","110101","110101.0","Success","0.00064"
"2X5S","8","1000011","1000011.0","Success","0.00053"
"3BG1","8","11100110","11100110.0","Success","0.00026"
"4WB4","8","1001011","1001011.0","Success","0.00153"
"2PKE","8","10011011","10011011.0","Success","0.00065"
"4AMJ","8","1001100","1001100.0","Success","0.00059"
"3CCS","8","10011100","10011100.0","Success","0.00023"
"1J83","8","111100","111100.0","Success","0.00072"
"5I68","8","10101000","10101000.0","Success","0.00053"
"2F2K","8","1","1.0","Success","0.00078"
"3JRQ","8","11111011","11111011.0","Success","0.00064"
"1EI1","8","1100011","1100011.0","Success","0.0005"
"2EJ5","8","10010001","10010001.0","Success","0.0006"
"3DMO","8","11100000","11100000.0","Success","0.00061"
"1A7V","8","10000011","10000011.0","Success","0.00086"
"4A1I","8","1011111","1011111.0","Success","0.00038"
"5F3G","8","10110101","10110101.0","Success","0.00037"
"4WCF","8","11100110","11100110.0","Success","0.00045"
"4DFI","8","1101010","1101010.0","Success","0.00122"
"3ICF","8","100100","100100.0","Success","0.00055"
"8JCK","8","10001100","10001100.0","Success","0.00076"
"5U8O","8","100100","100100.0","Success","0.00036"
"7ADN","8","11111000","11111000.0","Success","0.00072"
"4O9E","8","11010101","11010101.0","Success","0.00082"
"5VJI","8","1001100","1001100.0","Success","0.00081"
"4BB7","8","10110100","10110100.0","Success","0.00045"
"5MAW","8","1111011","1111011.0","Success","0.00072"
"3KKW","8","10000000","10000000.0","Success","0.00106"
"4E3J","8","1000111","1000111.0","Success","0.00053"
"7KCV","8","10011011","10011011.0","Success","0.00075"
"8BXM","8","11110110","11110110.0","Success","0.0009"
"1O7H","8","11101100","11101100.0","Success","0.00055"
"6T76","8","1101","1101.0","Success","0.00054"
"2PAX","8","1101100","1101100.0","Success","0.00073"
"4HAK","8","10101100","10101100.0","Success","0.00063"
"7ARF","8","111100","111100.0","Success","0.0008"
"1I4V","8","11010111","11010111.0","Success","0.00021"
"4EUX","8","1011000","1011000.0","Success","0.00048"
"6P3J","8","11111011","11111011.0","Success","0.00051"
"7CAC","8","11111110","11111110.0","Success","0.00024"
"7V1M","8","11110110","11110110.0","Success","0.00043"
"2EBG","8","11011110","11011110.0","Success","0.00094"
"8BPP","8","1101010","1101010.0","Success","0.00043"
"5JEL","8","101000","101000.0","Success","0.0009"
"9JTW","8","10100011","10100011.0","Success","0.0005"
"9C6W","8","1011010","1011010.0","Success","0.00048"
"3IVB","8","11110101","11110101.0","Success","0.00111"
"1BZ7","8","10110010","10110010.0","Success","0.00067"
"1SQP","8","10110","10110.0","Success","0.0003"
"4NYL","8","111011","111011.0","Success","0.00037"
"1Z6J","8","1001001","1001001.0","Success","0.00055"
"2MZ6","8","10000000","10000000.0","Success","0.00225"
"8FV2","8","10000101","10000101.0","Success","0.00063"
"1K1J","8","11110","11110.0","Success","0.00096"
"3KKL","8","10100001","10100001.0","Success","0.00069"
"1DGW","8","10110011","10110011.0","Success","0.00074"
"3KWZ","8","11110000","11110000.0","Success","0.00095"
"3HWB","8","110000","110000.0","Success","0.00053"
"7Y4T","8","10011010","10011010.0","Success","0.00085"
"2J0Y","8","1010010","1010010.0","Success","0.00038"
"5UA2","8","10100","10100.0","Success","0.00105"
"8EGZ","8","11010100","11010100.0","Success","0.00048"
"6E4U","8","11010","11010.0","Success","0.00047"
"6MUN","8","11011011","11011011.0","Success","0.00027"
"5BT8","8","1100100","1100100.0","Success","0.00029"
"3IWW","8","100010","100010.0","Success","0.00052"
"4A7C","8","11000010","11000010.0","Success","0.00083"
"4LGG","8","11001100","11001100.0","Success","0.00064"
"6L29","8","1001","1001.0","Success","0.00091"
"6WJT","8","1011011","1011011.0","Success","0.00047"
"1WU1","8","11011110","11011110.0","Success","0.00081"
"2HK2","8","11100101","11100101.0","Success","0.00053"
"2IGY","8","10100001","10100001.0","Success","0.00054"
"4DYL","8","10100111","10100111.0","Success","0.00071"
"9JMD","8","10101101","10101101.0","Success","0.00041"
"3KQJ","8","1000","1000.0","Success","0.00066"
"4S29","8","1101100","1101100.0","Success","0.00064"
"5P1J","8","11111","11111.0","Success","0.00075"
"6KWV","8","1001101","1001101.0","Success","0.00088"
"8YNL","8","1100100","1100100.0","Success","0.00035"
"6LKF","8","10000011","10000011.0","Success","0.00026"
"1JJG","8","1010001","1010001.0","Success","0.0003"
"4H3F","8","11001","11001.0","Success","0.0005"
"4AS5","8","10101","10101.0","Success","0.00041"
"6KJW","8","110110","110110.0","Success","0.00115"
"3QBK","8","11110101","11110101.0","Success","0.00049"
"7TJX","8","10101010","10101010.0","Success","0.00024"
"1QOX","8","1010111","1010111.0","Success","0.00016"
"4YAF","8","1011111","1011111.0","Success","0.00038"
"6OX0","8","11011010","11011010.0","Success","0.00042"
"1FW9","8","110000","110000.0","Success","0.00112"
"2DCT","8","10010101","10010101.0","Success","0.00096"
"5CBZ","8","1111110","1111110.0","Success","0.0008"
"6V1M","8","10001000","10001000.0","Success","0.00091"
"2ENY","8","10101101","10101101.0","Success","0.0003"
"1FRS","8","10010010","10010010.0","Success","0.00071"
"1H35","8","10111000","10111000.0","Success","0.00033"
"6MGU","8","1110101","1110101.0","Success","0.00053"
"8R2C","8","1000101","1000101.0","Success","0.00107"
"5SEE","8","1111101","1111101.0","Success","0.00078"
"8X01","8","10101100","10101100.0","Success","0.00034"
"7VGZ","8","10111","10111.0","Success","0.00042"
"4LV5","8","11000110","11000110.0","Success","0.00049"
"5WQT","8","10111101","10111101.0","Success","0.00071"
"7DMR","8","10111001","10111001.0","Success","0.00057"
"2XRX","8","10000111","10000111.0","Success","0.00016"
"6LBB","8","11001101","11001101.0","Success","0.00055"
"5VYR","8","10010101","10010101.0","Success","0.00062"
"6RJ0","8","11001111","11001111.0","Success","0.00063"
"7CE8","8","11011001","11011001.0","Success","0.00029"
"6D46","8","100000","100000.0","Success","0.00072"
"5KKE","8","11100111","11100111.0","Success","0.00132"
"4EMF","8","110001","110001.0","Success","0.00088"
"7DVJ","8","1111111","1111111.0","Success","0.00056"
"5FVR","8","1011100","1011100.0","Success","0.00048"
"7ZBG","8","111111","111111.0","Success","0.00075"
"5FRO","8","11011001","11011001.0","Success","0.0006"
"1YYF","8","10101100","10101100.0","Success","0.0004"
"6OA1","8","11101100","11101100.0","Success","0.0006"
"4Q48","8","1101100","1101100.0","Success","0.00044"
"4DEY","8","1100111","1100111.0","Success","0.00077"
"6ZP7","8","10010111","10010111.0","Success","0.00026"
"5IH8","8","10011010","10011010.0","Success","0.0008"
"1U5T","8","11011001","11011001.0","Success","0.00052"
"2N66","8","110010","110010.0","Success","0.00043"
"1KBF","8","111110","111110.0","Success","0.00044"
"3J46","8","1001100","1001100.0","Success","0.00041"
"6WHU","8","1101001","1101001.0","Success","0.00023"
"8F2R","8","11011011","11011011.0","Success","0.00032"
"2PFR","8","10000001","10000001.0","Success","0.00055"
"5B6Q","8","111110","111110.0","Success","0.00109"
"1B5Q","8","1001100","1001100.0","Success","0.00038"
"4LGQ","8","1001010","1001010.0","Success","0.00061"
"6OVP","8","110010","110010.0","Success","0.00087"
"2ZTI","8","1000","1000.0","Success","0.00103"
"6EMH","8","1000000","1000000.0","Success","0.00036"
"2JA3","8","11101110","11101110.0","Success","0.00042"
"7YCJ","8","10111011","10111011.0","Success","0.0006"
"4AV5","8","1111100","1111100.0","Success","0.00053"
"3Q7P","8","1011","1011.0","Success","0.00082"
"1BC3","8","10011010","10011010.0","Success","0.00078"
"1QG6","8","10011011","10011011.0","Success","0.00043"
"5W9E","8","10011111","10011111.0","Success","0.00066"
"2FFV","8","1110101","1110101.0","Success","0.00044"
"5MFW","8","100000","100000.0","Success","0.00059"
"6R57","8","10000100","10000100.0","Success","0.00068"
"7Q9M","8","1010000","1010000.0","Success","0.00023"
"8SMI","8","10011010","10011010.0","Success","0.00057"
"2ZVB","8","1000","1000.0","Success","0.00085"
"6RGZ","8","11011000","11011000.0","Success","0.0005"
"3X1T","8","11111010","11111010.0","Success","0.0005"
"4DMN","8","11011110","11011110.0","Success","0.00115"
"3O83","8","11111011","11111011.0","Success","0.00046"
"7JTL","8","11001001","11001001.0","Success","0.00093"
"3RR7","8","1110010","1110010.0","Success","0.00063"
"5SY7","8","111001","111001.0","Success","0.0006"
"2CCB","8","10001001","10001001.0","Success","0.00172"
"1QG8","8","10000000","10000000.0","Success","0.00091"
"5NZL","8","10111001","10111001.0","Success","0.00062"
"3MO0","8","111","111.0","Success","0.00064"
"7DUK","8","11001110","11001110.0","Success","0.00029"
"7XUM","8","110111","110111.0","Success","0.0005"
"9BS0","8","10010110","10010110.0","Success","0.00026"
"7U7J","8","1001001","1001001.0","Success","0.00064"
"6W2X","8","110000","110000.0","Success","0.00037"
"8AEW","8","1011010","1011010.0","Success","0.00042"
"1PBB","8","10000111","10000111.0","Success","0.00066"
"2EA4","8","111","111.0","Success","0.0007"
"3VWD","8","11000011","11000011.0","Success","0.00101"
"3F9T","8","10011","10011.0","Success","0.00049"
"8Y5V","8","11010","11010.0","Success","0.0008"
"7BY1","8","10100101","10100101.0","Success","0.00059"
"2GC9","8","11111000","11111000.0","Success","0.00076"
"1G59","8","11010010","11010010.0","Success","0.00043"
"5UL4","8","11111011","11111011.0","Success","0.00053"
"9NOR","8","11000111","11000111.0","Success","0.00035"
"1JQ3","8","1111000","1111000.0","Success","0.0004"
"8HHS","8","10111011","10111011.0","Success","0.00021"
"2NQM","8","11110010","11110010.0","Success","0.00053"
"2WNR","8","1001101","1001101.0","Success","0.00037"
"7GMJ","8","110","110.0","Success","0.00057"
"6HUZ","8","1000010","1000010.0","Success","0.00075"
"7R5G","8","111110","111110.0","Success","0.00081"
"6XE1","8","111001","111001.0","Success","0.00056"
"3IRC","8","110110","110110.0","Success","0.00137"
"1GG8","8","1011011","1011011.0","Success","0.00047"
"7G5L","8","11101000","11101000.0","Success","0.00049"
"8TXR","8","1000111","1000111.0","Success","0.00029"
"3ZZI","8","1110010","1110010.0","Success","0.00023"
"7CXR","8","10100000","10100000.0","Success","0.00055"
"1XRP","8","1001","1001.0","Success","0.0008"
"3ONR","8","1001011","1001011.0","Success","0.00047"
"6K4E","8","101111","101111.0","Success","0.00064"
"3MBJ","8","1101001","1101001.0","Success","0.00085"
"6BCQ","8","1100010","1100010.0","Success","0.00021"
"7TAE","8","11110010","11110010.0","Success","0.00092"
"3PUN","8","10101110","10101110.0","Success","0.00056"
"4I1A","8","10111001","10111001.0","Success","0.00055"
"5ROB","8","11","11.0","Success","0.00039"
"2RAW","8","110100","110100.0","Success","0.001"
"8WHQ","8","10000011","10000011.0","Success","0.00068"
"6KML","8","1001","1001.0","Success","0.00063"
"4ZVV","8","10110101","10110101.0","Success","0.00037"
"2ZO5","8","10101110","10101110.0","Success","0.00044"
"8TW0","8","1100110","1100110.0","Success","0.00157"
"8FG4","8","10011110","10011110.0","Success","0.00109"
"1PB0","8","11101111","11101111.0","Success","0.00052"
"5KUX","8","11","11.0","Success","0.00146"
"6DZM","8","10000010","10000010.0","Success","0.00033"
"1RFB","8","10100010","10100010.0","Success","0.00089"
"1FOB","8","11001110","11001110.0","Success","0.00077"
"7AT8","8","1010","1010.0","Success","0.0004"
"2MJA","8","1001111","1001111.0","Success","0.00028"
"3CIK","8","100100","100100.0","Success","0.00042"
"6ZU0","8","111001","111001.0","Success","0.00028"
"5ZW5","8","100010","100010.0","Success","0.0005"
"3ZQN","8","11110101","11110101.0","Success","0.00054"
"4DCS","8","1101001","1101001.0","Success","0.00068"
"9MFN","8","1111110","1111110.0","Success","0.00067"
"8AOF","8","10001100","10001100.0","Success","0.00074"
"2OY4","8","1100001","1100001.0","Success","0.00078"
"4Q88","8","11001010","11001010.0","Success","0.00052"
"3VFW","8","1001000","1001000.0","Success","0.00066"
"6A84","8","111001","111001.0","Success","0.00097"
"5WVC","8","1001010","1001010.0","Success","0.00057"
"3DAJ","8","11101101","11101101.0","Success","0.00089"
"7OVQ","8","10001101","10001101.0","Success","0.00027"
"1ZUI","8","1000110","1000110.0","Success","0.00108"
"3NM3","8","10100101","10100101.0","Success","0.00026"
"7Q49","8","101110","101110.0","Success","0.00056"
"5Z7N","8","11100010","11100010.0","Success","0.00059"
"3LPY","8","1101100","1101100.0","Success","0.0011"
"9ITE","8","11101010","11101010.0","Success","0.00041"
"5DM0","8","100100","100100.0","Success","0.00061"
"3T1I","8","1000100","1000100.0","Success","0.00035"
"5HPQ","8","110011","110011.0","Success","0.00089"
"1UY2","8","11100001","11100001.0","Success","0.00119"
"8W0B","8","10010010","10010010.0","Success","0.00032"
"6ZC7","8","11100001","11100001.0","Success","0.00104"
"6TFY","8","10100","10100.0","Success","0.00061"
"5KZ0","8","10011010","10011010.0","Success","0.00081"
"1V89","8","11110","11110.0","Success","0.00029"
"7EA7","8","11100000","11100000.0","Success","0.00091"
"8K2L","8","10011110","10011110.0","Success","0.00059"
"4P7E","8","10100010","10100010.0","Success","0.00059"
"5DG5","8","11101","11101.0","Success","0.00056"
"3GNP","8","111100","111100.0","Success","0.00064"
"1BRT","8","10000111","10000111.0","Success","0.00082"
"3HDQ","8","1101000","1101000.0","Success","0.00024"
"1JH3","8","10001111","10001111.0","Success","0.00031"
"7ZZR","8","10011000","10011000.0","Success","0.0004"
"5E8J","8","10111011","10111011.0","Success","0.00053"
"2P2C","8","10010000","10010000.0","Success","0.00028"
"7I2B","8","11110110","11110110.0","Success","0.00056"
"4U9Z","8","10100000","10100000.0","Success","0.00104"
"2BF1","8","11011110","11011110.0","Success","0.00078"
"6YOF","8","110111","110111.0","Success","0.00062"
"7GB1","8","11111000","11111000.0","Success","0.0008"
"4HIM","8","100","100.0","Success","0.00118"
"6X97","8","1100100","1100100.0","Success","0.00029"
"3K7H","8","110110","110110.0","Success","0.0011"
"3UC5","8","11100111","11100111.0","Success","0.00108"
"4MQP","8","1010100","1010100.0","Success","0.00046"
"3MEB","8","11110111","11110111.0","Success","0.00045"
"1L30","8","10111011","10111011.0","Success","0.00106"
"4PAY","8","1101","1101.0","Success","0.0004"
"3AFH","8","11011111","11011111.0","Success","0.00065"
"6XTF","8","100010","100010.0","Success","0.00048"
"7BGW","8","10101010","10101010.0","Success","0.00092"
"2GGX","8","1011001","1011001.0","Success","0.00067"
"6MXT","8","11010110","11010110.0","Success","0.00057"
"9NFK","8","11110100","11110100.0","Success","0.00046"
"6N2G","8","11100","11100.0","Success","0.00041"
"3GGQ","8","100111","100111.0","Success","0.00116"
"3TSY","8","11111110","11111110.0","Success","0.00048"
"8P28","8","1010000","1010000.0","Success","0.00027"
"2AJ9","8","1010010","1010010.0","Success","0.00055"
"1ZA4","8","10111","10111.0","Success","0.00095"
"5SXY","8","11001001","11001001.0","Success","0.00032"
"8U69","8","10010000","10010000.0","Success","0.00044"
"6X4Y","8","1010100","1010100.0","Success","0.00021"
"5IUI","8","110011","110011.0","Success","0.00079"
"6FGX","8","10110100","10110100.0","Success","0.00072"
"1F32","8","11011011","11011011.0","Success","0.00122"
"3MLR","8","110111","110111.0","Success","0.00065"
"3PO7","8","10100","10100.0","Success","0.00044"
"5UKA","8","1101101","1101101.0","Success","0.00047"
"4YPW","8","11101111","11101111.0","Success","0.00088"
"1AEN","8","1001","1001.0","Success","0.0008"
"4OLL","8","10001011","10001011.0","Success","0.00081"
"2Q5L","8","100","100.0","Success","0.00042"
"2KFU","8","1110111","1110111.0","Success","0.00025"
"1TVZ","8","1111","1111.0","Success","0.0007"
"8ONU","8","100000","100000.0","Success","0.00027"
"6E48","8","1101001","1101001.0","Success","0.00047"
"1KY2","8","1000001","1000001.0","Success","0.00104"
"5ZBB","8","1010001","1010001.0","Success","0.00052"
"5C5S","8","1001000","1001000.0","Success","0.00047"
"8KCC","8","1100110","1100110.0","Success","0.00039"
"8FNL","8","10100010","10100010.0","Success","0.0004"
"8V89","8","1100","1100.0","Success","0.00031"
"5DSC","8","11000011","11000011.0","Success","0.00033"
"5YBE","8","1010100","1010100.0","Success","0.00085"
"6ZGT","8","11100","11100.0","Success","0.00049"
"5I74","8","100001","100001.0","Success","0.00044"
"6P04","8","1101110","1101110.0","Success","0.00061"
"5WEJ","8","11010","11010.0","Success","0.00075"
"3OPL","8","11010111","11010111.0","Success","0.00084"
"1OSB","8","11100000","11100000.0","Success","0.0006"
"4XMD","8","1101101","1101101.0","Success","0.00101"
"1J06","8","111000","111000.0","Success","0.00043"
"3KAE","8","11011110","11011110.0","Success","0.00046"
"5ELY","8","1100010","1100010.0","Success","0.00052"
"8P4X","8","1100110","1100110.0","Success","0.00042"
"2LXM","8","11","11.0","Success","0.00031"
"2JN3","8","100010","100010.0","Success","0.00027"
"6UN9","8","1101110","1101110.0","Success","0.00084"
"6N1R","8","11010101","11010101.0","Success","0.00018"
"5CAB","8","10111010","10111010.0","Success","0.00084"
"8AM0","8","11010010","11010010.0","Success","0.00039"
"3JXF","8","1100110","1100110.0","Success","0.0006"
"6EE7","8","111110","111110.0","Success","0.0014"
"3DD7","8","101","101.0","Success","0.0008"
"6URY","8","11010110","11010110.0","Success","0.00059"
"1PNB","8","1111001","1111001.0","Success","0.00043"
"4O28","8","1100010","1100010.0","Success","0.00046"
"4UM5","8","1010111","1010111.0","Success","0.00051"
"6RCB","8","11011100","11011100.0","Success","0.00077"
"5CTT","8","11011101","11011101.0","Success","0.00063"
"2G9G","8","110100","110100.0","Success","0.00097"
"3HW1","8","10","10.0","Success","0.00042"
"8PA2","8","10100001","10100001.0","Success","0.00044"
"5Y9B","8","110110","110110.0","Success","0.00059"
"3NG0","8","11001110","11001110.0","Success","0.00063"
"3ELL","8","100100","100100.0","Success","0.00073"
"4JYB","8","11010","11010.0","Success","0.00054"
"8QEJ","8","11111000","11111000.0","Success","0.00055"
"8FK4","8","1110010","1110010.0","Success","0.00018"
"6B8C","8","1111111","1111111.0","Success","0.00126"
"1UDK","8","11011111","11011111.0","Success","0.00042"
"2FJK","8","11001100","11001100.0","Success","0.00041"
"1S12","8","1111001","1111001.0","Success","0.00072"
"3E0J","8","101100","101100.0","Success","0.00029"
"3OTL","8","10000110","10000110.0","Success","0.00081"
"4PO0","8","1101101","1101101.0","Success","0.00057"
"7AHO","8","1111100","1111100.0","Success","0.00033"
"7DC1","8","11100110","11100110.0","Success","0.0012"
"6A6T","8","10000101","10000101.0","Success","0.00065"
"5TU7","8","10100000","10100000.0","Success","0.00082"
"2QG8","8","1101010","1101010.0","Success","0.00119"
"4TXA","8","1110100","1110100.0","Success","0.00073"
"1X1S","8","1000010","1000010.0","Success","0.0011"
"5RXS","8","0","0.0","Success","0.0006"
"2BOA","8","100101","100101.0","Success","0.0005"
"8QT4","8","10100000","10100000.0","Success","0.00077"
"8YYU","8","1100101","1100101.0","Success","0.00042"
"7UDU","8","1011111","1011111.0","Success","0.00031"
"6EUG","8","10000","10000.0","Success","0.00071"
"4LEV","8","11001001","11001001.0","Success","0.00051"
"8HX0","8","1000","1000.0","Success","0.00032"
"7EGQ","8","1101001","1101001.0","Success","0.00016"
"2JD5","8","1001110","1001110.0","Success","0.00051"
"4HUU","8","10000","10000.0","Success","0.00048"
"7CDI","8","11","11.0","Success","0.00056"
"6OGZ","8","10010111","10010111.0","Success","0.00015"
"4C1A","8","10001100","10001100.0","Success","0.0012"
"5F3H","8","11011","11011.0","Success","0.0003"
"2VXG","8","11100100","11100100.0","Success","0.00083"
"3T7C","8","110001","110001.0","Success","0.00041"
"8JCB","8","10111101","10111101.0","Success","0.00031"
"7V3O","8","1010011","1010011.0","Success","0.00084"
"4CNJ","8","1010","1010.0","Success","0.00035"
"8XFE","8","111","111.0","Success","0.00027"
"5T1Y","8","100111","100111.0","Success","0.00047"
"8BGY","8","10111011","10111011.0","Success","0.00038"
"7EH2","8","11000011","11000011.0","Success","0.00017"
"8HV8","8","10010010","10010010.0","Success","0.00078"
"8BYZ","8","10100110","10100110.0","Success","0.00091"
"7P0C","8","10001011","10001011.0","Success","0.00079"
"4YSO","8","10110","10110.0","Success","0.00082"
"6SDZ","8","10100110","10100110.0","Success","0.00044"
"7XCN","8","11110011","11110011.0","Success","0.00021"
"7F5A","8","11001110","11001110.0","Success","0.00022"
"8WC0","8","11011011","11011011.0","Success","0.00046"
"5QCF","8","111101","111101.0","Success","0.00091"
"1JSW","8","10101011","10101011.0","Success","0.00033"
"4U7K","8","11001100","11001100.0","Success","0.00054"
"3WWH","8","1010010","1010010.0","Success","0.00076"
"2G3I","8","11000011","11000011.0","Success","0.00079"
"8WP6","8","101001","101001.0","Success","0.00104"
"3UZO","8","11","11.0","Success","0.00054"
"6Q30","8","11100000","11100000.0","Success","0.00062"
"3ZLS","8","110011","110011.0","Success","0.0008"
"2M9M","8","10001","10001.0","Success","0.00036"
"4KXN","8","101101","101101.0","Success","0.00062"
"2L89","8","11101","11101.0","Success","0.0003"
"2PM7","8","10001001","10001001.0","Success","0.00039"
"1G6M","8","1000110","1000110.0","Success","0.00042"
"2HJV","8","11100100","11100100.0","Success","0.00078"
"8E7U","8","11111000","11111000.0","Success","0.00049"
"1TPS","8","100011","100011.0","Success","0.00096"
"8BZV","8","10100110","10100110.0","Success","0.00068"
"3FDF","8","11101001","11101001.0","Success","0.00053"
"6W3N","8","11110101","11110101.0","Success","0.00057"
"9LC0","8","111110","111110.0","Success","0.00017"
"3O6Q","8","11111011","11111011.0","Success","0.00071"
"4XAE","8","111011","111011.0","Success","0.00053"
"1YOZ","8","10001001","10001001.0","Success","0.00094"
"2DBK","8","101001","101001.0","Success","0.00033"
"2CMF","8","11101111","11101111.0","Success","0.00059"
"4RPI","8","11100011","11100011.0","Success","0.00047"
"6LZ8","8","10010110","10010110.0","Success","0.00063"
"4REW","8","1011001","1011001.0","Success","0.0005"
"3RS9","8","10010110","10010110.0","Success","0.00062"
"4F9K","8","1110001","1110001.0","Success","0.00093"
"2HS3","8","10001010","10001010.0","Success","0.00058"
"1PCH","8","1000100","1000100.0","Success","0.0015"
"3RUW","8","10111001","10111001.0","Success","0.00031"
"3INL","8","10111011","10111011.0","Success","0.00022"
"6VOT","8","1001100","1001100.0","Success","0.00062"
"6VDI","8","110001","110001.0","Success","0.00056"
"4FHQ","8","1110001","1110001.0","Success","0.00138"
"3O1A","8","10100110","10100110.0","Success","0.00074"
"2GGN","8","11101","11101.0","Success","0.00085"
"9DK4","8","10010101","10010101.0","Success","0.00043"
"1ZA7","8","11101001","11101001.0","Success","0.00063"
"4NA1","8","10111001","10111001.0","Success","0.0004"
"8P0Q","8","11000101","11000101.0","Success","0.00039"
"5QN1","8","111111","111111.0","Success","0.00071"
"5OQF","8","11100000","11100000.0","Success","0.00049"
"4HMX","8","11110110","11110110.0","Success","0.00069"
"4GCL","8","1100101","1100101.0","Success","0.00036"
"4UQM","8","10101000","10101000.0","Success","0.00091"
"3FAO","8","11010001","11010001.0","Success","0.00097"
"1JLU","8","11010","11010.0","Success","0.00076"
"3BIF","8","10101000","10101000.0","Success","0.00068"
"5UUA","8","11111111","11111111.0","Success","0.00074"
"7NLQ","8","11101","11101.0","Success","0.0008"
"6Q7P","8","10010110","10010110.0","Success","0.00094"
"7UYO","8","10101100","10101100.0","Success","0.00087"
"2FNO","8","1100000","1100000.0","Success","0.00064"
"6TA2","8","1101010","1101010.0","Success","0.00045"
"7VZ8","8","1100110","1100110.0","Success","0.0002"
"3R8Q","8","10100100","10100100.0","Success","0.00086"
"5PB2","8","11001001","11001001.0","Success","0.00074"
"3K35","8","1011","1011.0","Success","0.00034"
"5F2A","8","1111000","1111000.0","Success","0.00115"
"5E35","8","1000000","1000000.0","Success","0.00062"
"1HIP","8","11001110","11001110.0","Success","0.00148"
"2NZ4","8","110011","110011.0","Success","0.0007"
"8I7X","8","1010111","1010111.0","Success","0.00028"
"6BQX","8","10011101","10011101.0","Success","0.00071"
"8TT3","8","10110001","10110001.0","Success","0.00025"
"1IGO","8","11111111","11111111.0","Success","0.00068"
"4TM0","8","1100010","1100010.0","Success","0.00035"
"8DWD","8","110111","110111.0","Success","0.00073"
"5XR5","8","100101","100101.0","Success","0.00095"
"5UMX","8","10010","10010.0","Success","0.0009"
"6R4F","8","110","110.0","Success","0.00039"
"8YOZ","8","10111010","10111010.0","Success","0.00111"
"4MR8","8","11100111","11100111.0","Success","0.00049"
"4V34","8","101111","101111.0","Success","0.00079"
"4ION","8","1010000","1010000.0","Success","0.00084"
"7W0H","8","1001110","1001110.0","Success","0.00015"
"8BSP","8","1011101","1011101.0","Success","0.00072"
"1JXH","8","10001011","10001011.0","Success","0.00064"
"7O36","8","100000","100000.0","Success","0.00067"
"5F7U","8","1001010","1001010.0","Success","0.00041"
"1GIN","8","11101101","11101101.0","Success","0.00067"
"6W24","8","10111011","10111011.0","Success","0.00024"
"5Z6S","8","110010","110010.0","Success","0.00085"
"5MJQ","8","1001001","1001001.0","Success","0.00075"
"7B41","8","10110111","10110111.0","Success","0.0008"
"2FMR","8","1100000","1100000.0","Success","0.0004"
"8C89","8","1011","1011.0","Success","0.00054"
"1ITO","8","10011111","10011111.0","Success","0.00088"
"4JQ9","8","10101101","10101101.0","Success","0.00024"
"2HOW","8","1100101","1100101.0","Success","0.00052"
"5GS2","8","1100011","1100011.0","Success","0.00041"
"7CD2","8","10000111","10000111.0","Success","0.00031"
"1S89","8","111111","111111.0","Success","0.00045"
"2HFK","8","10011010","10011010.0","Success","0.0006"
"4FUS","8","1110111","1110111.0","Success","0.00054"
"6HB7","8","10100","10100.0","Success","0.00047"
"1M03","8","11001111","11001111.0","Success","0.0006"
"3RG8","8","10010100","10010100.0","Success","0.00038"
"8G81","8","110001","110001.0","Success","0.00037"
"4C05","8","11100111","11100111.0","Success","0.0008"
"4FC1","8","11011100","11011100.0","Success","0.00202"
"3F2P","8","1110100","1110100.0","Success","0.00079"
"8GJ5","8","10000100","10000100.0","Success","0.00048"
"5DOO","8","10011001","10011001.0","Success","0.00042"
"1A3E","8","1001011","1001011.0","Success","0.0008"
"3CS2","8","11001","11001.0","Success","0.00036"
"2FDV","8","10011000","10011000.0","Success","0.00032"
"3UM8","8","1001110","1001110.0","Success","0.00042"
"5FBU","8","110110","110110.0","Success","0.00054"
"1AR4","8","11111100","11111100.0","Success","0.00069"
"7AWT","8","10000111","10000111.0","Success","0.00028"
"5FJY","8","110000","110000.0","Success","0.00047"
"5SEC","8","11101100","11101100.0","Success","0.00039"
"6RNI","8","10000110","10000110.0","Success","0.00074"
"7M8X","8","11110011","11110011.0","Success","0.00081"
"3AX3","8","11101000","11101000.0","Success","0.00078"
"6L6K","8","11101011","11101011.0","Success","0.00092"
"4DWA","8","1101010","1101010.0","Success","0.00078"
"7R44","8","10111011","10111011.0","Success","0.00015"
"1S7H","8","11010001","11010001.0","Success","0.00051"
"7LMN","8","110001","110001.0","Success","0.00065"
"6VIJ","8","111000","111000.0","Success","0.0007"
"2EW1","8","11100000","11100000.0","Success","0.00106"
"1BDC","8","11001010","11001010.0","Success","0.00056"
"2W0S","8","11001010","11001010.0","Success","0.00068"
"5FQV","8","10101010","10101010.0","Success","0.00092"
"5UAI","8","11101101","11101101.0","Success","0.0004"
"5X2E","8","11111100","11111100.0","Success","0.00156"
"7SQS","8","11110111","11110111.0","Success","0.00059"
"5P0W","8","1010111","1010111.0","Success","0.00077"
"5GRQ","8","1100000","1100000.0","Success","0.00088"
"6HWJ","8","1111010","1111010.0","Success","0.00046"
"7LW6","8","10101010","10101010.0","Success","0.00104"
"8XWK","8","11011","11011.0","Success","0.00042"
"6TXF","8","1011","1011.0","Success","0.00043"
"5KPT","8","100","100.0","Success","0.00072"
"8K2W","8","11001101","11001101.0","Success","0.00072"
"6GOY","8","10100100","10100100.0","Success","0.00089"
"5D2T","8","11110100","11110100.0","Success","0.00086"
"4U2Q","8","1111000","1111000.0","Success","0.00025"
"2WLB","8","11111000","11111000.0","Success","0.00097"
"2H62","8","100111","100111.0","Success","0.00069"
"9H87","8","11101000","11101000.0","Success","0.00131"
"4JEI","8","11001101","11001101.0","Success","0.00081"
"2C97","8","111101","111101.0","Success","0.00051"
"6GPZ","8","10100100","10100100.0","Success","0.00125"
"3BD4","8","100001","100001.0","Success","0.00092"
"5J4A","8","10000011","10000011.0","Success","0.00067"
"6E1A","8","11110011","11110011.0","Success","0.00062"
"1YY7","8","1011001","1011001.0","Success","0.00068"
"2COO","8","111011","111011.0","Success","0.00036"
"2K7I","8","1011111","1011111.0","Success","0.00028"
"8KHC","8","10101110","10101110.0","Success","0.00023"
"1GR7","8","10101110","10101110.0","Success","0.00058"
"7H5N","8","1110011","1110011.0","Success","0.00078"
"3BTT","8","10111011","10111011.0","Success","0.00084"
"6MOO","8","1000111","1000111.0","Success","0.00077"
"7TN6","8","11000110","11000110.0","Success","0.00083"
"1GA2","8","10011","10011.0","Success","0.00038"
"4EI5","8","1011100","1011100.0","Success","0.00035"
"7WQM","8","1110000","1110000.0","Success","0.00054"
"3EP4","8","1010111","1010111.0","Success","0.00081"
"2QJN","8","10010001","10010001.0","Success","0.00036"
"4MWV","8","11111001","11111001.0","Success","0.00068"
"4X9M","8","10000000","10000000.0","Success","0.00072"
"3AOB","8","11111011","11111011.0","Success","0.00025"
"2D8H","8","11010101","11010101.0","Success","0.00035"
"6KCU","8","10110010","10110010.0","Success","0.00152"
"9G64","8","10111000","10111000.0","Success","0.00059"
"8TPA","8","1","1.0","Success","0.0003"
"8QI6","8","1010110","1010110.0","Success","0.00098"
"2V2O","8","10101001","10101001.0","Success","0.00103"
"8J99","8","10111100","10111100.0","Success","0.00022"
"5P0L","8","10111110","10111110.0","Success","0.00074"
"8W8H","8","100100","100100.0","Success","0.00046"
"6MQ9","8","11000","11000.0","Success","0.00042"
"2VHE","8","100100","100100.0","Success","0.00071"
"8ITV","8","1","1.0","Success","0.00038"
"1CLY","8","11101101","11101101.0","Success","0.00066"
"1Q03","8","11011111","11011111.0","Success","0.00081"
"3HTS","8","10111","10111.0","Success","0.00149"
"1RL6","8","1111000","1111000.0","Success","0.00107"
"5NZ2","8","111101","111101.0","Success","0.00113"
"6CX4","8","10000","10000.0","Success","0.00088"
"7C22","8","100111","100111.0","Success","0.00061"
"7KG4","8","10001","10001.0","Success","0.00055"
"4RF4","8","1111","1111.0","Success","0.00061"
"4N9J","8","110010","110010.0","Success","0.00064"
"5OB1","8","10111100","10111100.0","Success","0.00167"
"5PER","8","11001011","11001011.0","Success","0.00128"
"2FHM","8","11000000","11000000.0","Success","0.00032"
"6GCD","8","101011","101011.0","Success","0.0008"
"1HCG","8","1011","1011.0","Success","0.00083"
"3U6I","8","11011111","11011111.0","Success","0.00078"
"1XJU","8","10101011","10101011.0","Success","0.00079"
"3GJQ","8","11010010","11010010.0","Success","0.00063"
"6AK7","8","10","10.0","Success","0.00087"
"6Y3P","8","10100010","10100010.0","Success","0.0007"
"9BD4","8","1010101","1010101.0","Success","0.00062"
"2FTY","8","1001010","1001010.0","Success","0.0003"
"7K6X","8","1101","1101.0","Success","0.00085"
"2YI8","8","10010101","10010101.0","Success","0.00023"
"6RM2","8","10111101","10111101.0","Success","0.00053"
"3GMS","8","1000111","1000111.0","Success","0.00077"
"3BHO","8","1101100","1101100.0","Success","0.00095"
"5GUK","8","10101","10101.0","Success","0.00064"
"2C2Y","8","11011010","11011010.0","Success","0.00083"
"6O9X","8","1111001","1111001.0","Success","0.00063"
"5DFX","8","11110011","11110011.0","Success","0.00104"
"2ZMC","8","111110","111110.0","Success","0.00087"
"8JGR","8","1111100","1111100.0","Success","0.00062"
"2AHP","8","1110011","1110011.0","Success","0.00175"
"9F2Y","8","11000011","11000011.0","Success","0.00038"
"2FRE","8","10000101","10000101.0","Success","0.00072"
"9BPI","8","11100010","11100010.0","Success","0.00022"
"7YL7","8","1110110","1110110.0","Success","0.0007"
"4Y13","8","11010001","11010001.0","Success","0.00089"
"3CHY","8","10010010","10010010.0","Success","0.00121"
"7ZQ7","8","10000011","10000011.0","Success","0.00035"
"5VRM","8","10110001","10110001.0","Success","0.00043"
"3SI4","8","1001111","1001111.0","Success","0.00079"
"5MGG","8","100101","100101.0","Success","0.00125"
"8GCT","8","11101","11101.0","Success","0.00042"
"3VW1","8","1110001","1110001.0","Success","0.00051"
"5D5F","8","10010011","10010011.0","Success","0.0012"
"8W4O","8","111111","111111.0","Success","0.00061"
"2FW7","8","100101","100101.0","Success","0.00076"
"6NWQ","8","10001111","10001111.0","Success","0.00066"
"4AHJ","8","1110100","1110100.0","Success","0.00125"
"4UZF","8","110110","110110.0","Success","0.00055"
"1M43","8","10111","10111.0","Success","0.00051"
"3O33","8","10111101","10111101.0","Success","0.00052"
"3ANR","8","10010001","10010001.0","Success","0.00037"
"4E26","8","10000101","10000101.0","Success","0.00059"
"4MJZ","8","1110001","1110001.0","Success","0.00056"
"6JT2","8","10111101","10111101.0","Success","0.00041"
"7MJD","8","1001000","1001000.0","Success","0.00044"
"3NQR","8","11100101","11100101.0","Success","0.00064"
"7CEP","8","11011","11011.0","Success","0.00068"
"1UNS","8","111100","111100.0","Success","0.00089"
"2M0B","8","1110000","1110000.0","Success","0.00033"
"2GIM","8","10101111","10101111.0","Success","0.00094"
"5UMQ","8","10111101","10111101.0","Success","0.00084"
"3GOB","8","110011","110011.0","Success","0.00043"
"7N6U","8","11101","11101.0","Success","0.00034"
"7GOS","8","10100000","10100000.0","Success","0.00072"
"5QQE","8","10111010","10111010.0","Success","0.00072"
"4KSN","8","11","11.0","Success","0.00087"
"4R9A","8","10110100","10110100.0","Success","0.00119"
"4EAB","8","11100111","11100111.0","Success","0.00093"
"6A3D","8","10010001","10010001.0","Success","0.00078"
"7HNX","8","11000111","11000111.0","Success","0.00097"
"4U4P","8","1111100","1111100.0","Success","0.00068"
"6LYG","8","11100","11100.0","Success","0.00032"
"2ZIK","8","101110","101110.0","Success","0.00123"
"7C12","8","1000010","1000010.0","Success","0.00082"
"2LP4","8","1010111","1010111.0","Success","0.00015"
"4FDM","8","11110001","11110001.0","Success","0.00071"
"8F2D","8","1111000","1111000.0","Success","0.00078"
"3MJL","8","11010011","11010011.0","Success","0.00053"
"8AKR","8","110000","110000.0","Success","0.00013"
"7NNQ","8","1001110","1001110.0","Success","0.00037"
"3O7A","8","1000","1000.0","Success","0.0018"
"5J0G","8","1010000","1010000.0","Success","0.00094"
"4FVF","8","11100","11100.0","Success","0.00092"
"7KP7","8","10010111","10010111.0","Success","0.00047"
"1Q23","8","11100","11100.0","Success","0.00028"
"7MVW","8","1010010","1010010.0","Success","0.00042"
"8G5V","8","1011","1011.0","Success","0.00032"
"7YPO","8","10011111","10011111.0","Success","0.00038"
"1V5T","8","101111","101111.0","Success","0.00032"
"5N9Y","8","10010010","10010010.0","Success","0.00034"
"8BWP","8","111101","111101.0","Success","0.0004"
"2MQW","8","1100011","1100011.0","Success","0.00025"
"4LUL","8","10001110","10001110.0","Success","0.00073"
"1UVM","8","11000","11000.0","Success","0.00031"
"6NB6","8","10101","10101.0","Success","0.00023"
"3G7R","8","10100000","10100000.0","Success","0.00068"
"8BG4","8","11110001","11110001.0","Success","0.00046"
"3MCD","8","11111111","11111111.0","Success","0.00137"
"7YSG","8","11111","11111.0","Success","0.00024"
"2JQG","8","10","10.0","Success","0.00047"
"2UYL","8","10101","10101.0","Success","0.00034"
"3I5Q","8","101011","101011.0","Success","0.00061"
"6KXU","8","11011111","11011111.0","Success","0.00021"
"6QXH","8","10110111","10110111.0","Success","0.00046"
"6BB9","8","1011001","1011001.0","Success","0.00061"
"8TVU","8","11110000","11110000.0","Success","0.00014"
"1FBR","8","1001010","1001010.0","Success","0.00146"
"1TH3","8","1100110","1100110.0","Success","0.00031"
"3GGG","8","11001101","11001101.0","Success","0.00041"
"6K72","8","111110","111110.0","Success","0.00022"
"2Q9J","8","1001001","1001001.0","Success","0.00083"
"4H14","8","10100001","10100001.0","Success","0.00081"
"2R9K","8","11101110","11101110.0","Success","0.0006"
"3WVB","8","10100100","10100100.0","Success","0.00078"
"8QLX","8","10011011","10011011.0","Success","0.0012"
"5K03","8","10011110","10011110.0","Success","0.00098"
"5GLH","8","11101000","11101000.0","Success","0.00064"
"6HQQ","8","11101011","11101011.0","Success","0.00069"
"4J6J","8","11110","11110.0","Success","0.00059"
"5XGF","8","11001010","11001010.0","Success","0.00085"
"5HSP","8","10111101","10111101.0","Success","0.0015"
"1FSJ","8","1000101","1000101.0","Success","0.00061"
"8XUV","8","10000110","10000110.0","Success","0.00013"
"7EKT","8","10111101","10111101.0","Success","0.00031"
"1KWP","8","111110","111110.0","Success","0.00055"
"5Q6U","8","101000","101000.0","Success","0.00074"
"4B95","8","1000001","1000001.0","Success","0.00038"
"4OIB","8","10111100","10111100.0","Success","0.00071"
"4EM1","8","111","111.0","Success","0.00116"
"6HTT","8","1001","1001.0","Success","0.00034"
"1G4U","8","10001010","10001010.0","Success","0.0006"
"8HSR","8","10000101","10000101.0","Success","0.00019"
"2FB8","8","10000","10000.0","Success","0.00062"
"6T58","8","11110000","11110000.0","Success","0.00049"
"5IW9","8","101110","101110.0","Success","0.00088"
"1S7R","8","1110000","1110000.0","Success","0.0005"
"5DE2","8","11011110","11011110.0","Success","0.00058"
"5EG9","8","1010","1010.0","Success","0.00077"
"1UD7","8","111101","111101.0","Success","0.00036"
"2O4R","8","10001","10001.0","Success","0.00087"
"6RM5","8","11001100","11001100.0","Success","0.00089"
"3G76","8","10000011","10000011.0","Success","0.00048"
"6LYO","8","10011","10011.0","Success","0.00039"
"8C4A","8","110111","110111.0","Success","0.00028"
"4LSC","8","10110111","10110111.0","Success","0.00098"
"8OGA","8","11101010","11101010.0","Success","0.00078"
"5TGY","8","10101010","10101010.0","Success","0.00029"
"8AFN","8","1101101","1101101.0","Success","0.0009"
"5VFO","8","10000000","10000000.0","Success","0.00017"
"3TNZ","8","1100010","1100010.0","Success","0.00064"
"2YRO","8","1011001","1011001.0","Success","0.00025"
"5FZT","8","10100111","10100111.0","Success","0.00075"
"5M1P","8","11111110","11111110.0","Success","0.00072"
"7YYC","8","11111000","11111000.0","Success","0.00063"
"5PBI","8","111011","111011.0","Success","0.00127"
"2RME","8","11011111","11011111.0","Success","0.00052"
"2WHV","8","100100","100100.0","Success","0.00092"
"1YVG","8","11100","11100.0","Success","0.0007"
"1KF9","8","11110101","11110101.0","Success","0.00042"
"1I18","8","11010010","11010010.0","Success","0.00022"
"5AHW","8","1101011","1101011.0","Success","0.0005"
"4IGB","8","11100","11100.0","Success","0.00034"
"2VSH","8","10110","10110.0","Success","0.00065"
"2G42","8","11011000","11011000.0","Success","0.00111"
"1QPE","8","10110001","10110001.0","Success","0.00082"
"8D13","8","11011110","11011110.0","Success","0.0004"
"3MKJ","8","10101011","10101011.0","Success","0.0007"
"7PGR","8","1001000","1001000.0","Success","0.0002"
"3QB1","8","10100110","10100110.0","Success","0.00045"
"2WR1","8","1000001","1000001.0","Success","0.00036"
"8WQO","8","11010000","11010000.0","Success","0.00124"
"1ZRR","8","100111","100111.0","Success","0.00025"
"7TOB","8","11100111","11100111.0","Success","0.00077"
"5RF5","8","11111000","11111000.0","Success","0.00079"
"5LR0","8","111110","111110.0","Success","0.00048"
"4N4Y","8","1111000","1111000.0","Success","0.00052"
"2MOP","8","10001101","10001101.0","Success","0.00028"
"6HLX","8","10010001","10010001.0","Success","0.00063"
"6I8B","8","10111111","10111111.0","Success","0.00071"
"8C96","8","1101011","1101011.0","Success","0.00034"
"3SVQ","8","11100101","11100101.0","Success","0.00047"
"2O8M","8","10000011","10000011.0","Success","0.00072"
"4FZ7","8","1000101","1000101.0","Success","0.00086"
"8S9E","8","111011","111011.0","Success","0.00036"
"7GMP","8","101111","101111.0","Success","0.00056"
"2YAD","8","11100101","11100101.0","Success","0.00063"
"8B1G","8","1010110","1010110.0","Success","0.00058"
"7UUO","8","11000","11000.0","Success","0.00046"
"7Q5A","8","11101100","11101100.0","Success","0.00204"
"8PEY","8","11110110","11110110.0","Success","0.00017"
"6G2W","8","10001110","10001110.0","Success","0.00084"
"6H3P","8","11100011","11100011.0","Success","0.00062"
"7UW0","8","1000111","1000111.0","Success","0.0004"
"7TLC","8","10110001","10110001.0","Success","0.00026"
"7PL9","8","11010111","11010111.0","Success","0.0002"
"8T7Z","8","11010110","11010110.0","Success","0.0002"
"4LO3","8","11110100","11110100.0","Success","0.00053"
"5O4H","8","10101010","10101010.0","Success","0.00043"
"1PD8","8","11111000","11111000.0","Success","0.00103"
"8GXI","8","10101101","10101101.0","Success","0.00079"
"7F0J","8","10001011","10001011.0","Success","0.00035"
"8WZ4","8","111110","111110.0","Success","0.00066"
"1EB2","8","10100010","10100010.0","Success","0.00093"
"5PFE","8","10110100","10110100.0","Success","0.00132"
"1DSN","8","111000","111000.0","Success","0.00079"
"6N0A","8","1111110","1111110.0","Success","0.0006"
"8G01","8","10001","10001.0","Success","0.0004"
"1WA8","8","111","111.0","Success","0.00018"
"4WOQ","8","110100","110100.0","Success","0.00028"
"4B91","8","10001110","10001110.0","Success","0.00043"
"8F45","8","110001","110001.0","Success","0.00056"
"4P8V","8","10001","10001.0","Success","0.00073"
"6Z3R","8","10001000","10001000.0","Success","0.00027"
"5PO3","8","100111","100111.0","Success","0.00085"
"3NDP","8","10111001","10111001.0","Success","0.00069"
"1O8V","8","10110110","10110110.0","Success","0.00121"
"1TNQ","8","11010101","11010101.0","Success","0.00023"
"4IT6","8","110001","110001.0","Success","0.00094"
"3FL3","8","1011111","1011111.0","Success","0.00088"
"5HDM","8","11111101","11111101.0","Success","0.00046"
"8BHW","8","1100111","1100111.0","Success","0.00026"
"4EH8","8","11000","11000.0","Success","0.00074"
"6C9T","8","1011111","1011111.0","Success","0.00082"
"8EJY","8","10111011","10111011.0","Success","0.00077"
"4U1H","8","11001111","11001111.0","Success","0.0007"
"6GW9","8","1101111","1101111.0","Success","0.00089"
"3FG8","8","11010","11010.0","Success","0.00052"
"5M7S","8","11010001","11010001.0","Success","0.00046"
"1FHG","8","1100100","1100100.0","Success","0.00135"
"3VDU","8","110100","110100.0","Success","0.00096"
"5FD6","8","10110001","10110001.0","Success","0.0006"
"8GLC","8","11100","11100.0","Success","0.00049"
"4WG3","8","11100001","11100001.0","Success","0.00065"
"6SMZ","8","10101110","10101110.0","Success","0.0004"
"1SLV","8","11110101","11110101.0","Success","0.00075"
"4UOR","8","1000100","1000100.0","Success","0.00021"
"9BT9","8","11001001","11001001.0","Success","0.00082"
"9AVD","8","1000000","1000000.0","Success","0.00135"
"6C4J","8","10101110","10101110.0","Success","0.00019"
"8YFH","8","11101110","11101110.0","Success","0.0004"
"3CJA","8","10001000","10001000.0","Success","0.00069"
"2E1U","8","1100101","1100101.0","Success","0.00047"
"4GW8","8","100100","100100.0","Success","0.00082"
"8K81","8","1101001","1101001.0","Success","0.00043"
"1X9H","8","1100000","1100000.0","Success","0.00057"
"4DJU","8","11010110","11010110.0","Success","0.0005"
"3K0E","8","11011101","11011101.0","Success","0.00027"
"5O9G","8","11100011","11100011.0","Success","0.00035"
"3QIR","8","10001101","10001101.0","Success","0.00065"
"3UX3","8","1011010","1011010.0","Success","0.00084"
"7QV7","8","100001","100001.0","Success","0.00018"
"4JPZ","8","111111","111111.0","Success","0.00047"
"3TRS","8","10110101","10110101.0","Success","0.0007"
"3UOI","8","10111111","10111111.0","Success","0.00016"
"4C5A","8","10100001","10100001.0","Success","0.00056"
"5W57","8","11110101","11110101.0","Success","0.00057"
"3NF4","8","1111110","1111110.0","Success","0.00051"
"1I7U","8","1000000","1000000.0","Success","0.00049"
"2WST","8","1011101","1011101.0","Success","0.00044"
"5OLB","8","11010100","11010100.0","Success","0.0005"
"1VES","8","10011110","10011110.0","Success","0.0009"
"8WWH","8","11011100","11011100.0","Success","0.00039"
"4KUY","8","10010011","10010011.0","Success","0.00082"
"5LXE","8","1110","1110.0","Success","0.00054"
"2HDO","8","10001011","10001011.0","Success","0.001"
"3AE8","8","10110100","10110100.0","Success","0.00042"
"3X41","8","11001100","11001100.0","Success","0.00038"
"3EYG","8","1011010","1011010.0","Success","0.00082"
"8J48","8","11100110","11100110.0","Success","0.00082"
"6XJ7","8","1100111","1100111.0","Success","0.00056"
"7YXU","8","10011100","10011100.0","Success","0.00058"
"3ZLW","8","11011110","11011110.0","Success","0.00077"
"4BM3","8","111101","111101.0","Success","0.00078"
"1L7D","8","1011111","1011111.0","Success","0.00036"
"4OTM","8","1110","1110.0","Success","0.00087"
"1XAT","8","11011110","11011110.0","Success","0.001"
"2JXA","8","1","1.0","Success","0.00027"
"1DZ6","8","1111101","1111101.0","Success","0.00048"
"7VJA","8","11101111","11101111.0","Success","0.00065"
"240L","8","11011011","11011011.0","Success","0.00109"
"5ERR","8","1011100","1011100.0","Success","0.00066"
"3A9G","8","1011","1011.0","Success","0.00076"
"1YO7","8","11100","11100.0","Success","0.00089"
"4ZCB","8","11001000","11001000.0","Success","0.00084"
"6FMJ","8","101011","101011.0","Success","0.00038"
"6SJE","8","10100101","10100101.0","Success","0.00025"
"6I02","8","101000","101000.0","Success","0.00043"
"8SD0","8","11000010","11000010.0","Success","0.00055"
"1IO3","8","11100110","11100110.0","Success","0.00129"
"2JJH","8","111111","111111.0","Success","0.00068"
"2YT4","8","11111011","11111011.0","Success","0.00097"
"6POV","8","1110","1110.0","Success","0.00034"
"2PPV","8","11011010","11011010.0","Success","0.00076"
"4IW3","8","1001100","1001100.0","Success","0.00041"
"2QUH","8","100101","100101.0","Success","0.00051"
"6FT0","8","11001010","11001010.0","Success","0.00038"
"1T6C","8","11100000","11100000.0","Success","0.00078"
"6CSG","8","1101111","1101111.0","Success","0.00048"
"6QLK","8","11111101","11111101.0","Success","0.00097"
"7X8E","8","10001111","10001111.0","Success","0.00027"
"3IE3","8","10000100","10000100.0","Success","0.00068"
"1UGW","8","11001011","11001011.0","Success","0.00058"
"7MW4","8","11110011","11110011.0","Success","0.00021"
"1NPU","8","1000000","1000000.0","Success","0.00128"
"3MML","8","1000011","1000011.0","Success","0.00032"
"8IMN","8","1110111","1110111.0","Success","0.00016"
"7XL9","8","1111111","1111111.0","Success","0.00107"
"2WVG","8","11100","11100.0","Success","0.0003"
"1KD7","8","11110","11110.0","Success","0.00046"
"5WY4","8","10000","10000.0","Success","0.00077"
"2PFU","8","10111010","10111010.0","Success","0.00032"
"1PKZ","8","11111111","11111111.0","Success","0.00065"
"8R45","8","110110","110110.0","Success","0.00056"
"3M47","8","1001010","1001010.0","Success","0.00066"
"4O8M","8","111000","111000.0","Success","0.00028"
"8WK6","8","10010000","10010000.0","Success","0.0003"
"1K5G","8","11000101","11000101.0","Success","0.00026"
"7JRC","8","11110000","11110000.0","Success","0.00062"
"3KIC","8","1010000","1010000.0","Success","0.00014"
"2M6Z","8","111111","111111.0","Success","0.00013"
"5E2P","8","11000111","11000111.0","Success","0.00091"
"1JCK","8","10010111","10010111.0","Success","0.00044"
"2HQ9","8","1100010","1100010.0","Success","0.00084"
"1W7V","8","11100001","11100001.0","Success","0.00033"
"4NZH","8","1100101","1100101.0","Success","0.00067"
"8K5Y","8","11111001","11111001.0","Success","0.00062"
"1RE6","8","11010110","11010110.0","Success","0.00021"
"5IMN","8","1001111","1001111.0","Success","0.0004"
"3JTQ","8","11111000","11111000.0","Success","0.00054"
"8Q0T","8","10100110","10100110.0","Success","0.00059"
"8D20","8","10101111","10101111.0","Success","0.00072"
"1FDH","8","10111101","10111101.0","Success","0.00058"
"3KCG","8","1010100","1010100.0","Success","0.00051"
"7AYS","8","10101111","10101111.0","Success","0.00094"
"7CS3","8","11100001","11100001.0","Success","0.00033"
"1U2S","8","1110101","1110101.0","Success","0.0009"
"6PAZ","8","10010001","10010001.0","Success","0.00127"
"6WJB","8","1010","1010.0","Success","0.00055"
"7PMI","8","10100101","10100101.0","Success","0.00038"
"4DBS","8","11011011","11011011.0","Success","0.00055"
"7RQP","8","111010","111010.0","Success","0.00067"
"7LDG","8","1001010","1001010.0","Success","0.00064"
"5U9J","8","10001111","10001111.0","Success","0.00078"
"1ISH","8","11001001","11001001.0","Success","0.00059"
"5I0C","8","11111111","11111111.0","Success","0.00139"
"7V17","8","11111100","11111100.0","Success","0.00089"
"6YPT","8","10101001","10101001.0","Success","0.00065"
"2GE9","8","110010","110010.0","Success","0.00029"
"8K8G","8","10101001","10101001.0","Success","0.00094"
"1DMA","8","11011010","11011010.0","Success","0.0007"
"4QB9","8","10011101","10011101.0","Success","0.00027"
"2KYC","8","1101111","1101111.0","Success","0.0003"
"3FX4","8","1100000","1100000.0","Success","0.00075"
"6NQG","8","101011","101011.0","Success","0.00064"
"8JLF","8","1000011","1000011.0","Success","0.00044"
"4WI5","8","10100110","10100110.0","Success","0.00068"
"2LF2","8","11","11.0","Success","0.00023"
"5H9O","8","11100010","11100010.0","Success","0.00032"
"8OHH","8","1100110","1100110.0","Success","0.00082"
"1ZIL","8","1001","1001.0","Success","0.00183"
"5CVB","8","10011101","10011101.0","Success","0.00071"
"5M6S","8","10011101","10011101.0","Success","0.00137"
"5Y5U","8","11100010","11100010.0","Success","0.00061"
"8D49","8","11100100","11100100.0","Success","0.0004"
"6VRQ","8","100","100.0","Success","0.00046"
"5T18","8","1001100","1001100.0","Success","0.00084"
"1MIW","8","10010010","10010010.0","Success","0.00049"
"4IHA","8","10010110","10010110.0","Success","0.00059"
"8K3H","8","111111","111111.0","Success","0.00046"
"4BJL","8","10000011","10000011.0","Success","0.00069"
"1W8S","8","1000111","1000111.0","Success","0.00028"
"7UBM","8","1110011","1110011.0","Success","0.00023"
"1G3G","8","10","10.0","Success","0.00023"
"8JD0","8","11111100","11111100.0","Success","0.00035"
"5BSB","8","1010101","1010101.0","Success","0.00065"
"3GQI","8","1101","1101.0","Success","0.00061"
"4ZNW","8","1000111","1000111.0","Success","0.00065"
"8SQ8","8","10000","10000.0","Success","0.00046"
"3DX9","8","10100010","10100010.0","Success","0.00047"
"5O80","8","10111001","10111001.0","Success","0.00024"
"8A3C","8","1111010","1111010.0","Success","0.0003"
"8UE0","8","1101101","1101101.0","Success","0.0008"
"2PL3","8","1110111","1110111.0","Success","0.00091"
"3LWB","8","11000101","11000101.0","Success","0.00055"
"5ABV","8","10101","10101.0","Success","0.00043"
"1RJ6","8","10010111","10010111.0","Success","0.00061"
"7N16","8","11110011","11110011.0","Success","0.0003"
"8FUF","8","1001000","1001000.0","Success","0.00026"
"5X50","8","11111100","11111100.0","Success","0.00022"
"5IOB","8","100010","100010.0","Success","0.00028"
"8R6W","8","10010","10010.0","Success","0.00031"
"3DMX","8","10011111","10011111.0","Success","0.00105"
"5I9Z","8","1100011","1100011.0","Success","0.00082"
"1UGN","8","1101011","1101011.0","Success","0.00103"
"5BKC","8","1111010","1111010.0","Success","0.00058"
"2OYL","8","1111101","1111101.0","Success","0.00046"
"4UEK","8","11111110","11111110.0","Success","0.00052"
"5JVU","8","11101101","11101101.0","Success","0.00112"
"8RZ8","8","10101100","10101100.0","Success","0.0004"
"6JZE","8","1111011","1111011.0","Success","0.00078"
"7YPJ","8","101110","101110.0","Success","0.00023"
"1NDW","8","11110111","11110111.0","Success","0.00074"
"7G9B","8","100101","100101.0","Success","0.00065"
"6IIO","8","111","111.0","Success","0.00055"
"1K6A","8","10001100","10001100.0","Success","0.0008"
"3V4Q","8","10001111","10001111.0","Success","0.0016"
"2I6A","8","111110","111110.0","Success","0.00038"
"7LO8","8","1111000","1111000.0","Success","0.00048"
"5RU8","8","10000000","10000000.0","Success","0.00075"
"7XLC","8","10000100","10000100.0","Success","0.00034"
"1N3O","8","10011001","10011001.0","Success","0.00062"
"7UPK","8","10001011","10001011.0","Success","0.0003"
"4I6I","8","11110100","11110100.0","Success","0.00064"
"2DK5","8","10000111","10000111.0","Success","0.00032"
"7QOQ","8","110","110.0","Success","0.00058"
"6JJA","8","1011100","1011100.0","Success","0.00111"
"6QNE","8","11110011","11110011.0","Success","0.00033"
"4ADU","8","111101","111101.0","Success","0.00059"
"5TEU","8","100000","100000.0","Success","0.00055"
"2IEA","8","10001","10001.0","Success","0.00034"
"8P82","8","10011011","10011011.0","Success","0.00024"
"2Y4A","8","11011101","11011101.0","Success","0.00032"
"1BTY","8","111110","111110.0","Success","0.0009"
"1DFF","8","1110110","1110110.0","Success","0.00108"
"5ICA","8","11101101","11101101.0","Success","0.00058"
"6KSA","8","10001110","10001110.0","Success","0.00038"
"8TS6","8","10110110","10110110.0","Success","0.00018"
"6R4O","8","10000110","10000110.0","Success","0.00038"
"6XVJ","8","101","101.0","Success","0.00077"
"5VTQ","8","11000100","11000100.0","Success","0.00034"
"5T29","8","11101000","11101000.0","Success","0.00056"
"4ZBW","8","1101110","1101110.0","Success","0.00074"
"3P2K","8","101111","101111.0","Success","0.00051"
"9IW3","8","10101110","10101110.0","Success","0.00053"
"7X4L","8","10111110","10111110.0","Success","0.00026"
"4HB6","8","10011000","10011000.0","Success","0.00169"
"6NB7","8","11010001","11010001.0","Success","0.00022"
"9H5J","8","11000011","11000011.0","Success","0.00069"
"5SH0","8","10010001","10010001.0","Success","0.00039"
"8GGX","8","100110","100110.0","Success","0.00083"
"3OR6","8","1110110","1110110.0","Success","0.00058"
"8H4H","8","11101110","11101110.0","Success","0.00046"
"8A4D","8","10111","10111.0","Success","0.00024"
"3MMC","8","1111011","1111011.0","Success","0.00036"
"1CCR","8","10000010","10000010.0","Success","0.00136"
"5XSU","8","11111110","11111110.0","Success","0.00038"
"3ZLQ","8","1000000","1000000.0","Success","0.00043"
"5UM7","8","10100","10100.0","Success","0.00082"
"6HF0","8","11010000","11010000.0","Success","0.00047"
"1QJT","8","10001","10001.0","Success","0.00026"
"4WKW","8","11011101","11011101.0","Success","0.00071"
"8XT7","8","11011010","11011010.0","Success","0.0004"
"7YZ6","8","1011001","1011001.0","Success","0.00041"
"1YZF","8","10000001","10000001.0","Success","0.00101"
"7TE9","8","10110010","10110010.0","Success","0.00024"
"4CAP","8","1100110","1100110.0","Success","0.00048"
"6DJM","8","10110101","10110101.0","Success","0.00036"
"3OQ7","8","111110","111110.0","Success","0.00137"
"2QZA","8","110","110.0","Success","0.00039"
"5C34","8","11111100","11111100.0","Success","0.0009"
"7M0I","8","11001000","11001000.0","Success","0.00028"
"3NQJ","8","10110010","10110010.0","Success","0.00114"
"8TQJ","8","111001","111001.0","Success","0.00076"
"8VY8","8","10100110","10100110.0","Success","0.00075"
"1FTX","8","10100111","10100111.0","Success","0.00049"
"3PWB","8","11011","11011.0","Success","0.00095"
"1ZRQ","8","11101","11101.0","Success","0.00048"
"7AXF","8","100000","100000.0","Success","0.00083"
"4LMC","8","10011001","10011001.0","Success","0.00119"
"2Z8X","8","101","101.0","Success","0.00057"
"5FCH","8","10101100","10101100.0","Success","0.00047"
"6TRY","8","11001001","11001001.0","Success","0.00044"
"4PCR","8","10000010","10000010.0","Success","0.00065"
"4CR6","8","10001101","10001101.0","Success","0.00042"
"3ESM","8","1000","1000.0","Success","0.00118"
"6QO8","8","11011011","11011011.0","Success","0.00057"
"2FQL","8","11101010","11101010.0","Success","0.00134"
"2EO6","8","11000011","11000011.0","Success","0.00026"
"4JP8","8","10110010","10110010.0","Success","0.00069"
"4ZRN","8","1100001","1100001.0","Success","0.00057"
"8JSC","8","10000011","10000011.0","Success","0.00071"
"7Z39","8","110001","110001.0","Success","0.00077"
"6HD3","8","10101111","10101111.0","Success","0.00045"
"1ON6","8","11","11.0","Success","0.00062"
"2RU3","8","11100011","11100011.0","Success","0.0003"
"6VM9","8","11110001","11110001.0","Success","0.00049"
"4OWS","8","110101","110101.0","Success","0.00054"
"7OH2","8","10101010","10101010.0","Success","0.00052"
"7XGK","8","1101011","1101011.0","Success","0.00054"
"7W5H","8","1011100","1011100.0","Success","0.00054"
"1PY0","8","1101000","1101000.0","Success","0.00125"
"4D42","8","11011110","11011110.0","Success","0.00031"
"6YKX","8","11101000","11101000.0","Success","0.00049"
"6R8H","8","10010100","10010100.0","Success","0.00035"
"7FBI","8","11101","11101.0","Success","0.00043"
"2C9P","8","11100000","11100000.0","Success","0.00078"
"7CUT","8","10000000","10000000.0","Success","0.0008"
"5H8H","8","100010","100010.0","Success","0.00055"
"2YJK","8","11111111","11111111.0","Success","0.00032"
"3MQ4","8","11001100","11001100.0","Success","0.00072"
"6M94","8","100011","100011.0","Success","0.00058"
"5TDH","8","11100100","11100100.0","Success","0.00036"
"5NGW","8","110100","110100.0","Success","0.00073"
"1F55","8","11111011","11111011.0","Success","0.00029"
"5RXT","8","110000","110000.0","Success","0.00058"
"8Q9V","8","11101001","11101001.0","Success","0.00059"
"8SYM","8","100000","100000.0","Success","0.00056"
"4IS0","8","10100111","10100111.0","Success","0.00087"
"7MRG","8","100100","100100.0","Success","0.00094"
"6IKX","8","10010110","10010110.0","Success","0.00059"
"4FO6","8","11011001","11011001.0","Success","0.00074"
"2QKE","8","11110100","11110100.0","Success","0.00054"
"1TAQ","8","10001001","10001001.0","Success","0.00049"
"8GN6","8","1001111","1001111.0","Success","0.00036"
"9J5W","8","11110101","11110101.0","Success","0.0006"
"3AOP","8","10110110","10110110.0","Success","0.00064"
"2CZE","8","11101","11101.0","Success","0.00067"
"7KHO","8","10010100","10010100.0","Success","0.00032"
"3VV7","8","11110011","11110011.0","Success","0.00072"
"3U9B","8","11010110","11010110.0","Success","0.00031"
"6QYY","8","100111","100111.0","Success","0.00053"
"5MP7","8","11110010","11110010.0","Success","0.00047"
"8T1W","8","10100101","10100101.0","Success","0.00074"
"4RJD","8","1100","1100.0","Success","0.00126"
"2V7I","8","11110","11110.0","Success","0.00074"
"4I9H","8","11011110","11011110.0","Success","0.00028"
"7F7F","8","100001","100001.0","Success","0.00036"
"4OW1","8","10110","10110.0","Success","0.00053"
"6D13","8","11011000","11011000.0","Success","0.00065"
"6I16","8","11011001","11011001.0","Success","0.00063"
"1ZY5","8","11111110","11111110.0","Success","0.00061"
"3I4M","8","110011","110011.0","Success","0.00021"
"2BU1","8","10100010","10100010.0","Success","0.00072"
"4QOD","8","1010111","1010111.0","Success","0.00064"
"3TKA","8","10000100","10000100.0","Success","0.00083"
"6QWK","8","11011111","11011111.0","Success","0.00063"
"6LAT","8","10011","10011.0","Success","0.00066"
"5YBH","8","10100111","10100111.0","Success","0.00052"
"7X9E","8","1001011","1001011.0","Success","0.00047"
"2KI7","8","1010101","1010101.0","Success","0.00029"
"7H2C","8","10011101","10011101.0","Success","0.00098"
"5TIR","8","11101110","11101110.0","Success","0.00047"
"4WX6","8","11001111","11001111.0","Success","0.00068"
"8CX0","8","1110100","1110100.0","Success","0.00048"
"3EWE","8","1100101","1100101.0","Success","0.00039"
"4IL2","8","1000000","1000000.0","Success","0.00036"
"6FJ0","8","1110000","1110000.0","Success","0.00076"
"2XXZ","8","10110001","10110001.0","Success","0.00056"
"3GJE","8","1100101","1100101.0","Success","0.00047"
"5NXK","8","100110","100110.0","Success","0.00045"
"2NOS","8","1","1.0","Success","0.00077"
"6O8A","8","11000101","11000101.0","Success","0.00094"
"1ZNK","8","1010111","1010111.0","Success","0.00109"
"3PRB","8","10111100","10111100.0","Success","0.00066"
"3AVN","8","1110011","1110011.0","Success","0.00076"
"1WLI","8","10011110","10011110.0","Success","0.00087"
"8CAA","8","11000001","11000001.0","Success","0.00067"
"5XZ4","8","1010101","1010101.0","Success","0.00074"
"3GZD","8","10100011","10100011.0","Success","0.00035"
"1P0N","8","10000000","10000000.0","Success","0.00058"
"2NSA","8","10111000","10111000.0","Success","0.00105"
"6JZS","8","1100101","1100101.0","Success","0.00043"
"4ERH","8","1001001","1001001.0","Success","0.00087"
"5EJ8","8","10100","10100.0","Success","0.00021"
"7EJP","8","1011000","1011000.0","Success","0.00025"
"2PK2","8","0","0.0","Success","0.00045"
"6GEK","8","10110010","10110010.0","Success","0.00064"
"7WPA","8","1110011","1110011.0","Success","0.00022"
"2XJO","8","1000001","1000001.0","Success","0.00033"
"3BIT","8","10011001","10011001.0","Success","0.00045"
"5GPO","8","11011010","11011010.0","Success","0.00086"
"2RDL","8","1010100","1010100.0","Success","0.00061"
"2BAN","8","10000100","10000100.0","Success","0.00043"
"1TKI","8","10111000","10111000.0","Success","0.00057"
"8I3S","8","1101100","1101100.0","Success","0.00066"
"3J2W","8","110111","110111.0","Success","0.00022"
"4WC0","8","10111100","10111100.0","Success","0.00053"
"2JQY","8","100011","100011.0","Success","0.00025"
"6C6I","8","11101111","11101111.0","Success","0.00065"
"5CXV","8","111100","111100.0","Success","0.00064"
"5U43","8","1001111","1001111.0","Success","0.0006"
"8H4C","8","11011100","11011100.0","Success","0.00054"
"7DSM","8","10101001","10101001.0","Success","0.00053"
"9DCF","8","10101110","10101110.0","Success","0.00071"
"2M9V","8","1","1.0","Success","0.00023"
"5HNX","8","101010","101010.0","Success","0.0004"
"7RBJ","8","101110","101110.0","Success","0.00076"
"3IIH","8","10100100","10100100.0","Success","0.00115"
"4HXB","8","111110","111110.0","Success","0.00068"
"7FIV","8","1110111","1110111.0","Success","0.00041"
"4DFS","8","101010","101010.0","Success","0.00062"
"1ZMX","8","11010010","11010010.0","Success","0.00036"
"6D3I","8","11100001","11100001.0","Success","0.00041"
"7WVZ","8","10010001","10010001.0","Success","0.00023"
"1FVF","8","1011101","1011101.0","Success","0.00042"
"6HHZ","8","1100111","1100111.0","Success","0.00066"
"4AHU","8","10101000","10101000.0","Success","0.00074"
"4ONV","8","1011100","1011100.0","Success","0.00039"
"3KXP","8","11010","11010.0","Success","0.00025"
"5G3N","8","1011100","1011100.0","Success","0.00091"
"4KYO","8","10100101","10100101.0","Success","0.00036"
"1T3F","8","100","100.0","Success","0.00067"
"1QSA","8","11110010","11110010.0","Success","0.00054"
"4UMQ","8","1001100","1001100.0","Success","0.00077"
"2H5E","8","10101010","10101010.0","Success","0.00044"
"8V1K","8","10100000","10100000.0","Success","0.0007"
"8I7Z","8","1010010","1010010.0","Success","0.00061"
"8FFO","8","11110110","11110110.0","Success","0.00028"
"8R1C","8","1111","1111.0","Success","0.00023"
"3JYI","8","11001111","11001111.0","Success","0.00033"
"8RHF","8","11011101","11011101.0","Success","0.00054"
"3DKX","8","11010","11010.0","Success","0.00055"
"3IFC","8","1000101","1000101.0","Success","0.00037"
"7PIJ","8","1101010","1101010.0","Success","0.00042"
"1E2R","8","10110101","10110101.0","Success","0.00041"
"5KY3","8","10001111","10001111.0","Success","0.00071"
"2OQB","8","11000101","11000101.0","Success","0.00095"
"7OWU","8","10111100","10111100.0","Success","0.0005"
"3BA7","8","1111100","1111100.0","Success","0.00081"
"8D8K","8","1100","1100.0","Success","0.00017"
"4RG7","8","11010101","11010101.0","Success","0.00046"
"2H2K","8","1000010","1000010.0","Success","0.00098"
"6FMZ","8","10000000","10000000.0","Success","0.00054"
"2EWE","8","1000101","1000101.0","Success","0.00072"
"3RJY","8","100","100.0","Success","0.00078"
"5Z70","8","10010000","10010000.0","Success","0.00042"
"5W6K","8","1001","1001.0","Success","0.00063"
"6C1M","8","110101","110101.0","Success","0.00064"
"3TEQ","8","11000001","11000001.0","Success","0.00069"
"7EPM","8","101","101.0","Success","0.00053"
"2WA0","8","11001001","11001001.0","Success","0.00096"
"8FA5","8","11000101","11000101.0","Success","0.0004"
"3GL3","8","10100101","10100101.0","Success","0.00059"
"4GFA","8","10101001","10101001.0","Success","0.00055"
"5COS","8","11010010","11010010.0","Success","0.00089"
"3UTU","8","101011","101011.0","Success","0.00082"
"2JJG","8","10000011","10000011.0","Success","0.00066"
"6HWF","8","1110101","1110101.0","Success","0.00017"
"1W0B","8","10010100","10010100.0","Success","0.00031"
"2AJU","8","100101","100101.0","Success","0.00066"
"7MF3","8","111000","111000.0","Success","0.00026"
"4A34","8","10100001","10100001.0","Success","0.00026"
"9ARH","8","10001000","10001000.0","Success","0.00025"
"3FIR","8","11000111","11000111.0","Success","0.00063"
"7P6E","8","1111110","1111110.0","Success","0.00045"
"3FW8","8","10110011","10110011.0","Success","0.00061"
"3VSP","8","1110101","1110101.0","Success","0.0006"
"5FPI","8","11000111","11000111.0","Success","0.00086"
"8EA6","8","1000111","1000111.0","Success","0.00089"
"4YU2","8","1110100","1110100.0","Success","0.00035"
"5XPO","8","11000111","11000111.0","Success","0.00088"
"9BK4","8","110010","110010.0","Success","0.00092"
"1X5D","8","100101","100101.0","Success","0.00027"
"8QLL","8","111010","111010.0","Success","0.00063"
"6EZ8","8","10100011","10100011.0","Success","0.00027"
"8YSE","8","10011","10011.0","Success","0.00077"
"6UUT","8","1000","1000.0","Success","0.00045"
"2AXU","8","10100101","10100101.0","Success","0.00022"
"5S9K","8","11011111","11011111.0","Success","0.00055"
"2NSM","8","11111010","11111010.0","Success","0.00066"
"1DJQ","8","10100010","10100010.0","Success","0.00036"
"5DCL","8","1000000","1000000.0","Success","0.00091"
"3LU8","8","10","10.0","Success","0.00041"
"1DG8","8","1100010","1100010.0","Success","0.0011"
"2BVU","8","1000100","1000100.0","Success","0.0006"
"6WJQ","8","10100000","10100000.0","Success","0.00056"
"6VXJ","8","1001111","1001111.0","Success","0.00041"
"7WF9","8","110110","110110.0","Success","0.00085"
"3HIY","8","1100011","1100011.0","Success","0.00049"
"7F6Y","8","111111","111111.0","Success","0.00052"
"1MVM","8","10100","10100.0","Success","0.00058"
"4RLH","8","1000010","1000010.0","Success","0.00045"
"2M2A","8","11011001","11011001.0","Success","0.00035"
"1M0P","8","10111001","10111001.0","Success","0.00066"
"7OP9","8","10111100","10111100.0","Success","0.00026"
"8EQ8","8","10011","10011.0","Success","0.00065"
"4HM3","8","11001","11001.0","Success","0.00054"
"6RJO","8","100011","100011.0","Success","0.00046"
"1HD7","8","10100111","10100111.0","Success","0.00088"
"7L0B","8","10110","10110.0","Success","0.00049"
"5FF5","8","10011110","10011110.0","Success","0.00055"
"6TJW","8","111010","111010.0","Success","0.00037"
"6PHZ","8","11000100","11000100.0","Success","0.00052"
"4C2K","8","11011100","11011100.0","Success","0.00033"
"6ODD","8","1110","1110.0","Success","0.00105"
"6DE7","8","10011000","10011000.0","Success","0.00038"
"2RGR","8","1101100","1101100.0","Success","0.00052"
"1MI5","8","10100000","10100000.0","Success","0.00049"
"3D2B","8","1111000","1111000.0","Success","0.00075"
"7U91","8","101111","101111.0","Success","0.00056"
"5QGN","8","10011","10011.0","Success","0.00099"
"3PJS","8","10101100","10101100.0","Success","0.00037"
"2MD0","8","110101","110101.0","Success","0.00035"
"1TIO","8","100010","100010.0","Success","0.00096"
"2E0P","8","10111","10111.0","Success","0.0006"
"6JO3","8","10110010","10110010.0","Success","0.00087"
"1RPY","8","11","11.0","Success","0.0011"
"8CYR","8","10011","10011.0","Success","0.00046"
"3EP1","8","1100110","1100110.0","Success","0.00077"
"6K07","8","111","111.0","Success","0.00093"
"7RTY","8","10110000","10110000.0","Success","0.00063"
"3WJ8","8","10101010","10101010.0","Success","0.00033"
"6ULA","8","1101110","1101110.0","Success","0.00024"
"4HWE","8","11100111","11100111.0","Success","0.00065"
"4ID2","8","10101100","10101100.0","Success","0.00083"
"6G79","8","100110","100110.0","Success","0.00047"
"5YDO","8","1001111","1001111.0","Success","0.00098"
"6X2B","8","10000111","10000111.0","Success","0.00025"
"4MON","8","0","0.0","Success","0.00101"
"6LXJ","8","100100","100100.0","Success","0.00024"
"4R53","8","11101001","11101001.0","Success","0.00042"
"6VKK","8","1010000","1010000.0","Success","0.00037"
"6R0Z","8","1111011","1111011.0","Success","0.00018"
"7YFL","8","11001011","11001011.0","Success","0.00026"
"2WYA","8","11110101","11110101.0","Success","0.00032"
"5WEQ","8","11010001","11010001.0","Success","0.00065"
"8RNZ","8","100011","100011.0","Success","0.00107"
"2AXA","8","10101001","10101001.0","Success","0.00087"
"3DCF","8","1111001","1111001.0","Success","0.00074"
"4H0R","8","10000","10000.0","Success","0.0006"
"1CCA","8","1001100","1001100.0","Success","0.0008"
"2JCM","8","10001100","10001100.0","Success","0.00065"
"4TRG","8","10011101","10011101.0","Success","0.00045"
"8F6K","8","11100111","11100111.0","Success","0.00042"
"1J4A","8","10101000","10101000.0","Success","0.00037"
"3S6B","8","10001111","10001111.0","Success","0.00075"
"6OUW","8","11101","11101.0","Success","0.0006"
"2RI3","8","1000011","1000011.0","Success","0.00081"
"6P8L","8","110001","110001.0","Success","0.00031"
"8SAQ","8","111101","111101.0","Success","0.00028"
"3FO0","8","10101011","10101011.0","Success","0.00068"
"7JJG","8","101","101.0","Success","0.00116"
"5RLT","8","10011111","10011111.0","Success","0.00039"
"3FXW","8","10110011","10110011.0","Success","0.00084"
"5BON","8","1011111","1011111.0","Success","0.00039"
"6FX3","8","1111000","1111000.0","Success","0.00154"
"6C4K","8","11100011","11100011.0","Success","0.00036"
"6TUS","8","10110001","10110001.0","Success","0.00058"
"5PZ1","8","10001011","10001011.0","Success","0.00071"
"1DV6","8","10110","10110.0","Success","0.00034"
"3SLB","8","111110","111110.0","Success","0.00045"
"2DDR","8","10101110","10101110.0","Success","0.0004"
"3DIK","8","1100","1100.0","Success","0.00095"
"3QFX","8","111110","111110.0","Success","0.00065"
"2QPA","8","10001111","10001111.0","Success","0.00046"
"7AHU","8","1","1.0","Success","0.00036"
"6OEY","8","10100011","10100011.0","Success","0.00043"
"6NF3","8","10111001","10111001.0","Success","0.00136"
"4KIR","8","1111000","1111000.0","Success","0.00046"
"5TDC","8","10111000","10111000.0","Success","0.00111"
"2LTO","8","1011001","1011001.0","Success","0.00037"
"6JPE","8","110000","110000.0","Success","0.00075"
"3GDW","8","10011001","10011001.0","Success","0.00084"
"7GBE","8","10101","10101.0","Success","0.00082"
"3KHB","8","10101001","10101001.0","Success","0.00067"
"9FBA","8","1010000","1010000.0","Success","0.00032"
"4HW9","8","1100100","1100100.0","Success","0.00033"
"7UUK","8","11011111","11011111.0","Success","0.00048"
"5NPN","8","1100101","1100101.0","Success","0.00039"
"5WFG","8","10","10.0","Success","0.00041"
"4EZV","8","10111101","10111101.0","Success","0.00064"
"3PQ6","8","10111001","10111001.0","Success","0.00027"
"2N4I","8","10111","10111.0","Success","0.00029"
"3H4Q","8","1101","1101.0","Success","0.00115"
"1WS4","8","11001110","11001110.0","Success","0.00055"
"8JE7","8","111110","111110.0","Success","0.00042"
"7L2X","8","1111100","1111100.0","Success","0.00029"
"2IY8","8","1011101","1011101.0","Success","0.00073"
"5EYO","8","10000100","10000100.0","Success","0.00105"
"2P2T","8","11101100","11101100.0","Success","0.00138"
"1WAU","8","11110010","11110010.0","Success","0.00094"
"2CKK","8","10110000","10110000.0","Success","0.00124"
"8EQJ","8","10011011","10011011.0","Success","0.0007"
"7V09","8","100111","100111.0","Success","0.00049"
"1NDF","8","10100110","10100110.0","Success","0.00041"
"7P7M","8","11110111","11110111.0","Success","0.0002"
"7TJJ","8","1010011","1010011.0","Success","0.00027"
"1NSQ","8","11100011","11100011.0","Success","0.00062"
"7D7U","8","1011000","1011000.0","Success","0.00069"
"4QEF","8","10101100","10101100.0","Success","0.00084"
"3UUZ","8","1001001","1001001.0","Success","0.00067"
"5XMY","8","110111","110111.0","Success","0.00115"
"4DK9","8","10100000","10100000.0","Success","0.00116"
"3BYV","8","11011000","11011000.0","Success","0.00072"
"5NIJ","8","10001","10001.0","Success","0.00034"
"5GO1","8","11001101","11001101.0","Success","0.00129"
"5PTG","8","10011110","10011110.0","Success","0.00083"
"3MGP","8","11010000","11010000.0","Success","0.00047"
"6KF8","8","10110","10110.0","Success","0.0006"
"4Q7J","8","10101101","10101101.0","Success","0.00027"
"9NV7","8","1001111","1001111.0","Success","0.00024"
"5TJT","8","11111","11111.0","Success","0.00033"
"8ZNO","8","10000111","10000111.0","Success","0.00021"
"1M4Y","8","11001110","11001110.0","Success","0.00062"
"1OI1","8","10001100","10001100.0","Success","0.00095"
"4OEB","8","1011111","1011111.0","Success","0.00059"
"9BKU","8","101011","101011.0","Success","0.00028"
"6HOA","8","1101","1101.0","Success","0.00098"
"5ZTY","8","1001110","1001110.0","Success","0.00065"
"7UM0","8","1101101","1101101.0","Success","0.00027"
"4I8N","8","11011110","11011110.0","Success","0.0008"
"8VEO","8","0","0.0","Success","0.00044"
"5O7M","8","11001000","11001000.0","Success","0.00074"
"2DMF","8","1100100","1100100.0","Success","0.00026"
"5YZP","8","10001101","10001101.0","Success","0.00099"
"9J2Y","8","100101","100101.0","Success","0.00055"
"7Q65","8","10111000","10111000.0","Success","0.00047"
"6BE3","8","1110011","1110011.0","Success","0.00066"
"3RJL","8","1110110","1110110.0","Success","0.00022"
"7GIH","8","11110110","11110110.0","Success","0.00055"
"6YYU","8","10001011","10001011.0","Success","0.00065"
"4MUO","8","1110011","1110011.0","Success","0.00055"
"3KZG","8","1001000","1001000.0","Success","0.00046"
"1SN7","8","10011101","10011101.0","Success","0.00074"
"3DE9","8","11101011","11101011.0","Success","0.0013"
"8G4H","8","11011010","11011010.0","Success","0.00076"
"1Y3T","8","11010","11010.0","Success","0.00054"
"6Q2T","8","10100","10100.0","Success","0.00046"
"2C6O","8","110100","110100.0","Success","0.00083"
"4QWA","8","11001111","11001111.0","Success","0.00075"
"4XCO","8","10001000","10001000.0","Success","0.0007"
"3HFS","8","1010001","1010001.0","Success","0.00053"
"1BP0","8","10000010","10000010.0","Success","0.0008"
"1XR6","8","110100","110100.0","Success","0.00065"
"8YAR","8","10001","10001.0","Success","0.00032"
"9IQT","8","111","111.0","Success","0.00041"
"1KRT","8","10011011","10011011.0","Success","0.00043"
"4ZOU","8","10101100","10101100.0","Success","0.00125"
"9FBJ","8","1101011","1101011.0","Success","0.00032"
"6CER","8","11010110","11010110.0","Success","0.00027"
"8DAV","8","1101011","1101011.0","Success","0.00021"
"5EQA","8","10011","10011.0","Success","0.00043"
"8UB2","8","11100101","11100101.0","Success","0.00088"
"5LLO","8","1111001","1111001.0","Success","0.00041"
"1R3B","8","1101000","1101000.0","Success","0.00022"
"4WSP","8","11110111","11110111.0","Success","0.00147"
"2D5M","8","10001101","10001101.0","Success","0.00102"
"2AXQ","8","1000011","1000011.0","Success","0.00066"
"3OZM","8","11011","11011.0","Success","0.00025"
"6BNV","8","10111111","10111111.0","Success","0.00015"
"3TSS","8","11111111","11111111.0","Success","0.00101"
"3IDU","8","1100100","1100100.0","Success","0.00094"
"8R23","8","11000100","11000100.0","Success","0.00035"
"8YEW","8","100101","100101.0","Success","0.00113"
"7YQF","8","11100010","11100010.0","Success","0.00055"
"5AKI","8","11011","11011.0","Success","0.0006"
"5PUB","8","101101","101101.0","Success","0.00087"
"1LLW","8","11001001","11001001.0","Success","0.00036"
"6HUP","8","1010110","1010110.0","Success","0.00032"
"2CNJ","8","1001","1001.0","Success","0.00027"
"5A9E","8","11100110","11100110.0","Success","0.00021"
"6C72","8","11101110","11101110.0","Success","0.00033"
"1VGO","8","11001001","11001001.0","Success","0.00064"
"3HNM","8","11100110","11100110.0","Success","0.00055"
"9EG4","8","1010001","1010001.0","Success","0.00027"
"4MGJ","8","11011000","11011000.0","Success","0.00065"
"6NFK","8","101","101.0","Success","0.001"
"8YYE","8","101011","101011.0","Success","0.00049"
"6P3R","8","11001110","11001110.0","Success","0.00038"
"8GSC","8","1010000","1010000.0","Success","0.00044"
"1ISS","8","1101110","1101110.0","Success","0.00047"
"4EY4","8","10011011","10011011.0","Success","0.00042"
"3QJT","8","10011","10011.0","Success","0.00051"
"3FZE","8","11001001","11001001.0","Success","0.00098"
"7N6M","8","10010011","10010011.0","Success","0.00092"
"6XTB","8","10010110","10010110.0","Success","0.0009"
"4KH4","8","1100110","1100110.0","Success","0.00042"
"8I3X","8","11011111","11011111.0","Success","0.00123"
"3TED","8","1011100","1011100.0","Success","0.00091"
"4Q9F","8","11001101","11001101.0","Success","0.00088"
"6SNK","8","10010100","10010100.0","Success","0.00069"
"2CZ2","8","11001001","11001001.0","Success","0.00095"
"5BWO","8","1111010","1111010.0","Success","0.00081"
"4YQJ","8","11100111","11100111.0","Success","0.00088"
"1PX9","8","10111011","10111011.0","Success","0.00215"
"6Q13","8","10010110","10010110.0","Success","0.00038"
"5T5B","8","111111","111111.0","Success","0.00042"
"4YYE","8","11101011","11101011.0","Success","0.00046"
"1IGJ","8","11101001","11101001.0","Success","0.00048"
"1E8U","8","1011101","1011101.0","Success","0.00047"
"7YKZ","8","110","110.0","Success","0.00021"
"9EUQ","8","10000011","10000011.0","Success","0.00045"
"5N5J","8","10110101","10110101.0","Success","0.00106"
"4G45","8","11001110","11001110.0","Success","0.0007"
"3OM2","8","1000101","1000101.0","Success","0.00066"
"3CZN","8","1010110","1010110.0","Success","0.00042"
"9JA1","8","110001","110001.0","Success","0.00024"
"9ENF","8","1101100","1101100.0","Success","0.00058"
"9FFS","8","110101","110101.0","Success","0.00032"
"3KRU","8","10100110","10100110.0","Success","0.00037"
"8V3Y","8","10110111","10110111.0","Success","0.00014"
"4Z8E","8","10100000","10100000.0","Success","0.00104"
"4US7","8","11110011","11110011.0","Success","0.00106"
"7ENO","8","1111001","1111001.0","Success","0.00055"
"4ERV","8","1010110","1010110.0","Success","0.00098"
"3V9V","8","1101011","1101011.0","Success","0.00086"
"9H7X","8","111001","111001.0","Success","0.00063"
"2ENP","8","10000111","10000111.0","Success","0.00025"
"7VS7","8","1000011","1000011.0","Success","0.00096"
"5BTN","8","11001110","11001110.0","Success","0.00037"
"4ILE","8","11010000","11010000.0","Success","0.00104"
"7WZU","8","11101111","11101111.0","Success","0.00046"
"2JA6","8","110111","110111.0","Success","0.00022"
"3IHU","8","1011101","1011101.0","Success","0.00068"
"3JCZ","8","1101110","1101110.0","Success","0.00026"
"7R7S","8","11101011","11101011.0","Success","0.00021"
"5OFH","8","10100011","10100011.0","Success","0.00075"
"7MIN","8","11111011","11111011.0","Success","0.00028"
"2VD0","8","10001110","10001110.0","Success","0.00048"
"7LAF","8","1000100","1000100.0","Success","0.00038"
"8E5W","8","10101000","10101000.0","Success","0.00062"
"4I5I","8","11011001","11011001.0","Success","0.0006"
"7QOE","8","10101101","10101101.0","Success","0.00099"
"3N0I","8","111101","111101.0","Success","0.00058"
"2EQ5","8","10101011","10101011.0","Success","0.00047"
"5EFX","8","11111001","11111001.0","Success","0.00112"
"1GQ2","8","1010000","1010000.0","Success","0.00015"
"2WNH","8","10110011","10110011.0","Success","0.00048"
"2INQ","8","1100011","1100011.0","Success","0.00077"
"8Z12","8","10101111","10101111.0","Success","0.00067"
"5UP1","8","1101011","1101011.0","Success","0.0004"
"7DXX","8","11101","11101.0","Success","0.00143"
"5HVW","8","11111101","11111101.0","Success","0.00093"
"3BOK","8","10001","10001.0","Success","0.00067"
"6FRO","8","1011000","1011000.0","Success","0.00125"
"8IRO","8","11001100","11001100.0","Success","0.00042"
"5HUM","8","1101011","1101011.0","Success","0.00035"
"3HHH","8","1100100","1100100.0","Success","0.00096"
"3PX7","8","111010","111010.0","Success","0.00059"
"6W30","8","11011000","11011000.0","Success","0.00079"
"8BBE","8","10101011","10101011.0","Success","0.00027"
"2LQN","8","11011111","11011111.0","Success","0.00018"
"1D1Q","8","10010001","10010001.0","Success","0.00079"
"8S37","8","1001001","1001001.0","Success","0.00025"
"2VIH","8","1111100","1111100.0","Success","0.00084"
"1CM5","8","1000","1000.0","Success","0.00036"
"4TUQ","8","10110000","10110000.0","Success","0.00077"
"2Y1O","8","10110","10110.0","Success","0.00066"
"1T3X","8","11100011","11100011.0","Success","0.00119"
"4HL6","8","10010111","10010111.0","Success","0.00028"
"4QUC","8","10111001","10111001.0","Success","0.00177"
"3HHD","8","0","0.0","Success","0.00024"
"4S31","8","10011100","10011100.0","Success","0.00075"
"8XBO","8","11010101","11010101.0","Success","0.00059"
"8P3B","8","10111100","10111100.0","Success","0.0011"
"1B4S","8","1000","1000.0","Success","0.00065"
"3PCE","8","10000000","10000000.0","Success","0.00027"
"1Y4H","8","111","111.0","Success","0.00057"
"5BWX","8","10101100","10101100.0","Success","0.0005"
"9EM3","8","11101000","11101000.0","Success","0.00072"
"3FBE","8","11110110","11110110.0","Success","0.0005"
"2DT6","8","11011010","11011010.0","Success","0.00038"
"6DNJ","8","1111","1111.0","Success","0.00086"
"5KAJ","8","11101110","11101110.0","Success","0.0002"
"5AVI","8","10110000","10110000.0","Success","0.00063"
"3V6F","8","10101100","10101100.0","Success","0.00033"
"2MEZ","8","1000100","1000100.0","Success","0.00034"
"1YSW","8","110101","110101.0","Success","0.00104"
"6FEB","8","1000000","1000000.0","Success","0.00056"
"1KQ9","8","11111110","11111110.0","Success","0.00073"
"1F04","8","10111100","10111100.0","Success","0.00026"
"9DUV","8","10010001","10010001.0","Success","0.0003"
"6KRX","8","11000000","11000000.0","Success","0.00077"
"8HJQ","8","10101101","10101101.0","Success","0.00069"
"5LZ8","8","10110100","10110100.0","Success","0.00071"
"1P7C","8","1011100","1011100.0","Success","0.00055"
"8E9H","8","10010101","10010101.0","Success","0.0002"
"3VA3","8","111000","111000.0","Success","0.00067"
"3PSS","8","1000000","1000000.0","Success","0.00067"
"3CTY","8","1011","1011.0","Success","0.00055"
"9CX6","8","11100101","11100101.0","Success","0.00116"
"1DO0","8","11001111","11001111.0","Success","0.00028"
"4V1N","8","10000001","10000001.0","Success","0.0002"
"2DDZ","8","1110011","1110011.0","Success","0.00039"
"4XZJ","8","111001","111001.0","Success","0.00093"
"9BOR","8","11011101","11011101.0","Success","0.00061"
"7O6W","8","11111","11111.0","Success","0.00118"
"1PP8","8","11011101","11011101.0","Success","0.00054"
"2QMA","8","1011110","1011110.0","Success","0.00046"
"3CCW","8","10000100","10000100.0","Success","0.00034"
"7WL3","8","10011110","10011110.0","Success","0.00053"
"6C4A","8","10010000","10010000.0","Success","0.00024"
"1BID","8","1100111","1100111.0","Success","0.00084"
"4WAN","8","1110111","1110111.0","Success","0.00062"
"5D49","8","10101001","10101001.0","Success","0.00074"
"1PF9","8","110001","110001.0","Success","0.00016"
"5DUO","8","111000","111000.0","Success","0.00066"
"4BOF","8","10110101","10110101.0","Success","0.00024"
"7LPW","8","111011","111011.0","Success","0.00045"
"9GUR","8","10010","10010.0","Success","0.00025"
"7AE2","8","11001010","11001010.0","Success","0.00082"
"8H2X","8","11111001","11111001.0","Success","0.0006"
"4JVR","8","1111110","1111110.0","Success","0.00085"
"5IRF","8","10000000","10000000.0","Success","0.00039"
"8PUI","8","11001100","11001100.0","Success","0.00033"
"6V06","8","11111011","11111011.0","Success","0.00076"
"3PX3","8","111101","111101.0","Success","0.00064"
"7DHX","8","10111111","10111111.0","Success","0.00052"
"6REA","8","11","11.0","Success","0.00021"
"5OJG","8","10000000","10000000.0","Success","0.0006"
"6Q9L","8","11011001","11011001.0","Success","0.00102"
"8U1E","8","10000101","10000101.0","Success","0.00053"
"7NU7","8","11111000","11111000.0","Success","0.00048"
"1DGN","8","11010001","11010001.0","Success","0.00033"
"8C33","8","100101","100101.0","Success","0.00047"
"2YBA","8","101000","101000.0","Success","0.00049"
"2FAP","8","1110101","1110101.0","Success","0.00099"
"4LMJ","8","10011101","10011101.0","Success","0.00035"
"6KXO","8","10001111","10001111.0","Success","0.00063"
"4GFJ","8","1111100","1111100.0","Success","0.00057"
"4KZ3","8","11000110","11000110.0","Success","0.00051"
"4OYD","8","11001","11001.0","Success","0.00058"
"7Z4T","8","100110","100110.0","Success","0.00057"
"1PLA","8","110111","110111.0","Success","0.00025"
"3QTL","8","11010110","11010110.0","Success","0.00046"
"5XSR","8","1101101","1101101.0","Success","0.00075"
"6XFT","8","1010000","1010000.0","Success","0.00078"
"2Y5Y","8","10111010","10111010.0","Success","0.0005"
"6ENB","8","10111","10111.0","Success","0.00055"
"3I64","8","1111000","1111000.0","Success","0.00053"
"2Q1D","8","11100001","11100001.0","Success","0.00084"
"4E0Z","8","11011110","11011110.0","Success","0.00077"
"4ZII","8","1","1.0","Success","0.00103"
"4M5C","8","11000000","11000000.0","Success","0.00093"
"7XZY","8","1110100","1110100.0","Success","0.0005"
"8FH9","8","11001001","11001001.0","Success","0.00076"
"6YWW","8","10001010","10001010.0","Success","0.00167"
"3DVQ","8","110001","110001.0","Success","0.00082"
"2JWG","8","11000000","11000000.0","Success","0.00033"
"5FS8","8","10110","10110.0","Success","0.00063"
"5JSE","8","111011","111011.0","Success","0.00035"
"6B8Y","8","11100011","11100011.0","Success","0.00082"
"3D2F","8","11100101","11100101.0","Success","0.0003"
"8OM1","8","11000101","11000101.0","Success","0.00015"
"4O4H","8","10010100","10010100.0","Success","0.00029"
"6HNN","8","10110111","10110111.0","Success","0.00035"
"6HTY","8","1010000","1010000.0","Success","0.00056"
"1BSV","8","1001100","1001100.0","Success","0.00076"
"9FZP","8","11010101","11010101.0","Success","0.00062"
"6QG1","8","10001001","10001001.0","Success","0.00019"
"5TQC","8","10100011","10100011.0","Success","0.00047"
"2D9M","8","1111011","1111011.0","Success","0.00037"
"8WRC","8","1101011","1101011.0","Success","0.00027"
"3QOL","8","1100","1100.0","Success","0.00123"
"4Q8B","8","11001100","11001100.0","Success","0.00044"
"5AM0","8","1000000","1000000.0","Success","0.00058"
"4Z2H","8","101100","101100.0","Success","0.00062"
"1ZC9","8","11110011","11110011.0","Success","0.00067"
"9CBM","8","101000","101000.0","Success","0.00046"
"8PUP","8","11100000","11100000.0","Success","0.00099"
"1E4U","8","1001000","1001000.0","Success","0.00028"
"5TYY","8","110100","110100.0","Success","0.00073"
"8D95","8","11000001","11000001.0","Success","0.00092"
"4CBQ","8","1100100","1100100.0","Success","0.00057"
"1KIV","8","1100110","1100110.0","Success","0.00162"
"8TAD","8","11010101","11010101.0","Success","0.00086"
"8Q17","8","1011111","1011111.0","Success","0.00059"
"5EU2","8","10001111","10001111.0","Success","0.0011"
"3KZE","8","11001111","11001111.0","Success","0.00078"
"3QAM","8","11010010","11010010.0","Success","0.00073"
"3D5Z","8","11011000","11011000.0","Success","0.00077"
"3ZCS","8","1001","1001.0","Success","0.00049"
"3TYF","8","1010000","1010000.0","Success","0.00046"
"4JEA","8","1010110","1010110.0","Success","0.00066"
"1V19","8","11100011","11100011.0","Success","0.00059"
"5Y0O","8","10011110","10011110.0","Success","0.00049"
"3REF","8","1111000","1111000.0","Success","0.00072"
"6DVI","8","11001010","11001010.0","Success","0.00027"
"6YE1","8","11101101","11101101.0","Success","0.00042"
"7OC5","8","110000","110000.0","Success","0.0005"
"7OAR","8","10100000","10100000.0","Success","0.00047"
"4KW1","8","10011100","10011100.0","Success","0.00032"
"3H7G","8","111001","111001.0","Success","0.00104"
"3EU7","8","10100110","10100110.0","Success","0.00073"
"7Z2G","8","1100101","1100101.0","Success","0.00044"
"9C3J","8","10000010","10000010.0","Success","0.00055"
"2P66","8","11010000","11010000.0","Success","0.00079"
"1AUG","8","11110100","11110100.0","Success","0.00048"
"4ROC","8","11110000","11110000.0","Success","0.00063"
"5PTO","8","1101011","1101011.0","Success","0.00086"
"2ZA4","8","10101111","10101111.0","Success","0.0007"
"8ZTE","8","10010110","10010110.0","Success","0.00049"
"7EX3","8","110011","110011.0","Success","0.00099"
"7DSF","8","1001101","1001101.0","Success","0.00062"
"5KSQ","8","11100111","11100111.0","Success","0.00061"
"7MW8","8","11100101","11100101.0","Success","0.00029"
"6KPL","8","1","1.0","Success","0.00082"
"7NQU","8","10001","10001.0","Success","0.00049"
"2WN8","8","110111","110111.0","Success","0.00072"
"7BUJ","8","10111110","10111110.0","Success","0.00052"
"6J7X","8","11111001","11111001.0","Success","0.0005"
"9R2E","8","11100101","11100101.0","Success","0.00038"
"4BPB","8","10110010","10110010.0","Success","0.00054"
"3LBN","8","101","101.0","Success","0.00101"
"7FCT","8","1110","1110.0","Success","0.00063"
"3BGH","8","10011110","10011110.0","Success","0.0007"
"7UZY","8","1100100","1100100.0","Success","0.00033"
"7SX9","8","100011","100011.0","Success","0.00027"
"5IEI","8","111010","111010.0","Success","0.00118"
"4A7W","8","10100011","10100011.0","Success","0.00065"
"4OWC","8","1110001","1110001.0","Success","0.00122"
"5BN3","8","11001001","11001001.0","Success","0.00045"
"1F9N","8","11010100","11010100.0","Success","0.00047"
"2LNM","8","1010010","1010010.0","Success","0.00038"
"6MW5","8","1","1.0","Success","0.00087"
"7NJU","8","1010111","1010111.0","Success","0.00041"
"1BCK","8","10111001","10111001.0","Success","0.00107"
"5QMP","8","11001011","11001011.0","Success","0.00072"
"8ORG","8","11100101","11100101.0","Success","0.00083"
"4DSR","8","101","101.0","Success","0.00052"
"4G08","8","1010100","1010100.0","Success","0.00118"
"8EQI","8","11101111","11101111.0","Success","0.00053"
"2DLY","8","10100101","10100101.0","Success","0.00028"
"6W6O","8","1110001","1110001.0","Success","0.00042"
"8YP9","8","11010010","11010010.0","Success","0.00044"
"5V60","8","10100100","10100100.0","Success","0.00073"
"5WGZ","8","1110","1110.0","Success","0.00055"
"5CQC","8","110100","110100.0","Success","0.00073"
"2H7W","8","10111","10111.0","Success","0.00095"
"8IEX","8","10001","10001.0","Success","0.00034"
"1WKG","8","1","1.0","Success","0.00048"
"3K26","8","11110101","11110101.0","Success","0.00073"
"5E02","8","1010","1010.0","Success","0.00044"
"8IZR","8","11000101","11000101.0","Success","0.00038"
"8ERH","8","10100","10100.0","Success","0.00064"
"4GYN","8","10111101","10111101.0","Success","0.00074"
"7EMN","8","1111010","1111010.0","Success","0.00044"
"7CNX","8","1100111","1100111.0","Success","0.00041"
"1MAS","8","10010010","10010010.0","Success","0.00056"
"2VIC","8","1010001","1010001.0","Success","0.00081"
"3LH5","8","10110101","10110101.0","Success","0.00087"
"2W19","8","11100101","11100101.0","Success","0.00045"
"1DOV","8","10001111","10001111.0","Success","0.00101"
"6IMN","8","11101111","11101111.0","Success","0.00049"
"7KLV","8","1000010","1000010.0","Success","0.0004"
"3UK1","8","10110100","10110100.0","Success","0.00039"
"7Z5I","8","10100000","10100000.0","Success","0.00127"
"4BTA","8","1011111","1011111.0","Success","0.00066"
"3QV0","8","11010001","11010001.0","Success","0.00104"
"8P89","8","11000100","11000100.0","Success","0.00055"
"2ZT2","8","1110110","1110110.0","Success","0.00111"
"7XGL","8","1110000","1110000.0","Success","0.00055"
"1L0E","8","11110000","11110000.0","Success","0.00051"
"7POH","8","10000110","10000110.0","Success","0.00106"
"5YGH","8","11110011","11110011.0","Success","0.00115"
"4V0I","8","1000011","1000011.0","Success","0.00034"
"4ZS7","8","11010000","11010000.0","Success","0.00057"
"2P2D","8","11001000","11001000.0","Success","0.00038"
"6T3H","8","101000","101000.0","Success","0.00055"
"5H0W","8","1111111","1111111.0","Success","0.00128"
"3SVZ","8","1011000","1011000.0","Success","0.00064"
"2QB5","8","11011100","11011100.0","Success","0.00051"
"4IY2","8","1011000","1011000.0","Success","0.0008"
"4FMF","8","1010011","1010011.0","Success","0.00039"
"2MXZ","8","10000010","10000010.0","Success","0.00026"
"8HGC","8","11011011","11011011.0","Success","0.00068"
"7H5F","8","110","110.0","Success","0.00076"
"3MSO","8","11100001","11100001.0","Success","0.00081"
"1DOS","8","11000000","11000000.0","Success","0.00051"
"5DIY","8","1000011","1000011.0","Success","0.00044"
"6MWA","8","1001111","1001111.0","Success","0.00092"
"2QM2","8","11000100","11000100.0","Success","0.00091"
"1GY1","8","10001011","10001011.0","Success","0.00082"
"2V71","8","10101000","10101000.0","Success","0.00079"
"1TUH","8","100100","100100.0","Success","0.00122"
"1KF8","8","10100110","10100110.0","Success","0.00122"
"4NHJ","8","1000001","1000001.0","Success","0.001"
"4NX8","8","1110100","1110100.0","Success","0.0006"
"7Y4F","8","10100010","10100010.0","Success","0.00026"
"3KG5","8","11101100","11101100.0","Success","0.00096"
"4ZL1","8","1111101","1111101.0","Success","0.00071"
"1OXK","8","10101010","10101010.0","Success","0.00034"
"2OP0","8","1001001","1001001.0","Success","0.00059"
"7QS0","8","10001001","10001001.0","Success","0.00058"
"9IY2","8","1101","1101.0","Success","0.00031"
"5X3H","8","11101010","11101010.0","Success","0.0006"
"4J3C","8","1111101","1111101.0","Success","0.00066"
"5D3G","8","101010","101010.0","Success","0.00032"
"3KP7","8","1011010","1011010.0","Success","0.00082"
"6YK2","8","10111001","10111001.0","Success","0.00083"
"8OY0","8","110","110.0","Success","0.00028"
"1EIL","8","11100000","11100000.0","Success","0.00082"
"8W6I","8","11001010","11001010.0","Success","0.00042"
"1BOG","8","1010111","1010111.0","Success","0.00069"
"8WVY","8","10000000","10000000.0","Success","0.00045"
"3PHG","8","11001101","11001101.0","Success","0.0006"
"1HK2","8","1111000","1111000.0","Success","0.0006"
"1XGW","8","1100111","1100111.0","Success","0.00115"
"3P04","8","11110","11110.0","Success","0.00112"
"4CC1","8","11111010","11111010.0","Success","0.00056"
"8URG","8","1100011","1100011.0","Success","0.00142"
"4KZT","8","11101111","11101111.0","Success","0.00034"
"3CZU","8","11110101","11110101.0","Success","0.00076"
"5F8B","8","10010001","10010001.0","Success","0.00095"
"6QJQ","8","1011","1011.0","Success","0.00107"
"1QMT","8","11","11.0","Success","0.00118"
"7MBM","8","101000","101000.0","Success","0.00033"
"4D9J","8","11100","11100.0","Success","0.00019"
"2WVK","8","111010","111010.0","Success","0.00052"
"2DQ3","8","11101","11101.0","Success","0.00047"
"4M3U","8","11111101","11111101.0","Success","0.00046"
"4D0R","8","11010100","11010100.0","Success","0.00083"
"4ZXF","8","1010011","1010011.0","Success","0.0004"
"1EQU","8","1011","1011.0","Success","0.00058"
"4N9M","8","11001010","11001010.0","Success","0.0008"
"4V2D","8","11111","11111.0","Success","0.00073"
"3T2N","8","10011000","10011000.0","Success","0.00035"
"1EZX","8","11101110","11101110.0","Success","0.00061"
"1B8L","8","10101101","10101101.0","Success","0.00132"
"3TPT","8","1000000","1000000.0","Success","0.00047"
"9C0E","8","1110000","1110000.0","Success","0.00033"
"8XOK","8","101110","101110.0","Success","0.00041"
"9GGQ","8","11001001","11001001.0","Success","0.00027"
"4W6E","8","11111100","11111100.0","Success","0.00095"
"2AYU","8","10010110","10010110.0","Success","0.00084"
"1HSO","8","1101110","1101110.0","Success","0.00049"
"1AV6","8","100011","100011.0","Success","0.00083"
"5KAV","8","10001101","10001101.0","Success","0.00106"
"3WVS","8","111101","111101.0","Success","0.00065"
"7BWL","8","1101001","1101001.0","Success","0.00109"
"2JCA","8","100101","100101.0","Success","0.00071"
"2ZUE","8","101000","101000.0","Success","0.00055"
"4NAH","8","10110","10110.0","Success","0.00044"
"1B9L","8","11110010","11110010.0","Success","0.00045"
"3NFQ","8","1101001","1101001.0","Success","0.00082"
"6KJE","8","111110","111110.0","Success","0.00049"
"6QF9","8","10100001","10100001.0","Success","0.00062"
"2HV4","8","1101000","1101000.0","Success","0.00022"
"6FJT","8","11101111","11101111.0","Success","0.00076"
"7YVH","8","10111001","10111001.0","Success","0.00068"
"5HYS","8","10111110","10111110.0","Success","0.00026"
"7XVE","8","11101","11101.0","Success","0.00036"
"1C9I","8","11110011","11110011.0","Success","0.00051"
"4DTN","8","100011","100011.0","Success","0.00044"
"1L2W","8","10110011","10110011.0","Success","0.0004"
"2FDA","8","10110011","10110011.0","Success","0.0009"
"3BTE","8","11011000","11011000.0","Success","0.00081"
"4MVT","8","10111100","10111100.0","Success","0.00044"
"5NIE","8","10010001","10010001.0","Success","0.00033"
"5WRT","8","101110","101110.0","Success","0.00065"
"8VKK","8","10101111","10101111.0","Success","0.00026"
"8SL1","8","10110110","10110110.0","Success","0.00049"
"4RDQ","8","11011000","11011000.0","Success","0.00022"
"5YLJ","8","11000000","11000000.0","Success","0.00029"
"1HF3","8","10111010","10111010.0","Success","0.0005"
"4WIB","8","101000","101000.0","Success","0.00072"
"6EYJ","8","10111111","10111111.0","Success","0.00057"
"1J4V","8","11011100","11011100.0","Success","0.00098"
"3M4A","8","1010010","1010010.0","Success","0.00078"
"4YEK","8","101100","101100.0","Success","0.00047"
"1RHP","8","1111","1111.0","Success","0.00084"
"5WFN","8","10100000","10100000.0","Success","0.00042"
"5DK4","8","10000110","10000110.0","Success","0.00077"
"7KTX","8","111","111.0","Success","0.0003"
"4XX0","8","10101","10101.0","Success","0.00051"
"7D6Q","8","1010101","1010101.0","Success","0.00054"
"3G0Y","8","11111100","11111100.0","Success","0.00066"
"7F3J","8","1101100","1101100.0","Success","0.00075"
"5FDW","8","1011011","1011011.0","Success","0.0007"
"7E3S","8","1101001","1101001.0","Success","0.00079"
"2K54","8","11110011","11110011.0","Success","0.00028"
"2ODA","8","10001010","10001010.0","Success","0.00067"
"9F5P","8","1100011","1100011.0","Success","0.00048"
"7A5S","8","11011110","11011110.0","Success","0.0003"
"1H8L","8","10110111","10110111.0","Success","0.00071"
"5YIB","8","1001001","1001001.0","Success","0.00076"
"3LXT","8","1101100","1101100.0","Success","0.00048"
"3I5F","8","11100010","11100010.0","Success","0.00042"
"1JNE","8","11010100","11010100.0","Success","0.0007"
"3TQQ","8","1101110","1101110.0","Success","0.00078"
"1RBP","8","100101","100101.0","Success","0.00105"
"4N7B","8","1101000","1101000.0","Success","0.00077"
"5RY4","8","1000001","1000001.0","Success","0.00059"
"3O4F","8","111101","111101.0","Success","0.00029"
"4AJ0","8","1010010","1010010.0","Success","0.00065"
"6V0X","8","11111100","11111100.0","Success","0.00137"
"7QXI","8","11101101","11101101.0","Success","0.00023"
"5QAS","8","10110101","10110101.0","Success","0.00045"
"3CWM","8","1010010","1010010.0","Success","0.00072"
"3IS0","8","101111","101111.0","Success","0.00068"
"5HEZ","8","1011110","1011110.0","Success","0.0004"
"8XDL","8","1","1.0","Success","0.00042"
"6I30","8","1000110","1000110.0","Success","0.0007"
"4XEY","8","11011001","11011001.0","Success","0.00055"
"2DVC","8","1101","1101.0","Success","0.00077"
"1CJ5","8","11011000","11011000.0","Success","0.00035"
"8ZW7","8","1000101","1000101.0","Success","0.00036"
"7OPP","8","10001","10001.0","Success","0.00066"
"3D6Z","8","10001001","10001001.0","Success","0.00084"
"6QUA","8","1100010","1100010.0","Success","0.00063"
"6LTH","8","1000110","1000110.0","Success","0.00032"
"7W83","8","1111","1111.0","Success","0.00068"
"1WLP","8","11000101","11000101.0","Success","0.0011"
"1GR5","8","10111111","10111111.0","Success","0.00016"
"2QHC","8","11001100","11001100.0","Success","0.00095"
"6GCY","8","11101010","11101010.0","Success","0.00083"
"8X7S","8","11000000","11000000.0","Success","0.0004"
"3GVV","8","10100100","10100100.0","Success","0.00072"
"3O8L","8","11010","11010.0","Success","0.00035"
"9BCT","8","1000100","1000100.0","Success","0.0002"
"5AXM","8","11000","11000.0","Success","0.00065"
"3PLZ","8","1010110","1010110.0","Success","0.00059"
"1NOU","8","1010001","1010001.0","Success","0.00045"
"2JXH","8","10010010","10010010.0","Success","0.00026"
"5E1L","8","11110","11110.0","Success","0.00102"
"2DRD","8","11101100","11101100.0","Success","0.00024"
"6DQL","8","10010010","10010010.0","Success","0.00063"
"1M3I","8","1001011","1001011.0","Success","0.00032"
"6PPG","8","11000","11000.0","Success","0.00041"
"6PHF","8","11110001","11110001.0","Success","0.00038"
"1ME4","8","11101","11101.0","Success","0.00094"
"4OJX","8","10000010","10000010.0","Success","0.00072"
"6UPJ","8","10011010","10011010.0","Success","0.00096"
"5JRN","8","10111","10111.0","Success","0.00099"
"4R03","8","11110111","11110111.0","Success","0.00128"
"1SU5","8","11011111","11011111.0","Success","0.00062"
"1TE3","8","1011","1011.0","Success","0.00085"
"4W5H","8","11100011","11100011.0","Success","0.00094"
"8P7V","8","10001000","10001000.0","Success","0.00078"
"5FVT","8","100011","100011.0","Success","0.00047"
"8R0J","8","11001","11001.0","Success","0.00046"
"5LZL","8","1111110","1111110.0","Success","0.00022"
"2C7L","8","1001000","1001000.0","Success","0.00078"
"5SM4","8","101001","101001.0","Success","0.00064"
"6NLU","8","1","1.0","Success","0.00099"
"1WEE","8","10011111","10011111.0","Success","0.00036"
"1T6A","8","110011","110011.0","Success","0.00121"
"8BGA","8","100111","100111.0","Success","0.00056"
"2KAA","8","1011","1011.0","Success","0.00028"
"8QH0","8","11000000","11000000.0","Success","0.00055"
"2ZQX","8","1001011","1001011.0","Success","0.00038"
"4TKG","8","1100101","1100101.0","Success","0.00046"
"7JR1","8","1111110","1111110.0","Success","0.00029"
"1HES","8","1111110","1111110.0","Success","0.00082"
"6N9N","8","100001","100001.0","Success","0.0005"
"6ZZE","8","10011011","10011011.0","Success","0.00034"
"1LYI","8","10001","10001.0","Success","0.00114"
"2RD8","8","100","100.0","Success","0.00058"
"7VTM","8","1010110","1010110.0","Success","0.00073"
"5HK1","8","10001011","10001011.0","Success","0.00053"
"8JT4","8","1011010","1011010.0","Success","0.00085"
"7XY3","8","10011100","10011100.0","Success","0.00024"
"3MI0","8","1111","1111.0","Success","0.00018"
"4Y21","8","11110010","11110010.0","Success","0.00058"
"4DX2","8","110001","110001.0","Success","0.00064"
"8IYG","8","110","110.0","Success","0.0003"
"4OSW","8","101011","101011.0","Success","0.00043"
"3P1T","8","10011110","10011110.0","Success","0.00039"
"1GWC","8","1110","1110.0","Success","0.00055"
"5DHI","8","10110011","10110011.0","Success","0.00059"
"5NAG","8","1100100","1100100.0","Success","0.00046"
"8E70","8","1011001","1011001.0","Success","0.00027"
"4JB4","8","10000011","10000011.0","Success","0.00059"
"2B8T","8","10101100","10101100.0","Success","0.00049"
"9JN3","8","10011001","10011001.0","Success","0.00058"
"4BU7","8","100","100.0","Success","0.00065"
"3V9W","8","10","10.0","Success","0.00048"
"8HXZ","8","10001","10001.0","Success","0.00046"
"1TUX","8","1111001","1111001.0","Success","0.0008"
"1IAX","8","1001010","1001010.0","Success","0.00047"
"5SJ3","8","11111010","11111010.0","Success","0.0004"
"1JSL","8","10010100","10010100.0","Success","0.00039"
"1EW0","8","101101","101101.0","Success","0.00123"
"1RDP","8","11100100","11100100.0","Success","0.00062"
"6LFN","8","1001111","1001111.0","Success","0.00047"
"4ZOP","8","10101100","10101100.0","Success","0.0004"
"8G7I","8","111","111.0","Success","0.00083"
"4U39","8","100011","100011.0","Success","0.00026"
"5OXP","8","1100100","1100100.0","Success","0.00065"
"3K13","8","1","1.0","Success","0.00047"
"4PV6","8","11001100","11001100.0","Success","0.00028"
"4AV8","8","100000","100000.0","Success","0.00078"
"2FER","8","1111101","1111101.0","Success","0.00069"
"6SNU","8","10011110","10011110.0","Success","0.00032"
"5VN5","8","10100100","10100100.0","Success","0.00043"
"3FPA","8","10111","10111.0","Success","0.00046"
"4YMO","8","11010010","11010010.0","Success","0.00076"
"3CKY","8","11001111","11001111.0","Success","0.0004"
"4G2H","8","10001110","10001110.0","Success","0.0009"
"5MJ3","8","1010010","1010010.0","Success","0.00059"
"1VFZ","8","10000010","10000010.0","Success","0.00076"
"9FG3","8","10011001","10011001.0","Success","0.00031"
"1H4C","8","1111111","1111111.0","Success","0.00098"
"5J4R","8","1010101","1010101.0","Success","0.00085"
"2ERL","8","1100101","1100101.0","Success","0.00216"
"7AIW","8","111111","111111.0","Success","0.00043"
"1FYA","8","11100010","11100010.0","Success","0.00102"
"6HOO","8","1100100","1100100.0","Success","0.00059"
"7W8V","8","11000111","11000111.0","Success","0.00073"
"6RCZ","8","1101110","1101110.0","Success","0.0006"
"7PEU","8","10100111","10100111.0","Success","0.00028"
"4RTX","8","10101111","10101111.0","Success","0.00088"
"1T68","8","10001011","10001011.0","Success","0.001"
"7GDC","8","1100101","1100101.0","Success","0.00077"
"3A13","8","101100","101100.0","Success","0.0002"
"2I9E","8","10000000","10000000.0","Success","0.00042"
"7UNM","8","11010000","11010000.0","Success","0.00049"
"6NNX","8","10111000","10111000.0","Success","0.00111"
"3W44","8","110011","110011.0","Success","0.00067"
"7DTB","8","110110","110110.0","Success","0.00125"
"1YRV","8","10110111","10110111.0","Success","0.00114"
"9KHY","8","11011110","11011110.0","Success","0.00015"
"2C86","8","10001","10001.0","Success","0.00086"
"2G0K","8","11111110","11111110.0","Success","0.00019"
"6W0K","8","10011001","10011001.0","Success","0.0006"
"6WTU","8","10100101","10100101.0","Success","0.00026"
"2QC7","8","11110011","11110011.0","Success","0.00067"
"1Q57","8","11111011","11111011.0","Success","0.00024"
"2OXC","8","1110001","1110001.0","Success","0.00067"
"6ZLZ","8","1111000","1111000.0","Success","0.0003"
"9BFR","8","11101","11101.0","Success","0.00049"
"1R00","8","1011011","1011011.0","Success","0.00075"
"7MQF","8","11010","11010.0","Success","0.00034"
"4LJ8","8","1010000","1010000.0","Success","0.00075"
"1S4Q","8","11011010","11011010.0","Success","0.00101"
"8JM6","8","111010","111010.0","Success","0.00061"
"7GS8","8","11111100","11111100.0","Success","0.00082"
"8OMO","8","1000101","1000101.0","Success","0.00039"
"4JKM","8","1011101","1011101.0","Success","0.00032"
"3L7B","8","11111000","11111000.0","Success","0.00047"
"8UDP","8","1000010","1000010.0","Success","0.00081"
"3MV7","8","1001101","1001101.0","Success","0.00048"
"7ORL","8","10010011","10010011.0","Success","0.0003"
"1YAQ","8","1011100","1011100.0","Success","0.00118"
"5O1K","8","1011","1011.0","Success","0.00114"
"8W6R","8","10000011","10000011.0","Success","0.00069"
"3ZRA","8","1111","1111.0","Success","0.00064"
"4NQE","8","11010","11010.0","Success","0.00035"
"3TCH","8","110010","110010.0","Success","0.00061"
"2B7Y","8","10111110","10111110.0","Success","0.00066"
"4NMS","8","110","110.0","Success","0.00102"
"3NIX","8","11001010","11001010.0","Success","0.00024"
"4KAB","8","11110","11110.0","Success","0.00062"
"4DJ3","8","11111","11111.0","Success","0.00059"
"2DLD","8","10101010","10101010.0","Success","0.00054"
"1XTP","8","10000101","10000101.0","Success","0.00086"
"6H5E","8","11001010","11001010.0","Success","0.00038"
"1H6C","8","1110111","1110111.0","Success","0.0005"
"4C36","8","1011000","1011000.0","Success","0.00076"
"4Y6A","8","10101000","10101000.0","Success","0.00017"
"3UA5","8","11001","11001.0","Success","0.00046"
"2DDX","8","10111001","10111001.0","Success","0.00078"
"3KZ5","8","11000110","11000110.0","Success","0.00115"
"8HJB","8","101000","101000.0","Success","0.00073"
"2SOB","8","10011010","10011010.0","Success","0.00044"
"3IE9","8","1001100","1001100.0","Success","0.00138"
"5XWK","8","11111101","11111101.0","Success","0.0006"
"3GWH","8","111","111.0","Success","0.00101"
"4H1E","8","11111","11111.0","Success","0.0005"
"5QQR","8","1110000","1110000.0","Success","0.00048"
"8FF8","8","110","110.0","Success","0.00052"
"3PHE","8","1101111","1101111.0","Success","0.00029"
"2NSR","8","11000100","11000100.0","Success","0.00111"
"3LUP","8","11100110","11100110.0","Success","0.00083"
"5YMU","8","111","111.0","Success","0.00056"
"7OPK","8","111111","111111.0","Success","0.00055"
"8ACT","8","11001110","11001110.0","Success","0.00029"
"5TJH","8","100110","100110.0","Success","0.00026"
"8R2T","8","100110","100110.0","Success","0.00048"
"8OWF","8","1000110","1000110.0","Success","0.00058"
"7NA0","8","10010101","10010101.0","Success","0.0003"
"5X40","8","101011","101011.0","Success","0.00057"
"4MLO","8","11001010","11001010.0","Success","0.00082"
"6QRC","8","11100010","11100010.0","Success","0.00069"
"4H2X","8","10000110","10000110.0","Success","0.00047"
"2O2Q","8","10000010","10000010.0","Success","0.00031"
"3N35","8","1000","1000.0","Success","0.00092"
"5B0E","8","1111001","1111001.0","Success","0.00099"
"6LN9","8","1111000","1111000.0","Success","0.00044"
"5FPN","8","11011000","11011000.0","Success","0.0005"
"8DEO","8","101101","101101.0","Success","0.00047"
"8FPN","8","100011","100011.0","Success","0.00123"
"4Q4X","8","10000111","10000111.0","Success","0.00048"
"2UYE","8","10011111","10011111.0","Success","0.00068"
"6JFU","8","1000000","1000000.0","Success","0.00044"
"4FJ1","8","1010011","1010011.0","Success","0.00042"
"8DU0","8","11011111","11011111.0","Success","0.00082"
"1IP1","8","10000111","10000111.0","Success","0.00118"
"8Z9C","8","10111110","10111110.0","Success","0.00026"
"4PAX","8","1000000","1000000.0","Success","0.00075"
"4XWT","8","11000","11000.0","Success","0.0004"
"1JVS","8","10101101","10101101.0","Success","0.0005"
"5TFJ","8","100011","100011.0","Success","0.00092"
"5I7K","8","1101","1101.0","Success","0.0007"
"1A1D","8","1011011","1011011.0","Success","0.00108"
"8UE1","8","10010000","10010000.0","Success","0.00077"
"9LUX","8","100001","100001.0","Success","0.00035"
"6BIQ","8","10111101","10111101.0","Success","0.00042"
"2UZW","8","1001010","1001010.0","Success","0.00076"
"6KY3","8","11001","11001.0","Success","0.00073"
"3R76","8","100001","100001.0","Success","0.00039"
"3HR0","8","10110001","10110001.0","Success","0.00062"
"1KTI","8","11001100","11001100.0","Success","0.00048"
"2UX7","8","1110010","1110010.0","Success","0.00123"
"5CB7","8","1011110","1011110.0","Success","0.00075"
"4IXM","8","1111","1111.0","Success","0.00054"
"6P8F","8","10000110","10000110.0","Success","0.00058"
"4LU4","8","1010001","1010001.0","Success","0.00065"
"1JAH","8","10001100","10001100.0","Success","0.00111"
"7O27","8","11100101","11100101.0","Success","0.00064"
"1R28","8","1110100","1110100.0","Success","0.00087"
"5QOA","8","1111101","1111101.0","Success","0.00071"
"9MOB","8","10101011","10101011.0","Success","0.00022"
"3OJO","8","1001011","1001011.0","Success","0.00049"
"1G4F","8","1100110","1100110.0","Success","0.00035"
"8A8Z","8","11101100","11101100.0","Success","0.00053"
"9EWJ","8","11110010","11110010.0","Success","0.00032"
"4CE2","8","10110110","10110110.0","Success","0.00092"
"2BHX","8","110110","110110.0","Success","0.00053"
"1DAI","8","1010010","1010010.0","Success","0.00092"
"4HTV","8","11011101","11011101.0","Success","0.00065"
"5IMU","8","101011","101011.0","Success","0.00093"
"4PKB","8","1111010","1111010.0","Success","0.00074"
"2ZH5","8","1101111","1101111.0","Success","0.00065"
"3NGI","8","1000001","1000001.0","Success","0.00046"
"2N97","8","1001101","1001101.0","Success","0.00032"
"2PQM","8","11100000","11100000.0","Success","0.00054"
"6TKK","8","1011","1011.0","Success","0.00109"
"3BPP","8","10011001","10011001.0","Success","0.00094"
"5KAB","8","11100011","11100011.0","Success","0.00078"
"6F73","8","10001000","10001000.0","Success","0.00041"
"4IEE","8","1111100","1111100.0","Success","0.00063"
"7CGY","8","1010001","1010001.0","Success","0.00045"
"8IYN","8","10100010","10100010.0","Success","0.0012"
"6VWB","8","1011110","1011110.0","Success","0.00032"
"5BWF","8","10111000","10111000.0","Success","0.00045"
"4QQ7","8","101011","101011.0","Success","0.00068"
"1U1K","8","110000","110000.0","Success","0.00102"
"1SOM","8","111101","111101.0","Success","0.00058"
"6J7B","8","10100010","10100010.0","Success","0.00083"
"2IDZ","8","10101001","10101001.0","Success","0.00084"
"5O5F","8","1101100","1101100.0","Success","0.00127"
"3KC3","8","10100001","10100001.0","Success","0.00024"
"3R9Q","8","101110","101110.0","Success","0.00052"
"6WZL","8","110100","110100.0","Success","0.00043"
"6DHL","8","10111100","10111100.0","Success","0.00017"
"1AQI","8","11010001","11010001.0","Success","0.00051"
"4A0T","8","1110010","1110010.0","Success","0.0006"
"5VW3","8","1001011","1001011.0","Success","0.00076"
"6BRH","8","10010011","10010011.0","Success","0.00043"
"7B40","8","111010","111010.0","Success","0.00082"
"5QTX","8","11011011","11011011.0","Success","0.00087"
"3RXG","8","11010010","11010010.0","Success","0.00093"
"5DMZ","8","1000101","1000101.0","Success","0.00053"
"5L3K","8","10111000","10111000.0","Success","0.00022"
"5EJ2","8","1110111","1110111.0","Success","0.00042"
"4B8O","8","11111101","11111101.0","Success","0.00064"
"6N60","8","1101110","1101110.0","Success","0.00024"
"3NC0","8","10010101","10010101.0","Success","0.00025"
"8E6A","8","1101001","1101001.0","Success","0.00057"
"8UAB","8","11101110","11101110.0","Success","0.0008"
"5YIX","8","10000010","10000010.0","Success","0.00071"
"3J0S","8","1010001","1010001.0","Success","0.00017"
"4D35","8","1011110","1011110.0","Success","0.00048"
"6EGF","8","100","100.0","Success","0.00079"
"3DXP","8","10111110","10111110.0","Success","0.00078"
"5KJT","8","1000010","1000010.0","Success","0.00066"
"2LQU","8","10111010","10111010.0","Success","0.00035"
"1YYQ","8","11000","11000.0","Success","0.00054"
"7DR7","8","11001","11001.0","Success","0.00018"
"7CIN","8","10010010","10010010.0","Success","0.00051"
"6YRM","8","101","101.0","Success","0.0004"
"3TSW","8","10011011","10011011.0","Success","0.00041"
"8GV7","8","1011010","1011010.0","Success","0.00051"
"2CSY","8","11110011","11110011.0","Success","0.00035"
"1EUN","8","11001000","11001000.0","Success","0.00054"
"3HEQ","8","110110","110110.0","Success","0.00096"
"3UMX","8","110011","110011.0","Success","0.00085"
"7QMV","8","11110010","11110010.0","Success","0.00075"
"3KOL","8","1010","1010.0","Success","0.00113"
"6FS8","8","1010111","1010111.0","Success","0.00071"
"9GMK","8","1010001","1010001.0","Success","0.00044"
"1EUF","8","1110","1110.0","Success","0.00091"
"4KWL","8","11111010","11111010.0","Success","0.00099"
"3BWR","8","1001000","1001000.0","Success","0.00037"
"6GAR","8","11000100","11000100.0","Success","0.00053"
"6PH3","8","1","1.0","Success","0.00044"
"2V4U","8","10111101","10111101.0","Success","0.00083"
"8YK2","8","1101","1101.0","Success","0.0004"
"7D4P","8","101011","101011.0","Success","0.00026"
"5O3V","8","1000","1000.0","Success","0.00036"
"3D87","8","10110110","10110110.0","Success","0.00045"
"7X7T","8","10001110","10001110.0","Success","0.00047"
"1QY9","8","11111100","11111100.0","Success","0.00042"
"1JOY","8","11101001","11101001.0","Success","0.00026"
"2ME8","8","100110","100110.0","Success","0.00021"
"7GI2","8","1101110","1101110.0","Success","0.00056"
"9ITX","8","1111","1111.0","Success","0.00037"
"2AQE","8","11100110","11100110.0","Success","0.00033"
"7P5M","8","10011","10011.0","Success","0.00049"
"7LZS","8","1001000","1001000.0","Success","0.00118"
"3J7Y","8","1001001","1001001.0","Success","0.00016"
"2MF8","8","11111000","11111000.0","Success","0.00154"
"6K7U","8","11100100","11100100.0","Success","0.00143"
"7TPW","8","11111001","11111001.0","Success","0.00082"
"7S7R","8","11111","11111.0","Success","0.00069"
"3JA5","8","1011001","1011001.0","Success","0.00042"
"7G44","8","1101","1101.0","Success","0.00048"
"5GON","8","100111","100111.0","Success","0.00029"
"8K1L","8","10110110","10110110.0","Success","0.00038"
"3B73","8","1010","1010.0","Success","0.00102"
"5UI1","8","11011","11011.0","Success","0.00037"
"6PYQ","8","11000101","11000101.0","Success","0.00093"
"1P9K","8","1010110","1010110.0","Success","0.00034"
"5UXS","8","1100111","1100111.0","Success","0.00085"
"4Y2J","8","1111101","1111101.0","Success","0.0006"
"8T9X","8","1111110","1111110.0","Success","0.00068"
"6WGY","8","11101","11101.0","Success","0.00036"
"9HA7","8","1111010","1111010.0","Success","0.00031"
"6NW7","8","111","111.0","Success","0.00066"
"5W5H","8","11001101","11001101.0","Success","0.00047"
"6T2Z","8","1010010","1010010.0","Success","0.00086"
"8QA0","8","101001","101001.0","Success","0.00028"
"4DOP","8","10000001","10000001.0","Success","0.00033"
"4Q2D","8","11001","11001.0","Success","0.00045"
"4U30","8","10011110","10011110.0","Success","0.00043"
"6NVA","8","10000010","10000010.0","Success","0.00029"
"8EE8","8","11100000","11100000.0","Success","0.00028"
"4ASX","8","10001001","10001001.0","Success","0.00056"
"7QD4","8","10011000","10011000.0","Success","0.00033"
"2NO2","8","11110101","11110101.0","Success","0.00135"
"1F28","8","110111","110111.0","Success","0.00041"
"2ZVZ","8","1000000","1000000.0","Success","0.00078"
"4WWA","8","10010110","10010110.0","Success","0.00069"
"6S1Y","8","1110111","1110111.0","Success","0.00056"
"6IBE","8","1011010","1011010.0","Success","0.00079"
"6FRY","8","10011100","10011100.0","Success","0.00126"
"2KGT","8","10000100","10000100.0","Success","0.00036"
"8FHI","8","110010","110010.0","Success","0.00027"
"2FQY","8","11100","11100.0","Success","0.00079"
"7OIY","8","10101011","10101011.0","Success","0.00061"
"1G81","8","11101101","11101101.0","Success","0.00106"
"7LUN","8","10010010","10010010.0","Success","0.00036"
"4ZQM","8","10001111","10001111.0","Success","0.00074"
"3SN9","8","10000010","10000010.0","Success","0.00027"
"4JA2","8","1000110","1000110.0","Success","0.00128"
"1SP9","8","11011100","11011100.0","Success","0.00051"
"6FF1","8","11011000","11011000.0","Success","0.00161"
"5XNB","8","1111011","1111011.0","Success","0.00031"
"1DUN","8","10010011","10010011.0","Success","0.00127"
"8QB1","8","10111010","10111010.0","Success","0.0006"
"1LC8","8","11001100","11001100.0","Success","0.00073"
"5CW8","8","100011","100011.0","Success","0.00073"
"8K34","8","1111101","1111101.0","Success","0.00048"
"8AB4","8","10001011","10001011.0","Success","0.00079"
"9DGW","8","111101","111101.0","Success","0.00047"
"9GS5","8","10011000","10011000.0","Success","0.00061"
"8ITD","8","10011","10011.0","Success","0.00065"
"5GNE","8","1100000","1100000.0","Success","0.00049"
"6NF0","8","1000110","1000110.0","Success","0.0008"
"3OYH","8","11100010","11100010.0","Success","0.00059"
"7TW6","8","10010111","10010111.0","Success","0.00024"
"3EV6","8","10010111","10010111.0","Success","0.00089"
"2EJK","8","11010110","11010110.0","Success","0.0006"
"2XAN","8","100010","100010.0","Success","0.00048"
"6PU0","8","111111","111111.0","Success","0.00063"
"3V82","8","100001","100001.0","Success","0.00097"
"6FVO","8","11010100","11010100.0","Success","0.00033"
"8BFG","8","1110001","1110001.0","Success","0.00037"
"7T2C","8","11010101","11010101.0","Success","0.00049"
"7KB6","8","10011101","10011101.0","Success","0.00032"
"7LC9","8","11110110","11110110.0","Success","0.00061"
"4DQS","8","10001010","10001010.0","Success","0.00056"
"1Y2J","8","1110110","1110110.0","Success","0.00054"
"7KJ4","8","1011110","1011110.0","Success","0.0002"
"5U9A","8","111110","111110.0","Success","0.00112"
"6WAP","8","1110100","1110100.0","Success","0.00029"
"7TF8","8","1110","1110.0","Success","0.00024"
"1M7L","8","10001111","10001111.0","Success","0.00027"
"1QME","8","1111000","1111000.0","Success","0.00058"
"2JWW","8","1110001","1110001.0","Success","0.00029"
"2YPZ","8","1101100","1101100.0","Success","0.00038"
"5DAP","8","11100111","11100111.0","Success","0.00081"
"1R19","8","11001100","11001100.0","Success","0.00041"
"5DX7","8","10110110","10110110.0","Success","0.00051"
"5V8T","8","1111010","1111010.0","Success","0.0007"
"3ONN","8","1000111","1000111.0","Success","0.00086"
"2IOS","8","1001101","1001101.0","Success","0.0012"
"6SR8","8","10110001","10110001.0","Success","0.00066"
"2JBG","8","10010001","10010001.0","Success","0.00069"
"5O21","8","10000011","10000011.0","Success","0.00059"
"5NKJ","8","11110100","11110100.0","Success","0.00034"
"5NR3","8","11010110","11010110.0","Success","0.00087"
"2A4O","8","1110001","1110001.0","Success","0.00098"
"6IXF","8","111011","111011.0","Success","0.00069"
"8K9M","8","10101","10101.0","Success","0.00021"
"4QJP","8","1000110","1000110.0","Success","0.00058"
"7TUO","8","11010000","11010000.0","Success","0.00078"
"2IPK","8","10010001","10010001.0","Success","0.00056"
"1DM1","8","10110010","10110010.0","Success","0.00114"
"8QO7","8","11111101","11111101.0","Success","0.00072"
"2EJC","8","1011101","1011101.0","Success","0.00082"
"8CO3","8","1101111","1101111.0","Success","0.00042"
"2OPN","8","11110110","11110110.0","Success","0.00075"
"7NAA","8","1100010","1100010.0","Success","0.00045"
"7PMD","8","11000011","11000011.0","Success","0.00039"
"4M1T","8","1100111","1100111.0","Success","0.00062"
"4GP2","8","1011000","1011000.0","Success","0.00053"
"2QRC","8","11001101","11001101.0","Success","0.00042"
"7CCU","8","1101100","1101100.0","Success","0.00083"
"4KW4","8","11110110","11110110.0","Success","0.00093"
"3NJD","8","101001","101001.0","Success","0.00057"
"3KWW","8","11111100","11111100.0","Success","0.0007"
"4KPV","8","1100","1100.0","Success","0.00086"
"5JZ8","8","111011","111011.0","Success","0.00064"
"6P4X","8","11010010","11010010.0","Success","0.00025"
"5OLV","8","11000000","11000000.0","Success","0.00069"
"5C12","8","10110","10110.0","Success","0.0009"
"4I6Z","8","100100","100100.0","Success","0.00069"
"7OOV","8","101110","101110.0","Success","0.00085"
"6PA8","8","1000101","1000101.0","Success","0.00038"
"2NY6","8","10010010","10010010.0","Success","0.00046"
"8PPP","8","111010","111010.0","Success","0.00044"
"9BUM","8","10101111","10101111.0","Success","0.00058"
"5S4I","8","11010010","11010010.0","Success","0.00075"
"4XRC","8","1110010","1110010.0","Success","0.00039"
"1IAH","8","10010","10010.0","Success","0.00059"
"3GV4","8","10110101","10110101.0","Success","0.0014"
"5M8X","8","11111101","11111101.0","Success","0.00048"
"2STA","8","11111010","11111010.0","Success","0.00088"
"6R29","8","1110","1110.0","Success","0.00033"
"7WOA","8","11100011","11100011.0","Success","0.00021"
"2GHJ","8","101111","101111.0","Success","0.00071"
"2CML","8","1010001","1010001.0","Success","0.00036"
"3AG7","8","10100100","10100100.0","Success","0.00134"
"3DZU","8","10011011","10011011.0","Success","0.00053"
"9EW6","8","10010010","10010010.0","Success","0.00089"
"7UFS","8","11010111","11010111.0","Success","0.00021"
"6JFI","8","1011","1011.0","Success","0.00027"
"6Z6Q","8","11010100","11010100.0","Success","0.00065"
"9DL3","8","1110110","1110110.0","Success","0.00028"
"6NO0","8","10000000","10000000.0","Success","0.00063"
"7LON","8","11100100","11100100.0","Success","0.00041"
"6G56","8","111111","111111.0","Success","0.00048"
"5EMY","8","11110011","11110011.0","Success","0.00062"
"4BEJ","8","1110010","1110010.0","Success","0.00031"
"2XOW","8","10001011","10001011.0","Success","0.00099"
"1OFY","8","11000001","11000001.0","Success","0.00057"
"2EER","8","10110011","10110011.0","Success","0.00053"
"6NDT","8","1000101","1000101.0","Success","0.00106"
"7OOP","8","110000","110000.0","Success","0.00015"
"3ZYA","8","10000001","10000001.0","Success","0.00075"
"5C69","8","11000111","11000111.0","Success","0.00063"
"1B9T","8","100000","100000.0","Success","0.00068"
"3SEO","8","10010","10010.0","Success","0.00066"
"1GWD","8","11011","11011.0","Success","0.00118"
"1ZU2","8","11011111","11011111.0","Success","0.00025"
"4KVT","8","1110010","1110010.0","Success","0.00101"
"1WFV","8","111011","111011.0","Success","0.0003"
"1EFI","8","1111000","1111000.0","Success","0.00062"
"9B3J","8","10011001","10011001.0","Success","0.00019"
"3K25","8","10000101","10000101.0","Success","0.00057"
"4AT9","8","11010011","11010011.0","Success","0.00054"
"7ZRE","8","11110","11110.0","Success","0.00037"
"7RJI","8","1111101","1111101.0","Success","0.00126"
"5KIW","8","1110","1110.0","Success","0.00045"
"8YNY","8","1010000","1010000.0","Success","0.00034"
"6PDV","8","11101011","11101011.0","Success","0.00083"
"8C35","8","1001011","1001011.0","Success","0.00051"
"9QUS","8","1000000","1000000.0","Success","0.0006"
"6B97","8","10001111","10001111.0","Success","0.00053"
"2DPT","8","11001001","11001001.0","Success","0.00065"
"4QCJ","8","1001000","1001000.0","Success","0.00141"
"8R5T","8","11101011","11101011.0","Success","0.00064"
"3VYK","8","10001011","10001011.0","Success","0.00127"
"5F9U","8","110000","110000.0","Success","0.00121"
"5NEG","8","1001001","1001001.0","Success","0.00089"
"3JUT","8","10100101","10100101.0","Success","0.0005"
"7E5W","8","11111110","11111110.0","Success","0.00046"
"4LDP","8","1000011","1000011.0","Success","0.00052"
"3K1B","8","1101110","1101110.0","Success","0.00037"
"5Z3C","8","110100","110100.0","Success","0.00072"
"8GN0","8","11111000","11111000.0","Success","0.00019"
"7DKE","8","10011010","10011010.0","Success","0.00036"
"7EY8","8","1111111","1111111.0","Success","0.00018"
"7GGP","8","11001101","11001101.0","Success","0.00079"
"2ZSD","8","1001001","1001001.0","Success","0.0008"
"7S47","8","1011111","1011111.0","Success","0.0008"
"1D6M","8","10001","10001.0","Success","0.00055"
"8SOI","8","11100010","11100010.0","Success","0.0004"
"3SE4","8","11011110","11011110.0","Success","0.00056"
"9DAF","8","11101010","11101010.0","Success","0.00038"
"8WI4","8","11111111","11111111.0","Success","0.00039"
"3RFI","8","11011111","11011111.0","Success","0.00152"
"6I7B","8","110001","110001.0","Success","0.00048"
"1YXN","8","11000100","11000100.0","Success","0.00042"
"6YN7","8","100100","100100.0","Success","0.00033"
"4AFI","8","10100100","10100100.0","Success","0.00079"
"1TW7","8","111011","111011.0","Success","0.00099"
"2YOR","8","11000100","11000100.0","Success","0.00053"
"5LDH","8","11110000","11110000.0","Success","0.00053"
"1II4","8","1100110","1100110.0","Success","0.00038"
"8B01","8","0","0.0","Success","0.00053"
"8APY","8","11010111","11010111.0","Success","0.00075"
"7U1X","8","110110","110110.0","Success","0.00047"
"6WJP","8","0","0.0","Success","0.00109"
"3OLO","8","10110","10110.0","Success","0.00095"
"7H8Z","8","11101100","11101100.0","Success","0.00055"
"3DAN","8","11110111","11110111.0","Success","0.00063"
"5M2G","8","101","101.0","Success","0.00048"
"1LZ9","8","11110011","11110011.0","Success","0.00123"
"2EU3","8","11100001","11100001.0","Success","0.00085"
"132L","8","111011","111011.0","Success","0.00126"
"2LSK","8","11010001","11010001.0","Success","0.00029"
"4J43","8","11110001","11110001.0","Success","0.00064"
"8VGM","8","1100100","1100100.0","Success","0.00032"
"4Q2T","8","10","10.0","Success","0.00038"
"4X5E","8","11101011","11101011.0","Success","0.00052"
"2WEK","8","11110011","11110011.0","Success","0.00052"
"2MH0","8","1101111","1101111.0","Success","0.00027"
"3HLO","8","11010000","11010000.0","Success","0.00103"
"6ZZY","8","11000000","11000000.0","Success","0.00021"
"6G1X","8","11100001","11100001.0","Success","0.00054"
"8EFQ","8","1011","1011.0","Success","0.00046"
"8Q9R","8","100101","100101.0","Success","0.00069"
"1CG7","8","1100","1100.0","Success","0.00026"
"5T3W","8","11110101","11110101.0","Success","0.00043"
"4MOL","8","10001011","10001011.0","Success","0.00028"
"9DA0","8","10001000","10001000.0","Success","0.00105"
"1P45","8","10101101","10101101.0","Success","0.00061"
"1BZL","8","10100011","10100011.0","Success","0.00042"
"1TI5","8","10100110","10100110.0","Success","0.00054"
"3PDJ","8","10010000","10010000.0","Success","0.00059"
"5MD1","8","11011001","11011001.0","Success","0.00034"
"6A0H","8","10100001","10100001.0","Success","0.00054"
"2H9J","8","10001101","10001101.0","Success","0.00123"
"8SHY","8","10101110","10101110.0","Success","0.00074"
"3PBB","8","1000011","1000011.0","Success","0.00055"
"4KQF","8","10010010","10010010.0","Success","0.00076"
"1M01","8","11110100","11110100.0","Success","0.00062"
"4HDJ","8","110110","110110.0","Success","0.00074"
"8E7R","8","100111","100111.0","Success","0.00081"
"4RK4","8","1101101","1101101.0","Success","0.00085"
"7Z3P","8","11101111","11101111.0","Success","0.0008"
"4OQR","8","10100100","10100100.0","Success","0.00071"
"6QB7","8","1100010","1100010.0","Success","0.00058"
"2WQI","8","1100000","1100000.0","Success","0.00102"
"4DIX","8","1100010","1100010.0","Success","0.00068"
"5C4X","8","100110","100110.0","Success","0.00021"
"5YWG","8","111","111.0","Success","0.00053"
"1O5H","8","10101010","10101010.0","Success","0.00071"
"7MN2","8","11100010","11100010.0","Success","0.00046"
"7KZ7","8","10001110","10001110.0","Success","0.00066"
"5D4D","8","1101000","1101000.0","Success","0.00016"
"3FF3","8","1101110","1101110.0","Success","0.00051"
"4ZLZ","8","11001000","11001000.0","Success","0.00087"
"6DTF","8","111101","111101.0","Success","0.0006"
"5T4A","8","10011011","10011011.0","Success","0.0005"
"6NF5","8","1011111","1011111.0","Success","0.00025"
"6C59","8","10110001","10110001.0","Success","0.00136"
"2I7B","8","1110001","1110001.0","Success","0.00088"
"1GNC","8","1101100","1101100.0","Success","0.00032"
"4AFB","8","1110100","1110100.0","Success","0.00088"
"1V85","8","11110101","11110101.0","Success","0.00032"
"4WNO","8","111110","111110.0","Success","0.00083"
"7JZU","8","1101110","1101110.0","Success","0.0009"
"3KV2","8","10111110","10111110.0","Success","0.00052"
"9K2J","8","1100001","1100001.0","Success","0.00047"
"3QVK","8","11101011","11101011.0","Success","0.00064"
"4LN7","8","10011000","10011000.0","Success","0.00098"
"1CA8","8","11001","11001.0","Success","0.00081"
"1WJA","8","1111111","1111111.0","Success","0.0014"
"8GGT","8","100100","100100.0","Success","0.00081"
"2OS7","8","10","10.0","Success","0.0004"
"7LZ5","8","1110011","1110011.0","Success","0.001"
"7ZEE","8","11000000","11000000.0","Success","0.00082"
"6Y4G","8","1001100","1001100.0","Success","0.00065"
"1EVK","8","11101001","11101001.0","Success","0.00046"
"6JK8","8","110010","110010.0","Success","0.00033"
"2PFC","8","11101000","11101000.0","Success","0.00109"
"8PAQ","8","10111100","10111100.0","Success","0.00077"
"6VJ5","8","101010","101010.0","Success","0.00059"
"1UZQ","8","1100111","1100111.0","Success","0.00111"
"7ERD","8","10001110","10001110.0","Success","0.00069"
"7LK7","8","1101110","1101110.0","Success","0.00057"
"7HL0","8","10","10.0","Success","0.00058"
"4M43","8","11000000","11000000.0","Success","0.00067"
"4JYZ","8","11101110","11101110.0","Success","0.00059"
"7DRZ","8","10110010","10110010.0","Success","0.00101"
"2OED","8","11111011","11111011.0","Success","0.00183"
"6WXK","8","110010","110010.0","Success","0.00086"
"4MNH","8","11","11.0","Success","0.00047"
"2ONT","8","1000000","1000000.0","Success","0.00158"
"3KD5","8","10010111","10010111.0","Success","0.00047"
"2D21","8","1100011","1100011.0","Success","0.00017"
"1HPZ","8","10101000","10101000.0","Success","0.00044"
"9NSE","8","10001001","10001001.0","Success","0.00048"
"6ELN","8","11011111","11011111.0","Success","0.00098"
"2NSE","8","1111","1111.0","Success","0.00049"
"8IIY","8","10000001","10000001.0","Success","0.00063"
"7Z64","8","10010001","10010001.0","Success","0.00058"
"4IVI","8","11","11.0","Success","0.00069"
"7KP0","8","1110001","1110001.0","Success","0.0007"
"7PYR","8","10001101","10001101.0","Success","0.0007"
"2QWF","8","1111011","1111011.0","Success","0.00071"
"1JV8","8","110","110.0","Success","0.00038"
"4PPF","8","1101000","1101000.0","Success","0.00077"
"5FRM","8","111011","111011.0","Success","0.00059"
"8GHK","8","10101101","10101101.0","Success","0.00034"
"6GFV","8","1001101","1001101.0","Success","0.00054"
"6S72","8","10100","10100.0","Success","0.00044"
"5XQ3","8","1100111","1100111.0","Success","0.00032"
"1SRA","8","10011101","10011101.0","Success","0.00115"
"9BB8","8","10001010","10001010.0","Success","0.00132"
"4DSN","8","11101","11101.0","Success","0.00105"
"4JVB","8","11001011","11001011.0","Success","0.00115"
"5DBJ","8","11110110","11110110.0","Success","0.0003"
"1UA3","8","10100111","10100111.0","Success","0.00062"
"1REU","8","1010011","1010011.0","Success","0.00139"
"9FWF","8","10100110","10100110.0","Success","0.00046"
"6LH0","8","10001000","10001000.0","Success","0.00078"
"2W04","8","1010100","1010100.0","Success","0.00042"
"3PRY","8","110101","110101.0","Success","0.00051"
"4MFU","8","10001110","10001110.0","Success","0.00063"
"6OGA","8","11001100","11001100.0","Success","0.00065"
"6B82","8","10110111","10110111.0","Success","0.00046"
"7VBL","8","11","11.0","Success","0.00019"
"8C90","8","1011000","1011000.0","Success","0.0003"
"4KYK","8","11011000","11011000.0","Success","0.00076"
"6QNN","8","1101101","1101101.0","Success","0.0007"
"4W66","8","10101010","10101010.0","Success","0.00067"
"7QSM","8","1001","1001.0","Success","0.00015"
"5H00","8","1110100","1110100.0","Success","0.00042"
"5QTR","8","10100","10100.0","Success","0.00049"
"7GGR","8","111000","111000.0","Success","0.0008"
"2DSR","8","11010100","11010100.0","Success","0.00091"
"5RAE","8","11000011","11000011.0","Success","0.0005"
"7X85","8","10001001","10001001.0","Success","0.00071"
"1Z9U","8","10101","10101.0","Success","0.00073"
"8FED","8","1000111","1000111.0","Success","0.00024"
"7Y37","8","110011","110011.0","Success","0.00178"
"3VQP","8","1110101","1110101.0","Success","0.00082"
"2RIC","8","10111110","10111110.0","Success","0.00064"
"3DLR","8","11110011","11110011.0","Success","0.00111"
"8OME","8","10110100","10110100.0","Success","0.00039"
"2GQT","8","1111","1111.0","Success","0.00086"
"7YYG","8","1101000","1101000.0","Success","0.00078"
"8IBR","8","1011011","1011011.0","Success","0.00051"
"5V91","8","100011","100011.0","Success","0.00081"
"3J4T","8","1011100","1011100.0","Success","0.00068"
"1RJT","8","10101001","10101001.0","Success","0.00053"
"4XHL","8","100","100.0","Success","0.00076"
"6AMH","8","11110011","11110011.0","Success","0.00035"
"4HW3","8","10011001","10011001.0","Success","0.00033"
"8ALL","8","10111010","10111010.0","Success","0.00033"
"5YHM","8","1001010","1001010.0","Success","0.00033"
"8I4L","8","1101","1101.0","Success","0.00029"
"8BGL","8","10010101","10010101.0","Success","0.00067"
"8G4M","8","10000","10000.0","Success","0.00027"
"7AB1","8","10001010","10001010.0","Success","0.0008"
"2QA7","8","10011100","10011100.0","Success","0.00075"
"7DQ1","8","10000011","10000011.0","Success","0.00046"
"8BEB","8","11001010","11001010.0","Success","0.00064"
"3QXQ","8","1100010","1100010.0","Success","0.00037"
"1MX5","8","10100001","10100001.0","Success","0.00024"
"3CLF","8","11111010","11111010.0","Success","0.00066"
"6KKB","8","11110101","11110101.0","Success","0.00085"
"8XRH","8","10010","10010.0","Success","0.00067"
"4G3E","8","11100000","11100000.0","Success","0.00054"
"6RE2","8","10101101","10101101.0","Success","0.00016"
"1WF9","8","10111011","10111011.0","Success","0.0003"
"3F4L","8","10010101","10010101.0","Success","0.00031"
"2EMA","8","1110010","1110010.0","Success","0.00046"
"6IYU","8","10100101","10100101.0","Success","0.00094"
"5U0U","8","11000101","11000101.0","Success","0.00046"
"7K6Q","8","1010101","1010101.0","Success","0.00041"
"6NIJ","8","11100111","11100111.0","Success","0.0003"
"6GEW","8","11011100","11011100.0","Success","0.00071"
"2RSN","8","1110110","1110110.0","Success","0.00033"
"6W7E","8","1001101","1001101.0","Success","0.00061"
"7MR1","8","1110100","1110100.0","Success","0.0003"
"4ZJU","8","11011010","11011010.0","Success","0.00086"
"9CGY","8","10100011","10100011.0","Success","0.00048"
"5E66","8","1101111","1101111.0","Success","0.00058"
"3MN2","8","11101100","11101100.0","Success","0.00091"
"6XC9","8","11101111","11101111.0","Success","0.00033"
"7QZ2","8","1101111","1101111.0","Success","0.00088"
"2XQ3","8","1100","1100.0","Success","0.00036"
"4NB4","8","10001010","10001010.0","Success","0.0003"
"3JAS","8","1011100","1011100.0","Success","0.00019"
"2G7F","8","11100100","11100100.0","Success","0.00098"
"7ZY2","8","1110010","1110010.0","Success","0.00076"
"4BCO","8","10100011","10100011.0","Success","0.00043"
"6EJK","8","11000","11000.0","Success","0.00052"
"5MBV","8","11011110","11011110.0","Success","0.00025"
"1Y4D","8","101","101.0","Success","0.00077"
"8Y3I","8","11011101","11011101.0","Success","0.00028"
"1OTU","8","1000001","1000001.0","Success","0.00033"
"2RBW","8","11100111","11100111.0","Success","0.00082"
"6KRT","8","1101010","1101010.0","Success","0.00047"
"2E3S","8","100000","100000.0","Success","0.00093"
"7Y1K","8","1011001","1011001.0","Success","0.00041"
"4PDO","8","1010","1010.0","Success","0.0006"
"2MJY","8","1111110","1111110.0","Success","0.0004"
"7KD0","8","111101","111101.0","Success","0.00053"
"2BLU","8","10010","10010.0","Success","0.00094"
"7AGG","8","10001100","10001100.0","Success","0.00042"
"1QZ1","8","10000110","10000110.0","Success","0.00081"
"8P2W","8","11001010","11001010.0","Success","0.00057"
"3BYD","8","1110011","1110011.0","Success","0.00084"
"2RGX","8","11011001","11011001.0","Success","0.00098"
"7WR2","8","10100111","10100111.0","Success","0.00118"
"6MLT","8","10010000","10010000.0","Success","0.00055"
"4ZE2","8","10010","10010.0","Success","0.00059"
"6WEL","8","10001011","10001011.0","Success","0.00031"
"6YAP","8","111101","111101.0","Success","0.00063"
"2BM5","8","10111","10111.0","Success","0.00071"
"1L3R","8","101010","101010.0","Success","0.00075"
"4GP6","8","10110010","10110010.0","Success","0.00075"
"1KHN","8","1101011","1101011.0","Success","0.00048"
"5GM3","8","100010","100010.0","Success","0.00063"
"1E4Y","8","10110001","10110001.0","Success","0.00066"
"169L","8","110010","110010.0","Success","0.00049"
"4JME","8","10100101","10100101.0","Success","0.0006"
"1W8X","8","1010010","1010010.0","Success","0.00019"
"1IP4","8","1010110","1010110.0","Success","0.00121"
"3NYO","8","10100001","10100001.0","Success","0.00043"
"8Q7F","8","10110110","10110110.0","Success","0.00065"
"3WJQ","8","1100","1100.0","Success","0.00074"
"1Z9H","8","10001","10001.0","Success","0.0004"
"3UIF","8","110011","110011.0","Success","0.00077"
"2DW6","8","11001100","11001100.0","Success","0.00035"
"8QL4","8","10000011","10000011.0","Success","0.00041"
"6T4H","8","1100000","1100000.0","Success","0.0005"
"2V83","8","10000","10000.0","Success","0.00091"
"1IHT","8","1111","1111.0","Success","0.00077"
"8ALZ","8","11101110","11101110.0","Success","0.0003"
"5K7S","8","10000001","10000001.0","Success","0.00085"
"3K6V","8","10","10.0","Success","0.00081"
"5JY7","8","10010101","10010101.0","Success","0.00016"
"5R1G","8","1101","1101.0","Success","0.00059"
"2XOZ","8","101111","101111.0","Success","0.00065"
"2Q7T","8","10001110","10001110.0","Success","0.00061"
"5GS5","8","10100000","10100000.0","Success","0.00049"
"1GAR","8","10111011","10111011.0","Success","0.00067"
"8X95","8","10011000","10011000.0","Success","0.00049"
"5TTK","8","10000011","10000011.0","Success","0.00034"
"5GW0","8","1111010","1111010.0","Success","0.00044"
"3R9E","8","100101","100101.0","Success","0.00073"
"6GN8","8","10111010","10111010.0","Success","0.00054"
"8QYB","8","10110101","10110101.0","Success","0.00067"
"7MKL","8","11001","11001.0","Success","0.00024"
"6NA5","8","11100001","11100001.0","Success","0.00032"
"6L50","8","11111100","11111100.0","Success","0.0005"
"7K88","8","10000010","10000010.0","Success","0.00043"
"4JE7","8","101110","101110.0","Success","0.00072"
"4A5Z","8","1001","1001.0","Success","0.00058"
"8TFP","8","10011100","10011100.0","Success","0.00047"
"1AR8","8","10000000","10000000.0","Success","0.00045"
"5ID6","8","11011110","11011110.0","Success","0.0004"
"7PQ4","8","111101","111101.0","Success","0.00032"
"2IND","8","10111111","10111111.0","Success","0.00046"
"7W59","8","10101110","10101110.0","Success","0.00012"
"5SI0","8","10101111","10101111.0","Success","0.0004"
"4I4C","8","10100011","10100011.0","Success","0.00048"
"1CTT","8","1000011","1000011.0","Success","0.00078"
"3QFW","8","10010010","10010010.0","Success","0.00051"
"7XF3","8","10110000","10110000.0","Success","0.00072"
"6LRW","8","10000101","10000101.0","Success","0.00076"
"6A1K","8","11010000","11010000.0","Success","0.00055"
"7VL2","8","100001","100001.0","Success","0.00037"
"1E8L","8","11100101","11100101.0","Success","0.00017"
"6HTJ","8","10101010","10101010.0","Success","0.00088"
"7XPU","8","11000111","11000111.0","Success","0.0005"
"5U52","8","10000001","10000001.0","Success","0.00061"
"1XSD","8","10101101","10101101.0","Success","0.00125"
"8IWB","8","11110111","11110111.0","Success","0.00053"
"1FRZ","8","1101110","1101110.0","Success","0.00061"
"1KC5","8","10000110","10000110.0","Success","0.00065"
"1K03","8","110011","110011.0","Success","0.0007"
"2XKF","8","11010110","11010110.0","Success","0.00083"
"2PSD","8","1001100","1001100.0","Success","0.00078"
"7R7H","8","101110","101110.0","Success","0.00055"
"8KGA","8","10101110","10101110.0","Success","0.00064"
"6BLG","8","1010110","1010110.0","Success","0.00073"
"3R41","8","10001111","10001111.0","Success","0.00055"
"8SLW","8","10110001","10110001.0","Success","0.00023"
"2O6E","8","111110","111110.0","Success","0.00076"
"1R7A","8","1101100","1101100.0","Success","0.00043"
"1UOU","8","11011100","11011100.0","Success","0.00066"
"6AI3","8","11110","11110.0","Success","0.00053"
"6NMN","8","1001010","1001010.0","Success","0.00058"
"2GD4","8","11010000","11010000.0","Success","0.00037"
"2GKS","8","10011010","10011010.0","Success","0.00041"
"4P4X","8","1011100","1011100.0","Success","0.00114"
"6HH9","8","100000","100000.0","Success","0.00035"
"1BGK","8","10111000","10111000.0","Success","0.00059"
"4LOQ","8","1100110","1100110.0","Success","0.00036"
"3SMQ","8","1011011","1011011.0","Success","0.00079"
"5RWK","8","1000011","1000011.0","Success","0.00058"
"4XCA","8","11000010","11000010.0","Success","0.00043"
"8OXE","8","1100110","1100110.0","Success","0.00078"
"2WAS","8","11000111","11000111.0","Success","0.00054"
"7WNA","8","11001011","11001011.0","Success","0.00053"
"4YTF","8","10110100","10110100.0","Success","0.00081"
"4FNS","8","10101011","10101011.0","Success","0.00026"
"3IKM","8","11110100","11110100.0","Success","0.00023"
"5BW6","8","11001011","11001011.0","Success","0.00053"
"9EK6","8","11110110","11110110.0","Success","0.00033"
"8A0U","8","11100001","11100001.0","Success","0.00047"
"4K0V","8","110000","110000.0","Success","0.00049"
"8ZMN","8","10100011","10100011.0","Success","0.00103"
"7K74","8","100110","100110.0","Success","0.00039"
"5EKG","8","1100111","1100111.0","Success","0.00064"
"3VL1","8","11001100","11001100.0","Success","0.00048"
"4NEI","8","1010011","1010011.0","Success","0.00036"
"1GN0","8","11101000","11101000.0","Success","0.00134"
"6KY0","8","10","10.0","Success","0.00061"
"8TKB","8","11100111","11100111.0","Success","0.00103"
"5W7E","8","101111","101111.0","Success","0.00043"
"2DPF","8","10101","10101.0","Success","0.00066"
"1F6K","8","11010100","11010100.0","Success","0.00058"
"2XX2","8","110111","110111.0","Success","0.00048"
"7R1J","8","1111","1111.0","Success","0.00048"
"4ZZ4","8","110101","110101.0","Success","0.00125"
"6S63","8","10010110","10010110.0","Success","0.00087"
"6O98","8","1011000","1011000.0","Success","0.00065"
"8CQN","8","10101110","10101110.0","Success","0.00072"
"4JSY","8","1100","1100.0","Success","0.00075"
"4YXY","8","10101110","10101110.0","Success","0.0007"
"4NEV","8","1110100","1110100.0","Success","0.00044"
"6IBI","8","11110111","11110111.0","Success","0.00056"
"8QEG","8","11111010","11111010.0","Success","0.00051"
"2AZT","8","101101","101101.0","Success","0.0006"
"7NR3","8","10101","10101.0","Success","0.00074"
"9E0M","8","1101011","1101011.0","Success","0.00016"
"2RHJ","8","10001101","10001101.0","Success","0.00077"
"1O3F","8","10111","10111.0","Success","0.00094"
"9G4N","8","110000","110000.0","Success","0.0003"
"7KHC","8","111011","111011.0","Success","0.00022"
"2RPC","8","111100","111100.0","Success","0.00024"
"2E9C","8","100110","100110.0","Success","0.00066"
"4F61","8","10001","10001.0","Success","0.00022"
"2AVP","8","1001","1001.0","Success","0.00166"
"4AA6","8","11001010","11001010.0","Success","0.00082"
"2BO1","8","1001001","1001001.0","Success","0.00134"
"3KD1","8","110100","110100.0","Success","0.00046"
"1MTZ","8","10100101","10100101.0","Success","0.00081"
"1V2T","8","1111010","1111010.0","Success","0.00095"
"7PLW","8","10110100","10110100.0","Success","0.00038"
"6YOM","8","1110101","1110101.0","Success","0.00045"
"5JUY","8","1101100","1101100.0","Success","0.00014"
"5AO8","8","10011011","10011011.0","Success","0.00073"
"4DYS","8","10101000","10101000.0","Success","0.00037"
"7C6C","8","11101","11101.0","Success","0.0009"
"8JEV","8","11011001","11011001.0","Success","0.00044"
"4CYB","8","11011","11011.0","Success","0.0003"
"4QT5","8","101","101.0","Success","0.00048"
"4E2L","8","110101","110101.0","Success","0.0003"
"1XTJ","8","10111000","10111000.0","Success","0.0007"
"4E3Q","8","1001100","1001100.0","Success","0.00032"
"6V02","8","1111001","1111001.0","Success","0.00059"
"5CZD","8","101001","101001.0","Success","0.00071"
"1MNN","8","100000","100000.0","Success","0.00083"
"4DUR","8","1011100","1011100.0","Success","0.00036"
"9B7G","8","11111110","11111110.0","Success","0.00033"
"7RIV","8","11110001","11110001.0","Success","0.00085"
"2ITF","8","100010","100010.0","Success","0.00063"
"2GUP","8","1101000","1101000.0","Success","0.00083"
"7M9J","8","11101100","11101100.0","Success","0.00099"
"6BNO","8","1011110","1011110.0","Success","0.00026"
"3BEB","8","10010101","10010101.0","Success","0.00073"
"8JS8","8","1101110","1101110.0","Success","0.00043"
"4S1J","8","11000","11000.0","Success","0.00077"
"2OE1","8","1100011","1100011.0","Success","0.00096"
"5EJW","8","10011001","10011001.0","Success","0.00153"
"6LT7","8","10110000","10110000.0","Success","0.00063"
"6R2N","8","10001001","10001001.0","Success","0.00036"
"1N9N","8","10100000","10100000.0","Success","0.00132"
"5OE2","8","110100","110100.0","Success","0.00045"
"6BRL","8","1","1.0","Success","0.00062"
"6U9N","8","100000","100000.0","Success","0.00083"
"2W5F","8","0","0.0","Success","0.00043"
"7YA3","8","11001011","11001011.0","Success","0.00049"
"4LD5","8","1111010","1111010.0","Success","0.00042"
"4OOM","8","1110111","1110111.0","Success","0.00062"
"5T1U","8","11010111","11010111.0","Success","0.00072"
"7LBL","8","11111001","11111001.0","Success","0.00067"
"6UQQ","8","10011","10011.0","Success","0.00043"
"2IT9","8","10100010","10100010.0","Success","0.00063"
"3B8E","8","10101","10101.0","Success","0.0003"
"6SEE","8","11110010","11110010.0","Success","0.00049"
"1BR5","8","11000101","11000101.0","Success","0.00087"
"6IWN","8","1000","1000.0","Success","0.00104"
"5I71","8","1100111","1100111.0","Success","0.00044"
"2AIX","8","11001111","11001111.0","Success","0.00087"
"1KC3","8","1101111","1101111.0","Success","0.00081"
"5OPV","8","1001011","1001011.0","Success","0.00086"
"2QF4","8","11000","11000.0","Success","0.00076"
"5RUU","8","1000110","1000110.0","Success","0.00075"
"8JQB","8","10000101","10000101.0","Success","0.00022"
"3TZS","8","10011011","10011011.0","Success","0.00059"
"7EO5","8","11000000","11000000.0","Success","0.00121"
"4RUP","8","1011111","1011111.0","Success","0.00087"
"2DLN","8","10101110","10101110.0","Success","0.00081"
"1ERZ","8","100000","100000.0","Success","0.00055"
"4NYH","8","11001111","11001111.0","Success","0.00061"
"6L2A","8","10110001","10110001.0","Success","0.00132"
"3IY8","8","1111001","1111001.0","Success","0.00041"
"3A4C","8","11101100","11101100.0","Success","0.0013"
"5XC7","8","11010011","11010011.0","Success","0.00066"
"8CME","8","101100","101100.0","Success","0.0004"
"9BOF","8","10110001","10110001.0","Success","0.00042"
"7JZO","8","1100010","1100010.0","Success","0.00099"
"5TFC","8","11010","11010.0","Success","0.00093"
"2OE4","8","11001","11001.0","Success","0.00111"
"3B3G","8","10000010","10000010.0","Success","0.00055"
"4S2Q","8","110110","110110.0","Success","0.00161"
"6FDJ","8","1010111","1010111.0","Success","0.00024"
"4CN9","8","10100010","10100010.0","Success","0.00047"
"2N5U","8","1001","1001.0","Success","0.00035"
"5JSP","8","11110000","11110000.0","Success","0.00071"
"3GLA","8","11100010","11100010.0","Success","0.00096"
"1JH9","8","10001000","10001000.0","Success","0.00076"
"8AEU","8","11000011","11000011.0","Success","0.00143"
"3WMM","8","10100011","10100011.0","Success","0.00027"
"7QRO","8","10","10.0","Success","0.00112"
"7QLA","8","11010011","11010011.0","Success","0.00048"
"1V07","8","10111101","10111101.0","Success","0.00136"
"6E1R","8","1000000","1000000.0","Success","0.00024"
"8OE2","8","11011100","11011100.0","Success","0.00033"
"1NCS","8","1000011","1000011.0","Success","0.00029"
"6GKG","8","10011011","10011011.0","Success","0.00032"
"6VVF","8","10011000","10011000.0","Success","0.00105"
"1LYL","8","10111000","10111000.0","Success","0.00037"
"3IMC","8","111001","111001.0","Success","0.0006"
"1ME7","8","10001001","10001001.0","Success","0.00072"
"6GB1","8","10011","10011.0","Success","0.00116"
"1Y1X","8","11100000","11100000.0","Success","0.00074"
"8DAC","8","10011011","10011011.0","Success","0.00125"
"3V87","8","11100000","11100000.0","Success","0.00096"
"1K7X","8","11001101","11001101.0","Success","0.00053"
"7NK5","8","1001","1001.0","Success","0.00088"
"4WSJ","8","1100100","1100100.0","Success","0.00033"
"3BUY","8","11011000","11011000.0","Success","0.00072"
"8C8K","8","1100000","1100000.0","Success","0.00036"
"2QDS","8","10101110","10101110.0","Success","0.0009"
"4OAA","8","1110000","1110000.0","Success","0.00051"
"3V6N","8","10011001","10011001.0","Success","0.00064"
"7LCT","8","1001010","1001010.0","Success","0.0008"
"7X3C","8","11001110","11001110.0","Success","0.00038"
"4AKG","8","11011011","11011011.0","Success","0.00019"
"2BB7","8","10111011","10111011.0","Success","0.00086"
"6Y6P","8","111","111.0","Success","0.00074"
"5AEK","8","11110000","11110000.0","Success","0.00023"
"3CAS","8","10000010","10000010.0","Success","0.00052"
"8XKE","8","1110110","1110110.0","Success","0.00068"
"3GH6","8","10100100","10100100.0","Success","0.00095"
"2J0G","8","110011","110011.0","Success","0.00038"
"8H3T","8","11010001","11010001.0","Success","0.00052"
"1LS1","8","10010001","10010001.0","Success","0.00076"
"1RDG","8","10010111","10010111.0","Success","0.00193"
"8WNI","8","1000011","1000011.0","Success","0.00046"
"7BL7","8","1000111","1000111.0","Success","0.00028"
"5X4I","8","10","10.0","Success","0.00065"
"5BRM","8","10000000","10000000.0","Success","0.00043"
"4MA4","8","100011","100011.0","Success","0.00066"
"6EMP","8","10","10.0","Success","0.00018"
"4DI5","8","1111","1111.0","Success","0.00059"
"7LU5","8","11101000","11101000.0","Success","0.00016"
"8FGN","8","10001011","10001011.0","Success","0.00034"
"3AQD","8","1000000","1000000.0","Success","0.00037"
"7X88","8","11101100","11101100.0","Success","0.00115"
"3IKW","8","1011011","1011011.0","Success","0.0007"
"7GM5","8","11001","11001.0","Success","0.00059"
"1MG0","8","10111","10111.0","Success","0.00036"
"4N15","8","101110","101110.0","Success","0.00079"
"4OBP","8","1010010","1010010.0","Success","0.00057"
"9D34","8","1101101","1101101.0","Success","0.00137"
"6MEP","8","10111101","10111101.0","Success","0.00064"
"6K97","8","1100001","1100001.0","Success","0.00058"
"9AWC","8","11111100","11111100.0","Success","0.00094"
"2PCS","8","11010011","11010011.0","Success","0.00109"
"3KTV","8","11101011","11101011.0","Success","0.00093"
"1CMY","8","10111111","10111111.0","Success","0.00057"
"7T3I","8","11010001","11010001.0","Success","0.00024"
"2CTM","8","10100100","10100100.0","Success","0.00032"
"3MJ9","8","10010101","10010101.0","Success","0.00053"
"7E9L","8","11000111","11000111.0","Success","0.00043"
"8JYS","8","1000111","1000111.0","Success","0.00065"
"1V9X","8","10010100","10010100.0","Success","0.00029"
"6V0S","8","10111110","10111110.0","Success","0.00093"
"1AA6","8","10010100","10010100.0","Success","0.00052"
"5QIO","8","1010010","1010010.0","Success","0.0009"
"1O4C","8","11111101","11111101.0","Success","0.00132"
"7AAG","8","11101011","11101011.0","Success","0.00038"
"4RIV","8","11000100","11000100.0","Success","0.00084"
"1R7M","8","11100010","11100010.0","Success","0.00066"
"5Q7G","8","11101111","11101111.0","Success","0.00075"
"2NR9","8","100010","100010.0","Success","0.00102"
"7E3H","8","10010101","10010101.0","Success","0.00043"
"3B67","8","10100010","10100010.0","Success","0.00089"
