"PDB_ID","Bit_Length","Watermark_Embedded","Watermark_Decoded","Verification_Status","Global_CA_RMSD"
"5XOX","12","111001001110","111001001110.0","Success","0.00048"
"3LX3","12","111100111010","111100111010.0","Success","0.00127"
"6LVU","12","11111100011","11111100011.0","Success","0.00137"
"5TNJ","12","100011000110","100011000110.0","Success","0.0005"
"2O1O","12","110111101000","110111101000.0","Success","0.00066"
"7U82","12","10100000100","10100000100.0","Success","0.0008"
"3AGX","12","1101011011","1101011011.0","Success","0.00094"
"4DO6","12","10101010111","10101010111.0","Success","0.0006"
"5XBP","12","111011011001","111011011001.0","Success","0.00037"
"3BQX","12","111101000100","111101000100.0","Success","0.00144"
"9F8W","12","101100110110","101100110110.0","Success","0.00066"
"1Q3Y","12","1100111110","1100111110.0","Success","0.00267"
"6LRF","12","111001011000","111001011000.0","Success","0.00046"
"5HME","12","1000100101","1000100101.0","Success","0.00056"
"4GD6","12","100010111","100010111.0","Success","0.00103"
"2IY4","12","101010101111","101010101111.0","Success","0.00028"
"5UQN","12","10101111111","10101111111.0","Success","0.00072"
"3BPM","12","101101110110","101101110110.0","Success","0.00078"
"2QHL","12","111111111010","111111111010.0","Success","0.00074"
"9DV9","12","11010001101","11010001101.0","Success","0.00078"
"8CUQ","12","1001000101","1001000101.0","Success","0.00063"
"6RGA","12","11100010101","11100010101.0","Success","0.00106"
"2CB8","12","1000000","1000000.0","Success","0.00127"
"5ACJ","12","110010101010","110010101010.0","Success","0.00108"
"6G86","12","110010000","110010000.0","Success","0.0006"
"4RVA","12","101110000101","101110000101.0","Success","0.00106"
"4E7U","12","111011011010","111011011010.0","Success","0.00167"
"6R15","12","1100000100","1100000100.0","Success","0.0011"
"3HBM","12","101101111","101101111.0","Success","0.00102"
"8WJC","12","1011000110","1011000110.0","Success","0.00082"
"3K3W","12","100101011010","100101011010.0","Success","0.00062"
"7QKS","12","101111010111","101111010111.0","Success","0.00049"
"6QII","12","11100010100","11100010100.0","Success","0.00054"
"8QWN","12","111111001000","111111001000.0","Success","0.00122"
"8RMQ","12","1110111","1110111.0","Success","0.0004"
"3HG5","12","111001001","111001001.0","Success","0.00061"
"8SME","12","1100011000","1100011000.0","Success","0.00132"
"5EMC","12","10111001111","10111001111.0","Success","0.00142"
"2R70","12","11100100101","11100100101.0","Success","0.00061"
"7CZO","12","110000101","110000101.0","Success","0.00163"
"4K22","12","111110001","111110001.0","Success","0.00064"
"5YQN","12","11100011100","11100011100.0","Success","0.00098"
"5UHY","12","11001110101","11001110101.0","Success","0.00037"
"2QO7","12","11010110001","11010110001.0","Success","0.00101"
"6C79","12","11100001000","11100001000.0","Success","0.00101"
"5YIV","12","111110111110","111110111110.0","Success","0.00122"
"1UHS","12","1000101110","1000101110.0","Success","0.00044"
"3ERJ","12","101100100101","101100100101.0","Success","0.00114"
"7RKP","12","11001101110","11001101110.0","Success","0.00127"
"6V1U","12","1110100011","1110100011.0","Success","0.00147"
"2D2I","12","1001111","1001111.0","Success","0.00038"
"2QEB","12","11001100001","11001100001.0","Success","0.00097"
"7ZP2","12","111101000001","111101000001.0","Success","0.00037"
"1U3I","12","111110001","111110001.0","Success","0.00114"
"2KLJ","12","100000010110","100000010110.0","Success","0.0004"
"7K62","12","1110000000","1110000000.0","Success","0.00089"
"2JK3","12","10010000","10010000.0","Success","0.00087"
"5D88","12","111010101101","111010101101.0","Success","0.00108"
"7AZB","12","110011011111","110011011111.0","Success","0.00099"
"1TNI","12","111111101010","111111101010.0","Success","0.00111"
"8V26","12","1101111010","1101111010.0","Success","0.00057"
"5QLS","12","10010101100","10010101100.0","Success","0.00089"
"7C61","12","11000111101","11000111101.0","Success","0.0006"
"4O1F","12","101001010111","101001010111.0","Success","0.00072"
"1NL0","12","10000","10000.0","Success","0.0008"
"6HKT","12","10111000110","10111000110.0","Success","0.00025"
"1DGQ","12","10010010101","10010010101.0","Success","0.00026"
"4LCA","12","1010010010","1010010010.0","Success","0.00067"
"3RNQ","12","10100010","10100010.0","Success","0.00096"
"6R72","12","111000100011","111000100011.0","Success","0.00035"
"9FE2","12","101010111000","101010111000.0","Success","0.00048"
"2YXD","12","111100110111","111100110111.0","Success","0.0009"
"7D6T","12","100000111100","100000111100.0","Success","0.00089"
"7NZV","12","101001100","101001100.0","Success","0.00108"
"5EYL","12","101101010111","101101010111.0","Success","0.00101"
"1S05","12","110011011110","110011011110.0","Success","0.00154"
"4DJQ","12","10111010001","10111010001.0","Success","0.00117"
"6A6Q","12","101101111011","101101111011.0","Success","0.00089"
"1JZQ","12","100001001011","100001001011.0","Success","0.00058"
"8Y9P","12","100001011011","100001011011.0","Success","0.00122"
"6VZU","12","11000010","11000010.0","Success","0.00041"
"6F42","12","11011101101","11011101101.0","Success","0.00023"
"9G7F","12","100110011011","100110011011.0","Success","0.00047"
"7LFR","12","111101100100","111101100100.0","Success","0.00051"
"6DY1","12","111001010111","111001010111.0","Success","0.00092"
"4LM3","12","101010101101","101010101101.0","Success","0.00067"
"8V4Q","12","1010100001","1010100001.0","Success","0.00061"
"4GQW","12","10100001100","10100001100.0","Success","0.00145"
"3HO4","12","101101001","101101001.0","Success","0.00059"
"8DKI","12","110011110111","110011110111.0","Success","0.00071"
"7Z53","12","10010001110","10010001110.0","Success","0.00024"
"3N2E","12","11110010010","11110010010.0","Success","0.00076"
"3UX9","12","11011110101","11011110101.0","Success","0.00064"
"2QUZ","12","10011","10011.0","Success","0.00129"
"3N0E","12","11001100100","11001100100.0","Success","0.00092"
"5A9G","12","11101110101","11101110101.0","Success","0.00085"
"4WRL","12","110111110111","110111110111.0","Success","0.00058"
"5ZWY","12","111001101010","111001101010.0","Success","0.00065"
"5YCG","12","10010101001","10010101001.0","Success","0.00137"
"1F1A","12","101000010000","101000010000.0","Success","0.00134"
"3V0B","12","11010110011","11010110011.0","Success","0.00035"
"7PTD","12","1011001001","1011001001.0","Success","0.00098"
"8YXI","12","100001111100","100001111100.0","Success","0.00062"
"6ETF","12","11011100111","11011100111.0","Success","0.00082"
"3SRU","12","111000101100","111000101100.0","Success","0.00133"
"7Z0L","12","11101111111","11101111111.0","Success","0.00057"
"4NUW","12","11110000010","11110000010.0","Success","0.00078"
"8R48","12","101110001110","101110001110.0","Success","0.00057"
"1PSQ","12","11011100111","11011100111.0","Success","0.00094"
"4CT5","12","100011111101","100011111101.0","Success","0.00062"
"8B6S","12","100011001010","100011001010.0","Success","0.00054"
"2CLP","12","100011110010","100011110010.0","Success","0.00028"
"1JK7","12","100011111010","100011111010.0","Success","0.00098"
"9CDB","12","100110","100110.0","Success","0.00029"
"6CK0","12","111110110001","111110110001.0","Success","0.00083"
"5CRV","12","11001100110","11001100110.0","Success","0.00061"
"4WPX","12","11111000101","11111000101.0","Success","0.00062"
"6KK0","12","100101101111","100101101111.0","Success","0.00065"
"3NFZ","12","111101111011","111101111011.0","Success","0.00096"
"9EJN","12","111010111001","111010111001.0","Success","0.00029"
"8GC7","12","101100110101","101100110101.0","Success","0.00101"
"7TAF","12","1111011000","1111011000.0","Success","0.00058"
"5D17","12","110100101","110100101.0","Success","0.00039"
"8E5S","12","10010011","10010011.0","Success","0.00084"
"8QN1","12","11001010001","11001010001.0","Success","0.00043"
"5M2A","12","11111111001","11111111001.0","Success","0.00062"
"9BW2","12","10101100001","10101100001.0","Success","0.00084"
"3VQT","12","11100101","11100101.0","Success","0.00037"
"4WVX","12","100010100010","100010100010.0","Success","0.00066"
"8OHC","12","11011101010","11011101010.0","Success","0.00098"
"4HZY","12","111101000001","111101000001.0","Success","0.00084"
"1BIL","12","101101010001","101101010001.0","Success","0.00065"
"8JVS","12","10000010001","10000010001.0","Success","0.00247"
"6Z6R","12","110100000","110100000.0","Success","0.00079"
"8UB8","12","110000001100","110000001100.0","Success","0.00055"
"6SY4","12","1011011000","1011011000.0","Success","0.00088"
"6K7P","12","110000010111","110000010111.0","Success","0.00115"
"2YEP","12","101101110110","101101110110.0","Success","0.00042"
"6NYL","12","11101010000","11101010000.0","Success","0.00017"
"7NYA","12","111000011100","111000011100.0","Success","0.00062"
"5KN4","12","11110100000","11110100000.0","Success","0.00067"
"1T7X","12","110101000111","110101000111.0","Success","0.00098"
"5D5W","12","100101001111","100101001111.0","Success","0.00177"
"7K5T","12","110011011011","110011011011.0","Success","0.00066"
"1XEZ","12","101101001111","101101001111.0","Success","0.00065"
"1LMJ","12","110000011110","110000011110.0","Success","0.00036"
"8BYK","12","1011010","1011010.0","Success","0.0008"
"6IMU","12","10101110","10101110.0","Success","0.00053"
"9E6L","12","11110101011","11110101011.0","Success","0.00036"
"4PC2","12","10010011000","10010011000.0","Success","0.00046"
"6BSC","12","11011001110","11011001110.0","Success","0.00164"
"6CWA","12","110100011001","110100011001.0","Success","0.00069"
"4GL2","12","1110101000","1110101000.0","Success","0.00047"
"7D2U","12","111110101101","111110101101.0","Success","0.00087"
"1JDA","12","11111100","11111100.0","Success","0.00084"
"4F0E","12","10011100100","10011100100.0","Success","0.00061"
"7HGL","12","101010110001","101010110001.0","Success","0.00102"
"1CRQ","12","11000010110","11000010110.0","Success","0.00126"
"6ZWC","12","110110011000","110110011000.0","Success","0.00052"
"6UWO","12","1011100001","1011100001.0","Success","0.00106"
"5FU4","12","110100011010","110100011010.0","Success","0.00124"
"1D6I","12","11000010100","11000010100.0","Success","0.00061"
"3EXV","12","101101101111","101101101111.0","Success","0.00116"
"2VMY","12","11111101111","11111101111.0","Success","0.00058"
"4MVL","12","100001010","100001010.0","Success","0.00061"
"2WBT","12","11001000100","11001000100.0","Success","0.00111"
"8SND","12","110010011100","110010011100.0","Success","0.00061"
"3CMU","12","101101101111","101101101111.0","Success","0.00037"
"1KD1","12","101101110100","101101110100.0","Success","0.00027"
"6WMQ","12","101110000010","101110000010.0","Success","0.0008"
"9B20","12","1100001001","1100001001.0","Success","0.00084"
"6R2E","12","100010110111","100010110111.0","Success","0.00035"
"5RTR","12","110001010011","110001010011.0","Success","0.0009"
"6CMS","12","110011110","110011110.0","Success","0.00077"
"2IV1","12","11010111110","11010111110.0","Success","0.00042"
"4NNK","12","11110111111","11110111111.0","Success","0.00132"
"4PSM","12","111111011001","111111011001.0","Success","0.0007"
"8QEN","12","111011011001","111011011001.0","Success","0.00036"
"6LM2","12","111101000100","111101000100.0","Success","0.00124"
"4DNJ","12","101100111010","101100111010.0","Success","0.00086"
"6Q0B","12","10111100000","10111100000.0","Success","0.0005"
"7KXG","12","100010110010","100010110010.0","Success","0.00041"
"7UJ4","12","1101001010","1101001010.0","Success","0.00058"
"6Y1G","12","101001010111","101001010111.0","Success","0.00056"
"3UOV","12","110101111101","110101111101.0","Success","0.0005"
"6QTM","12","11011100011","11011100011.0","Success","0.00092"
"1EA9","12","110001000","110001000.0","Success","0.00048"
"3PCX","12","1110","1110.0","Success","0.0011"
"6B3M","12","110110111101","110110111101.0","Success","0.00022"
"6XB0","12","1101110001","1101110001.0","Success","0.00091"
"9HNN","12","10001110110","10001110110.0","Success","0.00076"
"5XUB","12","10000001000","10000001000.0","Success","0.00099"
"4NGE","12","11011010100","11011010100.0","Success","0.00039"
"1RMQ","12","1000101","1000101.0","Success","0.00083"
"6FKB","12","11001010101","11001010101.0","Success","0.00093"
"5Y39","12","110001111010","110001111010.0","Success","0.00056"
"7DHB","12","10010111001","10010111001.0","Success","0.00172"
"1S2H","12","100100100110","100100100110.0","Success","0.00119"
"2DFX","12","111000100","111000100.0","Success","0.00122"
"5I8W","12","100000010001","100000010001.0","Success","0.00106"
"5CY8","12","111011010101","111011010101.0","Success","0.00127"
"5ZQI","12","101111111100","101111111100.0","Success","0.00115"
"2BAW","12","100000011011","100000011011.0","Success","0.00073"
"7MYV","12","11101110","11101110.0","Success","0.00078"
"7M3M","12","10011110001","10011110001.0","Success","0.00074"
"7OYO","12","110100110000","110100110000.0","Success","0.00103"
"1TLM","12","100010001001","100010001001.0","Success","0.00107"
"2C01","12","101111110111","101111110111.0","Success","0.00145"
"8Z6G","12","1000100111","1000100111.0","Success","0.00061"
"4D6C","12","101011010011","101011010011.0","Success","0.0007"
"5HPJ","12","1110101110","1110101110.0","Success","0.00115"
"1R2D","12","11101000011","11101000011.0","Success","0.00139"
"5SYL","12","101101110000","101101110000.0","Success","0.00045"
"5OMC","12","110011001010","110011001010.0","Success","0.00081"
"5W43","12","10110101010","10110101010.0","Success","0.00084"
"4OLI","12","110111010000","110111010000.0","Success","0.00071"
"3JX3","12","11111","11111.0","Success","0.00058"
"3CHL","12","101010110100","101010110100.0","Success","0.00096"
"1XJG","12","111011001011","111011001011.0","Success","0.00048"
"5ZA2","12","10111111100","10111111100.0","Success","0.00063"
"6F0H","12","100000010010","100000010010.0","Success","0.00089"
"4J9R","12","11010000001","11010000001.0","Success","0.00082"
"4XQN","12","1110011011","1110011011.0","Success","0.00083"
"3KLW","12","1111111100","1111111100.0","Success","0.0013"
"7K8S","12","10111001111","10111001111.0","Success","0.00027"
"1YDA","12","1010011110","1010011110.0","Success","0.00106"
"2Z76","12","100001010101","100001010101.0","Success","0.00103"
"5IO8","12","11111100000","11111100000.0","Success","0.00121"
"7FBT","12","1110000101","1110000101.0","Success","0.00096"
"5FQ7","12","11100101011","11100101011.0","Success","0.00029"
"1KB4","12","1001100100","1001100100.0","Success","0.0012"
"2RIW","12","11000011001","11000011001.0","Success","0.00085"
"1QJW","12","11101000110","11101000110.0","Success","0.00061"
"2P5Z","12","1100110","1100110.0","Success","0.00087"
"5VCP","12","110101001101","110101001101.0","Success","0.00068"
"8WHA","12","111000111011","111000111011.0","Success","0.0004"
"7M1D","12","10000011110","10000011110.0","Success","0.00053"
"3EP0","12","110011010111","110011010111.0","Success","0.00112"
"7PF8","12","111010100010","111010100010.0","Success","0.00124"
"6RJD","12","111010010011","111010010011.0","Success","0.00057"
"2YX1","12","11001000100","11001000100.0","Success","0.00066"
"9F7Y","12","110011110001","110011110001.0","Success","0.00089"
"4Y7R","12","1111001110","1111001110.0","Success","0.00096"
"8J8T","12","11010111011","11010111011.0","Success","0.00111"
"2NXN","12","100010100","100010100.0","Success","0.00084"
"2P9H","12","10111000011","10111000011.0","Success","0.00072"
"3OTD","12","100000111100","100000111100.0","Success","0.00075"
"5WL3","12","111110","111110.0","Success","0.00058"
"1Q06","12","100010100011","100010100011.0","Success","0.00105"
"2JLG","12","100000011010","100000011010.0","Success","0.00038"
"2JGV","12","10100001110","10100001110.0","Success","0.00047"
"1O0Q","12","11011111","11011111.0","Success","0.0008"
"2QHE","12","111001101110","111001101110.0","Success","0.00156"
"3BKW","12","11110010010","11110010010.0","Success","0.00079"
"6ZRP","12","101011001111","101011001111.0","Success","0.00053"
"8UL7","12","100000101110","100000101110.0","Success","0.00084"
"2D6O","12","11011101110","11011101110.0","Success","0.00138"
"8TB5","12","111111110000","111111110000.0","Success","0.00075"
"6VEQ","12","110000110011","110000110011.0","Success","0.00051"
"3J1A","12","101100010000","101100010000.0","Success","0.00056"
"6HQB","12","11110010000","11110010000.0","Success","0.00035"
"2W87","12","110","110.0","Success","0.001"
"7VXH","12","100110111001","100110111001.0","Success","0.00059"
"8RE4","12","100111111","100111111.0","Success","0.00028"
"8ISC","12","101111101100","101111101100.0","Success","0.00047"
"8ZBC","12","110111110011","110111110011.0","Success","0.00046"
"5R1R","12","10100000101","10100000101.0","Success","0.00035"
"7C8X","12","100000101101","100000101101.0","Success","0.00065"
"6FPL","12","100101","100101.0","Success","0.00117"
"7PZC","12","100100010011","100100010011.0","Success","0.00017"
"7BWF","12","1001111011","1001111011.0","Success","0.00087"
"1YIN","12","11101010111","11101010111.0","Success","0.00111"
"1Q4L","12","11011000","11011000.0","Success","0.00065"
"7K0F","12","110110111000","110110111000.0","Success","0.00069"
"3R8W","12","111110011100","111110011100.0","Success","0.00044"
"1RSE","12","1000001001","1000001001.0","Success","0.00138"
"3E62","12","11010011101","11010011101.0","Success","0.001"
"8G5S","12","110010100110","110010100110.0","Success","0.00064"
"3F63","12","10010011011","10010011011.0","Success","0.00081"
"1I72","12","110111011101","110111011101.0","Success","0.00095"
"5IPF","12","110011010","110011010.0","Success","0.00062"
"4E0D","12","110010100111","110010100111.0","Success","0.00069"
"7XZ1","12","11101111111","11101111111.0","Success","0.0006"
"6R4J","12","101010010","101010010.0","Success","0.00045"
"2Q76","12","10110111001","10110111001.0","Success","0.00058"
"5XJ8","12","111010010101","111010010101.0","Success","0.00082"
"4Q3L","12","11111000011","11111000011.0","Success","0.00036"
"3AMY","12","111100010110","111100010110.0","Success","0.00096"
"5N4L","12","10100000","10100000.0","Success","0.00037"
"3OI8","12","11011100010","11011100010.0","Success","0.001"
"8RGK","12","101001001100","101001001100.0","Success","0.0005"
"6PWP","12","110100010","110100010.0","Success","0.00039"
"3GP8","12","101100010000","101100010000.0","Success","0.00071"
"1FDD","12","10100111","10100111.0","Success","0.00163"
"3S7P","12","100110101100","100110101100.0","Success","0.00093"
"2QYO","12","110011111010","110011111010.0","Success","0.00064"
"3VWO","12","101001100000","101001100000.0","Success","0.00133"
"6H19","12","110110101101","110110101101.0","Success","0.00073"
"2KKT","12","10010100100","10010100100.0","Success","0.00052"
"8PF2","12","10010100001","10010100001.0","Success","0.00092"
"3AU8","12","100100100000","100100100000.0","Success","0.0006"
"5GI7","12","111000011101","111000011101.0","Success","0.00119"
"3FQA","12","101011001100","101011001100.0","Success","0.00057"
"3ALW","12","11101100100","11101100100.0","Success","0.00074"
"8HI7","12","110000100","110000100.0","Success","0.0007"
"1UYD","12","111101011010","111101011010.0","Success","0.00115"
"7KFH","12","101110110111","101110110111.0","Success","0.0004"
"7PV1","12","1001111110","1001111110.0","Success","0.00074"
"7ZVX","12","1010001010","1010001010.0","Success","0.00067"
"1X1F","12","1111000101","1111000101.0","Success","0.00031"
"7UE4","12","10110111000","10110111000.0","Success","0.0009"
"4ACL","12","10110","10110.0","Success","0.00095"
"6NN7","12","11100010100","11100010100.0","Success","0.00027"
"7JGV","12","111111101001","111111101001.0","Success","0.001"
"6TOT","12","101000110000","101000110000.0","Success","0.00068"
"4TZK","12","100000101","100000101.0","Success","0.00101"
"3HSQ","12","111110010101","111110010101.0","Success","0.00059"
"2KFZ","12","101011110101","101011110101.0","Success","0.00069"
"2P85","12","11101010110","11101010110.0","Success","0.00032"
"8DIH","12","100000011000","100000011000.0","Success","0.00096"
"1ZXC","12","111010000010","111010000010.0","Success","0.00075"
"8TKL","12","110100101101","110100101101.0","Success","0.00069"
"9AW2","12","11010110101","11010110101.0","Success","0.00112"
"2NNH","12","11100001010","11100001010.0","Success","0.00054"
"4DGX","12","110100111000","110100111000.0","Success","0.00074"
"2JMD","12","110011010100","110011010100.0","Success","0.0003"
"1Y0T","12","1011100100","1011100100.0","Success","0.00072"
"5A8F","12","1100100001","1100100001.0","Success","0.00064"
"4F9C","12","100011100110","100011100110.0","Success","0.00086"
"2PZV","12","101010010100","101010010100.0","Success","0.00074"
"8SXO","12","100001011","100001011.0","Success","0.00095"
"8W0L","12","10100000101","10100000101.0","Success","0.00038"
"2Z2T","12","111000101010","111000101010.0","Success","0.00116"
"5Q3F","12","10011100101","10011100101.0","Success","0.00094"
"3P4V","12","111000111000","111000111000.0","Success","0.00103"
"1P6O","12","10111010011","10111010011.0","Success","0.00096"
"3ENT","12","101011011110","101011011110.0","Success","0.00109"
"5JW6","12","110110101001","110110101001.0","Success","0.00064"
"3EGX","12","100101110000","100101110000.0","Success","0.00042"
"8C84","12","100011110011","100011110011.0","Success","0.00125"
"7W1W","12","110011010101","110011010101.0","Success","0.0007"
"6NG3","12","10111100000","10111100000.0","Success","0.00117"
"5Z9X","12","110111011111","110111011111.0","Success","0.00093"
"9IR6","12","1101000100","1101000100.0","Success","0.00055"
"1Q8M","12","11110101100","11110101100.0","Success","0.00075"
"6UAR","12","1111111000","1111111000.0","Success","0.00107"
"8XI5","12","11001101110","11001101110.0","Success","0.00025"
"4FS4","12","110111101001","110111101001.0","Success","0.00061"
"7BCA","12","101110111100","101110111100.0","Success","0.00124"
"5ZFK","12","1011100010","1011100010.0","Success","0.00063"
"244L","12","110101100100","110101100100.0","Success","0.00132"
"3UU5","12","100000001001","100000001001.0","Success","0.00043"
"6EUH","12","110100110000","110100110000.0","Success","0.00052"
"4ZGY","12","1100111000","1100111000.0","Success","0.00076"
"8K9T","12","11000010010","11000010010.0","Success","0.00054"
"6RU5","12","1111111100","1111111100.0","Success","0.0004"
"8ZI5","12","110100010010","110100010010.0","Success","0.00049"
"4HFD","12","101010000101","101010000101.0","Success","0.00042"
"4N96","12","101111000000","101111000000.0","Success","0.0006"
"5J1V","12","1010010001","1010010001.0","Success","0.00054"
"1G0O","12","101010101100","101010101100.0","Success","0.00052"
"7KT5","12","11110011101","11110011101.0","Success","0.00091"
"4Y7N","12","111010001010","111010001010.0","Success","0.00028"
"7XM7","12","110011110001","110011110001.0","Success","0.00079"
"2C70","12","100011111","100011111.0","Success","0.00056"
"6JID","12","101111100001","101111100001.0","Success","0.00071"
"5Z74","12","100110101110","100110101110.0","Success","0.00058"
"1ZL3","12","101110010000","101110010000.0","Success","0.00096"
"7WWY","12","111011100011","111011100011.0","Success","0.00098"
"2KFN","12","100011101011","100011101011.0","Success","0.00069"
"1CW1","12","110001110001","110001110001.0","Success","0.00083"
"8Q3C","12","111000100010","111000100010.0","Success","0.00049"
"6JUS","12","1111000001","1111000001.0","Success","0.00064"
"1A8S","12","100111010110","100111010110.0","Success","0.00104"
"9BV2","12","1000100001","1000100001.0","Success","0.00016"
"4XKY","12","1100011100","1100011100.0","Success","0.00049"
"4P52","12","1010100100","1010100100.0","Success","0.00099"
"7R9K","12","111101000100","111101000100.0","Success","0.00076"
"3GNY","12","1111000110","1111000110.0","Success","0.00215"
"8PK3","12","110011011011","110011011011.0","Success","0.0004"
"4UFB","12","1111011100","1111011100.0","Success","0.00035"
"1IK3","12","11111110001","11111110001.0","Success","0.00058"
"8Y80","12","11001100100","11001100100.0","Success","0.00027"
"5AW0","12","10100100111","10100100111.0","Success","0.00046"
"7KU0","12","10111110","10111110.0","Success","0.00105"
"1HJD","12","110101000000","110101000000.0","Success","0.00037"
"2IWU","12","111000010011","111000010011.0","Success","0.00116"
"3F19","12","11000010000","11000010000.0","Success","0.00137"
"6Z6H","12","10101000010","10101000010.0","Success","0.00023"
"1N4N","12","111011100100","111011100100.0","Success","0.00055"
"1X80","12","1011010010","1011010010.0","Success","0.00065"
"5ORY","12","10010010011","10010010011.0","Success","0.00103"
"4B1Y","12","100110110","100110110.0","Success","0.00081"
"6VZ0","12","1010110000","1010110000.0","Success","0.00139"
"6UVI","12","100111010001","100111010001.0","Success","0.00095"
"1KHJ","12","111110101100","111110101100.0","Success","0.00056"
"6OA9","12","1001001100","1001001100.0","Success","0.00028"
"4ZGR","12","11010001001","11010001001.0","Success","0.00076"
"3S6O","12","110001111110","110001111110.0","Success","0.00047"
"3NHP","12","10111000110","10111000110.0","Success","0.00078"
"6RQ9","12","110010111100","110010111100.0","Success","0.00083"
"7MWB","12","1111101","1111101.0","Success","0.00041"
"8EHB","12","11100101011","11100101011.0","Success","0.00069"
"2MXA","12","11100110100","11100110100.0","Success","0.00047"
"8UG4","12","100011","100011.0","Success","0.00055"
"5DBH","12","111000101111","111000101111.0","Success","0.00096"
"3FRS","12","111010011001","111010011001.0","Success","0.00127"
"4YW1","12","1101011001","1101011001.0","Success","0.00046"
"4KXO","12","111101111001","111101111001.0","Success","0.00104"
"3IJG","12","11010011100","11010011100.0","Success","0.00089"
"6G3N","12","10000011101","10000011101.0","Success","0.00058"
"6MM8","12","100100010000","100100010000.0","Success","0.00073"
"6CRZ","12","10001011111","10001011111.0","Success","0.0003"
"8KBY","12","110111100111","110111100111.0","Success","0.00058"
"1AUX","12","10010101100","10010101100.0","Success","0.0007"
"3O0X","12","101011100100","101011100100.0","Success","0.00075"
"6OHU","12","11011011","11011011.0","Success","0.0007"
"1GF7","12","1111011011","1111011011.0","Success","0.00145"
"5F4Z","12","110011001011","110011001011.0","Success","0.00038"
"3FCT","12","1111110111","1111110111.0","Success","0.00057"
"7EA0","12","11010111111","11010111111.0","Success","0.0009"
"7TIK","12","110","110.0","Success","0.00093"
"7MY5","12","100000000111","100000000111.0","Success","0.00125"
"3SAF","12","110000110110","110000110110.0","Success","0.00059"
"1S18","12","101110100111","101110100111.0","Success","0.00065"
"7E1A","12","101101010110","101101010110.0","Success","0.00049"
"3AYR","12","100111001010","100111001010.0","Success","0.00088"
"4ZT2","12","111101100101","111101100101.0","Success","0.00052"
"2GFF","12","10010","10010.0","Success","0.00124"
"7LDA","12","110010111101","110010111101.0","Success","0.00081"
"4LP9","12","1011111000","1011111000.0","Success","0.00091"
"3KHK","12","1101101101","1101101101.0","Success","0.00053"
"8J6Z","12","10101011000","10101011000.0","Success","0.00027"
"8E3K","12","11100111100","11100111100.0","Success","0.00172"
"8EHV","12","11100111010","11100111010.0","Success","0.00069"
"6WV1","12","111100001101","111100001101.0","Success","0.00051"
"1LOE","12","100110000000","100110000000.0","Success","0.00079"
"4XQ8","12","100111100000","100111100000.0","Success","0.00075"
"2YM0","12","101110010000","101110010000.0","Success","0.00084"
"2DLM","12","100111001100","100111001100.0","Success","0.00044"
"4ZUV","12","100100111111","100100111111.0","Success","0.00061"
"6HTI","12","1000011010","1000011010.0","Success","0.00041"
"7FGQ","12","100100111111","100100111111.0","Success","0.00118"
"2CJB","12","11000111000","11000111000.0","Success","0.00055"
"4GMB","12","101000000010","101000000010.0","Success","0.00095"
"2BKF","12","111110001000","111110001000.0","Success","0.00179"
"6IM4","12","110100011010","110100011010.0","Success","0.0006"
"5WQL","12","101000010111","101000010111.0","Success","0.00039"
"5CZJ","12","111001111011","111001111011.0","Success","0.00068"
"4QM0","12","11111101110","11111101110.0","Success","0.00078"
"4LN6","12","110011111101","110011111101.0","Success","0.00031"
"8I71","12","101111100101","101111100101.0","Success","0.00055"
"3PP1","12","110110001000","110110001000.0","Success","0.00101"
"1ZW3","12","11001110110","11001110110.0","Success","0.00104"
"7E06","12","10110110110","10110110110.0","Success","0.00072"
"7VWZ","12","101111110110","101111110110.0","Success","0.00026"
"3CFR","12","11010111","11010111.0","Success","0.00056"
"3NEC","12","110111100","110111100.0","Success","0.00066"
"5YX6","12","110100010011","110100010011.0","Success","0.00044"
"3S2Q","12","110000111","110000111.0","Success","0.00148"
"1C5E","12","110111101010","110111101010.0","Success","0.00102"
"7GAV","12","110010011","110010011.0","Success","0.00067"
"5J0H","12","110110100011","110110100011.0","Success","0.00144"
"1GSL","12","111101101110","111101101110.0","Success","0.00103"
"1FV2","12","1111110110","1111110110.0","Success","0.00078"
"8EF3","12","100111110001","100111110001.0","Success","0.00058"
"5D6M","12","11110","11110.0","Success","0.001"
"8FSV","12","110100001011","110100001011.0","Success","0.00147"
"4RZ5","12","110010110010","110010110010.0","Success","0.00066"
"3VF9","12","101101001111","101101001111.0","Success","0.00104"
"3JRW","12","10110111100","10110111100.0","Success","0.00076"
"5PG0","12","10011010110","10011010110.0","Success","0.00156"
"8ZI7","12","110011111111","110011111111.0","Success","0.00086"
"6L5S","12","110100110001","110100110001.0","Success","0.0008"
"6FHU","12","1101001111","1101001111.0","Success","0.0011"
"4Q6T","12","101111011110","101111011110.0","Success","0.00091"
"5JR4","12","110001010110","110001010110.0","Success","0.00099"
"1RML","12","100101100111","100101100111.0","Success","0.00029"
"6AHQ","12","11001100000","11001100000.0","Success","0.00036"
"4OCM","12","101111001","101111001.0","Success","0.00055"
"7RXS","12","100111011110","100111011110.0","Success","0.00152"
"1GM6","12","110100101110","110100101110.0","Success","0.00133"
"5Z4J","12","11010001111","11010001111.0","Success","0.00092"
"3W0F","12","100001011111","100001011111.0","Success","0.00108"
"1L95","12","100000100000","100000100000.0","Success","0.00133"
"9H8J","12","1100011010","1100011010.0","Success","0.00056"
"4U7L","12","110011011011","110011011011.0","Success","0.00077"
"4E7A","12","111001110001","111001110001.0","Success","0.00074"
"1JKA","12","111100000000","111100000000.0","Success","0.00147"
"6Y20","12","110011011010","110011011010.0","Success","0.00073"
"1YBJ","12","10110101111","10110101111.0","Success","0.00041"
"7GK9","12","101010111001","101010111001.0","Success","0.00067"
"8R9Y","12","111011000111","111011000111.0","Success","0.00052"
"3DXG","12","110100100001","110100100001.0","Success","0.00106"
"8IKR","12","110000100011","110000100011.0","Success","0.00085"
"7JQD","12","111000111111","111000111111.0","Success","0.00152"
"3KKZ","12","10101011","10101011.0","Success","0.00076"
"1D4E","12","10111001001","10111001001.0","Success","0.00069"
"5Q0U","12","100011110000","100011110000.0","Success","0.00074"
"5D47","12","110111110001","110111110001.0","Success","0.00143"
"4J9X","12","110100010010","110100010010.0","Success","0.00069"
"7XP4","12","1101111101","1101111101.0","Success","0.00052"
"3TUI","12","110101110000","110101110000.0","Success","0.00035"
"2YZK","12","100110111011","100110111011.0","Success","0.00066"
"4MN5","12","101000000","101000000.0","Success","0.00121"
"5L7V","12","11110000110","11110000110.0","Success","0.00049"
"2XE0","12","10111001111","10111001111.0","Success","0.001"
"5VKJ","12","110000010011","110000010011.0","Success","0.00095"
"4G1B","12","111011101011","111011101011.0","Success","0.00043"
"4EGA","12","111111001000","111111001000.0","Success","0.00052"
"9LW9","12","11010101011","11010101011.0","Success","0.0005"
"7C3U","12","111101100101","111101100101.0","Success","0.00086"
"6FYB","12","10010110011","10010110011.0","Success","0.0004"
"7WWZ","12","11001010111","11001010111.0","Success","0.00153"
"5HCI","12","11011011001","11011011001.0","Success","0.00043"
"8UVH","12","11010101110","11010101110.0","Success","0.00056"
"7RCW","12","1110011011","1110011011.0","Success","0.00061"
"7WHC","12","1111010101","1111010101.0","Success","0.00062"
"7GO0","12","101100111000","101100111000.0","Success","0.00089"
"2Z46","12","110101011100","110101011100.0","Success","0.00064"
"5T7C","12","10011001111","10011001111.0","Success","0.00039"
"8XLS","12","110111111110","110111111110.0","Success","0.00029"
"5MGL","12","10111011101","10111011101.0","Success","0.00167"
"7KDL","12","111101100011","111101100011.0","Success","0.00031"
"8D7W","12","111001000011","111001000011.0","Success","0.00044"
"5IZ5","12","1000010110","1000010110.0","Success","0.00043"
"8QV8","12","100000000000","100000000000.0","Success","0.0008"
"3DGZ","12","10011001100","10011001100.0","Success","0.00074"
"3LCN","12","111011011010","111011011010.0","Success","0.00108"
"2LUP","12","11110011110","11110011110.0","Success","0.00044"
"4YOX","12","10110110001","10110110001.0","Success","0.00064"
"1PV6","12","110011010001","110011010001.0","Success","0.00059"
"5FVA","12","100100101011","100100101011.0","Success","0.00043"
"6AJY","12","10010110111","10010110111.0","Success","0.00149"
"3LG2","12","110011001110","110011001110.0","Success","0.00052"
"5ZRP","12","11010101110","11010101110.0","Success","0.00148"
"5PQN","12","100110001100","100110001100.0","Success","0.00107"
"3X1Y","12","1110011","1110011.0","Success","0.00128"
"1OZM","12","111100100011","111100100011.0","Success","0.00085"
"5K68","12","111111100111","111111100111.0","Success","0.00152"
"8BTC","12","11111001110","11111001110.0","Success","0.0009"
"8U2P","12","101000111100","101000111100.0","Success","0.00083"
"2XSC","12","100010010010","100010010010.0","Success","0.00092"
"5WTN","12","111111111110","111111111110.0","Success","0.00051"
"2DVW","12","1100100110","1100100110.0","Success","0.00095"
"3Q4Y","12","10000010001","10000010001.0","Success","0.00154"
"2BRW","12","10000101100","10000101100.0","Success","0.00047"
"3CXD","12","101111110011","101111110011.0","Success","0.00079"
"8IQT","12","101011000101","101011000101.0","Success","0.00107"
"1EB8","12","100001010100","100001010100.0","Success","0.00073"
"7ZWE","12","100101010111","100101010111.0","Success","0.00089"
"7P8Z","12","100001111001","100001111001.0","Success","0.00082"
"6SC1","12","11100100000","11100100000.0","Success","0.00094"
"2WTZ","12","1111110001","1111110001.0","Success","0.00038"
"7BFP","12","101001001101","101001001101.0","Success","0.00047"
"5KJ8","12","11010001011","11010001011.0","Success","0.00045"
"1ND3","12","11010010101","11010010101.0","Success","0.0006"
"5HGE","12","101100110011","101100110011.0","Success","0.00107"
"5OXH","12","100101110001","100101110001.0","Success","0.00192"
"6GBE","12","11011111101","11011111101.0","Success","0.00033"
"3CH4","12","1010010","1010010.0","Success","0.00122"
"6GUO","12","11110","11110.0","Success","0.00048"
"7AKV","12","110110010110","110110010110.0","Success","0.00058"
"7NAT","12","10100100110","10100100110.0","Success","0.00033"
"5J06","12","111100000100","111100000100.0","Success","0.00057"
"6FDP","12","10101010011","10101010011.0","Success","0.00034"
"7A4C","12","1100010100","1100010100.0","Success","0.00066"
"5JQY","12","10100","10100.0","Success","0.00078"
"3NTJ","12","11110001001","11110001001.0","Success","0.00044"
"6UJY","12","11010010011","11010010011.0","Success","0.00055"
"6F2Y","12","11100100011","11100100011.0","Success","0.00044"
"4ERY","12","111110010001","111110010001.0","Success","0.00094"
"9E9Y","12","11100100","11100100.0","Success","0.00025"
"6YN0","12","1000111011","1000111011.0","Success","0.00062"
"7KVK","12","111100100010","111100100010.0","Success","0.00055"
"3VL4","12","1010100111","1010100111.0","Success","0.00085"
"2BKI","12","10001011","10001011.0","Success","0.00052"
"6LFU","12","100000001110","100000001110.0","Success","0.00094"
"3WCV","12","100110111000","100110111000.0","Success","0.00049"
"8WXJ","12","100000010111","100000010111.0","Success","0.00055"
"3O6N","12","111101110011","111101110011.0","Success","0.00086"
"8W86","12","100010101100","100010101100.0","Success","0.00045"
"6MUW","12","110010010","110010010.0","Success","0.00021"
"4HE8","12","100101100010","100101100010.0","Success","0.00025"
"8BT2","12","1001100","1001100.0","Success","0.00089"
"8IGQ","12","101011001111","101011001111.0","Success","0.00049"
"6W1C","12","100010001010","100010001010.0","Success","0.00025"
"5Y6E","12","101111010111","101111010111.0","Success","0.00078"
"4CC4","12","11111101111","11111101111.0","Success","0.00053"
"8TZI","12","11110110111","11110110111.0","Success","0.00086"
"2LVK","12","111100100110","111100100110.0","Success","0.00044"
"2K1Z","12","1011000010","1011000010.0","Success","0.00037"
"1ACJ","12","100111101100","100111101100.0","Success","0.00072"
"5QRX","12","100010100101","100010100101.0","Success","0.00126"
"5AR7","12","101011100010","101011100010.0","Success","0.00071"
"3BGU","12","100010100110","100010100110.0","Success","0.00116"
"5ZRD","12","10100010001","10100010001.0","Success","0.00037"
"5EFK","12","110011011001","110011011001.0","Success","0.0009"
"1BJF","12","11110111","11110111.0","Success","0.00091"
"5O0Y","12","100111101","100111101.0","Success","0.001"
"7VYS","12","100010001101","100010001101.0","Success","0.00024"
"4RSG","12","110110000001","110110000001.0","Success","0.00134"
"3GIR","12","11001111101","11001111101.0","Success","0.00089"
"4CVB","12","110011000000","110011000000.0","Success","0.00069"
"5ITY","12","10011000010","10011000010.0","Success","0.00059"
"8P0W","12","100100101110","100100101110.0","Success","0.00036"
"1IAI","12","1001000001","1001000001.0","Success","0.00058"
"6QP9","12","1000000","1000000.0","Success","0.00052"
"4K9A","12","111011011110","111011011110.0","Success","0.00091"
"3U92","12","111010001111","111010001111.0","Success","0.00072"
"5ITP","12","111100100101","111100100101.0","Success","0.00074"
"1JB4","12","1110011000","1110011000.0","Success","0.00104"
"3RLK","12","11001101100","11001101100.0","Success","0.00128"
"4O1S","12","10111001010","10111001010.0","Success","0.00093"
"7P1K","12","100100001100","100100001100.0","Success","0.00057"
"1JKY","12","110111111111","110111111111.0","Success","0.0006"
"2WL3","12","101100011011","101100011011.0","Success","0.0005"
"4Z54","12","1011110101","1011110101.0","Success","0.00074"
"6HV4","12","110010000010","110010000010.0","Success","0.00021"
"7BNI","12","1001000010","1001000010.0","Success","0.0012"
"8F8Z","12","10101110001","10101110001.0","Success","0.00056"
"8W88","12","111010100000","111010100000.0","Success","0.00052"
"1OBF","12","11100000100","11100000100.0","Success","0.00064"
"8BIJ","12","101110000111","101110000111.0","Success","0.00067"
"8TQL","12","100011111011","100011111011.0","Success","0.00094"
"2X28","12","1100000001","1100000001.0","Success","0.00109"
"6HZK","12","1011010100","1011010100.0","Success","0.00068"
"4PD5","12","100100010101","100100010101.0","Success","0.00084"
"8IZY","12","11000100011","11000100011.0","Success","0.00053"
"3SK3","12","11001101110","11001101110.0","Success","0.00061"
"7YHF","12","111111000101","111111000101.0","Success","0.00061"
"8B3X","12","101101111011","101101111011.0","Success","0.00102"
"4I4G","12","11011001001","11011001001.0","Success","0.00078"
"9DIS","12","100110001100","100110001100.0","Success","0.00064"
"5LG3","12","100011110010","100011110010.0","Success","0.0003"
"3O13","12","11111011111","11111011111.0","Success","0.0012"
"5QD0","12","111111001100","111111001100.0","Success","0.0005"
"1BHB","12","111001000001","111001000001.0","Success","0.0006"
"2F6A","12","100101101","100101101.0","Success","0.00044"
"7XVU","12","1001001100","1001001100.0","Success","0.00062"
"4WB2","12","10010101101","10010101101.0","Success","0.00108"
"2QRZ","12","100001001100","100001001100.0","Success","0.00085"
"8UO9","12","111111000111","111111000111.0","Success","0.00063"
"1AD9","12","100111001011","100111001011.0","Success","0.00057"
"3O01","12","101000110101","101000110101.0","Success","0.00069"
"7CX3","12","10001111110","10001111110.0","Success","0.00052"
"5B4J","12","1111011011","1111011011.0","Success","0.00102"
"1FIH","12","11001101110","11001101110.0","Success","0.0008"
"3UI3","12","10001110000","10001110000.0","Success","0.00107"
"1T7M","12","100101001111","100101001111.0","Success","0.00103"
"9FR4","12","101011000111","101011000111.0","Success","0.00067"
"3GLQ","12","11000110011","11000110011.0","Success","0.00055"
"4S37","12","111011100000","111011100000.0","Success","0.00029"
"1MG5","12","1011000011","1011000011.0","Success","0.00074"
"8ATP","12","11101100110","11101100110.0","Success","0.00105"
"7VKH","12","101000001110","101000001110.0","Success","0.00102"
"5JHS","12","10001010101","10001010101.0","Success","0.00021"
"4FJC","12","11011010100","11011010100.0","Success","0.00047"
"7JZV","12","10000010101","10000010101.0","Success","0.00051"
"7K6L","12","101100100000","101100100000.0","Success","0.00107"
"8Y1C","12","11110","11110.0","Success","0.00029"
"4IQ1","12","100011010110","100011010110.0","Success","0.00066"
"3EXQ","12","101001000100","101001000100.0","Success","0.00135"
"3P2V","12","110100111","110100111.0","Success","0.00095"
"6GOA","12","101101010000","101101010000.0","Success","0.00038"
"1N3B","12","101000010010","101000010010.0","Success","0.0007"
"2VU5","12","101001011111","101001011111.0","Success","0.00137"
"1XGL","12","101010111110","101010111110.0","Success","0.00073"
"5ZOD","12","101100110001","101100110001.0","Success","0.00105"
"4NU7","12","100001001010","100001001010.0","Success","0.00055"
"1TLZ","12","100000011000","100000011000.0","Success","0.00077"
"8GM5","12","11110110110","11110110110.0","Success","0.00071"
"8V6Y","12","110101010000","110101010000.0","Success","0.00107"
"6UB2","12","101101001111","101101001111.0","Success","0.00053"
"4XAC","12","111100010001","111100010001.0","Success","0.00107"
"5SKQ","12","100101000111","100101000111.0","Success","0.00047"
"5JB5","12","100010000001","100010000001.0","Success","0.00128"
"7X8U","12","10010100101","10010100101.0","Success","0.00109"
"6KXY","12","10101001","10101001.0","Success","0.00106"
"6B2K","12","10010010101","10010010101.0","Success","0.00111"
"8XQA","12","11101000","11101000.0","Success","0.00047"
"4JDW","12","1001000","1001000.0","Success","0.0009"
"6Q81","12","101100001111","101100001111.0","Success","0.00049"
"3H5R","12","11101000111","11101000111.0","Success","0.00045"
"1E03","12","1000110","1000110.0","Success","0.00056"
"8KG4","12","11001101011","11001101011.0","Success","0.001"
"6B03","12","11011111001","11011111001.0","Success","0.00056"
"2E2Z","12","1010001101","1010001101.0","Success","0.00038"
"6JDR","12","10101101000","10101101000.0","Success","0.00081"
"1Y6R","12","110010000100","110010000100.0","Success","0.00078"
"2OOH","12","111110000000","111110000000.0","Success","0.00093"
"5IXZ","12","110011001000","110011001000.0","Success","0.00088"
"7WIG","12","10010001111","10010001111.0","Success","0.00048"
"5IBF","12","110011101101","110011101101.0","Success","0.00085"
"4CR2","12","10101011","10101011.0","Success","0.00017"
"2CM7","12","111101111011","111101111011.0","Success","0.00096"
"5MRJ","12","101001111","101001111.0","Success","0.00068"
"4DGG","12","11111010101","11111010101.0","Success","0.00072"
"6O0T","12","100101000001","100101000001.0","Success","0.00051"
"5X9C","12","101101100001","101101100001.0","Success","0.00067"
"3TZB","12","111100010","111100010.0","Success","0.00054"
"1PD7","12","100110111000","100110111000.0","Success","0.00029"
"2YMW","12","100100100000","100100100000.0","Success","0.00046"
"4OLQ","12","11010111000","11010111000.0","Success","0.00043"
"7Z8Z","12","111101111000","111101111000.0","Success","0.00123"
"4K9B","12","10001000111","10001000111.0","Success","0.00086"
"1ERW","12","110100010","110100010.0","Success","0.00166"
"3JW5","12","101101100","101101100.0","Success","0.00094"
"2NWQ","12","111111100111","111111100111.0","Success","0.00054"
"5IXT","12","11110000100","11110000100.0","Success","0.00068"
"7FUH","12","110000000101","110000000101.0","Success","0.00089"
"5UU1","12","1011000111","1011000111.0","Success","0.00094"
"7QVX","12","1001011110","1001011110.0","Success","0.00064"
"6SDU","12","100010101111","100010101111.0","Success","0.00055"
"5XMC","12","110011100110","110011100110.0","Success","0.00083"
"2EAK","12","1010001111","1010001111.0","Success","0.00082"
"5N4I","12","10001110101","10001110101.0","Success","0.00083"
"3V9M","12","100101111001","100101111001.0","Success","0.00111"
"3WEK","12","111110010000","111110010000.0","Success","0.00091"
"6VNK","12","101110100010","101110100010.0","Success","0.00049"
"1XLP","12","1100000111","1100000111.0","Success","0.00094"
"4J66","12","110100001111","110100001111.0","Success","0.00151"
"8EX0","12","100011101010","100011101010.0","Success","0.00103"
"4F1R","12","110001001000","110001001000.0","Success","0.00101"
"4DQ7","12","101011000101","101011000101.0","Success","0.00091"
"5K91","12","10101000001","10101000001.0","Success","0.00063"
"8WFN","12","1110100110","1110100110.0","Success","0.00028"
"6GHF","12","11010100","11010100.0","Success","0.00081"
"3UAK","12","111000100000","111000100000.0","Success","0.00062"
"1EC8","12","101011110110","101011110110.0","Success","0.0004"
"4HAO","12","10100111001","10100111001.0","Success","0.00069"
"3V8Q","12","110000001010","110000001010.0","Success","0.00103"
"4V0W","12","100111100101","100111100101.0","Success","0.00068"
"6LVO","12","100000111","100000111.0","Success","0.0011"
"1CHW","12","1110110000","1110110000.0","Success","0.0006"
"1AZB","12","101100100110","101100100110.0","Success","0.00105"
"6LE3","12","100110000","100110000.0","Success","0.00052"
"1WKD","12","11001001001","11001001001.0","Success","0.0009"
"5OMR","12","1100101","1100101.0","Success","0.00084"
"3SXZ","12","1110100011","1110100011.0","Success","0.00099"
"2ZQJ","12","111001010010","111001010010.0","Success","0.00046"
"4JW3","12","10000000011","10000000011.0","Success","0.00084"
"4A5W","12","110000010111","110000010111.0","Success","0.00034"
"8J4R","12","1000100","1000100.0","Success","0.00031"
"4WRN","12","111000010100","111000010100.0","Success","0.00046"
"2OWZ","12","11101011011","11101011011.0","Success","0.00095"
"966C","12","1010010001","1010010001.0","Success","0.00133"
"4WYB","12","110100111111","110100111111.0","Success","0.00025"
"4FT0","12","1010001011","1010001011.0","Success","0.00107"
"7F9A","12","110111000001","110111000001.0","Success","0.00053"
"4BFT","12","111010000000","111010000000.0","Success","0.0007"
"8XSQ","12","110100","110100.0","Success","0.00057"
"6UZS","12","100101010001","100101010001.0","Success","0.00086"
"3APP","12","101011111101","101011111101.0","Success","0.00094"
"1V7T","12","11111011010","11111011010.0","Success","0.00107"
"7WP5","12","1100111011","1100111011.0","Success","0.00082"
"5XIJ","12","11111111110","11111111110.0","Success","0.00038"
"2BOO","12","10100010111","10100010111.0","Success","0.00113"
"3SK5","12","110001000000","110001000000.0","Success","0.00145"
"1NU4","12","11111000001","11111000001.0","Success","0.00121"
"7Z2O","12","1000001","1000001.0","Success","0.00085"
"1SIW","12","110000000100","110000000100.0","Success","0.00038"
"4FOW","12","11101011111","11101011111.0","Success","0.00066"
"3TV6","12","10110011000","10110011000.0","Success","0.00072"
"8DP6","12","100111000001","100111000001.0","Success","0.00073"
"5HC9","12","111010110010","111010110010.0","Success","0.00059"
"3VDD","12","110111011010","110111011010.0","Success","0.00058"
"4S2M","12","10001000011","10001000011.0","Success","0.00057"
"2JJ0","12","11011011101","11011011101.0","Success","0.00059"
"9FSK","12","101001011000","101001011000.0","Success","0.00043"
"1ZMS","12","1101111100","1101111100.0","Success","0.00121"
"6AMT","12","101001100011","101001100011.0","Success","0.00062"
"7YS6","12","10111100010","10111100010.0","Success","0.0005"
"3G27","12","1111010111","1111010111.0","Success","0.00185"
"1C6G","12","10011110101","10011110101.0","Success","0.00129"
"7SYZ","12","1001010011","1001010011.0","Success","0.0006"
"8HCS","12","100000110010","100000110010.0","Success","0.00176"
"6E42","12","1011110000","1011110000.0","Success","0.00044"
"8PRG","12","11101111110","11101111110.0","Success","0.00183"
"1NEW","12","11110010000","11110010000.0","Success","0.00035"
"7NBI","12","101001100111","101001100111.0","Success","0.00102"
"7B9B","12","1101110101","1101110101.0","Success","0.00095"
"6G81","12","101010000111","101010000111.0","Success","0.00034"
"5INJ","12","10010001000","10010001000.0","Success","0.00087"
"8RSD","12","11101111110","11101111110.0","Success","0.00118"
"3SFC","12","110101111011","110101111011.0","Success","0.00064"
"4XOL","12","110011111100","110011111100.0","Success","0.00141"
"8AOI","12","100100111000","100100111000.0","Success","0.0009"
"5OCK","12","101111111000","101111111000.0","Success","0.00076"
"1GX1","12","11100101101","11100101101.0","Success","0.00078"
"2ZP8","12","101100110111","101100110111.0","Success","0.00068"
"5BSZ","12","11111001011","11111001011.0","Success","0.00107"
"4QJ7","12","100011000001","100011000001.0","Success","0.00077"
"7TYJ","12","101011111000","101011111000.0","Success","0.00059"
"6P5F","12","101110000100","101110000100.0","Success","0.00154"
"7RNX","12","10001010111","10001010111.0","Success","0.00057"
"5LD1","12","100010110001","100010110001.0","Success","0.00051"
"1OM5","12","10011111000","10011111000.0","Success","0.00059"
"2NTZ","12","10000001100","10000001100.0","Success","0.00092"
"6Y0B","12","1010","1010.0","Success","0.00087"
"8ECI","12","100101111111","100101111111.0","Success","0.00034"
"2Y9H","12","100100110000","100100110000.0","Success","0.00043"
"4ISF","12","1110101101","1110101101.0","Success","0.0008"
"7FTO","12","1110100010","1110100010.0","Success","0.00093"
"3AJR","12","110100110","110100110.0","Success","0.00066"
"7ECY","12","100100000100","100100000100.0","Success","0.00057"
"5X6K","12","100001101011","100001101011.0","Success","0.00088"
"1BQT","12","10111010101","10111010101.0","Success","0.00083"
"3S67","12","10010111000","10010111000.0","Success","0.00157"
"8JZY","12","10101111110","10101111110.0","Success","0.00146"
"5I9I","12","100110111000","100110111000.0","Success","0.00061"
"3IOP","12","100100000001","100100000001.0","Success","0.00103"
"2PVI","12","110111110010","110111110010.0","Success","0.00094"
"7B56","12","110001000001","110001000001.0","Success","0.00087"
"7TFI","12","1111101","1111101.0","Success","0.00034"
"7QI0","12","100000101000","100000101000.0","Success","0.00081"
"8IZZ","12","110011100101","110011100101.0","Success","0.00136"
"1ACM","12","11100111100","11100111100.0","Success","0.00056"
"4UWE","12","110100001011","110100001011.0","Success","0.00015"
"8X2I","12","10011100000","10011100000.0","Success","0.00034"
"4EDR","12","100010111000","100010111000.0","Success","0.00097"
"5PAX","12","111011111010","111011111010.0","Success","0.00094"
"4YSK","12","111001001","111001001.0","Success","0.0007"
"6BZF","12","111001000110","111001000110.0","Success","0.00042"
"3KXQ","12","110100011101","110100011101.0","Success","0.00076"
"9QB5","12","111001011010","111001011010.0","Success","0.00067"
"7RXP","12","11000011100","11000011100.0","Success","0.00072"
"2FLT","12","100100011011","100100011011.0","Success","0.0016"
"5BRO","12","1010000","1010000.0","Success","0.00076"
"2A94","12","10010110001","10010110001.0","Success","0.00096"
"3M08","12","111011100000","111011100000.0","Success","0.00133"
"3T1O","12","101010010001","101010010001.0","Success","0.00083"
"1M4R","12","101001101","101001101.0","Success","0.00099"
"5K0M","12","1001000001","1001000001.0","Success","0.0009"
"1QZ3","12","101101110011","101101110011.0","Success","0.00096"
"5O0R","12","111011","111011.0","Success","0.00072"
"1YHS","12","110001001110","110001001110.0","Success","0.00101"
"7C6H","12","101010100001","101010100001.0","Success","0.00059"
"4BBY","12","1100100111","1100100111.0","Success","0.00035"
"6U4Y","12","110000111010","110000111010.0","Success","0.00042"
"2A49","12","1000110001","1000110001.0","Success","0.00101"
"7BDH","12","110100110111","110100110111.0","Success","0.0009"
"7PMY","12","11001101011","11001101011.0","Success","0.00065"
"1CE0","12","101100110110","101100110110.0","Success","0.00162"
"1TLV","12","111110001","111110001.0","Success","0.00119"
"3NCE","12","110101010001","110101010001.0","Success","0.00081"
"2LRK","12","101010011101","101010011101.0","Success","0.00018"
"3DRG","12","110100110","110100110.0","Success","0.00068"
"5TM0","12","11101100011","11101100011.0","Success","0.00021"
"2E93","12","101110111","101110111.0","Success","0.00067"
"7R88","12","101110101011","101110101011.0","Success","0.00046"
"6YYM","12","111101010000","111101010000.0","Success","0.00137"
"5W6U","12","11000011","11000011.0","Success","0.00076"
"6LQD","12","101001001001","101001001001.0","Success","0.00059"
"4UP0","12","100001000011","100001000011.0","Success","0.00174"
"3O86","12","11001101101","11001101101.0","Success","0.00062"
"9KYV","12","11010111111","11010111111.0","Success","0.00105"
"6QPU","12","111110101011","111110101011.0","Success","0.00038"
"2FQM","12","110101100101","110101100101.0","Success","0.00083"
"1IX1","12","11101111101","11101111101.0","Success","0.00093"
"3S1D","12","110111010101","110111010101.0","Success","0.00074"
"1ETK","12","10011000110","10011000110.0","Success","0.00129"
"7BIM","12","11001010","11001010.0","Success","0.00052"
"1M5D","12","101000110111","101000110111.0","Success","0.00104"
"8F02","12","101011111001","101011111001.0","Success","0.00095"
"8GE7","12","11011111","11011111.0","Success","0.00056"
"2H8P","12","11001111010","11001111010.0","Success","0.00074"
"3HIZ","12","100101010100","100101010100.0","Success","0.00046"
"7P7K","12","11010111010","11010111010.0","Success","0.00024"
"7UFT","12","10101010000","10101010000.0","Success","0.00027"
"4O3P","12","100110000001","100110000001.0","Success","0.00079"
"1PT9","12","11010101000","11010101000.0","Success","0.0009"
"1T6T","12","1001010","1001010.0","Success","0.00115"
"8S9N","12","110011111001","110011111001.0","Success","0.00113"
"4MKK","12","10110010","10110010.0","Success","0.00083"
"2LJZ","12","11011000","11011000.0","Success","0.00042"
"8JPS","12","100111011001","100111011001.0","Success","0.00065"
"3OAB","12","1011000","1011000.0","Success","0.00049"
"1FTQ","12","101100100111","101100100111.0","Success","0.00059"
"2H1F","12","111001010100","111001010100.0","Success","0.00067"
"3WU2","12","1111000101","1111000101.0","Success","0.00023"
"7NS7","12","110111111000","110111111000.0","Success","0.00064"
"6VAJ","12","1011010101","1011010101.0","Success","0.00137"
"5WWS","12","100011110011","100011110011.0","Success","0.00055"
"2IK9","12","11010010","11010010.0","Success","0.0007"
"5QMR","12","10110100100","10110100100.0","Success","0.00087"
"9D6A","12","100100111001","100100111001.0","Success","0.00082"
"3GRO","12","10110001111","10110001111.0","Success","0.00074"
"4XDD","12","100100101","100100101.0","Success","0.0005"
"4RJF","12","101010001010","101010001010.0","Success","0.00058"
"4KEU","12","111001010110","111001010110.0","Success","0.00048"
"3ZBP","12","11011001000","11011001000.0","Success","0.00098"
"5G4R","12","10011100101","10011100101.0","Success","0.0008"
"9BPS","12","1001100011","1001100011.0","Success","0.00049"
"5EDR","12","100010000110","100010000110.0","Success","0.00098"
"5Y5R","12","1000001000","1000001000.0","Success","0.00044"
"1DS6","12","101101100110","101101100110.0","Success","0.00088"
"6NEM","12","100000010101","100000010101.0","Success","0.00117"
"7G41","12","10000110101","10000110101.0","Success","0.00059"
"1F9R","12","10111101101","10111101101.0","Success","0.00102"
"4KMC","12","10110000101","10110000101.0","Success","0.00196"
"5V5G","12","10111010110","10111010110.0","Success","0.00077"
"8TCF","12","1100011101","1100011101.0","Success","0.00057"
"2QGX","12","100110011100","100110011100.0","Success","0.00067"
"5XD6","12","11011110111","11011110111.0","Success","0.00072"
"7Z3T","12","111001001110","111001001110.0","Success","0.00057"
"4WJW","12","110011101001","110011101001.0","Success","0.00061"
"6LVR","12","11001010111","11001010111.0","Success","0.00086"
"4A2J","12","110011110111","110011110111.0","Success","0.00075"
"4OHH","12","101001100000","101001100000.0","Success","0.00075"
"1Z8C","12","11111000010","11111000010.0","Success","0.00124"
"5LR1","12","111111010100","111111010100.0","Success","0.00115"
"1V91","12","111110101","111110101.0","Success","0.00064"
"2WM1","12","110110010111","110110010111.0","Success","0.00092"
"2ZBG","12","101000010100","101000010100.0","Success","0.00052"
"8BEA","12","100000111110","100000111110.0","Success","0.00067"
"3GD4","12","11000010011","11000010011.0","Success","0.00057"
"7EAZ","12","100110101011","100110101011.0","Success","0.0003"
"6NY6","12","101101011001","101101011001.0","Success","0.00034"
"3ITQ","12","110010000101","110010000101.0","Success","0.00085"
"4H3B","12","10000001101","10000001101.0","Success","0.00062"
"3BJ2","12","10100010011","10100010011.0","Success","0.00072"
"4H8A","12","10010110111","10010110111.0","Success","0.00067"
"2MJ8","12","11110101001","11110101001.0","Success","0.00048"
"8JVC","12","11011110011","11011110011.0","Success","0.0013"
"1FQF","12","111101010111","111101010111.0","Success","0.0009"
"2GM3","12","101011110000","101011110000.0","Success","0.00056"
"4Y24","12","100100100101","100100100101.0","Success","0.00103"
"3NSD","12","1011101111","1011101111.0","Success","0.00077"
"1W3I","12","111010110101","111010110101.0","Success","0.00049"
"3K8X","12","111110111100","111110111100.0","Success","0.00036"
"6H3W","12","101001111011","101001111011.0","Success","0.00106"
"6P72","12","11001011111","11001011111.0","Success","0.00058"
"6CP5","12","100010011111","100010011111.0","Success","0.00048"
"5DZY","12","1001011","1001011.0","Success","0.00033"
"6WWH","12","100001101101","100001101101.0","Success","0.00034"
"6K2N","12","1011100100","1011100100.0","Success","0.00055"
"4Z7A","12","110010111101","110010111101.0","Success","0.0009"
"7AK7","12","111000111100","111000111100.0","Success","0.00066"
"2E26","12","110010000001","110010000001.0","Success","0.00063"
"1EZO","12","10110111010","10110111010.0","Success","0.00028"
"2O3I","12","10111111001","10111111001.0","Success","0.00063"
"6AYC","12","111110110010","111110110010.0","Success","0.00078"
"1X7D","12","111001110000","111001110000.0","Success","0.00066"
"6M6C","12","1110001010","1110001010.0","Success","0.00031"
"2FGV","12","111010011010","111010011010.0","Success","0.00117"
"3I6M","12","100110110010","100110110010.0","Success","0.00073"
"1KJI","12","11001101000","11001101000.0","Success","0.00059"
"4GVH","12","11100110011","11100110011.0","Success","0.00065"
"2ME0","12","100101010010","100101010010.0","Success","0.00045"
"8OP6","12","101010100111","101010100111.0","Success","0.00049"
"3V64","12","100001010110","100001010110.0","Success","0.00053"
"7X9P","12","101010011010","101010011010.0","Success","0.00126"
"7LT0","12","111100010110","111100010110.0","Success","0.00117"
"4F2R","12","110101101","110101101.0","Success","0.00049"
"4A71","12","100111011101","100111011101.0","Success","0.00096"
"8SU1","12","1000001101","1000001101.0","Success","0.00092"
"5KDV","12","110100","110100.0","Success","0.00054"
"6DLK","12","11001010011","11001010011.0","Success","0.00062"
"5IMM","12","101001011111","101001011111.0","Success","0.00108"
"4NJD","12","11001010010","11001010010.0","Success","0.00099"
"6D07","12","100001111101","100001111101.0","Success","0.00158"
"1DNU","12","111000","111000.0","Success","0.0005"
"4A78","12","11111010101","11111010101.0","Success","0.00098"
"4X8F","12","111111000100","111111000100.0","Success","0.00025"
"9B2E","12","1101100001","1101100001.0","Success","0.00112"
"4QYY","12","111110111110","111110111110.0","Success","0.00092"
"2OZ3","12","110100110011","110100110011.0","Success","0.0003"
"4NX9","12","1010011100","1010011100.0","Success","0.00102"
"7SQA","12","110001001101","110001001101.0","Success","0.00071"
"4X0P","12","101110011000","101110011000.0","Success","0.00033"
"6IN0","12","101011110001","101011110001.0","Success","0.00099"
"3Q2E","12","110011110101","110011110101.0","Success","0.00161"
"3KK2","12","110110100110","110110100110.0","Success","0.00053"
"2FYM","12","100001010","100001010.0","Success","0.0004"
"6FUF","12","11111011010","11111011010.0","Success","0.00075"
"1XCD","12","111110111","111110111.0","Success","0.00095"
"4FG7","12","111011000111","111011000111.0","Success","0.00109"
"1KKU","12","100000001110","100000001110.0","Success","0.00115"
"4YFF","12","100101101111","100101101111.0","Success","0.00053"
"4Y8Q","12","1001010111","1001010111.0","Success","0.00021"
"3H0W","12","110011011000","110011011000.0","Success","0.00096"
"4UUA","12","1111000001","1111000001.0","Success","0.00073"
"6Z8L","12","110010000101","110010000101.0","Success","0.00075"
"5YGC","12","11100011110","11100011110.0","Success","0.00117"
"4WYY","12","100110101","100110101.0","Success","0.00087"
"4NTW","12","111010100100","111010100100.0","Success","0.0007"
"4J6R","12","100000111001","100000111001.0","Success","0.00061"
"7CFY","12","101010101010","101010101010.0","Success","0.00068"
"4ODB","12","10011110000","10011110000.0","Success","0.00059"
"5V1G","12","1010001111","1010001111.0","Success","0.00095"
"2CSL","12","110001110","110001110.0","Success","0.00062"
"4N6O","12","10101101001","10101101001.0","Success","0.00086"
"6E3M","12","111110110101","111110110101.0","Success","0.00126"
"7WDQ","12","11011000","11011000.0","Success","0.00047"
"5VRG","12","10010001000","10010001000.0","Success","0.00074"
"5ZEO","12","100111010000","100111010000.0","Success","0.00132"
"3I9Z","12","11111111100","11111111100.0","Success","0.00202"
"3NKF","12","11100011010","11100011010.0","Success","0.00058"
"5YJO","12","100011000010","100011000010.0","Success","0.00083"
"3DBO","12","10000010001","10000010001.0","Success","0.00133"
"8ULF","12","10111100001","10111100001.0","Success","0.00037"
"7L0Q","12","110111000001","110111000001.0","Success","0.00055"
"2X14","12","101100011101","101100011101.0","Success","0.00084"
"6VS8","12","1101101","1101101.0","Success","0.00094"
"7HH5","12","10100001100","10100001100.0","Success","0.00103"
"7FEM","12","1011100110","1011100110.0","Success","0.00028"
"4HIK","12","1001111000","1001111000.0","Success","0.00146"
"2J3K","12","111111000111","111111000111.0","Success","0.00066"
"3PAB","12","10010000100","10010000100.0","Success","0.00059"
"5GV1","12","110110001010","110110001010.0","Success","0.00104"
"3DFM","12","11010001","11010001.0","Success","0.00102"
"3SII","12","111011001010","111011001010.0","Success","0.00104"
"6HFR","12","10010110010","10010110010.0","Success","0.00086"
"3SBO","12","1110001100","1110001100.0","Success","0.00033"
"3KT7","12","111000001001","111000001001.0","Success","0.0007"
"3FB6","12","1000011001","1000011001.0","Success","0.00073"
"7G76","12","11100001010","11100001010.0","Success","0.00058"
"8QY5","12","11111101010","11111101010.0","Success","0.00038"
"8DB4","12","101010101101","101010101101.0","Success","0.00037"
"2IB6","12","11101100","11101100.0","Success","0.0004"
"1X86","12","101010101110","101010101110.0","Success","0.00037"
"6NQF","12","110101010100","110101010100.0","Success","0.00079"
"8WFA","12","1010010","1010010.0","Success","0.00056"
"6GXA","12","101110010111","101110010111.0","Success","0.00042"
"6NVD","12","110001100101","110001100101.0","Success","0.00056"
"5I4N","12","11010110010","11010110010.0","Success","0.00102"
"1R2G","12","111100001001","111100001001.0","Success","0.0014"
"8KHR","12","111111100000","111111100000.0","Success","0.00051"
"4CO1","12","100010001101","100010001101.0","Success","0.0011"
"7D65","12","101100010000","101100010000.0","Success","0.0003"
"4G8W","12","1111111111","1111111111.0","Success","0.00114"
"1Y2C","12","100111111110","100111111110.0","Success","0.00065"
"8P7Q","12","111111111101","111111111101.0","Success","0.00094"
"6SYA","12","1101100","1101100.0","Success","0.00062"
"1L4I","12","100101010101","100101010101.0","Success","0.00083"
"6XP2","12","1100110011","1100110011.0","Success","0.00046"
"3SUC","12","11000000101","11000000101.0","Success","0.00059"
"3KE1","12","10100101","10100101.0","Success","0.00078"
"9IJ1","12","100101101000","100101101000.0","Success","0.00061"
"8HUZ","12","100001001001","100001001001.0","Success","0.00054"
"2WZD","12","111001101010","111001101010.0","Success","0.00082"
"1SD8","12","1000110000","1000110000.0","Success","0.00141"
"6JHT","12","10101110","10101110.0","Success","0.0005"
"2X4N","12","1000101111","1000101111.0","Success","0.0006"
"3LMA","12","100001111111","100001111111.0","Success","0.00048"
"4WXD","12","1001101100","1001101100.0","Success","0.00134"
"4JEQ","12","1110010","1110010.0","Success","0.0003"
"5FGB","12","1110101110","1110101110.0","Success","0.00057"
"9MC1","12","110101001101","110101001101.0","Success","0.00087"
"9QU3","12","111000011000","111000011000.0","Success","0.00088"
"2D6N","12","100000011","100000011.0","Success","0.00095"
"4NBG","12","11000101011","11000101011.0","Success","0.00044"
"2HST","12","11010000010","11010000010.0","Success","0.00029"
"8OUJ","12","11111001110","11111001110.0","Success","0.00044"
"4NMQ","12","11101001","11101001.0","Success","0.00119"
"5BR8","12","101001110000","101001110000.0","Success","0.00035"
"2OSW","12","101110011111","101110011111.0","Success","0.00057"
"7DQ4","12","100010101011","100010101011.0","Success","0.00065"
"4ZGV","12","1011011101","1011011101.0","Success","0.00041"
"3SAR","12","10001111110","10001111110.0","Success","0.00105"
"1K9C","12","10010000","10010000.0","Success","0.00045"
"1QCW","12","111000001100","111000001100.0","Success","0.00059"
"1VQ6","12","111011000111","111011000111.0","Success","0.00027"
"4Z62","12","100110011000","100110011000.0","Success","0.0007"
"4WV4","12","10111010100","10111010100.0","Success","0.00126"
"1I5I","12","11111100110","11111100110.0","Success","0.00127"
"8S6U","12","10011011100","10011011100.0","Success","0.00132"
"1WKK","12","101011101010","101011101010.0","Success","0.00103"
"1JQ6","12","10001101000","10001101000.0","Success","0.00129"
"8BM3","12","10111110011","10111110011.0","Success","0.00055"
"7Q3H","12","100101011100","100101011100.0","Success","0.00031"
"8IBU","12","101010011110","101010011110.0","Success","0.0005"
"2MEI","12","10000000100","10000000100.0","Success","0.00145"
"3BQJ","12","101100001111","101100001111.0","Success","0.00098"
"5AA8","12","100100110111","100100110111.0","Success","0.00097"
"2NY4","12","110000001101","110000001101.0","Success","0.00054"
"1IRY","12","111011001","111011001.0","Success","0.00024"
"4NKS","12","111010110011","111010110011.0","Success","0.00071"
"8GUJ","12","111011010110","111011010110.0","Success","0.00055"
"3IR3","12","1110100101","1110100101.0","Success","0.00102"
"1QF7","12","101101","101101.0","Success","0.00031"
"7MBH","12","101010111100","101010111100.0","Success","0.00057"
"3NK1","12","100001001110","100001001110.0","Success","0.00078"
"6Q9R","12","1100111001","1100111001.0","Success","0.00045"
"1C99","12","10010000000","10010000000.0","Success","0.00064"
"5K6Z","12","10110000010","10110000010.0","Success","0.00062"
"1UJ1","12","1010001000","1010001000.0","Success","0.00069"
"2JHH","12","1000011000","1000011000.0","Success","0.0008"
"7Y9Z","12","101100100101","101100100101.0","Success","0.00027"
"6H4S","12","10000001110","10000001110.0","Success","0.00046"
"1K6Y","12","101011110101","101011110101.0","Success","0.00061"
"7E5M","12","11000111","11000111.0","Success","0.00079"
"2EHC","12","101111110110","101111110110.0","Success","0.00072"
"8BHD","12","110010101","110010101.0","Success","0.00054"
"3WCP","12","11010001101","11010001101.0","Success","0.00069"
"4LFN","12","11000011010","11000011010.0","Success","0.00066"
"6FCB","12","1000100111","1000100111.0","Success","0.00086"
"4L8U","12","10100010000","10100010000.0","Success","0.0007"
"3GND","12","100000111100","100000111100.0","Success","0.00023"
"4DZB","12","110000001000","110000001000.0","Success","0.00077"
"4FEQ","12","101000100","101000100.0","Success","0.00111"
"8H39","12","11101011001","11101011001.0","Success","0.00072"
"1T10","12","100000111110","100000111110.0","Success","0.00071"
"7U6H","12","11111111110","11111111110.0","Success","0.00052"
"7E14","12","10000110111","10000110111.0","Success","0.00052"
"1T2T","12","100111001100","100111001100.0","Success","0.00172"
"4ERK","12","1000001110","1000001110.0","Success","0.00088"
"5MFM","12","110000100110","110000100110.0","Success","0.00036"
"2E2F","12","11100010110","11100010110.0","Success","0.00264"
"2EKX","12","100101011101","100101011101.0","Success","0.00036"
"3F1Z","12","111000010","111000010.0","Success","0.0005"
"7FUA","12","1100110100","1100110100.0","Success","0.0009"
"8U30","12","110100000000","110100000000.0","Success","0.00036"
"4QT1","12","1101100010","1101100010.0","Success","0.00101"
"5VBX","12","101011010110","101011010110.0","Success","0.00089"
"8UUS","12","100010111110","100010111110.0","Success","0.00074"
"8GUL","12","1001101110","1001101110.0","Success","0.00057"
"6JTP","12","1101110001","1101110001.0","Success","0.00087"
"4TOE","12","1001011000","1001011000.0","Success","0.00028"
"4BDH","12","111001001101","111001001101.0","Success","0.00102"
"4XWS","12","11010110111","11010110111.0","Success","0.00062"
"6HTR","12","10000000100","10000000100.0","Success","0.00021"
"8W37","12","11111101","11111101.0","Success","0.00208"
"2YU7","12","100001001111","100001001111.0","Success","0.00033"
"7BAQ","12","11011100001","11011100001.0","Success","0.00087"
"4R1T","12","101101010010","101101010010.0","Success","0.00093"
"3DNG","12","110110110000","110110110000.0","Success","0.00094"
"3SBU","12","110001100001","110001100001.0","Success","0.00079"
"8EGR","12","101100001110","101100001110.0","Success","0.00023"
"2DQ7","12","1110101110","1110101110.0","Success","0.00106"
"2B81","12","11101011100","11101011100.0","Success","0.00046"
"6HH4","12","100110101110","100110101110.0","Success","0.00064"
"5W2I","12","1001111011","1001111011.0","Success","0.00105"
"8GMR","12","100110100111","100110100111.0","Success","0.0004"
"2JBF","12","111111011100","111111011100.0","Success","0.00052"
"3SRA","12","101010000","101010000.0","Success","0.00065"
"1D8C","12","101100000010","101100000010.0","Success","0.00063"
"5ALS","12","11100111000","11100111000.0","Success","0.00073"
"7UCE","12","100001101111","100001101111.0","Success","0.00082"
"8BI9","12","101111000","101111000.0","Success","0.00171"
"6GGB","12","11011001110","11011001110.0","Success","0.00082"
"8ZFB","12","1011111","1011111.0","Success","0.00098"
"6HPP","12","111010100110","111010100110.0","Success","0.00042"
"6UTD","12","11101100110","11101100110.0","Success","0.00089"
"9AU7","12","101010100101","101010100101.0","Success","0.00052"
"8UH6","12","110010000100","110010000100.0","Success","0.00043"
"3PJ3","12","10110000011","10110000011.0","Success","0.00105"
"1V6O","12","11110010110","11110010110.0","Success","0.00039"
"3MMD","12","100011001000","100011001000.0","Success","0.00087"
"4YY4","12","11010011000","11010011000.0","Success","0.00168"
"5Y31","12","101000001001","101000001001.0","Success","0.00037"
"5V00","12","10101100100","10101100100.0","Success","0.00087"
"2GTI","12","100111000010","100111000010.0","Success","0.00092"
"3PVT","12","100000110000","100000110000.0","Success","0.00059"
"4CD1","12","10110001011","10110001011.0","Success","0.00084"
"3DFZ","12","101111111101","101111111101.0","Success","0.00085"
"8PRF","12","11010101","11010101.0","Success","0.00189"
"4C3C","12","100001010011","100001010011.0","Success","0.00118"
"3OCP","12","101011011010","101011011010.0","Success","0.00104"
"5P9H","12","111011111100","111011111100.0","Success","0.00104"
"5NZB","12","111001000111","111001000111.0","Success","0.00141"
"7YKL","12","110010100011","110010100011.0","Success","0.00026"
"8HRS","12","10110111001","10110111001.0","Success","0.00045"
"1RXE","12","111001100101","111001100101.0","Success","0.00154"
"6MG7","12","110001110010","110001110010.0","Success","0.00058"
"2HOQ","12","110001000010","110001000010.0","Success","0.00112"
"7YXD","12","10110001010","10110001010.0","Success","0.00053"
"7TOT","12","101011","101011.0","Success","0.00071"
"4X27","12","101000000011","101000000011.0","Success","0.00097"
"4YGZ","12","1111100","1111100.0","Success","0.00145"
"4YKB","12","10110110","10110110.0","Success","0.00057"
"1IJE","12","1110110111","1110110111.0","Success","0.00073"
"7N1L","12","10101000001","10101000001.0","Success","0.00035"
"7G8V","12","101000110100","101000110100.0","Success","0.00077"
"7O3L","12","111011000100","111011000100.0","Success","0.00021"
"6L18","12","110010011110","110010011110.0","Success","0.00107"
"3UQ2","12","10110010","10110010.0","Success","0.00095"
"2H30","12","10011100000","10011100000.0","Success","0.00137"
"5OA0","12","11011011101","11011011101.0","Success","0.00052"
"5OT2","12","10100101100","10100101100.0","Success","0.00027"
"3CTL","12","10000000101","10000000101.0","Success","0.00046"
"6LIP","12","1111101011","1111101011.0","Success","0.00108"
"7VIZ","12","101101011110","101101011110.0","Success","0.00077"
"6SBK","12","100111010011","100111010011.0","Success","0.00093"
"7V61","12","11111111","11111111.0","Success","0.00028"
"1XKR","12","100100010110","100100010110.0","Success","0.00116"
"7H5H","12","101101011110","101101011110.0","Success","0.00094"
"9JSB","12","100111101","100111101.0","Success","0.00045"
"1L4V","12","101100100110","101100100110.0","Success","0.00062"
"1BXV","12","110110001010","110110001010.0","Success","0.0018"
"4EZ4","12","1111110010","1111110010.0","Success","0.00057"
"8JJW","12","110001011111","110001011111.0","Success","0.00082"
"1STE","12","111100001110","111100001110.0","Success","0.00107"
"3SIQ","12","100000111011","100000111011.0","Success","0.00068"
"7RWM","12","110010101010","110010101010.0","Success","0.00044"
"1ACP","12","1110110011","1110110011.0","Success","0.00139"
"2AD5","12","100111111010","100111111010.0","Success","0.00051"
"6VHS","12","110000100100","110000100100.0","Success","0.00072"
"3A83","12","11001101110","11001101110.0","Success","0.00111"
"5IKW","12","10011100111","10011100111.0","Success","0.00099"
"6O0F","12","10100001011","10100001011.0","Success","0.00043"
"7VUN","12","10111111011","10111111011.0","Success","0.00055"
"3TGO","12","1010100001","1010100001.0","Success","0.00059"
"4RQR","12","111110000","111110000.0","Success","0.00162"
"2OER","12","100000010011","100000010011.0","Success","0.00087"
"8W3F","12","10001000111","10001000111.0","Success","0.00081"
"4DFU","12","10","10.0","Success","0.00071"
"4JYA","12","111001100001","111001100001.0","Success","0.00035"
"5US6","12","101101101100","101101101100.0","Success","0.00031"
"5NTY","12","101110010011","101110010011.0","Success","0.00131"
"3QFR","12","1111001","1111001.0","Success","0.00049"
"1CWR","12","101111110111","101111110111.0","Success","0.00129"
"8P7J","12","111000011110","111000011110.0","Success","0.00071"
"3IF5","12","100011001","100011001.0","Success","0.00082"
"5RL0","12","1010101110","1010101110.0","Success","0.00094"
"3MKT","12","11011001000","11011001000.0","Success","0.00055"
"213L","12","11110111110","11110111110.0","Success","0.00133"
"6ID6","12","10111101001","10111101001.0","Success","0.00097"
"3UIL","12","1000100000","1000100000.0","Success","0.00061"
"2CXV","12","11001111","11001111.0","Success","0.00118"
"1HUG","12","10011110100","10011110100.0","Success","0.00106"
"4UAE","12","1000001010","1000001010.0","Success","0.00075"
"8ZLD","12","10001111110","10001111110.0","Success","0.00086"
"3GEN","12","101111001111","101111001111.0","Success","0.00102"
"4XMN","12","101101111110","101101111110.0","Success","0.00032"
"8PUY","12","111111101110","111111101110.0","Success","0.00084"
"5OAE","12","10101011101","10101011101.0","Success","0.00069"
"3CAO","12","10101100000","10101100000.0","Success","0.00166"
"1J59","12","10011010","10011010.0","Success","0.00083"
"5KIU","12","1001","1001.0","Success","0.0019"
"5ISZ","12","111010001101","111010001101.0","Success","0.00058"
"6N7R","12","1101110011","1101110011.0","Success","0.0003"
"4CE6","12","10010110101","10010110101.0","Success","0.00079"
"4OMR","12","110010010011","110010010011.0","Success","0.00105"
"2UZ1","12","110001111101","110001111101.0","Success","0.00036"
"1C3W","12","101100010110","101100010110.0","Success","0.00109"
"1L72","12","11100100010","11100100010.0","Success","0.00132"
"6K9G","12","11011010100","11011010100.0","Success","0.00053"
"7N2T","12","110001101101","110001101101.0","Success","0.00094"
"5KFA","12","11100001111","11100001111.0","Success","0.00078"
"7OWP","12","10101010000","10101010000.0","Success","0.00059"
"5QZA","12","10101010000","10101010000.0","Success","0.00071"
"6YPK","12","100011001010","100011001010.0","Success","0.00094"
"8CPN","12","100111111000","100111111000.0","Success","0.00133"
"5HHK","12","100000001111","100000001111.0","Success","0.00068"
"3VVX","12","100111000110","100111000110.0","Success","0.00086"
"5ZMD","12","10101000110","10101000110.0","Success","0.00042"
"9ELF","12","1011000101","1011000101.0","Success","0.00026"
"5Q59","12","11000101011","11000101011.0","Success","0.00091"
"6L94","12","11010000111","11010000111.0","Success","0.00096"
"1W3O","12","1111011111","1111011111.0","Success","0.00123"
"6ZER","12","101001111100","101001111100.0","Success","0.00038"
"2M7U","12","100101010010","100101010010.0","Success","0.00041"
"3RM0","12","101101000101","101101000101.0","Success","0.00094"
"3EHG","12","110111110001","110111110001.0","Success","0.00146"
"8JIY","12","11011010001","11011010001.0","Success","0.00115"
"5X1L","12","110001101111","110001101111.0","Success","0.00045"
"2GS6","12","10000101100","10000101100.0","Success","0.00094"
"6MZB","12","100110101110","100110101110.0","Success","0.00041"
"4RJV","12","111001101110","111001101110.0","Success","0.00096"
"3SZO","12","10110011111","10110011111.0","Success","0.00069"
"8P56","12","1100100011","1100100011.0","Success","0.00068"
"7XLL","12","100010010000","100010010000.0","Success","0.0006"
"3MO2","12","110010010010","110010010010.0","Success","0.00053"
"6S7T","12","11101011","11101011.0","Success","0.00037"
"1TN4","12","101111111","101111111.0","Success","0.00138"
"6K0N","12","10111111110","10111111110.0","Success","0.0007"
"8QCX","12","10010100110","10010100110.0","Success","0.00081"
"6NCU","12","10011011101","10011011101.0","Success","0.00096"
"1TH6","12","1101111001","1101111001.0","Success","0.00152"
"7BG1","12","100100011100","100100011100.0","Success","0.00084"
"2EX0","12","101101001100","101101001100.0","Success","0.0006"
"2X0L","12","110011101001","110011101001.0","Success","0.00059"
"4RQM","12","1000011010","1000011010.0","Success","0.00124"
"5CCV","12","100101010101","100101010101.0","Success","0.00021"
"5L0Y","12","111001110000","111001110000.0","Success","0.00047"
"8DDU","12","100101111000","100101111000.0","Success","0.00026"
"1L75","12","110000011111","110000011111.0","Success","0.00132"
"8HOY","12","101111111000","101111111000.0","Success","0.00041"
"2YVY","12","1011101110","1011101110.0","Success","0.00107"
"7N2A","12","100011000010","100011000010.0","Success","0.00102"
"6PJF","12","10111111001","10111111001.0","Success","0.00119"
"7GSQ","12","1101010110","1101010110.0","Success","0.001"
"1ISV","12","11101001111","11101001111.0","Success","0.00057"
"1PF3","12","11111011001","11111011001.0","Success","0.0008"
"5BXC","12","11010001","11010001.0","Success","0.00099"
"6ANP","12","10101101","10101101.0","Success","0.00057"
"3V69","12","11100101","11100101.0","Success","0.00108"
"8FHU","12","101110111","101110111.0","Success","0.00062"
"2YBP","12","11101110110","11101110110.0","Success","0.00063"
"2P1U","12","11101110010","11101110010.0","Success","0.00111"
"3QB7","12","110111111010","110111111010.0","Success","0.00066"
"5WPS","12","10000001101","10000001101.0","Success","0.00116"
"8A44","12","111101110100","111101110100.0","Success","0.00061"
"4KBI","12","100011000","100011000.0","Success","0.0005"
"7MKD","12","111110100100","111110100100.0","Success","0.00027"
"6PPY","12","111110000","111110000.0","Success","0.00088"
"3H4V","12","11000000011","11000000011.0","Success","0.00037"
"5SG7","12","101000101","101000101.0","Success","0.00048"
"2A6P","12","110010101101","110010101101.0","Success","0.00086"
"6TDG","12","10011101","10011101.0","Success","0.00131"
"7S20","12","110011100011","110011100011.0","Success","0.00059"
"1MH9","12","1011011110","1011011110.0","Success","0.00122"
"5KFQ","12","111101011101","111101011101.0","Success","0.00081"
"6DVW","12","11011111101","11011111101.0","Success","0.00032"
"6MIK","12","100011101010","100011101010.0","Success","0.00104"
"2GMX","12","110000111010","110000111010.0","Success","0.0006"
"6ANG","12","11101011111","11101011111.0","Success","0.00097"
"4FTQ","12","100001001","100001001.0","Success","0.00104"
"1GK4","12","101001100111","101001100111.0","Success","0.0008"
"4NW5","12","100000010110","100000010110.0","Success","0.00097"
"3K4U","12","1111010110","1111010110.0","Success","0.00046"
"6P50","12","1011001001","1011001001.0","Success","0.00074"
"2FHK","12","110001100101","110001100101.0","Success","0.00049"
"1ZOQ","12","100101000","100101000.0","Success","0.00077"
"5IWO","12","1000101000","1000101000.0","Success","0.00069"
"1T9P","12","111110110001","111110110001.0","Success","0.00131"
"2B8A","12","110100010001","110100010001.0","Success","0.0003"
"5Z2Q","12","10011010000","10011010000.0","Success","0.00073"
"4X1D","12","111011000011","111011000011.0","Success","0.00047"
"6WTQ","12","10110101101","10110101101.0","Success","0.00104"
"5SK6","12","110010011011","110010011011.0","Success","0.00047"
"1K9K","12","1001011111","1001011111.0","Success","0.00125"
"2HI2","12","11101100110","11101100110.0","Success","0.00137"
"6OYW","12","101100100100","101100100100.0","Success","0.00052"
"3MDC","12","10100000000","10100000000.0","Success","0.00095"
"6OKW","12","110001010100","110001010100.0","Success","0.00074"
"3I0J","12","100111110101","100111110101.0","Success","0.00099"
"5OGJ","12","110010010100","110010010100.0","Success","0.00072"
"3MUN","12","111001011000","111001011000.0","Success","0.00065"
"5XWM","12","100011111011","100011111011.0","Success","0.00044"
"1TQ5","12","10101100100","10101100100.0","Success","0.00113"
"2FO3","12","1110100001","1110100001.0","Success","0.00156"
"6UYZ","12","10000010011","10000010011.0","Success","0.00127"
"3K8H","12","11001110101","11001110101.0","Success","0.00074"
"4CEJ","12","110101000101","110101000101.0","Success","0.00035"
"3BSW","12","100110101111","100110101111.0","Success","0.00118"
"7WK2","12","1111110010","1111110010.0","Success","0.00029"
"6XQ2","12","100010010011","100010010011.0","Success","0.00046"
"8A4I","12","100100100110","100100100110.0","Success","0.00114"
"4CLD","12","10111001001","10111001001.0","Success","0.0005"
"6B6U","12","110001111000","110001111000.0","Success","0.00051"
"2KTD","12","110001101001","110001101001.0","Success","0.00033"
"4R8M","12","101011111","101011111.0","Success","0.0007"
"1SHM","12","1000000111","1000000111.0","Success","0.00077"
"7AJP","12","100001101110","100001101110.0","Success","0.00035"
"4HJK","12","100100111100","100100111100.0","Success","0.00189"
"7R2H","12","101000100101","101000100101.0","Success","0.00135"
"1CK0","12","10001010","10001010.0","Success","0.0008"
"7E85","12","110100110100","110100110100.0","Success","0.00091"
"7B42","12","110111011111","110111011111.0","Success","0.00101"
"8U6E","12","1000100000","1000100000.0","Success","0.00054"
"5IM3","12","11100110010","11100110010.0","Success","0.0004"
"2AHI","12","101010110011","101010110011.0","Success","0.00058"
"6M5T","12","10100111010","10100111010.0","Success","0.00113"
"9J5C","12","11110101001","11110101001.0","Success","0.00097"
"2O4L","12","101001100","101001100.0","Success","0.00119"
"2ICA","12","111011110101","111011110101.0","Success","0.00126"
"5KN0","12","100101010001","100101010001.0","Success","0.00045"
"1NKV","12","111101101111","111101101111.0","Success","0.00064"
"4V3Y","12","101110001011","101110001011.0","Success","0.00058"
"3B6I","12","11001111101","11001111101.0","Success","0.00081"
"7KBK","12","11001011110","11001011110.0","Success","0.00066"
"3K7P","12","10010010000","10010010000.0","Success","0.00094"
"3CJT","12","11001011000","11001011000.0","Success","0.00032"
"8BVJ","12","110010011001","110010011001.0","Success","0.00036"
"3EPN","12","101100100010","101100100010.0","Success","0.00054"
"6HPZ","12","100111010101","100111010101.0","Success","0.00139"
"2AE0","12","1001010101","1001010101.0","Success","0.00094"
"4D4Q","12","111100010","111100010.0","Success","0.00068"
"5LV3","12","100101","100101.0","Success","0.00046"
"6UCD","12","111111101000","111111101000.0","Success","0.00091"
"8GF2","12","101010100000","101010100000.0","Success","0.00037"
"7KA0","12","111101010110","111101010110.0","Success","0.00035"
"8DD8","12","1011110111","1011110111.0","Success","0.00047"
"7ALK","12","100100101100","100100101100.0","Success","0.00109"
"4KNX","12","101011010011","101011010011.0","Success","0.00078"
"1L0F","12","10000","10000.0","Success","0.00063"
"3VB4","12","10110010010","10110010010.0","Success","0.00069"
"3FNE","12","11001110011","11001110011.0","Success","0.00052"
"9KPF","12","10001100","10001100.0","Success","0.0005"
"3PCM","12","111100110011","111100110011.0","Success","0.00033"
"7DGK","12","1101111001","1101111001.0","Success","0.00097"
"2N2L","12","100011001110","100011001110.0","Success","0.00043"
"2E6H","12","11001101111","11001101111.0","Success","0.00054"
"7BBD","12","111100010000","111100010000.0","Success","0.00072"
"3Q0V","12","10101000","10101000.0","Success","0.00088"
"4FTV","12","100011101001","100011101001.0","Success","0.00058"
"3GA3","12","110111101110","110111101110.0","Success","0.00141"
"3K52","12","1001110000","1001110000.0","Success","0.00076"
"2WDQ","12","100110111101","100110111101.0","Success","0.0003"
"6SOC","12","11011010001","11011010001.0","Success","0.00044"
"1O1V","12","111110110","111110110.0","Success","0.00046"
"5I6I","12","101011010100","101011010100.0","Success","0.00032"
"1UN9","12","110100000000","110100000000.0","Success","0.00051"
"1UW6","12","1001111000","1001111000.0","Success","0.00027"
"7SEO","12","111001011000","111001011000.0","Success","0.00077"
"5FLX","12","1101010","1101010.0","Success","0.00025"
"8B2O","12","100101111000","100101111000.0","Success","0.00106"
"8OTE","12","1000110111","1000110111.0","Success","0.00051"
"3MAM","12","11100011000","11100011000.0","Success","0.00103"
"6D3L","12","101111010010","101111010010.0","Success","0.00108"
"8F72","12","11111110100","11111110100.0","Success","0.00049"
"5CH6","12","110000000011","110000000011.0","Success","0.00056"
"4QWX","12","110011011100","110011011100.0","Success","0.00021"
"6M4R","12","11101011001","11101011001.0","Success","0.00049"
"2PR0","12","111101110001","111101110001.0","Success","0.00123"
"4V32","12","101101110100","101101110100.0","Success","0.00096"
"2EJ4","12","11001000110","11001000110.0","Success","0.00038"
"1LJ9","12","10000100110","10000100110.0","Success","0.00101"
"8YVJ","12","100000010100","100000010100.0","Success","0.00108"
"5SGT","12","100010110011","100010110011.0","Success","0.00047"
"5G43","12","110110001001","110110001001.0","Success","0.001"
"8R98","12","101110100101","101110100101.0","Success","0.00031"
"4PS3","12","1110010111","1110010111.0","Success","0.00057"
"7MAC","12","111001110","111001110.0","Success","0.0012"
"2Z6V","12","11011100","11011100.0","Success","0.00084"
"1HPL","12","11000011101","11000011101.0","Success","0.00057"
"2KKY","12","11001010101","11001010101.0","Success","0.00037"
"3TD3","12","10111011011","10111011011.0","Success","0.00052"
"7GQJ","12","101010101010","101010101010.0","Success","0.0009"
"9D79","12","100010100110","100010100110.0","Success","0.00053"
"1Q4R","12","110110000000","110110000000.0","Success","0.00166"
"6ZE1","12","110010101001","110010101001.0","Success","0.0009"
"7AOO","12","101001001101","101001001101.0","Success","0.00066"
"1V30","12","100001011010","100001011010.0","Success","0.00159"
"1VJW","12","11001100011","11001100011.0","Success","0.00215"
"6MYQ","12","10111000011","10111000011.0","Success","0.00051"
"8GFV","12","111011101001","111011101001.0","Success","0.00056"
"8I23","12","100011001101","100011001101.0","Success","0.0003"
"5B35","12","11101101000","11101101000.0","Success","0.0011"
"3O8P","12","110110100011","110110100011.0","Success","0.00095"
"8J8X","12","100011000100","100011000100.0","Success","0.00084"
"6LU9","12","10001001","10001001.0","Success","0.00033"
"3AJX","12","111101011001","111101011001.0","Success","0.0006"
"8YXS","12","11101001000","11101001000.0","Success","0.00036"
"1T3K","12","111110010001","111110010001.0","Success","0.00032"
"2NOB","12","110111100011","110111100011.0","Success","0.00095"
"3JWU","12","100011111110","100011111110.0","Success","0.00059"
"5NI3","12","1101100001","1101100001.0","Success","0.00055"
"1WFH","12","11000110111","11000110111.0","Success","0.00047"
"5H19","12","101101100100","101101100100.0","Success","0.00084"
"4I88","12","10100000110","10100000110.0","Success","0.00057"
"8UXW","12","1011110","1011110.0","Success","0.00024"
"5RMK","12","11011110101","11011110101.0","Success","0.00049"
"6VJF","12","110100010001","110100010001.0","Success","0.00045"
"8HU7","12","10101110110","10101110110.0","Success","0.00143"
"5AW9","12","100001","100001.0","Success","0.00046"
"1A7M","12","11001110110","11001110110.0","Success","0.00028"
"6MMQ","12","110100101110","110100101110.0","Success","0.00076"
"8K8S","12","100010000011","100010000011.0","Success","0.00043"
"5TH6","12","110101000101","110101000101.0","Success","0.00058"
"3FDG","12","11000010","11000010.0","Success","0.00066"
"5B7Q","12","101101000110","101101000110.0","Success","0.00076"
"4OQ6","12","101101111","101101111.0","Success","0.00098"
"6U7H","12","101011010011","101011010011.0","Success","0.00032"
"7R69","12","111011100000","111011100000.0","Success","0.00048"
"5COL","12","11110110111","11110110111.0","Success","0.00092"
"4NL8","12","100010010","100010010.0","Success","0.0004"
"2PXI","12","110111011","110111011.0","Success","0.00096"
"7Z42","12","101000010000","101000010000.0","Success","0.00026"
"7Q28","12","100001011","100001011.0","Success","0.0007"
"2F3T","12","11001001011","11001001011.0","Success","0.00047"
"6FE8","12","10001100110","10001100110.0","Success","0.00044"
"5FS4","12","1100010111","1100010111.0","Success","0.00108"
"1LV5","12","111100101110","111100101110.0","Success","0.00049"
"2VN0","12","1000111111","1000111111.0","Success","0.00079"
"7EQX","12","1011000100","1011000100.0","Success","0.00061"
"6S1R","12","110001111011","110001111011.0","Success","0.00087"
"3THE","12","1100110","1100110.0","Success","0.00067"
"5IDO","12","100110010010","100110010010.0","Success","0.00079"
"7LPC","12","10111111011","10111111011.0","Success","0.00041"
"8KB8","12","101111010100","101111010100.0","Success","0.00053"
"5I1H","12","100000110111","100000110111.0","Success","0.00083"
"6CZ3","12","111101111","111101111.0","Success","0.001"
"3TE1","12","10001101101","10001101101.0","Success","0.00048"
"6O2B","12","111110010000","111110010000.0","Success","0.00035"
"2CWH","12","111000110101","111000110101.0","Success","0.00066"
"1Q0L","12","110001011001","110001011001.0","Success","0.00086"
"4CCT","12","110000001100","110000001100.0","Success","0.00042"
"1E7K","12","110111110001","110111110001.0","Success","0.00109"
"2V0V","12","10010110110","10010110110.0","Success","0.00063"
"7THX","12","100001000000","100001000000.0","Success","0.00062"
"8TLY","12","1100011101","1100011101.0","Success","0.00077"
"1P1C","12","10101001","10101001.0","Success","0.00082"
"8FXJ","12","11001111110","11001111110.0","Success","0.00081"
"9DBO","12","11001101","11001101.0","Success","0.00073"
"1OEZ","12","111111001010","111111001010.0","Success","0.00077"
"4LPH","12","100010101000","100010101000.0","Success","0.00093"
"4IJ9","12","110000101111","110000101111.0","Success","0.00088"
"8DVX","12","1110010","1110010.0","Success","0.00082"
"6SIN","12","110010010101","110010010101.0","Success","0.00101"
"5MX4","12","10010100101","10010100101.0","Success","0.00045"
"6AVW","12","1011101010","1011101010.0","Success","0.00114"
"1G6L","12","101101000010","101101000010.0","Success","0.00121"
"7L27","12","110011000001","110011000001.0","Success","0.00044"
"7MCM","12","100111100001","100111100001.0","Success","0.00082"
"6LP2","12","11110011111","11110011111.0","Success","0.00071"
"4EU8","12","111111010101","111111010101.0","Success","0.00052"
"3AZB","12","11011000011","11011000011.0","Success","0.00029"
"4UW1","12","110000000001","110000000001.0","Success","0.00041"
"5C1R","12","100011001111","100011001111.0","Success","0.00064"
"2E49","12","1011100110","1011100110.0","Success","0.00046"
"4AUB","12","101111101111","101111101111.0","Success","0.00034"
"5EXV","12","100000001","100000001.0","Success","0.00053"
"3QBM","12","11110010111","11110010111.0","Success","0.00081"
"3I9J","12","100010001","100010001.0","Success","0.00077"
"1VBM","12","101011100","101011100.0","Success","0.00067"
"4WRV","12","111000010011","111000010011.0","Success","0.00112"
"1FEZ","12","110100101110","110100101110.0","Success","0.00052"
"9BMU","12","110110110000","110110110000.0","Success","0.00033"
"3UN1","12","110110110101","110110110101.0","Success","0.00055"
"4WHR","12","1111111110","1111111110.0","Success","0.00046"
"6R5D","12","10111010010","10111010010.0","Success","0.0006"
"5ZTO","12","10011010000","10011010000.0","Success","0.00101"
"2XXJ","12","1000011110","1000011110.0","Success","0.00049"
"2VZE","12","11011001111","11011001111.0","Success","0.00042"
"6NAS","12","100001010011","100001010011.0","Success","0.00063"
"5VR5","12","100111","100111.0","Success","0.00117"
"6DJD","12","1100110111","1100110111.0","Success","0.00056"
"7ST4","12","1110101110","1110101110.0","Success","0.00085"
"3GFG","12","111100101010","111100101010.0","Success","0.00026"
"4R1J","12","111011010011","111011010011.0","Success","0.00126"
"3JUH","12","110001110111","110001110111.0","Success","0.00063"
"3RH0","12","11111000110","11111000110.0","Success","0.00103"
"5K48","12","1100010010","1100010010.0","Success","0.00074"
"8R56","12","100110101000","100110101000.0","Success","0.00031"
"5HZS","12","110010100101","110010100101.0","Success","0.00033"
"3ZJQ","12","100010001011","100010001011.0","Success","0.00083"
"4DC6","12","110101100110","110101100110.0","Success","0.00115"
"7ZGS","12","1110001111","1110001111.0","Success","0.00052"
"8PNO","12","11011100010","11011100010.0","Success","0.00085"
"1X1G","12","11110","11110.0","Success","0.00033"
"7KBJ","12","101110110000","101110110000.0","Success","0.00038"
"4YZD","12","11110100001","11110100001.0","Success","0.0005"
"4N9Y","12","101011110101","101011110101.0","Success","0.00075"
"4IG0","12","101110110011","101110110011.0","Success","0.00053"
"5DNK","12","1111011111","1111011111.0","Success","0.00053"
"5BW9","12","10000001011","10000001011.0","Success","0.00018"
"6ON8","12","10011101000","10011101000.0","Success","0.00147"
"4BDU","12","110101001001","110101001001.0","Success","0.00048"
"7E89","12","11001010","11001010.0","Success","0.00031"
"5XL1","12","110100111110","110100111110.0","Success","0.00055"
"7DTV","12","100001111011","100001111011.0","Success","0.00042"
"7UUI","12","110010011000","110010011000.0","Success","0.00079"
"2CZR","12","111111111010","111111111010.0","Success","0.00113"
"8X79","12","101100011111","101100011111.0","Success","0.00053"
"8GI7","12","11011001","11011001.0","Success","0.00044"
"1LL2","12","1000101","1000101.0","Success","0.00107"
"2P70","12","10011100101","10011100101.0","Success","0.00146"
"2H9G","12","10110010110","10110010110.0","Success","0.00053"
"6TAB","12","10001010101","10001010101.0","Success","0.00126"
"5U7R","12","111110100000","111110100000.0","Success","0.00042"
"5JEY","12","1011111101","1011111101.0","Success","0.00117"
"9EUZ","12","1000111011","1000111011.0","Success","0.00039"
"6L6J","12","11110100000","11110100000.0","Success","0.00066"
"6QKX","12","111001010101","111001010101.0","Success","0.00068"
"4ICR","12","10110101110","10110101110.0","Success","0.00058"
"4RCE","12","100100011010","100100011010.0","Success","0.00088"
"4K50","12","100110011000","100110011000.0","Success","0.0004"
"7RBS","12","1010010111","1010010111.0","Success","0.00035"
"9BZ7","12","1000111110","1000111110.0","Success","0.00037"
"5VLC","12","110000111010","110000111010.0","Success","0.00034"
"6L1T","12","11100010100","11100010100.0","Success","0.00053"
"5OHS","12","11010011","11010011.0","Success","0.00024"
"4J4M","12","10011110001","10011110001.0","Success","0.00082"
"2W4I","12","110111011110","110111011110.0","Success","0.00053"
"4BML","12","111100001000","111100001000.0","Success","0.00036"
"3CTM","12","110101010011","110101010011.0","Success","0.00036"
"8J7P","12","10111101011","10111101011.0","Success","0.00086"
"4BQA","12","100000000010","100000000010.0","Success","0.00096"
"1EGD","12","100000100001","100000100001.0","Success","0.00043"
"2OTH","12","11111100111","11111100111.0","Success","0.00151"
"6SE7","12","11010101000","11010101000.0","Success","0.00055"
"4C3K","12","110100110111","110100110111.0","Success","0.00071"
"3SYR","12","111100000010","111100000010.0","Success","0.0006"
"2Q5I","12","101011110011","101011110011.0","Success","0.00074"
"3PZR","12","11001000011","11001000011.0","Success","0.00061"
"2JZC","12","100010010","100010010.0","Success","0.00037"
"3SD6","12","110101001011","110101001011.0","Success","0.00185"
"4GCH","12","101001001","101001001.0","Success","0.0011"
"4M9P","12","100011001101","100011001101.0","Success","0.00099"
"2F26","12","1101110111","1101110111.0","Success","0.00088"
"1NTP","12","1110010011","1110010011.0","Success","0.00112"
"4XWK","12","11101101100","11101101100.0","Success","0.00048"
"1JMC","12","101001101110","101001101110.0","Success","0.00106"
"1PRH","12","110011000101","110011000101.0","Success","0.0005"
"2FU7","12","1110010100","1110010100.0","Success","0.00073"
"3U1V","12","110010101100","110010101100.0","Success","0.00049"
"8UHI","12","110001101011","110001101011.0","Success","0.00025"
"6E69","12","101110111010","101110111010.0","Success","0.00056"
"6C3I","12","11111111011","11111111011.0","Success","0.00059"
"6LBR","12","1110011001","1110011001.0","Success","0.00063"
"2ECM","12","1","1.0","Success","0.00051"
"7CX6","12","111011101000","111011101000.0","Success","0.00055"
"4B21","12","100011011000","100011011000.0","Success","0.00115"
"3QQQ","12","101001011111","101001011111.0","Success","0.00094"
"6OBF","12","111110111111","111110111111.0","Success","0.00104"
"6OHO","12","111011001","111011001.0","Success","0.00049"
"6KY1","12","110010100101","110010100101.0","Success","0.00074"
"3GPA","12","100011101","100011101.0","Success","0.00062"
"4R6P","12","111001101100","111001101100.0","Success","0.0007"
"5BJ3","12","1110111","1110111.0","Success","0.00043"
"5JQW","12","110010111111","110010111111.0","Success","0.00091"
"4XNV","12","10111101101","10111101101.0","Success","0.00093"
"4BJB","12","10001111","10001111.0","Success","0.00115"
"8ZF9","12","101100100011","101100100011.0","Success","0.00047"
"6RXP","12","110111110101","110111110101.0","Success","0.00077"
"9DP5","12","11101001000","11101001000.0","Success","0.00065"
"4JSG","12","10110010100","10110010100.0","Success","0.00058"
"4QQW","12","111010001001","111010001001.0","Success","0.00028"
"1P35","12","1110101110","1110101110.0","Success","0.00056"
"1AUS","12","10000001001","10000001001.0","Success","0.00037"
"2RSP","12","10011000010","10011000010.0","Success","0.00109"
"3J8D","12","100011010001","100011010001.0","Success","0.00037"
"6I3U","12","101101001111","101101001111.0","Success","0.00074"
"5SWG","12","101100101100","101100101100.0","Success","0.00047"
"6YID","12","111000011110","111000011110.0","Success","0.00052"
"4XL9","12","10011100011","10011100011.0","Success","0.0007"
"2AIU","12","101001001","101001001.0","Success","0.00169"
"8W5P","12","100001110001","100001110001.0","Success","0.00079"
"5Y7G","12","111101001001","111101001001.0","Success","0.00043"
"8OVB","12","1010101101","1010101101.0","Success","0.00042"
"4RAO","12","11100010","11100010.0","Success","0.00059"
"8OI9","12","101001100001","101001100001.0","Success","0.00064"
"5N7X","12","100001011100","100001011100.0","Success","0.0005"
"6GBD","12","100100110100","100100110100.0","Success","0.00036"
"9I62","12","10101111110","10101111110.0","Success","0.00032"
"4DQP","12","110000001010","110000001010.0","Success","0.00048"
"1ZK9","12","110000100010","110000100010.0","Success","0.00155"
"1RG2","12","10010011000","10010011000.0","Success","0.00058"
"2IV9","12","1100000100","1100000100.0","Success","0.00075"
"1Y1J","12","10010101011","10010101011.0","Success","0.001"
"2WE6","12","101000000100","101000000100.0","Success","0.00081"
"2XU7","12","100001000000","100001000000.0","Success","0.00062"
"6PQX","12","11011010011","11011010011.0","Success","0.00053"
"8PLU","12","110111111","110111111.0","Success","0.0005"
"2C4M","12","1000000011","1000000011.0","Success","0.0003"
"4BIV","12","1111100000","1111100000.0","Success","0.00073"
"2PL7","12","101000011000","101000011000.0","Success","0.00141"
"4Z2T","12","101111010010","101111010010.0","Success","0.00051"
"4I37","12","101101111100","101101111100.0","Success","0.00078"
"2WIN","12","111110010010","111110010010.0","Success","0.00018"
"3EYB","12","100111010111","100111010111.0","Success","0.00059"
"6TWA","12","1100000011","1100000011.0","Success","0.00076"
"8QKG","12","110101100010","110101100010.0","Success","0.00065"
"4XXH","12","100111010","100111010.0","Success","0.00074"
"6NYH","12","100011111000","100011111000.0","Success","0.00072"
"7QRT","12","111100101101","111100101101.0","Success","0.00122"
"5KXB","12","111100000","111100000.0","Success","0.00056"
"1DJB","12","1111100","1111100.0","Success","0.00102"
"8HT1","12","110110000","110110000.0","Success","0.00088"
"6MV3","12","101100010010","101100010010.0","Success","0.00033"
"6RHK","12","1001111100","1001111100.0","Success","0.00102"
"7YP8","12","100110010011","100110010011.0","Success","0.00056"
"7RT5","12","100111010100","100111010100.0","Success","0.00129"
"7XKE","12","111100001","111100001.0","Success","0.00054"
"7MBP","12","10001110110","10001110110.0","Success","0.00026"
"2NPK","12","1000110010","1000110010.0","Success","0.00088"
"9RCQ","12","10111100010","10111100010.0","Success","0.00029"
"3TQ7","12","110000011","110000011.0","Success","0.00105"
"8B9X","12","111001101100","111001101100.0","Success","0.00076"
"3UKG","12","110011111","110011111.0","Success","0.00114"
"7WD8","12","11100110001","11100110001.0","Success","0.00074"
"1DX0","12","100011010111","100011010111.0","Success","0.00166"
"6XMF","12","1011010101","1011010101.0","Success","0.00067"
"5Z23","12","11011001000","11011001000.0","Success","0.0006"
"4IN6","12","11111001","11111001.0","Success","0.00059"
"3UDX","12","11100111010","11100111010.0","Success","0.00048"
"6VY2","12","10101111111","10101111111.0","Success","0.00034"
"8Q3Z","12","111001000010","111001000010.0","Success","0.00058"
"1H7F","12","100011011","100011011.0","Success","0.00075"
"7T8W","12","11011001011","11011001011.0","Success","0.00077"
"6Z8R","12","101001110111","101001110111.0","Success","0.00047"
"1NJG","12","1000010111","1000010111.0","Success","0.00077"
"5PUQ","12","11000111001","11000111001.0","Success","0.00104"
"8K4W","12","110110111100","110110111100.0","Success","0.00099"
"7YKQ","12","10001010110","10001010110.0","Success","0.00052"
"1YJG","12","100111100101","100111100101.0","Success","0.00069"
"5LW8","12","10111010","10111010.0","Success","0.00039"
"3PU9","12","100010101100","100010101100.0","Success","0.00078"
"6N8B","12","111100000111","111100000111.0","Success","0.00086"
"1PR4","12","101100001100","101100001100.0","Success","0.00063"
"1V2I","12","111010011111","111010011111.0","Success","0.00056"
"8U0Q","12","11111111100","11111111100.0","Success","0.00054"
"7F1E","12","110001110001","110001110001.0","Success","0.00075"
"8GR8","12","10001010110","10001010110.0","Success","0.00057"
"1D2H","12","110101110011","110101110011.0","Success","0.00052"
"4FWY","12","110000010110","110000010110.0","Success","0.00138"
"6NVZ","12","110110000001","110110000001.0","Success","0.00049"
"1Q62","12","101001100","101001100.0","Success","0.0009"
"2DT8","12","11110010010","11110010010.0","Success","0.00104"
"8ZPE","12","10101001","10101001.0","Success","0.00043"
"1J8C","12","11110001110","11110001110.0","Success","0.00036"
"8IK7","12","110100000010","110100000010.0","Success","0.00112"
"2YXH","12","111100000000","111100000000.0","Success","0.00108"
"6LZX","12","11100100001","11100100001.0","Success","0.00056"
"5QMV","12","100010111111","100010111111.0","Success","0.00086"
"3PSK","12","10011111100","10011111100.0","Success","0.00063"
"5H6G","12","101101110111","101101110111.0","Success","0.00062"
"8DKG","12","100100100010","100100100010.0","Success","0.00044"
"4GP7","12","110011101101","110011101101.0","Success","0.00089"
"7HOL","12","110110110","110110110.0","Success","0.00123"
"9IIR","12","110001010101","110001010101.0","Success","0.00037"
"5TCF","12","101011101010","101011101010.0","Success","0.00033"
"4FLU","12","110111001011","110111001011.0","Success","0.00061"
"4C8X","12","10111000111","10111000111.0","Success","0.00069"
"9N58","12","111011000010","111011000010.0","Success","0.00051"
"6N7Z","12","100000000011","100000000011.0","Success","0.00094"
"1IBL","12","110010100011","110010100011.0","Success","0.00035"
"7TZJ","12","10000111100","10000111100.0","Success","0.0007"
"7PHI","12","110011010111","110011010111.0","Success","0.00041"
"2EQG","12","101100111010","101100111010.0","Success","0.00055"
"2DLO","12","101100011001","101100011001.0","Success","0.00042"
"3TVV","12","1010011101","1010011101.0","Success","0.00077"
"1DOR","12","1010101","1010101.0","Success","0.00069"
"6WX1","12","11110111000","11110111000.0","Success","0.00082"
"3DBM","12","101111010","101111010.0","Success","0.00079"
"7KH4","12","1011010100","1011010100.0","Success","0.0004"
"3SIY","12","11010100100","11010100100.0","Success","0.00053"
"1P2D","12","111010000100","111010000100.0","Success","0.00058"
"1RJX","12","11100010000","11100010000.0","Success","0.00109"
"6HCU","12","111001010011","111001010011.0","Success","0.00053"
"5F58","12","111011011111","111011011111.0","Success","0.001"
"6JEP","12","10110100111","10110100111.0","Success","0.0005"
"8UCJ","12","1001","1001.0","Success","0.00036"
"3THW","12","101011111010","101011111010.0","Success","0.0004"
"1L32","12","1101110000","1101110000.0","Success","0.00132"
"5OU9","12","1111000001","1111000001.0","Success","0.00086"
"7CAZ","12","110111101","110111101.0","Success","0.00055"
"8ZXC","12","11000110001","11000110001.0","Success","0.00025"
"4URY","12","110101011000","110101011000.0","Success","0.00068"
"2W76","12","100001111011","100001111011.0","Success","0.00044"
"4Q0P","12","101111001100","101111001100.0","Success","0.00104"
"6ZHE","12","110100111010","110100111010.0","Success","0.00017"
"5VI7","12","111100011001","111100011001.0","Success","0.00081"
"2V6T","12","101001111100","101001111100.0","Success","0.0012"
"6G77","12","10101100000","10101100000.0","Success","0.00069"
"8J56","12","111111000111","111111000111.0","Success","0.00067"
"4XIK","12","1111010110","1111010110.0","Success","0.00066"
"1VHK","12","10110010111","10110010111.0","Success","0.00057"
"7JVX","12","101011001111","101011001111.0","Success","0.00098"
"8YNN","12","111111111001","111111111001.0","Success","0.00046"
"4M3Q","12","101000000001","101000000001.0","Success","0.00077"
"3GIQ","12","10010101011","10010101011.0","Success","0.00054"
"1FNF","12","111111110101","111111110101.0","Success","0.00086"
"4X0L","12","11111101100","11111101100.0","Success","0.00072"
"7Q6D","12","100011000100","100011000100.0","Success","0.00087"
"4N36","12","101001101","101001101.0","Success","0.00072"
"5AC9","12","111111110001","111111110001.0","Success","0.00065"
"9FQO","12","10100000000","10100000000.0","Success","0.0008"
"3U6M","12","101011100101","101011100101.0","Success","0.00106"
"1P68","12","1100101110","1100101110.0","Success","0.00042"
"9G00","12","100001000100","100001000100.0","Success","0.0003"
"8HIG","12","111010010011","111010010011.0","Success","0.00119"
"1LP3","12","111101001110","111101001110.0","Success","0.00075"
"7G9F","12","11110010101","11110010101.0","Success","0.00079"
"1R09","12","11101111010","11101111010.0","Success","0.00058"
"4L1Z","12","110001011000","110001011000.0","Success","0.001"
"5QY3","12","110001100111","110001100111.0","Success","0.00064"
"5WPR","12","101101010010","101101010010.0","Success","0.00121"
"2JVN","12","111110001011","111110001011.0","Success","0.00047"
"3QKP","12","110101011010","110101011010.0","Success","0.00102"
"3AZM","12","101100101","101100101.0","Success","0.0006"
"6MJX","12","11000000010","11000000010.0","Success","0.00092"
"9B67","12","100100100001","100100100001.0","Success","0.00035"
"5WBW","12","11000000010","11000000010.0","Success","0.00052"
"2RHD","12","101001111010","101001111010.0","Success","0.00133"
"7NCA","12","1110110110","1110110110.0","Success","0.00064"
"8G1T","12","101100001110","101100001110.0","Success","0.00071"
"3GV6","12","1010100110","1010100110.0","Success","0.00218"
"8Y9C","12","111101000001","111101000001.0","Success","0.00042"
"2BKR","12","10101010100","10101010100.0","Success","0.00097"
"5HJK","12","10010011000","10010011000.0","Success","0.0009"
"6LH8","12","10111111100","10111111100.0","Success","0.00138"
"3MM8","12","100010001101","100010001101.0","Success","0.00041"
"2G6W","12","111110111101","111110111101.0","Success","0.00086"
"4QWJ","12","10110001000","10110001000.0","Success","0.00021"
"3OE8","12","101110100110","101110100110.0","Success","0.00048"
"7RL6","12","110011110101","110011110101.0","Success","0.00026"
"6BRT","12","10000010101","10000010101.0","Success","0.00036"
"5V2V","12","10001000111","10001000111.0","Success","0.00096"
"6VSS","12","100010110111","100010110111.0","Success","0.00039"
"3FSG","12","1000001101","1000001101.0","Success","0.00054"
"2BXC","12","100000001111","100000001111.0","Success","0.0005"
"3UIC","12","10010001000","10010001000.0","Success","0.00026"
"5XEO","12","100100001010","100100001010.0","Success","0.00069"
"8FRI","12","101110101100","101110101100.0","Success","0.00061"
"6RJK","12","111111011011","111111011011.0","Success","0.00056"
"3OXR","12","1110100000","1110100000.0","Success","0.00086"
"8IJZ","12","101000010","101000010.0","Success","0.00148"
"6FL2","12","1111101010","1111101010.0","Success","0.00067"
"3ZPV","12","1110000","1110000.0","Success","0.00041"
"6ALZ","12","10001100101","10001100101.0","Success","0.00066"
"6I4H","12","10001011000","10001011000.0","Success","0.00074"
"3X22","12","1011000000","1011000000.0","Success","0.00081"
"3QLJ","12","111111010010","111111010010.0","Success","0.0004"
"6E9T","12","1110110010","1110110010.0","Success","0.00023"
"5Y4H","12","101110011110","101110011110.0","Success","0.00103"
"4UH6","12","1010011001","1010011001.0","Success","0.00059"
"7BUX","12","101011011101","101011011101.0","Success","0.00062"
"5W5A","12","11100010000","11100010000.0","Success","0.00081"
"3B6G","12","100101100011","100101100011.0","Success","0.00059"
"1XIA","12","10001101001","10001101001.0","Success","0.00061"
"8GEZ","12","100000011","100000011.0","Success","0.00074"
"4HWN","12","101111100100","101111100100.0","Success","0.00181"
"7MZT","12","100001110011","100001110011.0","Success","0.00075"
"6B6F","12","101101101111","101101101111.0","Success","0.00104"
"1KCA","12","10011011100","10011011100.0","Success","0.0006"
"5LYF","12","111011010101","111011010101.0","Success","0.00099"
"6FF9","12","110111111101","110111111101.0","Success","0.00061"
"6XJZ","12","110101111","110101111.0","Success","0.00058"
"5K53","12","11100011011","11100011011.0","Success","0.00082"
"8D5C","12","111010010111","111010010111.0","Success","0.00032"
"1KRF","12","101011010000","101011010000.0","Success","0.00054"
"3M24","12","110010010011","110010010011.0","Success","0.00055"
"8A1B","12","110100111","110100111.0","Success","0.00095"
"4DFC","12","100010101000","100010101000.0","Success","0.00087"
"3B9J","12","11001110","11001110.0","Success","0.00033"
"3ON0","12","111001111111","111001111111.0","Success","0.00078"
"5CJ7","12","10000101","10000101.0","Success","0.00077"
"2OUY","12","11100101110","11100101110.0","Success","0.00068"
"8QFJ","12","100001111","100001111.0","Success","0.00089"
"4WI8","12","11100110001","11100110001.0","Success","0.00086"
"3B74","12","100000","100000.0","Success","0.00096"
"4K8V","12","111011001000","111011001000.0","Success","0.00045"
"7W34","12","111101110101","111101110101.0","Success","0.00113"
"8WK3","12","10001001011","10001001011.0","Success","0.00024"
"3M6F","12","1100101010","1100101010.0","Success","0.00127"
"1NWC","12","111001011001","111001011001.0","Success","0.00063"
"4YMA","12","11111100001","11111100001.0","Success","0.00074"
"8K3D","12","10001001111","10001001111.0","Success","0.00164"
"5Q8Z","12","10010001001","10010001001.0","Success","0.0009"
"9LSA","12","1011100111","1011100111.0","Success","0.00081"
"6QI0","12","111111110001","111111110001.0","Success","0.00069"
"4HOT","12","11101000","11101000.0","Success","0.00076"
"2EJG","12","1101111111","1101111111.0","Success","0.00068"
"1PPK","12","100111001011","100111001011.0","Success","0.00095"
"7H77","12","11101111001","11101111001.0","Success","0.00064"
"5RWN","12","101110101000","101110101000.0","Success","0.00075"
"6EDZ","12","110001110010","110001110010.0","Success","0.00031"
"6J6A","12","100101110100","100101110100.0","Success","0.00056"
"3L4B","12","101110001111","101110001111.0","Success","0.00046"
"7AF5","12","1100111000","1100111000.0","Success","0.0005"
"1WKJ","12","11111000000","11111000000.0","Success","0.00101"
"2ISH","12","1001011100","1001011100.0","Success","0.0006"
"8AMS","12","110000110111","110000110111.0","Success","0.00071"
"2YZQ","12","11100011110","11100011110.0","Success","0.00112"
"4M2L","12","10010011","10010011.0","Success","0.00081"
"8BKY","12","111010101010","111010101010.0","Success","0.00018"
"4HYF","12","110111100110","110111100110.0","Success","0.00065"
"7AK3","12","101110000000","101110000000.0","Success","0.00092"
"1G9J","12","1101111111","1101111111.0","Success","0.00064"
"4CMU","12","11111001010","11111001010.0","Success","0.00098"
"2FYG","12","101110111111","101110111111.0","Success","0.00147"
"3Q00","12","100010110000","100010110000.0","Success","0.00111"
"8HJ0","12","10000010011","10000010011.0","Success","0.00053"
"4WJM","12","1100001110","1100001110.0","Success","0.00091"
"6G8W","12","11011100111","11011100111.0","Success","0.00122"
"5KGL","12","101101000110","101101000110.0","Success","0.00052"
"8S90","12","101010110000","101010110000.0","Success","0.00036"
"7W72","12","110101000111","110101000111.0","Success","0.00035"
"2Q0B","12","1100111100","1100111100.0","Success","0.00069"
"6CPA","12","100010000","100010000.0","Success","0.00094"
"7NME","12","110001010000","110001010000.0","Success","0.0006"
"7U0D","12","11100110011","11100110011.0","Success","0.0005"
"5RXL","12","110000101101","110000101101.0","Success","0.00074"
"3C3C","12","100001010101","100001010101.0","Success","0.0006"
"2G3J","12","10100011110","10100011110.0","Success","0.00097"
"4E3E","12","11111011","11111011.0","Success","0.00064"
"3SWA","12","10011000","10011000.0","Success","0.00058"
"9CQJ","12","10000001","10000001.0","Success","0.00054"
"3Q9S","12","100110001000","100110001000.0","Success","0.00114"
"1S3N","12","11110011011","11110011011.0","Success","0.00093"
"1PDR","12","10100110","10100110.0","Success","0.00175"
"7Y8U","12","111010000001","111010000001.0","Success","0.00064"
"3EBQ","12","101110111100","101110111100.0","Success","0.0014"
"7E7I","12","11010010111","11010010111.0","Success","0.00037"
"6ALV","12","110110110111","110110110111.0","Success","0.00098"
"6NM8","12","11010110000","11010110000.0","Success","0.00106"
"3JUJ","12","111110011001","111110011001.0","Success","0.00051"
"3KBG","12","1111110101","1111110101.0","Success","0.00123"
"2KRE","12","10101010001","10101010001.0","Success","0.00037"
"6T9Q","12","1001001011","1001001011.0","Success","0.00215"
"1B72","12","100010011101","100010011101.0","Success","0.00145"
"6L6E","12","111110000001","111110000001.0","Success","0.00093"
"7QOM","12","1011001001","1011001001.0","Success","0.00081"
"8VIF","12","10101010110","10101010110.0","Success","0.00083"
"2RUU","12","110110111100","110110111100.0","Success","0.00062"
"3B62","12","101000100010","101000100010.0","Success","0.00089"
"5V7W","12","1111000","1111000.0","Success","0.0009"
"7RBV","12","110000000101","110000000101.0","Success","0.00028"
"7SV9","12","110110110001","110110110001.0","Success","0.00085"
"6PZG","12","10111010001","10111010001.0","Success","0.00079"
"3DPS","12","10011010110","10011010110.0","Success","0.00077"
"2ZGG","12","10010111001","10010111001.0","Success","0.00173"
"7L8Y","12","101000110110","101000110110.0","Success","0.00039"
"8XBM","12","1101000011","1101000011.0","Success","0.00032"
"2R4R","12","111111101101","111111101101.0","Success","0.00065"
"8U4O","12","10010001111","10010001111.0","Success","0.00053"
"2HBC","12","101110110100","101110110100.0","Success","0.001"
"7GDI","12","10100111110","10100111110.0","Success","0.00096"
"5NK3","12","111000111011","111000111011.0","Success","0.00102"
"6I4F","12","100000110101","100000110101.0","Success","0.00073"
"4DDV","12","1100000000","1100000000.0","Success","0.00037"
"1TDC","12","101101110111","101101110111.0","Success","0.00095"
"6YZZ","12","101011010000","101011010000.0","Success","0.00132"
"7MRD","12","1101100001","1101100001.0","Success","0.00112"
"2ZDG","12","111111100110","111111100110.0","Success","0.00047"
"5IDP","12","11111110111","11111110111.0","Success","0.00068"
"4P14","12","101111111100","101111111100.0","Success","0.00111"
"4AKC","12","111100101","111100101.0","Success","0.00067"
"6ZUI","12","1011110010","1011110010.0","Success","0.00082"
"8A9T","12","10001000111","10001000111.0","Success","0.00037"
"7CRS","12","110100010110","110100010110.0","Success","0.00103"
"8TZQ","12","10011","10011.0","Success","0.00051"
"5DAQ","12","10101011100","10101011100.0","Success","0.001"
"3Q1I","12","1010011110","1010011110.0","Success","0.0011"
"1ZAG","12","11110101000","11110101000.0","Success","0.00052"
"3DDT","12","1010101010","1010101010.0","Success","0.00146"
"5L3Q","12","1000100111","1000100111.0","Success","0.0005"
"1UES","12","1110011001","1110011001.0","Success","0.00062"
"3G0Q","12","101000101110","101000101110.0","Success","0.0009"
"5F0S","12","110010000101","110010000101.0","Success","0.00089"
"8RWY","12","101010011","101010011.0","Success","0.00039"
"6NVW","12","11101101100","11101101100.0","Success","0.00062"
"1VDX","12","100000100","100000100.0","Success","0.00122"
"8Q6X","12","110101001011","110101001011.0","Success","0.0006"
"2ZDX","12","100001110101","100001110101.0","Success","0.00066"
"7BJD","12","111101110011","111101110011.0","Success","0.00104"
"5WR4","12","101101001001","101101001001.0","Success","0.00092"
"1T1Q","12","11000101110","11000101110.0","Success","0.00061"
"4HMT","12","110111011100","110111011100.0","Success","0.00078"
"6EVK","12","10001001","10001001.0","Success","0.00035"
"1JJA","12","101101001110","101101001110.0","Success","0.00039"
"1PTT","12","1000000010","1000000010.0","Success","0.00097"
"3VT5","12","10010000101","10010000101.0","Success","0.00106"
"8J8O","12","1111111001","1111111001.0","Success","0.00072"
"6QD5","12","10110111001","10110111001.0","Success","0.00088"
"5HYG","12","10000001010","10000001010.0","Success","0.00098"
"1CZ4","12","110110110110","110110110110.0","Success","0.00117"
"1XZ6","12","1101001010","1101001010.0","Success","0.00106"
"3AKI","12","11100111100","11100111100.0","Success","0.00077"
"2H68","12","110000111","110000111.0","Success","0.00067"
"8GGS","12","100001001101","100001001101.0","Success","0.00102"
"8EVO","12","100011000111","100011000111.0","Success","0.00054"
"6SBE","12","110100111001","110100111001.0","Success","0.00087"
"3IJ2","12","11101100000","11101100000.0","Success","0.00074"
"5J94","12","101111011010","101111011010.0","Success","0.00113"
"5DWU","12","111001110001","111001110001.0","Success","0.00062"
"7ZY8","12","1001001110","1001001110.0","Success","0.00066"
"8AY1","12","110101100111","110101100111.0","Success","0.0006"
"5F8L","12","100111010","100111010.0","Success","0.00078"
"2G8U","12","110101111100","110101111100.0","Success","0.00147"
"6LAD","12","10100010","10100010.0","Success","0.0005"
"6Q5P","12","110000101111","110000101111.0","Success","0.00123"
"5V4S","12","110110111","110110111.0","Success","0.00043"
"5QR6","12","10001010010","10001010010.0","Success","0.00056"
"6T87","12","100001001000","100001001000.0","Success","0.00079"
"5MZF","12","111101000","111101000.0","Success","0.00066"
"7SKW","12","1001110011","1001110011.0","Success","0.00149"
"8QUU","12","101011110100","101011110100.0","Success","0.00089"
"7RLA","12","11001001110","11001001110.0","Success","0.00026"
"8FYN","12","111100001011","111100001011.0","Success","0.00085"
"2USN","12","110011100000","110011100000.0","Success","0.00132"
"1W98","12","110001111111","110001111111.0","Success","0.0007"
"4W6F","12","11000011110","11000011110.0","Success","0.0008"
"8F2F","12","100110111000","100110111000.0","Success","0.00061"
"4GW0","12","101101000000","101101000000.0","Success","0.00089"
"7APZ","12","1111110001","1111110001.0","Success","0.00084"
"4K2N","12","10100010101","10100010101.0","Success","0.00104"
"9F2A","12","110101000000","110101000000.0","Success","0.00042"
"1YS3","12","10011111110","10011111110.0","Success","0.00084"
"4AT5","12","110111011110","110111011110.0","Success","0.00095"
"5EPD","12","110001010011","110001010011.0","Success","0.0009"
"1EQN","12","100111101010","100111101010.0","Success","0.00044"
"2JM2","12","101110011011","101110011011.0","Success","0.00056"
"8ADD","12","111010011000","111010011000.0","Success","0.00115"
"1O2D","12","100101010101","100101010101.0","Success","0.00065"
"2C67","12","11000001110","11000001110.0","Success","0.00054"
"3OZQ","12","101010110010","101010110010.0","Success","0.00089"
"9GL0","12","10101011001","10101011001.0","Success","0.00043"
"5FFW","12","101111001","101111001.0","Success","0.00107"
"7K1F","12","110111000100","110111000100.0","Success","0.00039"
"1Q7Z","12","1000101100","1000101100.0","Success","0.00052"
"8HER","12","100010","100010.0","Success","0.00028"
"6GXL","12","101111000101","101111000101.0","Success","0.00066"
"8YVO","12","100010110100","100010110100.0","Success","0.00085"
"6Z6V","12","11111111111","11111111111.0","Success","0.00053"
"4U23","12","111100010011","111100010011.0","Success","0.00107"
"7WAH","12","10000001111","10000001111.0","Success","0.00044"
"8A11","12","101101011111","101101011111.0","Success","0.00038"
"4RHC","12","10000001110","10000001110.0","Success","0.0004"
"4D8O","12","11111000110","11111000110.0","Success","0.00076"
"4E0U","12","110011011101","110011011101.0","Success","0.00058"
"3FXM","12","101111010001","101111010001.0","Success","0.00091"
"5HLO","12","10100110110","10100110110.0","Success","0.0009"
"7VBI","12","10010100010","10010100010.0","Success","0.00049"
"1UY1","12","100110010101","100110010101.0","Success","0.00146"
"5MPT","12","10001100001","10001100001.0","Success","0.00086"
"7BSO","12","10110000001","10110000001.0","Success","0.00179"
"5O3L","12","110111100011","110111100011.0","Success","0.00061"
"6TVP","12","1111110010","1111110010.0","Success","0.00059"
"8OZD","12","1111110000","1111110000.0","Success","0.00039"
"2R35","12","110100010000","110100010000.0","Success","0.00178"
"4Z18","12","1000110010","1000110010.0","Success","0.00081"
"7D1E","12","100001011","100001011.0","Success","0.001"
"1JUO","12","101110110100","101110110100.0","Success","0.00094"
"7RED","12","101101000010","101101000010.0","Success","0.00109"
"8Z9B","12","10000100100","10000100100.0","Success","0.00111"
"6KRN","12","10011001010","10011001010.0","Success","0.00079"
"6WB7","12","101000011","101000011.0","Success","0.00049"
"4P13","12","111001000100","111001000100.0","Success","0.00043"
"7A1H","12","11101100010","11101100010.0","Success","0.00208"
"8EB2","12","101000001100","101000001100.0","Success","0.00034"
"9EIS","12","110011001011","110011001011.0","Success","0.00046"
"4ZMJ","12","10101011110","10101011110.0","Success","0.00071"
"7FPF","12","111010111001","111010111001.0","Success","0.0007"
"9CUF","12","110001110111","110001110111.0","Success","0.00057"
"1JC7","12","1110001101","1110001101.0","Success","0.00151"
"3W28","12","1000011001","1000011001.0","Success","0.00095"
"5A34","12","11111001100","11111001100.0","Success","0.00043"
"2XWH","12","1000010100","1000010100.0","Success","0.00071"
"4I06","12","10010101110","10010101110.0","Success","0.00055"
"9UEQ","12","10001110011","10001110011.0","Success","0.00046"
"2K9M","12","101111101111","101111101111.0","Success","0.00033"
"3HR6","12","1100011010","1100011010.0","Success","0.00081"
"8VBK","12","1011001110","1011001110.0","Success","0.00077"
"8DWA","12","10111000010","10111000010.0","Success","0.00069"
"6F2X","12","10011000100","10011000100.0","Success","0.00026"
"6K2G","12","111000100111","111000100111.0","Success","0.00092"
"5GXG","12","111111010011","111111010011.0","Success","0.00073"
"2ZOD","12","100100011001","100100011001.0","Success","0.00067"
"2W3O","12","101101011010","101101011010.0","Success","0.00115"
"4ICH","12","110000111000","110000111000.0","Success","0.00083"
"7PCR","12","100001101100","100001101100.0","Success","0.00071"
"5YK2","12","101010110010","101010110010.0","Success","0.00085"
"2Q0J","12","101001010100","101001010100.0","Success","0.00069"
"3VKD","12","1101001111","1101001111.0","Success","0.00073"
"9EO9","12","11000011100","11000011100.0","Success","0.00133"
"6AYZ","12","101011111101","101011111101.0","Success","0.0005"
"8HV9","12","101111101100","101111101100.0","Success","0.00095"
"3RW8","12","111001110011","111001110011.0","Success","0.00148"
"1EOK","12","101100000001","101100000001.0","Success","0.00101"
"4CMO","12","100100110101","100100110101.0","Success","0.001"
"5VLD","12","10011011010","10011011010.0","Success","0.00034"
"7VED","12","100100000000","100100000000.0","Success","0.00105"
"2N6A","12","100110100011","100110100011.0","Success","0.00031"
"6WHQ","12","1110001111","1110001111.0","Success","0.00049"
"3V2J","12","101010010110","101010010110.0","Success","0.00109"
"1F0V","12","11010111101","11010111101.0","Success","0.00074"
"3JSK","12","1000100100","1000100100.0","Success","0.00025"
"6X0Q","12","10000100111","10000100111.0","Success","0.00034"
"2J4M","12","110100100110","110100100110.0","Success","0.00068"
"3IDF","12","1001101001","1001101001.0","Success","0.00099"
"4CM0","12","10101001110","10101001110.0","Success","0.0008"
"5E14","12","1110101101","1110101101.0","Success","0.00076"
"1AJH","12","110001011","110001011.0","Success","0.00136"
"5EZY","12","110110111101","110110111101.0","Success","0.00036"
"4YFX","12","101011011000","101011011000.0","Success","0.0002"
"6P6F","12","1111101010","1111101010.0","Success","0.00089"
"9JRL","12","110110101100","110110101100.0","Success","0.00085"
"1LRT","12","100011101000","100011101000.0","Success","0.00047"
"8CZU","12","1101111000","1101111000.0","Success","0.00096"
"2IQ7","12","101101001010","101101001010.0","Success","0.00034"
"6TZB","12","110010101010","110010101010.0","Success","0.00044"
"5LGJ","12","110001000101","110001000101.0","Success","0.00068"
"9C5S","12","11001000101","11001000101.0","Success","0.00226"
"2DVI","12","101101001101","101101001101.0","Success","0.00081"
"6POE","12","110100110100","110100110100.0","Success","0.00026"
"1MHT","12","10100010111","10100010111.0","Success","0.00091"
"6H7W","12","111001100110","111001100110.0","Success","0.00021"
"4BAC","12","10001110100","10001110100.0","Success","0.00072"
"8ZQB","12","11001000011","11001000011.0","Success","0.00059"
"6YQI","12","100111","100111.0","Success","0.00092"
"4FT7","12","10011010000","10011010000.0","Success","0.00102"
"1Y9T","12","100111000001","100111000001.0","Success","0.0015"
"7Q34","12","101011011010","101011011010.0","Success","0.00085"
"1L1E","12","11010100110","11010100110.0","Success","0.00075"
"8K7E","12","11001110000","11001110000.0","Success","0.0006"
"7RI1","12","100111000010","100111000010.0","Success","0.00079"
"3GTX","12","10011110110","10011110110.0","Success","0.00092"
"2HH7","12","100101001100","100101001100.0","Success","0.00179"
"1OTH","12","11011010101","11011010101.0","Success","0.00096"
"7T8K","12","10001001100","10001001100.0","Success","0.0007"
"6J86","12","11010011100","11010011100.0","Success","0.00059"
"7GJA","12","11111110","11111110.0","Success","0.00068"
"6YHE","12","100000101101","100000101101.0","Success","0.00087"
"2L1D","12","10010110100","10010110100.0","Success","0.00034"
"7R8L","12","110111111001","110111111001.0","Success","0.00051"
"8CHE","12","111100101110","111100101110.0","Success","0.00055"
"5REL","12","100010101000","100010101000.0","Success","0.00096"
"6NLJ","12","110110001110","110110001110.0","Success","0.00038"
"6PTE","12","110111101000","110111101000.0","Success","0.00043"
"6MHR","12","10011","10011.0","Success","0.00051"
"8W5D","12","11010111001","11010111001.0","Success","0.00079"
"6FHH","12","111010000111","111010000111.0","Success","0.00036"
"1JIV","12","11110110001","11110110001.0","Success","0.0009"
"1E87","12","1000010111","1000010111.0","Success","0.00154"
"8F0E","12","111101100000","111101100000.0","Success","0.0005"
"3HPK","12","1010110011","1010110011.0","Success","0.00113"
"2D0I","12","110111001110","110111001110.0","Success","0.00046"
"4NSD","12","110101100001","110101100001.0","Success","0.0007"
"6FG9","12","111110010101","111110010101.0","Success","0.0004"
"1DXJ","12","11111001011","11111001011.0","Success","0.00108"
"2IK1","12","111000011111","111000011111.0","Success","0.00072"
"1O8X","12","101000101110","101000101110.0","Success","0.00136"
"1A00","12","10101001001","10101001001.0","Success","0.00069"
"7EJT","12","110000001","110000001.0","Success","0.00029"
"3UIW","12","1101000101","1101000101.0","Success","0.00116"
"6D39","12","100011010010","100011010010.0","Success","0.00115"
"2UZ3","12","10100000","10100000.0","Success","0.00059"
"6ZUY","12","10110101","10110101.0","Success","0.0003"
"1LT5","12","11011","11011.0","Success","0.00075"
"8TN6","12","10111100001","10111100001.0","Success","0.00079"
"5S62","12","10100001101","10100001101.0","Success","0.00036"
"7TKH","12","110101011000","110101011000.0","Success","0.00023"
"6G14","12","1000111110","1000111110.0","Success","0.0007"
"4R7R","12","100010011100","100010011100.0","Success","0.00152"
"4MQX","12","1000111110","1000111110.0","Success","0.00041"
"6L1Q","12","11000110101","11000110101.0","Success","0.0006"
"3J7X","12","110111000001","110111000001.0","Success","0.00034"
"5UTM","12","100110011110","100110011110.0","Success","0.00047"
"5TGS","12","110000101100","110000101100.0","Success","0.00078"
"1QJO","12","101110101111","101110101111.0","Success","0.00035"
"2O3G","12","11100111101","11100111101.0","Success","0.00197"
"4B5S","12","110010100010","110010100010.0","Success","0.00076"
"2MCM","12","1000100110","1000100110.0","Success","0.00167"
"7BPS","12","110110100011","110110100011.0","Success","0.00086"
"3WTB","12","101010110101","101010110101.0","Success","0.00039"
"8IDA","12","1111110100","1111110100.0","Success","0.00054"
"6LU0","12","101101000010","101101000010.0","Success","0.00054"
"6KLU","12","110010001100","110010001100.0","Success","0.00093"
"8QUG","12","111010000010","111010000010.0","Success","0.00131"
"7LXJ","12","10110000001","10110000001.0","Success","0.0011"
"1FFM","12","11100110010","11100110010.0","Success","0.0024"
"7CMU","12","1010011000","1010011000.0","Success","0.0005"
"2CGH","12","101110111111","101110111111.0","Success","0.00075"
"7R6Y","12","11001101000","11001101000.0","Success","0.00039"
"6J43","12","10101100110","10101100110.0","Success","0.00102"
"7OXN","12","11001100011","11001100011.0","Success","0.0008"
"8F4B","12","11100100","11100100.0","Success","0.00049"
"6K5W","12","101111000000","101111000000.0","Success","0.00034"
"6ADR","12","110111100110","110111100110.0","Success","0.00052"
"4NLP","12","1100011000","1100011000.0","Success","0.00077"
"7UR1","12","10010001010","10010001010.0","Success","0.00084"
"9BS3","12","11011011101","11011011101.0","Success","0.00051"
"2WOO","12","10100110","10100110.0","Success","0.00038"
"4KCG","12","100110011000","100110011000.0","Success","0.00076"
"8HGL","12","100111011000","100111011000.0","Success","0.00025"
"4R5N","12","111011100101","111011100101.0","Success","0.00084"
"6E9W","12","100110001101","100110001101.0","Success","0.0006"
"9FTJ","12","101110011110","101110011110.0","Success","0.00043"
"4P1O","12","110011111110","110011111110.0","Success","0.00096"
"2BGH","12","110101000010","110101000010.0","Success","0.00058"
"5XYV","12","100100111001","100100111001.0","Success","0.00113"
"7FVP","12","100111010011","100111010011.0","Success","0.00151"
"5MTQ","12","1000101010","1000101010.0","Success","0.00036"
"8WBQ","12","100110000","100110000.0","Success","0.00076"
"7CPZ","12","1101101100","1101101100.0","Success","0.00152"
"5DJO","12","1001100001","1001100001.0","Success","0.00093"
"1ZP7","12","100100000111","100100000111.0","Success","0.00093"
"5H7O","12","110100100000","110100100000.0","Success","0.00035"
"4QAV","12","1101001000","1101001000.0","Success","0.00059"
"2VC2","12","1111101","1111101.0","Success","0.00046"
"5YUP","12","111101111011","111101111011.0","Success","0.00081"
"3WBQ","12","11010110010","11010110010.0","Success","0.00108"
"1PL0","12","10000101110","10000101110.0","Success","0.00034"
"8ZT4","12","11000000010","11000000010.0","Success","0.00074"
"6R8B","12","110111010011","110111010011.0","Success","0.0004"
"4N4F","12","11101111110","11101111110.0","Success","0.00122"
"1VPI","12","111110001111","111110001111.0","Success","0.00153"
"7ZRV","12","10001110010","10001110010.0","Success","0.00028"
"5MPN","12","10010000101","10010000101.0","Success","0.00154"
"1EOC","12","100010010001","100010010001.0","Success","0.00079"
"5O2Z","12","111101110000","111101110000.0","Success","0.00112"
"3KV4","12","1001011010","1001011010.0","Success","0.00079"
"6KGE","12","100010101100","100010101100.0","Success","0.00086"
"1CDM","12","110011000010","110011000010.0","Success","0.00135"
"6H4B","12","10010011100","10010011100.0","Success","0.00114"
"1GLB","12","11110100","11110100.0","Success","0.00065"
"1WGN","12","101100010","101100010.0","Success","0.00046"
"3FWL","12","100001100010","100001100010.0","Success","0.00064"
"6E2N","12","11000111111","11000111111.0","Success","0.00077"
"8AVM","12","100100011110","100100011110.0","Success","0.00051"
"5KSO","12","1001010","1001010.0","Success","0.00127"
"2V1D","12","101011100110","101011100110.0","Success","0.00059"
"8VMY","12","100111111","100111111.0","Success","0.00091"
"5Z9G","12","111111101101","111111101101.0","Success","0.00102"
"1VFV","12","100110011","100110011.0","Success","0.00093"
"4FU4","12","11111111011","11111111011.0","Success","0.00061"
"2CH5","12","110100001111","110100001111.0","Success","0.00046"
"8J5I","12","101010000101","101010000101.0","Success","0.0017"
"4OG5","12","100011000000","100011000000.0","Success","0.00077"
"6FAX","12","111111010101","111111010101.0","Success","0.00071"
"3N7W","12","11100111111","11100111111.0","Success","0.00104"
"2H3O","12","110010100110","110010100110.0","Success","0.00254"
"9JOB","12","11000011101","11000011101.0","Success","0.00059"
"9JNW","12","1011110","1011110.0","Success","0.00046"
"2WPL","12","11101101000","11101101000.0","Success","0.00098"
"4DEH","12","110001111001","110001111001.0","Success","0.001"
"7ZI0","12","1010000001","1010000001.0","Success","0.0005"
"1C9D","12","111001101010","111001101010.0","Success","0.00064"
"6F9D","12","10011111100","10011111100.0","Success","0.00026"
"1KLQ","12","111010111000","111010111000.0","Success","0.00118"
"2WSC","12","110010110010","110010110010.0","Success","0.0003"
"7EPZ","12","10001011100","10001011100.0","Success","0.00054"
"6JX2","12","100001000101","100001000101.0","Success","0.00047"
"3Q68","12","100100000011","100100000011.0","Success","0.00057"
"1GEJ","12","10001111111","10001111111.0","Success","0.00085"
"4NFN","12","111011011","111011011.0","Success","0.00096"
"4KF3","12","1001101101","1001101101.0","Success","0.00108"
"7FUL","12","110111111101","110111111101.0","Success","0.00088"
"4RXS","12","1101001000","1101001000.0","Success","0.00055"
"7LIV","12","11010010011","11010010011.0","Success","0.00022"
"9B7P","12","101010110000","101010110000.0","Success","0.00039"
"7LE6","12","100010010011","100010010011.0","Success","0.00118"
"5CDO","12","100100000001","100100000001.0","Success","0.00033"
"2FJA","12","10110100000","10110100000.0","Success","0.00043"
"1EPZ","12","1101011111","1101011111.0","Success","0.00125"
"5KJA","12","10110101111","10110101111.0","Success","0.00033"
"6ED7","12","111000111100","111000111100.0","Success","0.00029"
"7CLL","12","11100100111","11100100111.0","Success","0.00041"
"3RFS","12","10001010010","10001010010.0","Success","0.00074"
"6Z4E","12","110011100010","110011100010.0","Success","0.00116"
"8GLL","12","1111001101","1111001101.0","Success","0.00032"
"7D5V","12","110111101","110111101.0","Success","0.00047"
"1B67","12","10011","10011.0","Success","0.00146"
"5CCC","12","100010101100","100010101100.0","Success","0.00128"
"8YAF","12","10111010111","10111010111.0","Success","0.00034"
"2AM1","12","11000010111","11000010111.0","Success","0.0008"
"4NXR","12","110101010","110101010.0","Success","0.00171"
"1PRE","12","11110110100","11110110100.0","Success","0.00056"
"2XMF","12","10100110","10100110.0","Success","0.00217"
"6GUC","12","101001011111","101001011111.0","Success","0.00051"
"7ALF","12","100011001111","100011001111.0","Success","0.00129"
"7LC0","12","110011010110","110011010110.0","Success","0.00032"
"8XKX","12","11100100001","11100100001.0","Success","0.00055"
"4BLK","12","10110101010","10110101010.0","Success","0.00095"
"4S2N","12","110010110000","110010110000.0","Success","0.00054"
"3D40","12","101110110110","101110110110.0","Success","0.00105"
"7MW1","12","101001010101","101001010101.0","Success","0.00046"
"6U2Z","12","111101101100","111101101100.0","Success","0.00102"
"8K0C","12","10010111100","10010111100.0","Success","0.00037"
"3ASE","12","11000011110","11000011110.0","Success","0.00138"
"4L7J","12","11010000101","11010000101.0","Success","0.00087"
"4MOD","12","11001011010","11001011010.0","Success","0.00136"
"6QTG","12","10101110000","10101110000.0","Success","0.00069"
"7LSS","12","110110111100","110110111100.0","Success","0.00032"
"2KP7","12","100111010","100111010.0","Success","0.00042"
"1I3Z","12","111011010111","111011010111.0","Success","0.0016"
"7QL5","12","10001110001","10001110001.0","Success","0.00039"
"4AEE","12","111111011110","111111011110.0","Success","0.00046"
"1JN0","12","101110111111","101110111111.0","Success","0.00052"
"6LX3","12","111000100001","111000100001.0","Success","0.00044"
"2FYZ","12","11101111100","11101111100.0","Success","0.00103"
"2FKJ","12","10100000001","10100000001.0","Success","0.0005"
"3N3G","12","10110010100","10110010100.0","Success","0.00079"
"4L4G","12","1011110100","1011110100.0","Success","0.00084"
"3DD0","12","101001101010","101001101010.0","Success","0.0011"
"4CIL","12","10100101001","10100101001.0","Success","0.00097"
"9B3T","12","1101001001","1101001001.0","Success","0.00037"
"7MKU","12","11110111000","11110111000.0","Success","0.00069"
"6XTN","12","1000011110","1000011110.0","Success","0.00091"
"5G57","12","111000010111","111000010111.0","Success","0.00066"
"3IYZ","12","1010000111","1010000111.0","Success","0.0011"
"1ZAP","12","10011011111","10011011111.0","Success","0.00092"
"6VC9","12","11000001011","11000001011.0","Success","0.00063"
"5KCX","12","10011001110","10011001110.0","Success","0.00101"
"3VZP","12","1011010","1011010.0","Success","0.00054"
"2YFY","12","101110011011","101110011011.0","Success","0.00053"
"6HSW","12","10000110111","10000110111.0","Success","0.00046"
"1ZKD","12","111100010110","111100010110.0","Success","0.00064"
"7NGS","12","101110100100","101110100100.0","Success","0.00119"
"5VX9","12","110101101010","110101101010.0","Success","0.00132"
"9MYL","12","100111011110","100111011110.0","Success","0.00047"
"2VBM","12","111100100000","111100100000.0","Success","0.00074"
"5QM8","12","10010110001","10010110001.0","Success","0.00089"
"8VSL","12","1101001111","1101001111.0","Success","0.00108"
"5ZLP","12","111111010010","111111010010.0","Success","0.00022"
"8FCQ","12","110111010010","110111010010.0","Success","0.00024"
"5JY1","12","110101111011","110101111011.0","Success","0.00052"
"7DGX","12","1100111101","1100111101.0","Success","0.00168"
"5IIU","12","111011","111011.0","Success","0.0007"
"8BVR","12","100010000100","100010000100.0","Success","0.00066"
"3MW3","12","11000000111","11000000111.0","Success","0.00119"
"1OYW","12","1101101001","1101101001.0","Success","0.00074"
"2XS0","12","101010101110","101010101110.0","Success","0.00091"
"8KHQ","12","1010001","1010001.0","Success","0.00032"
"2EKU","12","10011001011","10011001011.0","Success","0.00134"
"2KZ4","12","11100111","11100111.0","Success","0.00037"
"5YP6","12","11100101011","11100101011.0","Success","0.00106"
"2E8P","12","10111010000","10111010000.0","Success","0.00039"
"2BXW","12","111101111001","111101111001.0","Success","0.00103"
"3NPR","12","110110011111","110110011111.0","Success","0.00101"
"8ZAO","12","101010110000","101010110000.0","Success","0.00061"
"2EEG","12","101100101","101100101.0","Success","0.00039"
"6B3P","12","11110011010","11110011010.0","Success","0.0008"
"6PSR","12","11011110110","11011110110.0","Success","0.00027"
"7BEG","12","10101011100","10101011100.0","Success","0.00027"
"8AQD","12","111010010010","111010010010.0","Success","0.00149"
"2ZHH","12","110011010001","110011010001.0","Success","0.00151"
"7YK8","12","110000101001","110000101001.0","Success","0.00079"
"8TUR","12","1110111110","1110111110.0","Success","0.00078"
"6ESB","12","11100010101","11100010101.0","Success","0.00037"
"7MPU","12","11100010001","11100010001.0","Success","0.00085"
"8DI7","12","101110001101","101110001101.0","Success","0.00044"
"2GZA","12","100110000010","100110000010.0","Success","0.00054"
"8K9G","12","110000000011","110000000011.0","Success","0.00039"
"4WLB","12","101010110110","101010110110.0","Success","0.00076"
"8GV6","12","100010100011","100010100011.0","Success","0.00038"
"8HMS","12","110010001010","110010001010.0","Success","0.00037"
"6PDB","12","11110101010","11110101010.0","Success","0.00107"
"6FS0","12","10110010000","10110010000.0","Success","0.00071"
"7TLW","12","1011100100","1011100100.0","Success","0.00149"
"1XZF","12","101100010001","101100010001.0","Success","0.0012"
"8VMC","12","101100011000","101100011000.0","Success","0.00027"
"4DWI","12","111011000001","111011000001.0","Success","0.0007"
"7ZDV","12","111001001111","111001001111.0","Success","0.0005"
"7DFH","12","111111010011","111111010011.0","Success","0.00049"
"1GCV","12","100011010011","100011010011.0","Success","0.00071"
"1G2L","12","10101001100","10101001100.0","Success","0.00099"
"4Z5C","12","10001101011","10001101011.0","Success","0.00143"
"1SLY","12","101001100111","101001100111.0","Success","0.00067"
"4ZGX","12","111100000001","111100000001.0","Success","0.00023"
"5YPL","12","111001010110","111001010110.0","Success","0.00078"
"5C85","12","111100000010","111100000010.0","Success","0.00159"
"6K4V","12","111110011011","111110011011.0","Success","0.00083"
"8C99","12","100101100001","100101100001.0","Success","0.00055"
"1KS7","12","110010111000","110010111000.0","Success","0.00092"
"1KMM","12","10101111111","10101111111.0","Success","0.00044"
"4NH6","12","11011100001","11011100001.0","Success","0.00099"
"1TLI","12","100000000001","100000000001.0","Success","0.00094"
"6RGL","12","10110101","10110101.0","Success","0.00043"
"5FXF","12","11100011100","11100011100.0","Success","0.00051"
"5MM1","12","11010111101","11010111101.0","Success","0.00091"
"6LI5","12","101001011111","101001011111.0","Success","0.00064"
"1XWN","12","100011001010","100011001010.0","Success","0.00029"
"2CG1","12","110111011101","110111011101.0","Success","0.00068"
"1JK0","12","111101101100","111101101100.0","Success","0.0007"
"4R5Z","12","10010001000","10010001000.0","Success","0.00045"
"4YAR","12","110111111","110111111.0","Success","0.00081"
"6D03","12","101001000000","101001000000.0","Success","0.0003"
"7XBX","12","1001001","1001001.0","Success","0.00057"
"8BLL","12","100001110100","100001110100.0","Success","0.00029"
"6Q9O","12","100100010001","100100010001.0","Success","0.0012"
"5EAL","12","11111001","11111001.0","Success","0.00068"
"6Z6U","12","111110100111","111110100111.0","Success","0.00026"
"3SXE","12","1010010000","1010010000.0","Success","0.00099"
"3ZTC","12","11100011001","11100011001.0","Success","0.00045"
"1HG8","12","10111101001","10111101001.0","Success","0.00092"
"2BST","12","1111000000","1111000000.0","Success","0.00087"
"8G45","12","100001101111","100001101111.0","Success","0.00171"
"5K3F","12","1011001011","1011001011.0","Success","0.00068"
"4ZNZ","12","101101100000","101101100000.0","Success","0.00117"
"2BOY","12","10011111000","10011111000.0","Success","0.00038"
"2BMB","12","111001100001","111001100001.0","Success","0.00075"
"2FRK","12","101100000001","101100000001.0","Success","0.00138"
"110M","12","111111101110","111111101110.0","Success","0.00135"
"8DBO","12","11101100100","11101100100.0","Success","0.00038"
"8BC9","12","111011101011","111011101011.0","Success","0.00037"
"6A2K","12","11111010111","11111010111.0","Success","0.00051"
"5Z4W","12","111000110100","111000110100.0","Success","0.00092"
"4G7H","12","100011111000","100011111000.0","Success","0.0002"
"5H7Q","12","100010011010","100010011010.0","Success","0.00075"
"7TD6","12","101111000001","101111000001.0","Success","0.00065"
"6AL6","12","110110001011","110110001011.0","Success","0.00084"
"1BV9","12","10011101110","10011101110.0","Success","0.00121"
"5FO5","12","101101100","101101100.0","Success","0.00175"
"8JEK","12","111110000011","111110000011.0","Success","0.0005"
"1QQU","12","100010110111","100010110111.0","Success","0.00117"
"6AZJ","12","10100100111","10100100111.0","Success","0.00055"
"1DQU","12","110100010010","110100010010.0","Success","0.00073"
"6T23","12","111111010111","111111010111.0","Success","0.0004"
"8QC6","12","10111101","10111101.0","Success","0.00063"
"5HZC","12","110000100000","110000100000.0","Success","0.00075"
"5DLV","12","10000001110","10000001110.0","Success","0.00042"
"4E6R","12","1100000000","1100000000.0","Success","0.00164"
"1JC5","12","110111111111","110111111111.0","Success","0.00056"
"6PQ4","12","11011000000","11011000000.0","Success","0.00098"
"2W9D","12","1100011100","1100011100.0","Success","0.0008"
"3BY5","12","101101011","101101011.0","Success","0.00155"
"1JJ1","12","111110000110","111110000110.0","Success","0.00151"
"6YX6","12","10100110000","10100110000.0","Success","0.0011"
"3MJD","12","1111011101","1111011101.0","Success","0.00058"
"8VW9","12","111010110111","111010110111.0","Success","0.00085"
"2HTQ","12","1011011010","1011011010.0","Success","0.00084"
"5TYS","12","111001001001","111001001001.0","Success","0.00116"
"6UZQ","12","111110101110","111110101110.0","Success","0.00085"
"9FW9","12","101100000011","101100000011.0","Success","0.00049"
"3WMR","12","100110011100","100110011100.0","Success","0.00057"
"7Q06","12","1001000110","1001000110.0","Success","0.0004"
"6YKD","12","100010001111","100010001111.0","Success","0.00101"
"3F1K","12","1011001010","1011001010.0","Success","0.00109"
"5OM7","12","10000110000","10000110000.0","Success","0.00087"
"7RX3","12","11000100110","11000100110.0","Success","0.0005"
"6ZJP","12","110010001010","110010001010.0","Success","0.00054"
"3E27","12","100111100","100111100.0","Success","0.00063"
"8BSH","12","11011011101","11011011101.0","Success","0.0004"
"2JH8","12","1111111110","1111111110.0","Success","0.0007"
"4USP","12","101110010010","101110010010.0","Success","0.00106"
"2PGV","12","101000010000","101000010000.0","Success","0.00104"
"6TI5","12","10101000001","10101000001.0","Success","0.00037"
"7JXG","12","110111100100","110111100100.0","Success","0.00052"
"4U76","12","11101001110","11101001110.0","Success","0.00097"
"1JE0","12","110101100000","110101100000.0","Success","0.00064"
"1WPR","12","11101111111","11101111111.0","Success","0.00073"
"8F6T","12","10001001011","10001001011.0","Success","0.0008"
"1CP3","12","10000000111","10000000111.0","Success","0.0008"
"2CU0","12","100011000110","100011000110.0","Success","0.00062"
"5L9Z","12","100010101100","100010101100.0","Success","0.00078"
"2RSL","12","100011010","100011010.0","Success","0.00088"
"6Q2L","12","110000011001","110000011001.0","Success","0.00095"
"7JV1","12","10111111","10111111.0","Success","0.00068"
"1U0F","12","10010101100","10010101100.0","Success","0.0005"
"8ET3","12","101101011110","101101011110.0","Success","0.00028"
"4PSD","12","110110100000","110110100000.0","Success","0.00113"
"4J6S","12","110100000","110100000.0","Success","0.00054"
"9H6A","12","1110101110","1110101110.0","Success","0.00084"
"5POG","12","100101011","100101011.0","Success","0.00106"
"2YBG","12","1100111101","1100111101.0","Success","0.0006"
"4CBH","12","1011000001","1011000001.0","Success","0.00045"
"7B9L","12","101011100110","101011100110.0","Success","0.00068"
"6QEC","12","111011001101","111011001101.0","Success","0.0021"
"3KZZ","12","100111100101","100111100101.0","Success","0.00133"
"5WIR","12","11111101000","11111101000.0","Success","0.00079"
"7ZCM","12","101000010100","101000010100.0","Success","0.00099"
"1BLI","12","1001001","1001001.0","Success","0.00077"
"1DCN","12","111010010011","111010010011.0","Success","0.00041"
"8A06","12","101011011001","101011011001.0","Success","0.00139"
"7O9P","12","1101101010","1101101010.0","Success","0.00095"
"2PZB","12","110011011001","110011011001.0","Success","0.00054"
"7U47","12","101111010111","101111010111.0","Success","0.0004"
"3OMA","12","100101000000","100101000000.0","Success","0.00043"
"3TAE","12","110001101100","110001101100.0","Success","0.00028"
"5HAP","12","110100001100","110100001100.0","Success","0.00076"
"8YSH","12","111111101000","111111101000.0","Success","0.00095"
"6CTI","12","100011001101","100011001101.0","Success","0.00094"
"6H5L","12","100011101011","100011101011.0","Success","0.00061"
"1KEI","12","1101010000","1101010000.0","Success","0.00093"
"2AFV","12","100100011101","100100011101.0","Success","0.00082"
"3TIH","12","111010010101","111010010101.0","Success","0.00047"
"6IV6","12","110111111100","110111111100.0","Success","0.00049"
"6WM2","12","11000100000","11000100000.0","Success","0.00017"
"1DM8","12","110000","110000.0","Success","0.00059"
"3JBW","12","11010010","11010010.0","Success","0.00039"
"4O71","12","110111101010","110111101010.0","Success","0.00104"
"4K1G","12","11111110001","11111110001.0","Success","0.00072"
"5BRU","12","100001011","100001011.0","Success","0.00104"
"5PAO","12","110100000","110100000.0","Success","0.00095"
"6X14","12","111000111011","111000111011.0","Success","0.00049"
"6Z6A","12","111101101","111101101.0","Success","0.00072"
"1F42","12","10101010010","10101010010.0","Success","0.00098"
"8R4V","12","1111010100","1111010100.0","Success","0.00056"
"5ZVE","12","1010110010","1010110010.0","Success","0.00063"
"4ZEJ","12","1101100100","1101100100.0","Success","0.00082"
"4W6N","12","1101011110","1101011110.0","Success","0.00046"
"6KGO","12","111111011101","111111011101.0","Success","0.00067"
"8P2V","12","10011001100","10011001100.0","Success","0.00132"
"6MSU","12","11000011001","11000011001.0","Success","0.00041"
"2CLY","12","101100100","101100100.0","Success","0.00071"
"8WLV","12","101011110","101011110.0","Success","0.00067"
"2I4P","12","100101111010","100101111010.0","Success","0.00071"
"2QXU","12","111011010010","111011010010.0","Success","0.00044"
"4ZFJ","12","11111111","11111111.0","Success","0.00032"
"3UU1","12","101111010011","101111010011.0","Success","0.00047"
"1RBN","12","110011110000","110011110000.0","Success","0.00151"
"2IF9","12","1011111011","1011111011.0","Success","0.00103"
"1PIE","12","101110101001","101110101001.0","Success","0.00087"
"8J5P","12","11100110000","11100110000.0","Success","0.00035"
"7VE5","12","110110101101","110110101101.0","Success","0.00143"
"5MAL","12","11011110010","11011110010.0","Success","0.00078"
"7VFC","12","100001","100001.0","Success","0.00111"
"3WY2","12","100101100110","100101100110.0","Success","0.00051"
"4L9N","12","101011101","101011101.0","Success","0.001"
"8HKB","12","1010101001","1010101001.0","Success","0.00094"
"6DHA","12","10010011011","10010011011.0","Success","0.00075"
"4TPM","12","100100001000","100100001000.0","Success","0.00068"
"9DL7","12","1111110001","1111110001.0","Success","0.00034"
"7KP3","12","100000010011","100000010011.0","Success","0.00072"
"5OS8","12","100110110110","100110110110.0","Success","0.00093"
"5AJP","12","110000000000","110000000000.0","Success","0.00072"
"4ZSQ","12","111001000000","111001000000.0","Success","0.0006"
"4URK","12","11101001011","11101001011.0","Success","0.00058"
"4WUV","12","101000010011","101000010011.0","Success","0.00071"
"9BOG","12","110111000100","110111000100.0","Success","0.00044"
"6I91","12","100111000100","100111000100.0","Success","0.0006"
"4Z3L","12","10010111111","10010111111.0","Success","0.00055"
"1U31","12","11111110110","11111110110.0","Success","0.00088"
"7RDV","12","100111010","100111010.0","Success","0.0006"
"2C4A","12","1101111100","1101111100.0","Success","0.00086"
"6VJ4","12","100011011101","100011011101.0","Success","0.00112"
"8E6J","12","111011000100","111011000100.0","Success","0.00034"
"3ZDI","12","1001010000","1001010000.0","Success","0.00086"
"5W5D","12","111101011010","111101011010.0","Success","0.00084"
"3QE6","12","100100100000","100100100000.0","Success","0.00069"
"9FK5","12","110000101001","110000101001.0","Success","0.00061"
"6L6L","12","111110110000","111110110000.0","Success","0.0013"
"4ABV","12","1010101101","1010101101.0","Success","0.0011"
"1QJZ","12","101101100110","101101100110.0","Success","0.00071"
"3GSL","12","11001101000","11001101000.0","Success","0.00084"
"1YDK","12","1110101111","1110101111.0","Success","0.00084"
"7SNK","12","11011101101","11011101101.0","Success","0.0007"
"2ZGD","12","10110100000","10110100000.0","Success","0.00173"
"4IGY","12","111100110001","111100110001.0","Success","0.00068"
"1O5M","12","111010011100","111010011100.0","Success","0.00061"
"7M4J","12","100011110001","100011110001.0","Success","0.00095"
"7C4K","12","10110110010","10110110010.0","Success","0.00068"
"8Q8W","12","11010010100","11010010100.0","Success","0.0008"
"7P57","12","10001100010","10001100010.0","Success","0.00087"
"7ODX","12","1110000110","1110000110.0","Success","0.00089"
"6KIK","12","10101000100","10101000100.0","Success","0.00099"
"5K3H","12","1011000101","1011000101.0","Success","0.00023"
"6M09","12","100100001000","100100001000.0","Success","0.00053"
"4YJR","12","100110110110","100110110110.0","Success","0.00105"
"3GPH","12","1001101100","1001101100.0","Success","0.00054"
"5XRB","12","111101000111","111101000111.0","Success","0.00115"
"1J1D","12","110111011000","110111011000.0","Success","0.00065"
"8DTD","12","110101011100","110101011100.0","Success","0.00104"
"6O8N","12","10010110","10010110.0","Success","0.00124"
"4H4Y","12","100010111","100010111.0","Success","0.00084"
"6WQA","12","1100001101","1100001101.0","Success","0.00088"
"3NF1","12","111011011010","111011011010.0","Success","0.00098"
"2KJW","12","100000011000","100000011000.0","Success","0.00039"
"9QH3","12","101100010011","101100010011.0","Success","0.0004"
"5DF0","12","11001110001","11001110001.0","Success","0.00053"
"6YXH","12","11101000000","11101000000.0","Success","0.0009"
"8A35","12","1010000010","1010000010.0","Success","0.00126"
"5V3Y","12","111110010000","111110010000.0","Success","0.00075"
"7RS7","12","11100011001","11100011001.0","Success","0.00054"
"4C2B","12","110101110010","110101110010.0","Success","0.00039"
"7XP9","12","11011111001","11011111001.0","Success","0.00198"
"1TUW","12","11010010100","11010010100.0","Success","0.00162"
"4NXS","12","100011011001","100011011001.0","Success","0.00059"
"4I13","12","100001011101","100001011101.0","Success","0.00098"
"3SBQ","12","1100001110","1100001110.0","Success","0.00048"
"6EKB","12","111001110101","111001110101.0","Success","0.0022"
"3D3K","12","1010100001","1010100001.0","Success","0.00054"
"4CYJ","12","110000011000","110000011000.0","Success","0.00039"
"6YAS","12","111100000100","111100000100.0","Success","0.00106"
"1L08","12","100001111101","100001111101.0","Success","0.00131"
"4F0R","12","11000101111","11000101111.0","Success","0.00083"
"7DBN","12","11000101010","11000101010.0","Success","0.00038"
"6XVO","12","110100100101","110100100101.0","Success","0.00218"
"7FGI","12","10000010011","10000010011.0","Success","0.00023"
"1UU8","12","11010001001","11010001001.0","Success","0.00105"
"2HMN","12","111101010001","111101010001.0","Success","0.00067"
"6TZO","12","1111001010","1111001010.0","Success","0.00114"
"3WYX","12","10100010000","10100010000.0","Success","0.00105"
"1LLZ","12","101100100011","101100100011.0","Success","0.00044"
"1ZXG","12","110000011","110000011.0","Success","0.0005"
"5TBS","12","100111","100111.0","Success","0.00099"
"5U20","12","110011010000","110011010000.0","Success","0.00045"
"2GBQ","12","111100000100","111100000100.0","Success","0.00051"
"1QA7","12","100010111100","100010111100.0","Success","0.00059"
"4BPR","12","101011000110","101011000110.0","Success","0.00103"
"3C6R","12","101011010","101011010.0","Success","0.00045"
"2G2U","12","1011010111","1011010111.0","Success","0.00083"
"1V1Q","12","110000011","110000011.0","Success","0.00114"
"5TRF","12","110110010101","110110010101.0","Success","0.00075"
"3GMB","12","100101100110","100101100110.0","Success","0.00063"
"7XZ8","12","11010010","11010010.0","Success","0.00079"
"6A7D","12","111010110001","111010110001.0","Success","0.00129"
"6J4A","12","110000001010","110000001010.0","Success","0.00036"
"8TQ0","12","100011100010","100011100010.0","Success","0.00064"
"6S2P","12","101000001101","101000001101.0","Success","0.00106"
"1LWL","12","10001000101","10001000101.0","Success","0.00084"
"3RT0","12","11111000110","11111000110.0","Success","0.00053"
"4JVC","12","100101001000","100101001000.0","Success","0.00118"
"1R0Y","12","110110011011","110110011011.0","Success","0.00052"
"8IN4","12","1010100000","1010100000.0","Success","0.00119"
"6OOS","12","11111110101","11111110101.0","Success","0.00086"
"7LS3","12","111110000001","111110000001.0","Success","0.0008"
"7C1A","12","110101011000","110101011000.0","Success","0.00038"
"1L7Z","12","111111000000","111111000000.0","Success","0.00139"
"7EIM","12","111010010110","111010010110.0","Success","0.00031"
"2GJ3","12","100110110000","100110110000.0","Success","0.00105"
"3WJM","12","10011101110","10011101110.0","Success","0.00027"
"7GIY","12","101100011001","101100011001.0","Success","0.00066"
"1YPV","12","100001010010","100001010010.0","Success","0.00107"
"5SFD","12","1010101100","1010101100.0","Success","0.00047"
"7WWR","12","10001110010","10001110010.0","Success","0.00198"
"1GYN","12","1010111000","1010111000.0","Success","0.00093"
"4FH0","12","10101010000","10101010000.0","Success","0.00121"
"4JWK","12","101101100001","101101100001.0","Success","0.00122"
"1E52","12","11010101101","11010101101.0","Success","0.00035"
"3OJG","12","110011010","110011010.0","Success","0.00095"
"7NLT","12","10100101100","10100101100.0","Success","0.00099"
"5JCT","12","100011","100011.0","Success","0.001"
"8UG2","12","1101010100","1101010100.0","Success","0.0016"
"2VT7","12","11011011001","11011011001.0","Success","0.00052"
"1I3L","12","11011000111","11011000111.0","Success","0.00064"
"6VUM","12","110011000","110011000.0","Success","0.00041"
"3RKE","12","110110100001","110110100001.0","Success","0.00068"
"5JCF","12","111101101011","111101101011.0","Success","0.00045"
"8FF2","12","111001110111","111001110111.0","Success","0.00086"
"7O3D","12","1000110010","1000110010.0","Success","0.00064"
"3KPT","12","110100001011","110100001011.0","Success","0.00065"
"5PU2","12","110000110011","110000110011.0","Success","0.00108"
"3RRA","12","111001100001","111001100001.0","Success","0.00061"
"8T9B","12","1101001000","1101001000.0","Success","0.00038"
"2HEL","12","101010000100","101010000100.0","Success","0.00103"
"7CAP","12","111011001110","111011001110.0","Success","0.00109"
"3HIM","12","110111111000","110111111000.0","Success","0.00084"
"5MBQ","12","111011000110","111011000110.0","Success","0.00058"
"3LMI","12","11011101100","11011101100.0","Success","0.00053"
"4A8O","12","100101100001","100101100001.0","Success","0.00037"
"5ZCO","12","110110001001","110110001001.0","Success","0.00028"
"4WXZ","12","11111010100","11111010100.0","Success","0.00044"
"7K40","12","101001011100","101001011100.0","Success","0.0009"
"1I6J","12","100110011001","100110011001.0","Success","0.00107"
"3WCY","12","1100011011","1100011011.0","Success","0.00078"
"6E3Y","12","100111","100111.0","Success","0.00047"
"7X8J","12","101101000111","101101000111.0","Success","0.00063"
"4PNF","12","100100000010","100100000010.0","Success","0.00041"
"4IF4","12","10001001100","10001001100.0","Success","0.0006"
"3F11","12","110100000110","110100000110.0","Success","0.00092"
"2P46","12","100111101010","100111101010.0","Success","0.00078"
"4CHC","12","110010110110","110010110110.0","Success","0.00057"
"4XRS","12","100001010001","100001010001.0","Success","0.0011"
"6VXT","12","100101110111","100101110111.0","Success","0.00038"
"8BJ7","12","1101100100","1101100100.0","Success","0.00076"
"6NWP","12","10110111","10110111.0","Success","0.00077"
"6L3X","12","100101011001","100101011001.0","Success","0.00034"
"7GFC","12","10110111010","10110111010.0","Success","0.00095"
"7TAS","12","101110000100","101110000100.0","Success","0.00083"
"6QB5","12","1001001001","1001001001.0","Success","0.00048"
"1BZZ","12","10000100001","10000100001.0","Success","0.00069"
"1IAJ","12","110101010100","110101010100.0","Success","0.00076"
"7TQW","12","111111010101","111111010101.0","Success","0.0006"
"1SA1","12","110110110100","110110110100.0","Success","0.00039"
"1HUP","12","110100111001","110100111001.0","Success","0.00139"
"3K07","12","11110011000","11110011000.0","Success","0.00052"
"6QGL","12","1010011101","1010011101.0","Success","0.00063"
"4X2W","12","110001010011","110001010011.0","Success","0.00089"
"2V8Q","12","100000010001","100000010001.0","Success","0.00079"
"2YRH","12","111000000010","111000000010.0","Success","0.00056"
"3EKD","12","111001101010","111001101010.0","Success","0.00056"
"5JXZ","12","100100101111","100100101111.0","Success","0.00062"
"6ECN","12","101100110110","101100110110.0","Success","0.0005"
"7OLE","12","10101001100","10101001100.0","Success","0.00026"
"1L70","12","101001001001","101001001001.0","Success","0.00131"
"4HKC","12","101011011011","101011011011.0","Success","0.00108"
"4EQR","12","110011000111","110011000111.0","Success","0.00057"
"7PW4","12","1011001000","1011001000.0","Success","0.00033"
"8P1B","12","11011111111","11011111111.0","Success","0.00146"
"6KX7","12","110100010000","110100010000.0","Success","0.00078"
"3LWG","12","110101000010","110101000010.0","Success","0.00106"
"3E1P","12","111111001000","111111001000.0","Success","0.00039"
"6ME1","12","110110111011","110110111011.0","Success","0.00057"
"2GSP","12","100000011110","100000011110.0","Success","0.00161"
"8JUT","12","110010010111","110010010111.0","Success","0.00018"
"6EI3","12","11011100101","11011100101.0","Success","0.00076"
"5FO3","12","1001101","1001101.0","Success","0.00092"
"7V0B","12","110010111","110010111.0","Success","0.00036"
"6TH1","12","100001000","100001000.0","Success","0.00088"
"1PZ1","12","110101001110","110101001110.0","Success","0.00066"
"1QI8","12","100111001101","100111001101.0","Success","0.00071"
"1R0J","12","10111010","10111010.0","Success","0.00226"
"4K91","12","100010100010","100010100010.0","Success","0.00064"
"4M9X","12","10010011001","10010011001.0","Success","0.00051"
"6VZO","12","1011010110","1011010110.0","Success","0.00075"
"4E3F","12","1101001010","1101001010.0","Success","0.00107"
"3SXV","12","100101010110","100101010110.0","Success","0.00069"
"4O51","12","111011111111","111011111111.0","Success","0.0004"
"7V3S","12","110100110110","110100110110.0","Success","0.00101"
"6LL5","12","1000110000","1000110000.0","Success","0.00096"
"8IQ9","12","10000","10000.0","Success","0.00042"
"4ECO","12","10001001010","10001001010.0","Success","0.00048"
"7BBL","12","1110100100","1110100100.0","Success","0.0008"
"5FIV","12","110111011100","110111011100.0","Success","0.00159"
"5HZR","12","1110111100","1110111100.0","Success","0.0007"
"1BQU","12","101100001000","101100001000.0","Success","0.00082"
"4Y8H","12","11010010000","11010010000.0","Success","0.00021"
"4E7H","12","1100001110","1100001110.0","Success","0.00073"
"7OSV","12","100001110110","100001110110.0","Success","0.00127"
"1WP9","12","10011110110","10011110110.0","Success","0.00032"
"8R6M","12","10011110010","10011110010.0","Success","0.00079"
"4AZ4","12","111101110","111101110.0","Success","0.00135"
"5R5U","12","11100111111","11100111111.0","Success","0.00116"
"2WGL","12","101011100100","101011100100.0","Success","0.00068"
"2D66","12","111100010111","111100010111.0","Success","0.00086"
"1MZV","12","11000101110","11000101110.0","Success","0.0012"
"8YVB","12","10111111","10111111.0","Success","0.00164"
"4ODM","12","10011101","10011101.0","Success","0.00063"
"5Y66","12","10111001111","10111001111.0","Success","0.0008"
"1QMF","12","111100110111","111100110111.0","Success","0.00071"
"1Y6L","12","111110001100","111110001100.0","Success","0.00079"
"3KNX","12","101110001","101110001.0","Success","0.00088"
"1WK8","12","101001000000","101001000000.0","Success","0.00087"
"3HR8","12","111010111101","111010111101.0","Success","0.00088"
"9EX8","12","100010010100","100010010100.0","Success","0.00096"
"7V49","12","11011000100","11011000100.0","Success","0.00127"
"1N7K","12","1110001011","1110001011.0","Success","0.00075"
"5H53","12","100111001011","100111001011.0","Success","0.00038"
"6XF9","12","11110010011","11110010011.0","Success","0.00037"
"6MGP","12","101110111001","101110111001.0","Success","0.00056"
"7VL7","12","101101011010","101101011010.0","Success","0.00045"
"7Y54","12","101100000101","101100000101.0","Success","0.00173"
"2XCN","12","101011010011","101011010011.0","Success","0.00086"
"5RW8","12","100001101010","100001101010.0","Success","0.00073"
"2ENV","12","10011111010","10011111010.0","Success","0.0004"
"4UPQ","12","10110001011","10110001011.0","Success","0.0006"
"4HYM","12","100111101011","100111101011.0","Success","0.00069"
"3GY8","12","100000100110","100000100110.0","Success","0.00116"
"4OYF","12","11000110111","11000110111.0","Success","0.00035"
"2EPS","12","10010010111","10010010111.0","Success","0.00051"
"6M4Y","12","100101001100","100101001100.0","Success","0.00086"
"3VE6","12","100010010010","100010010010.0","Success","0.00081"
"1QGK","12","10100000","10100000.0","Success","0.00056"
"6K9Q","12","100010111100","100010111100.0","Success","0.00017"
"1M2X","12","1011000","1011000.0","Success","0.00056"
"1B2X","12","101001110","101001110.0","Success","0.00092"
"3KQA","12","100101111","100101111.0","Success","0.0004"
"2KC5","12","110001000010","110001000010.0","Success","0.00029"
"8YWG","12","111111111111","111111111111.0","Success","0.00055"
"6XV1","12","111111001011","111111001011.0","Success","0.00071"
"3X1Z","12","100010011111","100010011111.0","Success","0.00094"
"5IIR","12","111001000011","111001000011.0","Success","0.00045"
"7TPC","12","100101110110","100101110110.0","Success","0.0003"
"6MEK","12","10110100011","10110100011.0","Success","0.00037"
"4J3J","12","1100100011","1100100011.0","Success","0.00043"
"1TII","12","111001011000","111001011000.0","Success","0.00061"
"1HDJ","12","11001011001","11001011001.0","Success","0.00043"
"2DOC","12","101110000000","101110000000.0","Success","0.00034"
"4ODL","12","10110001111","10110001111.0","Success","0.0009"
"8RH1","12","101010110110","101010110110.0","Success","0.00034"
"1U49","12","111101110111","111101110111.0","Success","0.00069"
"6S1I","12","111111000101","111111000101.0","Success","0.00044"
"5T17","12","111110111111","111110111111.0","Success","0.00033"
"7Q1G","12","11111110010","11111110010.0","Success","0.00073"
"2OA0","12","110110011101","110110011101.0","Success","0.00054"
"5FYU","12","1101110","1101110.0","Success","0.00079"
"1Y94","12","100110100","100110100.0","Success","0.00105"
"1EIQ","12","10111011111","10111011111.0","Success","0.00102"
"6KTN","12","1110011010","1110011010.0","Success","0.00101"
"1W7D","12","110000110111","110000110111.0","Success","0.00145"
"2DIB","12","101001000011","101001000011.0","Success","0.00033"
"5Y82","12","111111000000","111111000000.0","Success","0.00058"
"4QA3","12","1010011000","1010011000.0","Success","0.0006"
"1Q86","12","11111110111","11111110111.0","Success","0.00028"
"1SLX","12","1001100","1001100.0","Success","0.00089"
"9HGS","12","111100000111","111100000111.0","Success","0.0019"
"6AGY","12","1101010000","1101010000.0","Success","0.00138"
"8ABF","12","11010000000","11010000000.0","Success","0.00027"
"2P0L","12","110101000111","110101000111.0","Success","0.00105"
"3LR6","12","11101000010","11101000010.0","Success","0.00103"
"2V3M","12","10100000011","10100000011.0","Success","0.00071"
"7TNL","12","111011011110","111011011110.0","Success","0.00034"
"5B19","12","10001111010","10001111010.0","Success","0.00087"
"1LSY","12","111101101100","111101101100.0","Success","0.00148"
"1ES8","12","110100101001","110100101001.0","Success","0.00121"
"7CR2","12","110011001011","110011001011.0","Success","0.00053"
"4IYN","12","11101101010","11101101010.0","Success","0.00048"
"2JLZ","12","100101000010","100101000010.0","Success","0.00056"
"2PX4","12","11110101010","11110101010.0","Success","0.00104"
"2IMR","12","10110110010","10110110010.0","Success","0.00089"
"4XXV","12","100111110111","100111110111.0","Success","0.00064"
"1F0U","12","110011000011","110011000011.0","Success","0.00113"
"3W29","12","11001000","11001000.0","Success","0.00093"
"6YIY","12","110011001001","110011001001.0","Success","0.00111"
"7FPA","12","101111011100","101111011100.0","Success","0.00071"
"1HB4","12","110101010011","110101010011.0","Success","0.00092"
"5DV5","12","111110111101","111110111101.0","Success","0.00076"
"5BR0","12","10010010010","10010010010.0","Success","0.00053"
"1E0J","12","110011100101","110011100101.0","Success","0.00041"
"6CRI","12","101010101011","101010101011.0","Success","0.0002"
"7LCO","12","100001100010","100001100010.0","Success","0.00096"
"1NB8","12","11010111011","11010111011.0","Success","0.00066"
"6B5D","12","111110001011","111110001011.0","Success","0.00102"
"1A6U","12","100101011011","100101011011.0","Success","0.00112"
"7WUH","12","11110010111","11110010111.0","Success","0.00025"
"8JAF","12","11110000010","11110000010.0","Success","0.00072"
"3TFM","12","111111100111","111111100111.0","Success","0.00116"
"1K6S","12","11111001000","11111001000.0","Success","0.00076"
"6UUI","12","111011010100","111011010100.0","Success","0.00113"
"6X6X","12","110010011000","110010011000.0","Success","0.00057"
"8W4B","12","110001000110","110001000110.0","Success","0.00111"
"4GBV","12","111001100101","111001100101.0","Success","0.00096"
"5EVH","12","110110001","110110001.0","Success","0.00154"
"8C19","12","111011000000","111011000000.0","Success","0.00092"
"2V75","12","101100010000","101100010000.0","Success","0.00176"
"8BRS","12","1110110","1110110.0","Success","0.00061"
"8XV6","12","110100100011","110100100011.0","Success","0.00121"
"6CRL","12","1101101100","1101101100.0","Success","0.00026"
"6YMU","12","101101100111","101101100111.0","Success","0.00046"
"3FR2","12","10001001101","10001001101.0","Success","0.00154"
"1KO3","12","110110101000","110110101000.0","Success","0.00111"
"9BLI","12","11101001","11101001.0","Success","0.00072"
"3TZG","12","111001011101","111001011101.0","Success","0.00078"
"5UJJ","12","101010010001","101010010001.0","Success","0.00058"
"1JA2","12","111101000","111101000.0","Success","0.0015"
"1UMB","12","110101001111","110101001111.0","Success","0.00047"
"3N83","12","11100001010","11100001010.0","Success","0.00027"
"4GHW","12","110101100110","110101100110.0","Success","0.00073"
"7THG","12","1010010001","1010010001.0","Success","0.00101"
"7SZA","12","101100000000","101100000000.0","Success","0.00059"
"4J8B","12","111100011100","111100011100.0","Success","0.00095"
"2EM9","12","1010111100","1010111100.0","Success","0.00055"
"7PNA","12","1011010010","1011010010.0","Success","0.00094"
"5V59","12","1101001011","1101001011.0","Success","0.00086"
"7RZV","12","100111011111","100111011111.0","Success","0.00091"
"5AVY","12","110101101111","110101101111.0","Success","0.00046"
"4NZ3","12","111000001111","111000001111.0","Success","0.00061"
"4PEF","12","1000000110","1000000110.0","Success","0.00041"
"1CEA","12","110101110010","110101110010.0","Success","0.00131"
"4CBA","12","10110011","10110011.0","Success","0.00079"
"5ZIE","12","1101101111","1101101111.0","Success","0.0004"
"3EYO","12","100011101101","100011101101.0","Success","0.00058"
"7VYA","12","100011000100","100011000100.0","Success","0.00028"
"7QCU","12","111100000001","111100000001.0","Success","0.00055"
"5NUH","12","101001110001","101001110001.0","Success","0.00089"
"4Y1Z","12","100000011","100000011.0","Success","0.00106"
"2Z8O","12","1111001111","1111001111.0","Success","0.00082"
"6A18","12","10000101011","10000101011.0","Success","0.00082"
"3M65","12","11001001100","11001001100.0","Success","0.00084"
"4P3N","12","1101011100","1101011100.0","Success","0.00042"
"2H2T","12","10111000","10111000.0","Success","0.00148"
"3DH4","12","111011010010","111011010010.0","Success","0.00037"
"5QPQ","12","111111001000","111111001000.0","Success","0.00086"
"5EBG","12","10100010110","10100010110.0","Success","0.0011"
"8Y2E","12","11111011011","11111011011.0","Success","0.00075"
"4LPK","12","10101111001","10101111001.0","Success","0.00094"
"5QRU","12","1100000011","1100000011.0","Success","0.00126"
"3O07","12","110110011000","110110011000.0","Success","0.00059"
"7QCG","12","111110001001","111110001001.0","Success","0.00093"
"1AWF","12","10010011111","10010011111.0","Success","0.001"
"7E27","12","101101000101","101101000101.0","Success","0.00043"
"5D5H","12","11011001000","11011001000.0","Success","0.00063"
"4PX2","12","111101001011","111101001011.0","Success","0.00048"
"3WRZ","12","11101100110","11101100110.0","Success","0.00051"
"7Q4W","12","100001111000","100001111000.0","Success","0.00034"
"2A6W","12","10010111010","10010111010.0","Success","0.00082"
"8SCS","12","10010000111","10010000111.0","Success","0.0005"
"1AJD","12","10100100111","10100100111.0","Success","0.00057"
"5POY","12","101100111010","101100111010.0","Success","0.0011"
"5B1N","12","110010011011","110010011011.0","Success","0.00218"
"5JEO","12","11010110000","11010110000.0","Success","0.00107"
"7X3T","12","10011110110","10011110110.0","Success","0.00032"
"2PKX","12","100110100000","100110100000.0","Success","0.00113"
"1HO8","12","1101011","1101011.0","Success","0.00081"
"4O1M","12","111111110101","111111110101.0","Success","0.0004"
"3OW8","12","11110100010","11110100010.0","Success","0.00049"
"4LHK","12","1110111000","1110111000.0","Success","0.0008"
"2CGV","12","100101110110","100101110110.0","Success","0.00102"
"2HX2","12","111001000010","111001000010.0","Success","0.00059"
"1KL3","12","11100100100","11100100100.0","Success","0.00077"
"2ZHC","12","11100001000","11100001000.0","Success","0.00093"
"4QWT","12","10111011010","10111011010.0","Success","0.00032"
"3OPS","12","100100110101","100100110101.0","Success","0.00044"
"3QL9","12","110101101100","110101101100.0","Success","0.00144"
"1OFF","12","111100110111","111100110111.0","Success","0.00174"
"2PS1","12","100001100101","100001100101.0","Success","0.00077"
"1HN4","12","101001110101","101001110101.0","Success","0.00104"
"7UQW","12","101110110110","101110110110.0","Success","0.00062"
"8IKH","12","111010001011","111010001011.0","Success","0.0005"
"6A5G","12","111011000000","111011000000.0","Success","0.00069"
"6LFZ","12","1001000010","1001000010.0","Success","0.00057"
"6HHH","12","111110100010","111110100010.0","Success","0.00085"
"4WND","12","10110001111","10110001111.0","Success","0.00085"
"4PXO","12","111101100000","111101100000.0","Success","0.00079"
"6W03","12","110000001100","110000001100.0","Success","0.00047"
"7HKN","12","100011011100","100011011100.0","Success","0.0007"
"2XNH","12","1010110101","1010110101.0","Success","0.001"
"5V28","12","11100100111","11100100111.0","Success","0.0013"
"2YYK","12","101111000011","101111000011.0","Success","0.00075"
"7OXB","12","111111111111","111111111111.0","Success","0.00096"
"1I13","12","1010100111","1010100111.0","Success","0.00087"
"6TJE","12","111101100","111101100.0","Success","0.0009"
"7QXV","12","11111011010","11111011010.0","Success","0.0009"
"3ICA","12","111000011100","111000011100.0","Success","0.00082"
"7DDZ","12","110100000101","110100000101.0","Success","0.00081"
"3DGC","12","111100100000","111100100000.0","Success","0.00063"
"3WXG","12","101101110010","101101110010.0","Success","0.00057"
"8ECZ","12","101001010101","101001010101.0","Success","0.00053"
"3EDV","12","111011001000","111011001000.0","Success","0.00064"
"4HMN","12","11011111","11011111.0","Success","0.00091"
"5LQM","12","11000010100","11000010100.0","Success","0.00096"
"3HJO","12","101101010110","101101010110.0","Success","0.00083"
"1E24","12","111000111110","111000111110.0","Success","0.00079"
"4XT4","12","111001100011","111001100011.0","Success","0.00107"
"8APQ","12","110100100111","110100100111.0","Success","0.00033"
"3NNE","12","101000101","101000101.0","Success","0.00025"
"1ML2","12","111100101111","111100101111.0","Success","0.00102"
"1QR6","12","11010000011","11010000011.0","Success","0.00052"
"6B22","12","10011000011","10011000011.0","Success","0.00109"
"6P8X","12","110011011100","110011011100.0","Success","0.00065"
"2EWH","12","100100011","100100011.0","Success","0.00181"
"6BW4","12","11000000010","11000000010.0","Success","0.00059"
"6VT4","12","100000000111","100000000111.0","Success","0.00092"
"8TQ9","12","10110000011","10110000011.0","Success","0.00058"
"5CHG","12","11110000100","11110000100.0","Success","0.00076"
"3KR6","12","110000101111","110000101111.0","Success","0.00083"
"5N6M","12","1000000","1000000.0","Success","0.00076"
"6MYD","12","1010011110","1010011110.0","Success","0.00092"
"8ZJG","12","101100001101","101100001101.0","Success","0.00047"
"3C7F","12","100101110011","100101110011.0","Success","0.00075"
"5E03","12","111110001010","111110001010.0","Success","0.0016"
"5EPL","12","100011000000","100011000000.0","Success","0.00153"
"4HIR","12","110010101001","110010101001.0","Success","0.00043"
"5J1H","12","100001111011","100001111011.0","Success","0.00086"
"2Y69","12","101000001111","101000001111.0","Success","0.00028"
"5VS1","12","100101111011","100101111011.0","Success","0.00093"
"6CBV","12","11111100100","11111100100.0","Success","0.00071"
"5HVE","12","10000001101","10000001101.0","Success","0.00122"
"3BOA","12","100101001000","100101001000.0","Success","0.00079"
"2DN6","12","10100001111","10100001111.0","Success","0.00035"
"5ABW","12","101100110001","101100110001.0","Success","0.00113"
"1B9K","12","11010101001","11010101001.0","Success","0.00109"
"1SDM","12","11110111111","11110111111.0","Success","0.00089"
"5AIP","12","100110100101","100110100101.0","Success","0.00102"
"2G8R","12","1111100100","1111100100.0","Success","0.00105"
"3AGC","12","10001011101","10001011101.0","Success","0.00071"
"6R78","12","101111110110","101111110110.0","Success","0.00082"
"7N5S","12","101100011101","101100011101.0","Success","0.00161"
"5GHC","12","111011101010","111011101010.0","Success","0.0004"
"5VQ5","12","10001110101","10001110101.0","Success","0.00086"
"4CJR","12","101011100110","101011100110.0","Success","0.00094"
"7WSS","12","10011111101","10011111101.0","Success","0.00052"
"5RVE","12","1011001110","1011001110.0","Success","0.00088"
"2L4E","12","110100111001","110100111001.0","Success","0.0005"
"1B3T","12","111111111011","111111111011.0","Success","0.00098"
"7MLC","12","101000010100","101000010100.0","Success","0.00134"
"7GJ8","12","1100111111","1100111111.0","Success","0.00069"
"8F3P","12","110010001001","110010001001.0","Success","0.00065"
"1NMK","12","10011011011","10011011011.0","Success","0.00092"
"7QWA","12","11001010011","11001010011.0","Success","0.0015"
"9EBK","12","111100111001","111100111001.0","Success","0.0008"
"9FGM","12","111100001","111100001.0","Success","0.00049"
"2XIR","12","100011010100","100011010100.0","Success","0.00096"
"3E6V","12","11000100010","11000100010.0","Success","0.00066"
"8FK9","12","10110110101","10110110101.0","Success","0.00097"
"2L7E","12","11110000010","11110000010.0","Success","0.00035"
"4INS","12","101001111100","101001111100.0","Success","0.00168"
"2COS","12","101011001101","101011001101.0","Success","0.00051"
"4XG4","12","110010010111","110010010111.0","Success","0.00104"
"2B6A","12","11011110","11011110.0","Success","0.00054"
"1NID","12","1110010010","1110010010.0","Success","0.00093"
"8EK4","12","100010011111","100010011111.0","Success","0.00103"
"3I65","12","110010110011","110010110011.0","Success","0.00087"
"1ENO","12","101110001101","101110001101.0","Success","0.00098"
"6WG4","12","101101000110","101101000110.0","Success","0.00091"
"2R73","12","11001111110","11001111110.0","Success","0.00069"
"6P9Z","12","101101100011","101101100011.0","Success","0.0013"
"6G5Q","12","11011100010","11011100010.0","Success","0.00061"
"3K3E","12","111001111010","111001111010.0","Success","0.00065"
"3CXV","12","110001011101","110001011101.0","Success","0.00084"
"7LHI","12","1001001110","1001001110.0","Success","0.00041"
"2Y4U","12","110100011100","110100011100.0","Success","0.00084"
"2WGZ","12","10001101100","10001101100.0","Success","0.00071"
"2L84","12","101000001111","101000001111.0","Success","0.00035"
"3P3H","12","1010010011","1010010011.0","Success","0.00108"
"5AIV","12","101100100110","101100100110.0","Success","0.00061"
"2Q5Y","12","10111100011","10111100011.0","Success","0.00095"
"1G6B","12","111000101111","111000101111.0","Success","0.00163"
"6MPS","12","100110110010","100110110010.0","Success","0.00106"
"4CQP","12","101001101110","101001101110.0","Success","0.00076"
"7VH6","12","1110000110","1110000110.0","Success","0.00025"
"8R0S","12","100100111111","100100111111.0","Success","0.00077"
"1BK7","12","111001110010","111001110010.0","Success","0.00124"
"1SR5","12","11011000001","11011000001.0","Success","0.00066"
"5KDQ","12","10010011000","10010011000.0","Success","0.00072"
"2Z32","12","11101000111","11101000111.0","Success","0.00095"
"1KWQ","12","111011010000","111011010000.0","Success","0.00106"
"6CU2","12","10001110100","10001110100.0","Success","0.00107"
"1QBT","12","1010011100","1010011100.0","Success","0.00119"
"8GHZ","12","110101001111","110101001111.0","Success","0.00041"
"5V2L","12","11101111100","11101111100.0","Success","0.00095"
"7EHN","12","101110001","101110001.0","Success","0.00069"
"1DSS","12","10001100100","10001100100.0","Success","0.00063"
"7SR5","12","101101100100","101101100100.0","Success","0.00054"
"7M17","12","111101000","111101000.0","Success","0.00039"
"2ZDT","12","101000010011","101000010011.0","Success","0.00092"
"3VLJ","12","111000101110","111000101110.0","Success","0.00046"
"6P1Q","12","10111000000","10111000000.0","Success","0.00091"
"7AXS","12","100100111110","100100111110.0","Success","0.00093"
"6XQB","12","100010000101","100010000101.0","Success","0.00053"
"8UZ6","12","100000001111","100000001111.0","Success","0.00047"
"7F4X","12","111001001001","111001001001.0","Success","0.00087"
"5SNS","12","110101111001","110101111001.0","Success","0.00058"
"7UPN","12","110110001010","110110001010.0","Success","0.00052"
"2YR3","12","111100001010","111100001010.0","Success","0.00038"
"2QKU","12","111111001","111111001.0","Success","0.00106"
"5AAN","12","10100101000","10100101000.0","Success","0.00121"
"5QR8","12","101010111110","101010111110.0","Success","0.00058"
"6B7U","12","10100010101","10100010101.0","Success","0.0015"
"8PCH","12","11001101111","11001101111.0","Success","0.00106"
"5OUG","12","1010110","1010110.0","Success","0.00053"
"7CAI","12","111000110111","111000110111.0","Success","0.00027"
"3LOG","12","110101001","110101001.0","Success","0.00041"
"7YOB","12","111000101010","111000101010.0","Success","0.00026"
"4HYJ","12","111010111011","111010111011.0","Success","0.00078"
"1Y5B","12","110011111001","110011111001.0","Success","0.00113"
"6DNW","12","100010011010","100010011010.0","Success","0.00112"
"2PMZ","12","11111111000","11111111000.0","Success","0.00022"
"8ZDX","12","110110111","110110111.0","Success","0.00038"
"7CDV","12","11011001110","11011001110.0","Success","0.0007"
"8BUJ","12","1100010101","1100010101.0","Success","0.00026"
"1P2I","12","101010101110","101010101110.0","Success","0.00103"
"7TEF","12","101111000011","101111000011.0","Success","0.00081"
"2LE8","12","101010111001","101010111001.0","Success","0.00032"
"4W5W","12","10000101000","10000101000.0","Success","0.00102"
"2B4E","12","101001110110","101001110110.0","Success","0.00086"
"1BDX","12","1111111001","1111111001.0","Success","0.00061"
"3QNK","12","11011011001","11011011001.0","Success","0.00038"
"6AC4","12","11011100001","11011100001.0","Success","0.00034"
"7YHH","12","11001100101","11001100101.0","Success","0.00064"
"6I1R","12","11100010001","11100010001.0","Success","0.00067"
"5WSK","12","110010000001","110010000001.0","Success","0.00036"
"5RHQ","12","101001010011","101001010011.0","Success","0.00079"
"8Z5H","12","1111101101","1111101101.0","Success","0.00055"
"8ONI","12","11000110001","11000110001.0","Success","0.00056"
"2JNZ","12","10111100000","10111100000.0","Success","0.00036"
"6J5A","12","101111111","101111111.0","Success","0.00046"
"6KC2","12","101110011000","101110011000.0","Success","0.00092"
"8HX1","12","100001100101","100001100101.0","Success","0.0004"
"1D02","12","111000101000","111000101000.0","Success","0.00086"
"8HHA","12","100000001001","100000001001.0","Success","0.0003"
"5JC6","12","101110100100","101110100100.0","Success","0.00097"
"7M3K","12","110011100111","110011100111.0","Success","0.00067"
"1XQ5","12","100000001100","100000001100.0","Success","0.0007"
"5FJZ","12","100110011000","100110011000.0","Success","0.00049"
"6CPE","12","110110101100","110110101100.0","Success","0.00107"
"4PSJ","12","1010101","1010101.0","Success","0.00105"
"7ERU","12","100000010110","100000010110.0","Success","0.00089"
"1VHH","12","1111111","1111111.0","Success","0.00132"
"8EEQ","12","101101000001","101101000001.0","Success","0.00043"
"5ZDQ","12","101011110","101011110.0","Success","0.00052"
"4NBA","12","11101101011","11101101011.0","Success","0.00044"
"4KXZ","12","1010101001","1010101001.0","Success","0.00036"
"3EEQ","12","100110010001","100110010001.0","Success","0.00067"
"2DXC","12","100100100110","100100100110.0","Success","0.00039"
"2JG5","12","11011001011","11011001011.0","Success","0.00068"
"5NIZ","12","100110010000","100110010000.0","Success","0.00119"
"7M4A","12","110100010011","110100010011.0","Success","0.0009"
"3OZ1","12","11100011010","11100011010.0","Success","0.0008"
"3L0X","12","111100000001","111100000001.0","Success","0.00107"
"1LYA","12","101000010001","101000010001.0","Success","0.00065"
"8PLL","12","100010111011","100010111011.0","Success","0.0007"
"7O6L","12","11111001111","11111001111.0","Success","0.00124"
"2GJF","12","111110010100","111110010100.0","Success","0.00031"
"7N6R","12","1100011010","1100011010.0","Success","0.00043"
"5AR3","12","1001001111","1001001111.0","Success","0.00071"
"1EHB","12","11110100111","11110100111.0","Success","0.00188"
"7JY6","12","1010110010","1010110010.0","Success","0.00032"
"3VU4","12","110001011111","110001011111.0","Success","0.00065"
"7R27","12","1001101101","1001101101.0","Success","0.0006"
"5MHL","12","1001010001","1001010001.0","Success","0.00045"
"1HZE","12","111110001110","111110001110.0","Success","0.0012"
"8ETB","12","1001110","1001110.0","Success","0.00087"
"7XBU","12","11011101101","11011101101.0","Success","0.00075"
"7PKP","12","1100110","1100110.0","Success","0.00034"
"9D8M","12","100001001010","100001001010.0","Success","0.00106"
"4M3K","12","11000111001","11000111001.0","Success","0.00087"
"6JOO","12","111000001110","111000001110.0","Success","0.00059"
"1ZZ2","12","110110001011","110110001011.0","Success","0.00092"
"2C4Z","12","10011101111","10011101111.0","Success","0.00085"
"3RSR","12","110000000000","110000000000.0","Success","0.00068"
"8Z7W","12","111100010010","111100010010.0","Success","0.00085"
"9BDI","12","11011101100","11011101100.0","Success","0.00048"
"7OZV","12","111101110001","111101110001.0","Success","0.00053"
"5FRP","12","110001010100","110001010100.0","Success","0.00044"
"3WSI","12","100100011011","100100011011.0","Success","0.00044"
"1RUC","12","101011111000","101011111000.0","Success","0.00059"
"3SEZ","12","1000100000","1000100000.0","Success","0.00032"
"7R73","12","10111100000","10111100000.0","Success","0.00086"
"3ZJU","12","1000010101","1000010101.0","Success","0.00059"
"7XIZ","12","100010011","100010011.0","Success","0.00103"
"1NOK","12","100101111011","100101111011.0","Success","0.00059"
"6AUC","12","100000000111","100000000111.0","Success","0.00149"
"6LN2","12","101111101100","101111101100.0","Success","0.00057"
"4YZK","12","110110001010","110110001010.0","Success","0.00088"
"3QGG","12","11011100111","11011100111.0","Success","0.0005"
"7SYU","12","100101000101","100101000101.0","Success","0.00024"
"7ICJ","12","110011000","110011000.0","Success","0.00093"
"1KIT","12","100101001010","100101001010.0","Success","0.0006"
"2IAB","12","10011001110","10011001110.0","Success","0.00094"
"4H3X","12","1101100111","1101100111.0","Success","0.00088"
"1DQO","12","10110101111","10110101111.0","Success","0.00145"
"8VZJ","12","100000010010","100000010010.0","Success","0.00026"
"7P6K","12","101011101010","101011101010.0","Success","0.00024"
"1VKD","12","100100110001","100100110001.0","Success","0.00039"
"5QGY","12","1101101111","1101101111.0","Success","0.00122"
"8DTM","12","10110011100","10110011100.0","Success","0.0006"
"8Q67","12","101101011000","101101011000.0","Success","0.00029"
"2WKM","12","101100101100","101100101100.0","Success","0.00096"
"3NVN","12","100101101101","100101101101.0","Success","0.00056"
"7Y5V","12","101110010101","101110010101.0","Success","0.00035"
"2DUE","12","10000101","10000101.0","Success","0.00114"
"7X4E","12","11010111101","11010111101.0","Success","0.00159"
"8SSK","12","101101001111","101101001111.0","Success","0.00048"
"8A4G","12","11010101000","11010101000.0","Success","0.00091"
"7Y9V","12","10001010001","10001010001.0","Success","0.00054"
"1I3K","12","1110111110","1110111110.0","Success","0.00064"
"5M5V","12","100011101111","100011101111.0","Success","0.0006"
"5SDP","12","10001111111","10001111111.0","Success","0.00044"
"5I50","12","11001100100","11001100100.0","Success","0.00127"
"4OF1","12","101011001110","101011001110.0","Success","0.00111"
"8AC2","12","10110000101","10110000101.0","Success","0.00029"
"5FZO","12","1101001010","1101001010.0","Success","0.00064"
"7O49","12","1110011000","1110011000.0","Success","0.00022"
"3KYH","12","110010010100","110010010100.0","Success","0.00046"
"8QDI","12","101001111111","101001111111.0","Success","0.00093"
"3NY4","12","101110000110","101110000110.0","Success","0.00101"
"4ROU","12","11001001000","11001001000.0","Success","0.00077"
"3B4W","12","11010101001","11010101001.0","Success","0.00075"
"6HUI","12","1110011100","1110011100.0","Success","0.00055"
"4MZ5","12","10000100010","10000100010.0","Success","0.0008"
"215L","12","111000111","111000111.0","Success","0.00129"
"4EMK","12","1000011","1000011.0","Success","0.0012"
"8JML","12","10100010101","10100010101.0","Success","0.00073"
"2FR5","12","110100000100","110100000100.0","Success","0.00071"
"1M9T","12","110111111011","110111111011.0","Success","0.00057"
"9DHS","12","11000000100","11000000100.0","Success","0.00034"
"4OJJ","12","110110001011","110110001011.0","Success","0.00055"
"4X1O","12","110111010000","110111010000.0","Success","0.00113"
"5AIK","12","100110000100","100110000100.0","Success","0.00044"
"5GYD","12","11101111110","11101111110.0","Success","0.00055"
"7DKH","12","111011001100","111011001100.0","Success","0.0003"
"8EMW","12","10110110011","10110110011.0","Success","0.00044"
"7WI8","12","101100100000","101100100000.0","Success","0.00043"
"6PTM","12","100011001001","100011001001.0","Success","0.00064"
"5ZBK","12","110101001010","110101001010.0","Success","0.00122"
"2YVQ","12","100001111","100001111.0","Success","0.00141"
"5GIR","12","100010110110","100010110110.0","Success","0.00058"
"7BQY","12","11101100010","11101100010.0","Success","0.00094"
"3RID","12","100111111001","100111111001.0","Success","0.00075"
"9QYY","12","111100110011","111100110011.0","Success","0.0006"
"3NQO","12","1001110100","1001110100.0","Success","0.00088"
"3SL9","12","101010001","101010001.0","Success","0.00062"
"6ONU","12","100001000010","100001000010.0","Success","0.0007"
"3VRV","12","111000000001","111000000001.0","Success","0.00108"
"2KTB","12","10101001001","10101001001.0","Success","0.00031"
"5FKA","12","101110010111","101110010111.0","Success","0.00066"
"8SPG","12","111011111100","111011111100.0","Success","0.00055"
"8DMH","12","110110100000","110110100000.0","Success","0.00041"
"4XUI","12","110010100100","110010100100.0","Success","0.00066"
"2G5N","12","10001001010","10001001010.0","Success","0.00113"
"5S5H","12","11111110100","11111110100.0","Success","0.00036"
"4RQB","12","11001","11001.0","Success","0.00089"
"3AS2","12","110111111111","110111111111.0","Success","0.00069"
"7B3M","12","111011101010","111011101010.0","Success","0.00068"
"7NU6","12","111110110101","111110110101.0","Success","0.00057"
"2VL6","12","100000101001","100000101001.0","Success","0.0006"
"3VIF","12","111101111111","111101111111.0","Success","0.00077"
"6J0T","12","111011000001","111011000001.0","Success","0.00052"
"2RF4","12","10011010010","10011010010.0","Success","0.00063"
"3BCS","12","101101001110","101101001110.0","Success","0.00059"
"4ZW7","12","101011101100","101011101100.0","Success","0.00057"
"6A0P","12","1100111110","1100111110.0","Success","0.00085"
"1SKM","12","10100110101","10100110101.0","Success","0.00095"
"8OFS","12","110011001101","110011001101.0","Success","0.00067"
"6W1D","12","101101110100","101101110100.0","Success","0.00062"
"7KM1","12","11010000011","11010000011.0","Success","0.00041"
"3WFI","12","110101111000","110101111000.0","Success","0.00067"
"2Q07","12","110101011111","110101011111.0","Success","0.00102"
"3TI7","12","1010101000","1010101000.0","Success","0.00093"
"8XQD","12","100101011100","100101011100.0","Success","0.0007"
"3LNF","12","110001001110","110001001110.0","Success","0.00083"
"8QUO","12","100010001010","100010001010.0","Success","0.0005"
"8HN8","12","11011001001","11011001001.0","Success","0.00048"
"5LEE","12","11110011011","11110011011.0","Success","0.00078"
"2W8G","12","111111010000","111111010000.0","Success","0.00053"
"3AHU","12","111001000101","111001000101.0","Success","0.00121"
"6LJ5","12","10000011011","10000011011.0","Success","0.00107"
"3U48","12","111100001110","111100001110.0","Success","0.00044"
"2HU6","12","100001010001","100001010001.0","Success","0.00131"
"1ZDF","12","11001000101","11001000101.0","Success","0.00105"
"3RRD","12","11101111101","11101111101.0","Success","0.00112"
"2GVW","12","10011001110","10011001110.0","Success","0.00097"
"2KB6","12","100100010001","100100010001.0","Success","0.00052"
"3UOL","12","1001100000","1001100000.0","Success","0.00072"
"8RI1","12","11111011","11111011.0","Success","0.00049"
"4BLO","12","101111100100","101111100100.0","Success","0.0003"
"2XSO","12","110001100101","110001100101.0","Success","0.0002"
"4OM2","12","110010111011","110010111011.0","Success","0.00082"
"8IVH","12","100010000010","100010000010.0","Success","0.00064"
"6SQU","12","1111001000","1111001000.0","Success","0.00072"
"8JUK","12","10100111011","10100111011.0","Success","0.00081"
"5T7Z","12","11000001111","11000001111.0","Success","0.00075"
"3R0O","12","100101010","100101010.0","Success","0.00059"
"4IC6","12","110101000101","110101000101.0","Success","0.00052"
"3FW6","12","101111110001","101111110001.0","Success","0.00072"
"4OUG","12","1100000111","1100000111.0","Success","0.00064"
"8SAD","12","11000100011","11000100011.0","Success","0.00058"
"6G0Q","12","100111000011","100111000011.0","Success","0.00147"
"6IMB","12","110110111101","110110111101.0","Success","0.00067"
"2NY7","12","1011101","1011101.0","Success","0.00061"
"2KTM","12","1010111101","1010111101.0","Success","0.00059"
"5N09","12","100000000","100000000.0","Success","0.00042"
"6J0G","12","100010100","100010100.0","Success","0.00058"
"6EXZ","12","11100110010","11100110010.0","Success","0.00211"
"5A43","12","110101001001","110101001001.0","Success","0.0008"
"8QGZ","12","101110","101110.0","Success","0.00073"
"4U66","12","11001011","11001011.0","Success","0.00069"
"1SZS","12","101111101010","101111101010.0","Success","0.0004"
"4TXD","12","101111010110","101111010110.0","Success","0.00092"
"3P1U","12","1111011111","1111011111.0","Success","0.00051"
"1IDT","12","1001101110","1001101110.0","Success","0.00081"
"8T3P","12","111100000110","111100000110.0","Success","0.00054"
"3TYD","12","111101111000","111101111000.0","Success","0.00074"
"7FOQ","12","11001011011","11001011011.0","Success","0.00071"
"7SEE","12","110010100010","110010100010.0","Success","0.00026"
"7F7C","12","101001100111","101001100111.0","Success","0.00103"
"5DTL","12","10001100001","10001100001.0","Success","0.00033"
"5HUG","12","100110111110","100110111110.0","Success","0.00086"
"5QLM","12","101110000110","101110000110.0","Success","0.00087"
"6IH0","12","10101110000","10101110000.0","Success","0.00106"
"2DQ6","12","11011111100","11011111100.0","Success","0.00059"
"6YOA","12","10101011011","10101011011.0","Success","0.00101"
"4X2N","12","10000101000","10000101000.0","Success","0.00096"
"5MUQ","12","110110100101","110110100101.0","Success","0.00057"
"7TQ4","12","110010111","110010111.0","Success","0.00098"
"2EF9","12","110101000111","110101000111.0","Success","0.00073"
"1UJK","12","101000000000","101000000000.0","Success","0.00099"
"1T1V","12","111010101101","111010101101.0","Success","0.00121"
"7DCY","12","1111000101","1111000101.0","Success","0.00064"
"4GXS","12","10000000111","10000000111.0","Success","0.00075"
"4Z3D","12","111010011011","111010011011.0","Success","0.0005"
"7AV7","12","1101101110","1101101110.0","Success","0.00035"
"7E1D","12","1100001000","1100001000.0","Success","0.00121"
"5KEV","12","111111010000","111111010000.0","Success","0.00111"
"1SKR","12","101101010010","101101010010.0","Success","0.0006"
"8W71","12","11100101100","11100101100.0","Success","0.00053"
"8IPK","12","1100110110","1100110110.0","Success","0.00096"
"2YKQ","12","110011100110","110011100110.0","Success","0.00069"
"3T7R","12","10111001110","10111001110.0","Success","0.00074"
"1MPW","12","101110110101","101110110101.0","Success","0.0006"
"5V5J","12","11100000011","11100000011.0","Success","0.00099"
"7BTO","12","100000110001","100000110001.0","Success","0.00032"
"4KFQ","12","1001011100","1001011100.0","Success","0.0007"
"7KO0","12","101001010","101001010.0","Success","0.00162"
"5LSW","12","11101101010","11101101010.0","Success","0.0007"
"7URA","12","1000001001","1000001001.0","Success","0.00067"
"2OV7","12","101110011011","101110011011.0","Success","0.00083"
"6DOE","12","111111000010","111111000010.0","Success","0.00144"
"6VC5","12","101101110111","101101110111.0","Success","0.00093"
"3KEF","12","100001100000","100001100000.0","Success","0.00066"
"8FZ5","12","101110000","101110000.0","Success","0.00021"
"3SL1","12","1001011010","1001011010.0","Success","0.00097"
"5LU7","12","101011100010","101011100010.0","Success","0.00059"
"5VMC","12","1000010000","1000010000.0","Success","0.00045"
"5KS2","12","10110000101","10110000101.0","Success","0.00115"
"6DID","12","101010001101","101010001101.0","Success","0.00031"
"4TUY","12","1001011","1001011.0","Success","0.00035"
"6PXF","12","111001010","111001010.0","Success","0.00114"
"2RF1","12","100100001101","100100001101.0","Success","0.00069"
"8A4U","12","100001100111","100001100111.0","Success","0.00056"
"7W0B","12","101111010101","101111010101.0","Success","0.00043"
"1CDW","12","100010000100","100010000100.0","Success","0.00123"
"2XTQ","12","1011011010","1011011010.0","Success","0.00037"
"5QST","12","100100101000","100100101000.0","Success","0.00048"
"4WXH","12","100010100011","100010100011.0","Success","0.00065"
"6RS0","12","100011100000","100011100000.0","Success","0.00053"
"5I4R","12","11100001000","11100001000.0","Success","0.0005"
"7VQX","12","1111010000","1111010000.0","Success","0.00049"
"2APJ","12","110111111011","110111111011.0","Success","0.00055"
"8VEH","12","10010011011","10010011011.0","Success","0.00062"
"6SD4","12","101000001","101000001.0","Success","0.00023"
"6APR","12","111100101111","111100101111.0","Success","0.00093"
"4FOC","12","10011101101","10011101101.0","Success","0.00098"
"8AAM","12","110010001011","110010001011.0","Success","0.00093"
"4JLU","12","101011010100","101011010100.0","Success","0.00113"
"3QL2","12","101110111001","101110111001.0","Success","0.00107"
"6NUC","12","1010111010","1010111010.0","Success","0.00072"
"1KSO","12","1010010000","1010010000.0","Success","0.00122"
"5XSS","12","111111110","111111110.0","Success","0.00052"
"3HKL","12","11111100010","11111100010.0","Success","0.00095"
"2CA1","12","111010011110","111010011110.0","Success","0.00113"
"1PJT","12","1110011111","1110011111.0","Success","0.00056"
"3DZF","12","111101000111","111101000111.0","Success","0.00044"
"7XX1","12","11000101101","11000101101.0","Success","0.00076"
"1BNV","12","110000100100","110000100100.0","Success","0.00103"
"4PN9","12","111011111010","111011111010.0","Success","0.00128"
"8JSF","12","101100110010","101100110010.0","Success","0.00076"
"8I83","12","110101100011","110101100011.0","Success","0.00035"
"7XNE","12","1111011011","1111011011.0","Success","0.00109"
"3MK6","12","101001111111","101001111111.0","Success","0.00045"
"7XNV","12","101110011110","101110011110.0","Success","0.00037"
"5WWD","12","10001100011","10001100011.0","Success","0.00101"
"7G6C","12","111011000001","111011000001.0","Success","0.00059"
"8IHV","12","10010100001","10010100001.0","Success","0.00121"
"6J4Q","12","10111011011","10111011011.0","Success","0.00052"
"2LGI","12","110100010010","110100010010.0","Success","0.00071"
"4X1W","12","110011111001","110011111001.0","Success","0.00044"
"1BG3","12","1110101110","1110101110.0","Success","0.0004"
"3L1S","12","100110110110","100110110110.0","Success","0.00065"
"2EDJ","12","100000011","100000011.0","Success","0.00037"
"3L70","12","111110100","111110100.0","Success","0.00027"
"4X0Y","12","10101101001","10101101001.0","Success","0.00047"
"5ZVV","12","100000011111","100000011111.0","Success","0.00063"
"2J1X","12","100111001110","100111001110.0","Success","0.00085"
"6RWI","12","110100000","110100000.0","Success","0.00107"
"3V5T","12","1101000100","1101000100.0","Success","0.00076"
"8WZQ","12","100100011010","100100011010.0","Success","0.00069"
"4CP0","12","1010001001","1010001001.0","Success","0.00114"
"7DNB","12","1100001001","1100001001.0","Success","0.00064"
"8WE3","12","101111100010","101111100010.0","Success","0.00144"
"3UY4","12","110001010111","110001010111.0","Success","0.00097"
"3TM6","12","110111011111","110111011111.0","Success","0.00061"
"4Y8C","12","111011010","111011010.0","Success","0.00068"
"4ZAO","12","100010010000","100010010000.0","Success","0.00106"
"2WWB","12","100100101111","100100101111.0","Success","0.00044"
"8CJC","12","101011001011","101011001011.0","Success","0.00045"
"4UA1","12","110110101011","110110101011.0","Success","0.00108"
"8H14","12","1001000","1001000.0","Success","0.00031"
"4RRO","12","110000000011","110000000011.0","Success","0.00084"
"3ED8","12","100000000001","100000000001.0","Success","0.0005"
"8T5E","12","10100001101","10100001101.0","Success","0.0014"
"8OIJ","12","100111111001","100111111001.0","Success","0.0009"
"3OB0","12","110110011011","110110011011.0","Success","0.00058"
"3FIT","12","11001","11001.0","Success","0.00145"
"5X2Y","12","111101001111","111101001111.0","Success","0.00043"
"1XGP","12","101010000101","101010000101.0","Success","0.00073"
"8KAI","12","11010110","11010110.0","Success","0.00032"
"4P4P","12","110010000111","110010000111.0","Success","0.00102"
"2LHE","12","110000011000","110000011000.0","Success","0.00049"
"6MH6","12","111101001110","111101001110.0","Success","0.00103"
"5A6W","12","1011111","1011111.0","Success","0.00108"
"5HVD","12","100001001011","100001001011.0","Success","0.00107"
"4K25","12","1011000001","1011000001.0","Success","0.00088"
"6BJ5","12","100111110010","100111110010.0","Success","0.00053"
"6B20","12","1110101110","1110101110.0","Success","0.00053"
"3BAF","12","10000001","10000001.0","Success","0.00135"
"4WV1","12","111100101","111100101.0","Success","0.00051"
"1BMK","12","10101011011","10101011011.0","Success","0.00091"
"8TKQ","12","10011111111","10011111111.0","Success","0.00038"
"6IOC","12","110100111000","110100111000.0","Success","0.00119"
"2N1G","12","101010011001","101010011001.0","Success","0.00036"
"5PDQ","12","111111011","111111011.0","Success","0.00158"
"3BFJ","12","111110010011","111110010011.0","Success","0.00019"
"7JQ7","12","101110","101110.0","Success","0.0004"
"2BFN","12","101010000000","101010000000.0","Success","0.00098"
"6IWF","12","110100001110","110100001110.0","Success","0.00068"
"1A2B","12","1011111100","1011111100.0","Success","0.00126"
"5DDQ","12","11101011001","11101011001.0","Success","0.00126"
"1LTV","12","110111000000","110111000000.0","Success","0.00104"
"2VEY","12","110101100110","110101100110.0","Success","0.00097"
"8T68","12","101010101011","101010101011.0","Success","0.0011"
"7A8C","12","1110100111","1110100111.0","Success","0.00114"
"6EVJ","12","101010111100","101010111100.0","Success","0.00026"
"3TEA","12","100110000000","100110000000.0","Success","0.001"
"5E4Q","12","110010001001","110010001001.0","Success","0.00102"
"1YPE","12","100110001111","100110001111.0","Success","0.00102"
"5HKF","12","100101111011","100101111011.0","Success","0.00095"
"2M3D","12","101011010101","101011010101.0","Success","0.00038"
"1CA7","12","101100101100","101100101100.0","Success","0.00093"
"2B9D","12","11100001100","11100001100.0","Success","0.00163"
"6TVV","12","101101100","101101100.0","Success","0.00057"
"1JJ2","12","1100101000","1100101000.0","Success","0.00028"
"7YZ2","12","110101011001","110101011001.0","Success","0.00052"
"2P1B","12","11110001","11110001.0","Success","0.00053"
"6POI","12","101","101.0","Success","0.00087"
"7R9N","12","11001111001","11001111001.0","Success","0.00068"
"3O1Q","12","101111100110","101111100110.0","Success","0.00067"
"1G2E","12","101011000010","101011000010.0","Success","0.00129"
"8QG5","12","101110011111","101110011111.0","Success","0.001"
"8AIM","12","11101001000","11101001000.0","Success","0.00068"
"3NMS","12","10111001001","10111001001.0","Success","0.00048"
"7VH9","12","1101110110","1101110110.0","Success","0.00035"
"4ZWL","12","100011001001","100011001001.0","Success","0.00026"
"8ZME","12","10111100010","10111100010.0","Success","0.00049"
"3QYX","12","101001000101","101001000101.0","Success","0.00074"
"6XO3","12","11011011011","11011011011.0","Success","0.00097"
"8Q88","12","11111011000","11111011000.0","Success","0.00079"
"5S85","12","10001011","10001011.0","Success","0.0007"
"1EB9","12","100000101","100000101.0","Success","0.00072"
"8P3M","12","101011111110","101011111110.0","Success","0.00019"
"5WXG","12","110100010100","110100010100.0","Success","0.002"
"2RGM","12","11101100011","11101100011.0","Success","0.00054"
"5I11","12","111000110010","111000110010.0","Success","0.00221"
"3G3T","12","11100010010","11100010010.0","Success","0.00098"
"2BXL","12","1111010010","1111010010.0","Success","0.00068"
"8P79","12","110010000001","110010000001.0","Success","0.00067"
"4RM3","12","1111100001","1111100001.0","Success","0.00052"
"4U95","12","111001111001","111001111001.0","Success","0.0003"
"8ZT2","12","100010001111","100010001111.0","Success","0.00054"
"6S3V","12","101110001101","101110001101.0","Success","0.00085"
"8YH0","12","100011001111","100011001111.0","Success","0.00052"
"3FTY","12","110101111011","110101111011.0","Success","0.00069"
"4TTQ","12","111000000010","111000000010.0","Success","0.00116"
"4BGZ","12","1000001101","1000001101.0","Success","0.00045"
"2CT2","12","1101101111","1101101111.0","Success","0.0004"
"6DRE","12","11010101001","11010101001.0","Success","0.00073"
"8RJF","12","10011011111","10011011111.0","Success","0.00033"
"7KSC","12","101101001011","101101001011.0","Success","0.00086"
"6MZO","12","1100010101","1100010101.0","Success","0.00088"
"5DAA","12","111001011101","111001011101.0","Success","0.00073"
"6CRV","12","1011010110","1011010110.0","Success","0.00032"
"6F3R","12","11101011100","11101011100.0","Success","0.00058"
"1UL1","12","10110101000","10110101000.0","Success","0.0004"
"6NHW","12","11101100101","11101100101.0","Success","0.00029"
"5WC9","12","1011110001","1011110001.0","Success","0.00075"
"4PZL","12","100101010010","100101010010.0","Success","0.00058"
"1VQB","12","10011111011","10011111011.0","Success","0.00188"
"6MV0","12","110011011011","110011011011.0","Success","0.00137"
"4BXF","12","1101100110","1101100110.0","Success","0.00057"
"4LZZ","12","111000110110","111000110110.0","Success","0.00022"
"6GEP","12","101110101101","101110101101.0","Success","0.00079"
"8JCH","12","1100011000","1100011000.0","Success","0.00024"
"1LRM","12","1001110101","1001110101.0","Success","0.00098"
"3ZKB","12","100011111111","100011111111.0","Success","0.00021"
"5Z00","12","10111001000","10111001000.0","Success","0.00078"
"1JNW","12","111001111","111001111.0","Success","0.00118"
"3T59","12","11101010100","11101010100.0","Success","0.00038"
"2CV2","12","101000100011","101000100011.0","Success","0.00055"
"2I37","12","101010011110","101010011110.0","Success","0.00054"
"1VFW","12","111000100101","111000100101.0","Success","0.00092"
"6DQQ","12","100110010100","100110010100.0","Success","0.00075"
"7XET","12","10001011110","10001011110.0","Success","0.00082"
"1IHP","12","110010010011","110010010011.0","Success","0.00082"
"9LJ2","12","101001111111","101001111111.0","Success","0.00039"
"6SPI","12","1101111011","1101111011.0","Success","0.0004"
"7YRB","12","101000010001","101000010001.0","Success","0.00187"
"7T5X","12","1110001010","1110001010.0","Success","0.00042"
"5LNG","12","110111000001","110111000001.0","Success","0.00069"
"7N7R","12","1111100100","1111100100.0","Success","0.00064"
"5I2D","12","11111110000","11111110000.0","Success","0.00019"
"1Q8F","12","100000000101","100000000101.0","Success","0.00047"
"6GGR","12","101110011101","101110011101.0","Success","0.00089"
"5GVJ","12","110011010110","110011010110.0","Success","0.00069"
"2LEO","12","10101110011","10101110011.0","Success","0.00045"
"3QAY","12","10111110001","10111110001.0","Success","0.00062"
"3AGY","12","1000011001","1000011001.0","Success","0.00085"
"9HZE","12","11010011011","11010011011.0","Success","0.00035"
"7NC6","12","100000101111","100000101111.0","Success","0.00044"
"5Q97","12","1100011001","1100011001.0","Success","0.0009"
"7ZRQ","12","101011010011","101011010011.0","Success","0.00126"
"5YDD","12","11010100100","11010100100.0","Success","0.00103"
"8VKO","12","111100011011","111100011011.0","Success","0.00024"
"6CNB","12","101110110010","101110110010.0","Success","0.00022"
"5AH3","12","110010101101","110010101101.0","Success","0.00079"
"8EAX","12","1110011001","1110011001.0","Success","0.00035"
"1P1T","12","111100000011","111100000011.0","Success","0.00038"
"8U7C","12","11011011000","11011011000.0","Success","0.00104"
"9D81","12","111010011010","111010011010.0","Success","0.00065"
"8AQA","12","11011110","11011110.0","Success","0.00119"
"5QPS","12","1110101","1110101.0","Success","0.00084"
"4RHH","12","10111001101","10111001101.0","Success","0.00032"
"3OIX","12","100111001100","100111001100.0","Success","0.00048"
"2BPR","12","10011001010","10011001010.0","Success","0.00026"
"6MX3","12","111110110100","111110110100.0","Success","0.0009"
"6GEJ","12","111110100","111110100.0","Success","0.00024"
"7UJN","12","100010001100","100010001100.0","Success","0.00039"
"8XMJ","12","101100110110","101100110110.0","Success","0.00067"
"2HQV","12","101101011001","101101011001.0","Success","0.0013"
"7RC9","12","101101001101","101101001101.0","Success","0.00046"
"5VMG","12","100011011000","100011011000.0","Success","0.00045"
"3JX1","12","110000010000","110000010000.0","Success","0.00059"
"3PQ5","12","1011100110","1011100110.0","Success","0.00031"
"8ARR","12","110001001100","110001001100.0","Success","0.00108"
"2EQS","12","110110110000","110110110000.0","Success","0.00037"
"2CFV","12","110101010010","110101010010.0","Success","0.001"
"1XPU","12","10101111","10101111.0","Success","0.00034"
"3FXZ","12","11000001101","11000001101.0","Success","0.00094"
"7VL0","12","110101001000","110101001000.0","Success","0.00044"
"1F1C","12","110010000011","110010000011.0","Success","0.00104"
"6GIP","12","10011101101","10011101101.0","Success","0.00096"
"1K47","12","100010011001","100010011001.0","Success","0.0004"
"7L5S","12","11111100110","11111100110.0","Success","0.00058"
"4NFT","12","11111010011","11111010011.0","Success","0.0006"
"2GJP","12","1110110001","1110110001.0","Success","0.00079"
"1STS","12","110110111","110110111.0","Success","0.00105"
"6IF1","12","11011010011","11011010011.0","Success","0.0007"
"8K7O","12","11100110110","11100110110.0","Success","0.00112"
"8QDY","12","10111010","10111010.0","Success","0.00086"
"4LD3","12","11101100111","11101100111.0","Success","0.0013"
"5ZM0","12","1001100001","1001100001.0","Success","0.00077"
"7A4Y","12","1011100000","1011100000.0","Success","0.00084"
"6EED","12","10000011000","10000011000.0","Success","0.00055"
"3ZUF","12","100101000000","100101000000.0","Success","0.00047"
"5FQ0","12","100100111011","100100111011.0","Success","0.00082"
"1J22","12","110111010011","110111010011.0","Success","0.00146"
"4NY3","12","10110111000","10110111000.0","Success","0.00068"
"4WC8","12","11000101011","11000101011.0","Success","0.00139"
"3B49","12","100001010110","100001010110.0","Success","0.0012"
"5J46","12","100100100110","100100100110.0","Success","0.00131"
"1L5V","12","110100000111","110100000111.0","Success","0.00042"
"1KSV","12","1000011100","1000011100.0","Success","0.00112"
"6SNI","12","100110010011","100110010011.0","Success","0.00054"
"7ZIC","12","101111111010","101111111010.0","Success","0.00048"
"6C8F","12","1010101011","1010101011.0","Success","0.00067"
"2C5B","12","1110001111","1110001111.0","Success","0.00058"
"5XKA","12","11100100111","11100100111.0","Success","0.00075"
"7C9I","12","1111110011","1111110011.0","Success","0.00046"
"1S98","12","1100110000","1100110000.0","Success","0.00119"
"7GSX","12","110","110.0","Success","0.00099"
"4TRR","12","100011110100","100011110100.0","Success","0.00036"
"8QNG","12","11111001001","11111001001.0","Success","0.00086"
"4JS8","12","10111100010","10111100010.0","Success","0.00105"
"4V2G","12","110010001110","110010001110.0","Success","0.00082"
"3K2X","12","100100011001","100100011001.0","Success","0.00079"
"1HKH","12","101110101000","101110101000.0","Success","0.00073"
"6QVF","12","101110101101","101110101101.0","Success","0.00062"
"8CLG","12","1001011010","1001011010.0","Success","0.00036"
"8ZTK","12","101010001000","101010001000.0","Success","0.0006"
"9DYN","12","10001011000","10001011000.0","Success","0.0004"
"3O0D","12","1001111","1001111.0","Success","0.00036"
"6D0S","12","1010011111","1010011111.0","Success","0.001"
"6U39","12","101011110000","101011110000.0","Success","0.00042"
"6N2J","12","110010011111","110010011111.0","Success","0.00127"
"6HPR","12","110101100","110101100.0","Success","0.00088"
"8WYC","12","11100001010","11100001010.0","Success","0.00033"
"6LA5","12","10010011010","10010011010.0","Success","0.00054"
"3UD8","12","110111000011","110111000011.0","Success","0.00086"
"2YXL","12","11110111001","11110111001.0","Success","0.00081"
"1SS4","12","100100100","100100100.0","Success","0.00099"
"6NOS","12","10100000010","10100000010.0","Success","0.00106"
"1Y2K","12","101001010","101001010.0","Success","0.00066"
"7PBQ","12","1100010110","1100010110.0","Success","0.00039"
"8DX0","12","111110100001","111110100001.0","Success","0.00099"
"2Z9L","12","10111111000","10111111000.0","Success","0.00068"
"5PF0","12","10110111001","10110111001.0","Success","0.00156"
"5HWF","12","100101011010","100101011010.0","Success","0.00132"
"9F7X","12","111000010001","111000010001.0","Success","0.00101"
"7R7Y","12","11110000001","11110000001.0","Success","0.00085"
"8VH0","12","101011110101","101011110101.0","Success","0.00049"
"5AIS","12","110111000000","110111000000.0","Success","0.00061"
"3NLP","12","110100000100","110100000100.0","Success","0.00059"
"7V46","12","101100101010","101100101010.0","Success","0.0008"
"1B0O","12","110100111111","110100111111.0","Success","0.00132"
"4ZZU","12","110101001","110101001.0","Success","0.00076"
"6N12","12","101000010001","101000010001.0","Success","0.00073"
"2F2V","12","10011111110","10011111110.0","Success","0.00211"
"7WD9","12","10101011010","10101011010.0","Success","0.00025"
"4EJQ","12","1010001101","1010001101.0","Success","0.00049"
"7GEV","12","111000100011","111000100011.0","Success","0.00095"
"5Z79","12","1001001011","1001001011.0","Success","0.00029"
"7MIM","12","100000111001","100000111001.0","Success","0.00033"
"6R5C","12","1000010111","1000010111.0","Success","0.00086"
"6I41","12","11110110011","11110110011.0","Success","0.00142"
"5CDY","12","1011111100","1011111100.0","Success","0.00058"
"7WU1","12","110101110100","110101110100.0","Success","0.00029"
"3ZDZ","12","110111011000","110111011000.0","Success","0.00032"
"5MH0","12","100000000000","100000000000.0","Success","0.00138"
"6TM2","12","1010001011","1010001011.0","Success","0.00033"
"3KKB","12","111001100010","111001100010.0","Success","0.00105"
"8JYB","12","100000001","100000001.0","Success","0.00083"
"5XBN","12","1001111111","1001111111.0","Success","0.00159"
"9BGS","12","110101111101","110101111101.0","Success","0.00055"
"8OJS","12","110011000000","110011000000.0","Success","0.00057"
"1EXD","12","100110011110","100110011110.0","Success","0.00073"
"5FY0","12","10100000010","10100000010.0","Success","0.00056"
"5US1","12","101101100100","101101100100.0","Success","0.00037"
"5Y7Y","12","101011010010","101011010010.0","Success","0.00078"
"8OFJ","12","110001110110","110001110110.0","Success","0.001"
"3R2T","12","10001010101","10001010101.0","Success","0.00083"
"5NCB","12","111000000011","111000000011.0","Success","0.00083"
"8Q9E","12","100110000110","100110000110.0","Success","0.00079"
"1L66","12","100100011010","100100011010.0","Success","0.00128"
"4MZA","12","111011000100","111011000100.0","Success","0.00057"
"6WE1","12","101000011101","101000011101.0","Success","0.00112"
"1Y1Z","12","11001101011","11001101011.0","Success","0.00097"
"1DHR","12","100111011000","100111011000.0","Success","0.00107"
"8VM8","12","100101001111","100101001111.0","Success","0.00079"
"1OPB","12","11001001001","11001001001.0","Success","0.00073"
"8ZJA","12","11011000110","11011000110.0","Success","0.00113"
"3LHP","12","110001000010","110001000010.0","Success","0.00064"
"8C0L","12","101101001010","101101001010.0","Success","0.00109"
"1RQ8","12","11010","11010.0","Success","0.00054"
"7JY7","12","1010010001","1010010001.0","Success","0.00031"
"7V6N","12","100011000101","100011000101.0","Success","0.00025"
"1TYS","12","1010111110","1010111110.0","Success","0.00102"
"6YN9","12","111011001","111011001.0","Success","0.00088"
"8YGN","12","111111101011","111111101011.0","Success","0.00032"
"1EGE","12","101001110101","101001110101.0","Success","0.00043"
"9ET1","12","1010110001","1010110001.0","Success","0.00048"
"4B8J","12","10111001101","10111001101.0","Success","0.00083"
"5P3X","12","111001110011","111001110011.0","Success","0.00094"
"6F35","12","101001100100","101001100100.0","Success","0.00058"
"3A3E","12","1000111","1000111.0","Success","0.00058"
"1WMU","12","110111001110","110111001110.0","Success","0.001"
"5XHN","12","100011001001","100011001001.0","Success","0.00127"
"1RGQ","12","100111110011","100111110011.0","Success","0.00088"
"7E0D","12","101011110010","101011110010.0","Success","0.00068"
"4Q84","12","111110101001","111110101001.0","Success","0.00051"
"3I60","12","111000010","111000010.0","Success","0.00095"
"4MAL","12","111001101001","111001101001.0","Success","0.00144"
"2NTM","12","110011110101","110011110101.0","Success","0.00059"
"5HTL","12","11011","11011.0","Success","0.00101"
"5W31","12","101110011011","101110011011.0","Success","0.00132"
"7YQQ","12","100101001110","100101001110.0","Success","0.00055"
"5N4F","12","100101011101","100101011101.0","Success","0.00065"
"8JQP","12","110000010111","110000010111.0","Success","0.00061"
"3II5","12","11111011101","11111011101.0","Success","0.00073"
"1CIZ","12","11111100010","11111100010.0","Success","0.00128"
"7XGQ","12","111101001100","111101001100.0","Success","0.0006"
"7M0Q","12","101101000100","101101000100.0","Success","0.00121"
"3WI0","12","11110001111","11110001111.0","Success","0.00132"
"9B83","12","111001000100","111001000100.0","Success","0.00063"
"7D79","12","100000011101","100000011101.0","Success","0.00049"
"2O84","12","10011001010","10011001010.0","Success","0.00093"
"8H9D","12","11000010","11000010.0","Success","0.00038"
"7DCX","12","110101010","110101010.0","Success","0.00025"
"2YC2","12","101011111010","101011111010.0","Success","0.00072"
"5MRW","12","1001100000","1001100000.0","Success","0.00026"
"6Y92","12","10000111110","10000111110.0","Success","0.00048"
"5VMS","12","1000101111","1000101111.0","Success","0.00076"
"5L46","12","111111111010","111111111010.0","Success","0.00042"
"5HR3","12","1010100011","1010100011.0","Success","0.0011"
"3SSX","12","111011010110","111011010110.0","Success","0.00112"
"8K97","12","101011101000","101011101000.0","Success","0.00025"
"3DCY","12","1100011000","1100011000.0","Success","0.00107"
"4P45","12","10111110010","10111110010.0","Success","0.00066"
"8EHI","12","11101001001","11101001001.0","Success","0.00029"
"4QYX","12","1000101","1000101.0","Success","0.00109"
"3D31","12","101110000000","101110000000.0","Success","0.00048"
"2CJ3","12","110101101101","110101101101.0","Success","0.00117"
"5N67","12","11001001111","11001001111.0","Success","0.00091"
"5MDS","12","10110000110","10110000110.0","Success","0.00054"
"2RBU","12","110011001","110011001.0","Success","0.00096"
"5G4N","12","101000101010","101000101010.0","Success","0.00084"
"4QZ7","12","1100110011","1100110011.0","Success","0.00021"
"6ZQ8","12","111100010100","111100010100.0","Success","0.00054"
"2M6L","12","100111011001","100111011001.0","Success","0.00018"
"5XEU","12","110101101011","110101101011.0","Success","0.00061"
"7EHK","12","1111000010","1111000010.0","Success","0.00115"
"5Z2I","12","111010011","111010011.0","Success","0.00087"
"4UDI","12","10001111101","10001111101.0","Success","0.00039"
"7NOJ","12","110010111000","110010111000.0","Success","0.00047"
"7T4Z","12","11101000","11101000.0","Success","0.00078"
"4YCO","12","110011110","110011110.0","Success","0.00053"
"5MD3","12","110110000110","110110000110.0","Success","0.00042"
"2V07","12","111101000100","111101000100.0","Success","0.00166"
"1Y1P","12","11011110000","11011110000.0","Success","0.00065"
"4R6J","12","111001111110","111001111110.0","Success","0.00052"
"8Y94","12","100111000","100111000.0","Success","0.00051"
"8JSR","12","1101111111","1101111111.0","Success","0.00047"
"5A69","12","1011001","1011001.0","Success","0.00067"
"7YD6","12","110011000111","110011000111.0","Success","0.00056"
"3L25","12","100010100110","100010100110.0","Success","0.00076"
"4FCV","12","1101011001","1101011001.0","Success","0.00056"
"1MEU","12","110011011111","110011011111.0","Success","0.0012"
"1YNW","12","101110010011","101110010011.0","Success","0.00129"
"4GNQ","12","10010001001","10010001001.0","Success","0.00067"
"6Y8S","12","111101010010","111101010010.0","Success","0.00092"
"7DE5","12","100100010001","100100010001.0","Success","0.00068"
"2H8Q","12","111111001001","111111001001.0","Success","0.00057"
"1EM7","12","111111111111","111111111111.0","Success","0.00226"
"5TF0","12","110011001101","110011001101.0","Success","0.00044"
"3E41","12","101010000","101010000.0","Success","0.00076"
"7O73","12","11010110111","11010110111.0","Success","0.00018"
"4REC","12","111010010011","111010010011.0","Success","0.00068"
"8D0Y","12","110101110101","110101110101.0","Success","0.00046"
"6YTF","12","110000101010","110000101010.0","Success","0.00059"
"6NLZ","12","1010101000","1010101000.0","Success","0.00056"
"6GWC","12","1100111100","1100111100.0","Success","0.00051"
"7WDD","12","1000001001","1000001001.0","Success","0.00058"
"9CEA","12","10000001","10000001.0","Success","0.00106"
"8R1D","12","11101101010","11101101010.0","Success","0.00027"
"3DQM","12","111111011001","111111011001.0","Success","0.00109"
"6AVV","12","10001110111","10001110111.0","Success","0.00116"
"6KHF","12","111011110010","111011110010.0","Success","0.00091"
"7QR6","12","101000001101","101000001101.0","Success","0.00046"
"4HA0","12","1001000100","1001000100.0","Success","0.00065"
"5W16","12","100111010101","100111010101.0","Success","0.00053"
"5W5O","12","101111010000","101111010000.0","Success","0.00025"
"8I2K","12","111001010000","111001010000.0","Success","0.00086"
"2XQW","12","111100001001","111100001001.0","Success","0.00061"
"8P2P","12","111010110011","111010110011.0","Success","0.00054"
"7B86","12","100011011000","100011011000.0","Success","0.0009"
"5LUZ","12","101101001011","101101001011.0","Success","0.00046"
"8PE3","12","100010110101","100010110101.0","Success","0.00061"
"2JY6","12","100111101010","100111101010.0","Success","0.00047"
"8J2M","12","110101101001","110101101001.0","Success","0.00057"
"6WM8","12","110011110111","110011110111.0","Success","0.0005"
"8WZ2","12","1001011011","1001011011.0","Success","0.00049"
"2G1H","12","100111011011","100111011011.0","Success","0.00097"
"8XCZ","12","10101001110","10101001110.0","Success","0.00083"
"4APL","12","1000110011","1000110011.0","Success","0.00043"
"4RDI","12","10011001","10011001.0","Success","0.00056"
"5N8H","12","111001110111","111001110111.0","Success","0.00091"
"5CCF","12","1010010010","1010010010.0","Success","0.00079"
"4HTB","12","1011111011","1011111011.0","Success","0.00087"
"3R3C","12","1111000011","1111000011.0","Success","0.00102"
"1HTR","12","100000000000","100000000000.0","Success","0.00084"
"8HE7","12","110101101001","110101101001.0","Success","0.00066"
"3LYB","12","100111","100111.0","Success","0.00075"
"1BY5","12","11100010110","11100010110.0","Success","0.00063"
"7VO4","12","100110001010","100110001010.0","Success","0.00074"
"2R9G","12","11111111100","11111111100.0","Success","0.00031"
"4TSZ","12","10101000000","10101000000.0","Success","0.00021"
"9ETN","12","110010011","110010011.0","Success","0.00074"
"8IJR","12","10111110110","10111110110.0","Success","0.00042"
"7ZLH","12","110010010001","110010010001.0","Success","0.00049"
"3OSZ","12","100100000100","100100000100.0","Success","0.00101"
"6P6B","12","111000001101","111000001101.0","Success","0.00057"
"3RJO","12","1010110111","1010110111.0","Success","0.00083"
"3CCF","12","100110011001","100110011001.0","Success","0.00077"
"1NBC","12","101110110010","101110110010.0","Success","0.00096"
"4RXH","12","11011111111","11011111111.0","Success","0.00081"
"1JKS","12","10011000011","10011000011.0","Success","0.00097"
"1GS3","12","111100110000","111100110000.0","Success","0.00151"
"1UFI","12","11101011010","11101011010.0","Success","0.00122"
"8DEA","12","101001100110","101001100110.0","Success","0.00058"
"7C3Q","12","100101000011","100101000011.0","Success","0.0017"
"2NOA","12","110011100100","110011100100.0","Success","0.00079"
"9BXI","12","1101100000","1101100000.0","Success","0.0008"
"1AS4","12","100110001101","100110001101.0","Success","0.00089"
"7AUP","12","10100101001","10100101001.0","Success","0.00132"
"7BCK","12","100011010000","100011010000.0","Success","0.00089"
"4DQZ","12","110110110011","110110110011.0","Success","0.00093"
"6KOR","12","100101100","100101100.0","Success","0.00134"
"8XBH","12","11011011000","11011011000.0","Success","0.0005"
"8XLR","12","10010110011","10010110011.0","Success","0.00043"
"4ES5","12","1010111010","1010111010.0","Success","0.00066"
"3U2J","12","10001011011","10001011011.0","Success","0.00114"
"4HV5","12","10011000001","10011000001.0","Success","0.00108"
"8GD0","12","111011000","111011000.0","Success","0.0009"
"4EB8","12","101110010","101110010.0","Success","0.00056"
"4IOJ","12","1001101011","1001101011.0","Success","0.0005"
"3GMN","12","111000011011","111000011011.0","Success","0.00086"
"6UGW","12","101010111001","101010111001.0","Success","0.00116"
"3TLT","12","110000110100","110000110100.0","Success","0.00042"
"4GVY","12","11011000011","11011000011.0","Success","0.00088"
"8ECK","12","10010110110","10010110110.0","Success","0.00036"
"1X0O","12","100000101010","100000101010.0","Success","0.00035"
"1H3G","12","10010101","10010101.0","Success","0.0005"
"3KL5","12","1010100010","1010100010.0","Success","0.00042"
"4N8V","12","101000100110","101000100110.0","Success","0.00049"
"2VA2","12","11001010010","11001010010.0","Success","0.00066"
"6CXA","12","1000100011","1000100011.0","Success","0.00058"
"6WBE","12","111011100001","111011100001.0","Success","0.00161"
"3N33","12","101010010101","101010010101.0","Success","0.00044"
"1GD1","12","101001100100","101001100100.0","Success","0.00045"
"2FXO","12","101101011001","101101011001.0","Success","0.00077"
"7NJL","12","1001110101","1001110101.0","Success","0.00024"
"6WUU","12","111101010110","111101010110.0","Success","0.00048"
"7BKC","12","101001110101","101001110101.0","Success","0.00018"
"8VE4","12","111110001000","111110001000.0","Success","0.00076"
"1PB3","12","11010110100","11010110100.0","Success","0.00084"
"8HV4","12","1101101111","1101101111.0","Success","0.00095"
"3U2F","12","100011010010","100011010010.0","Success","0.00085"
"2EUR","12","11101101101","11101101101.0","Success","0.00098"
"6U3V","12","100001000","100001000.0","Success","0.00048"
"4GG4","12","11100100100","11100100100.0","Success","0.00076"
"7P72","12","10101001110","10101001110.0","Success","0.00083"
"6JXG","12","1100111010","1100111010.0","Success","0.00065"
"4D2W","12","10101001111","10101001111.0","Success","0.00046"
"8FI5","12","111001101100","111001101100.0","Success","0.00082"
"5I2Q","12","1101111101","1101111101.0","Success","0.00164"
"2IW0","12","1010001111","1010001111.0","Success","0.00112"
"2D8C","12","10000011101","10000011101.0","Success","0.00038"
"6ZY9","12","110101010000","110101010000.0","Success","0.00037"
"1EBD","12","1100100111","1100100111.0","Success","0.00055"
"6S1N","12","1111001110","1111001110.0","Success","0.00035"
"1H2W","12","101111010000","101111010000.0","Success","0.00062"
"2L34","12","1100000001","1100000001.0","Success","0.00054"
"3GEU","12","100001110010","100001110010.0","Success","0.00061"
"1XJM","12","10010","10010.0","Success","0.00048"
"1JFQ","12","10110000010","10110000010.0","Success","0.00081"
"2REM","12","1101110100","1101110100.0","Success","0.00071"
"5QJG","12","1010100110","1010100110.0","Success","0.0006"
"7S9D","12","101100101","101100101.0","Success","0.00046"
"1LME","12","111011111011","111011111011.0","Success","0.00094"
"9BWJ","12","1111100100","1111100100.0","Success","0.0004"
"3H1Q","12","101111001110","101111001110.0","Success","0.0007"
"1WJ5","12","101010100010","101010100010.0","Success","0.00034"
"2WEQ","12","10011000111","10011000111.0","Success","0.00117"
"4UXJ","12","100000001110","100000001110.0","Success","0.00047"
"6F2I","12","1000100110","1000100110.0","Success","0.00148"
"5M5U","12","10010010001","10010010001.0","Success","0.00062"
"1GMB","12","101001001100","101001001100.0","Success","0.00158"
"6TAQ","12","111111110010","111111110010.0","Success","0.00068"
"8AU3","12","1100010100","1100010100.0","Success","0.0007"
"9KQF","12","11111001110","11111001110.0","Success","0.00061"
"8XK3","12","11001110001","11001110001.0","Success","0.00065"
"8CCZ","12","111110000","111110000.0","Success","0.0007"
"6GWD","12","11101011101","11101011101.0","Success","0.00029"
"5O2W","12","11000101","11000101.0","Success","0.00104"
"3EPA","12","100111110000","100111110000.0","Success","0.00096"
"7DEY","12","1000000100","1000000100.0","Success","0.00059"
"7TBV","12","111001101000","111001101000.0","Success","0.00032"
"6S5I","12","11001100","11001100.0","Success","0.00133"
"1GVS","12","10100","10100.0","Success","0.00087"
"2C4R","12","111101","111101.0","Success","0.00074"
"6AWF","12","11000000011","11000000011.0","Success","0.00037"
"8JI7","12","110111011001","110111011001.0","Success","0.00078"
"6J19","12","11000011010","11000011010.0","Success","0.00104"
"4GF2","12","100100110011","100100110011.0","Success","0.0007"
"3LTO","12","1","1.0","Success","0.00067"
"5UEX","12","111101011111","111101011111.0","Success","0.00163"
"4PAV","12","1111000101","1111000101.0","Success","0.00062"
"6CZ9","12","110011110100","110011110100.0","Success","0.00038"
"8ZYW","12","100000000011","100000000011.0","Success","0.00047"
"8ATC","12","10110110100","10110110100.0","Success","0.00057"
"2CV5","12","110110110","110110110.0","Success","0.00062"
"1REZ","12","101000010111","101000010111.0","Success","0.00148"
"4O2Z","12","111010100","111010100.0","Success","0.00086"
"8Q4A","12","101011111101","101011111101.0","Success","0.00019"
"3LKW","12","101001001111","101001001111.0","Success","0.00117"
"2QF6","12","100010","100010.0","Success","0.00057"
"2DGV","12","100011100110","100011100110.0","Success","0.00038"
"7AJQ","12","100100110111","100100110111.0","Success","0.00047"
"6W3H","12","111110111010","111110111010.0","Success","0.00064"
"5WY5","12","110101000010","110101000010.0","Success","0.00082"
"4L8H","12","111111100100","111111100100.0","Success","0.00107"
"4Z1L","12","110111001001","110111001001.0","Success","0.00021"
"8HNL","12","101010010001","101010010001.0","Success","0.00049"
"8P3N","12","110101100001","110101100001.0","Success","0.00092"
"3KP5","12","110100111100","110100111100.0","Success","0.00103"
"1MEY","12","10101010110","10101010110.0","Success","0.00118"
"6ZR2","12","1011110","1011110.0","Success","0.00019"
"3BD8","12","10101111100","10101111100.0","Success","0.00058"
"4WKZ","12","111000000010","111000000010.0","Success","0.00084"
"3QEC","12","100111001100","100111001100.0","Success","0.00138"
"6CQ9","12","10100011001","10100011001.0","Success","0.00074"
"1RW0","12","111001010","111001010.0","Success","0.00075"
"6KP2","12","11110010000","11110010000.0","Success","0.00051"
"6VJX","12","100111001010","100111001010.0","Success","0.00084"
"7AOP","12","110111101","110111101.0","Success","0.00132"
"7NXD","12","101011110","101011110.0","Success","0.00043"
"2F7S","12","101100111101","101100111101.0","Success","0.00089"
"7UAV","12","111110101","111110101.0","Success","0.00071"
"6ACH","12","111111111100","111111111100.0","Success","0.00031"
"4JOC","12","1010001100","1010001100.0","Success","0.00086"
"3GW4","12","110111000001","110111000001.0","Success","0.00087"
"9F2D","12","100010101","100010101.0","Success","0.00035"
"6TFW","12","101011101","101011101.0","Success","0.00071"
"6X99","12","101011110000","101011110000.0","Success","0.00035"
"6XTR","12","1111001101","1111001101.0","Success","0.00092"
"3KTG","12","100111100011","100111100011.0","Success","0.00047"
"5BSM","12","10011000010","10011000010.0","Success","0.00053"
"6MS7","12","110100110","110100110.0","Success","0.00101"
"8DCX","12","10010100000","10010100000.0","Success","0.00049"
"4UNZ","12","100111110000","100111110000.0","Success","0.00044"
"6WVV","12","10001000011","10001000011.0","Success","0.00023"
"2LR1","12","10111011011","10111011011.0","Success","0.00026"
"1K8K","12","11001100000","11001100000.0","Success","0.00041"
"1H5R","12","100000110010","100000110010.0","Success","0.00048"
"9G8U","12","101011011011","101011011011.0","Success","0.00071"
"8EKP","12","1110001110","1110001110.0","Success","0.00034"
"8HNC","12","100010100100","100010100100.0","Success","0.00071"
"6YUD","12","10000011101","10000011101.0","Success","0.00053"
"4N3B","12","111111101","111111101.0","Success","0.00063"
"7P23","12","100010111001","100010111001.0","Success","0.00078"
"6UIA","12","110010000111","110010000111.0","Success","0.00026"
"3D03","12","100110010110","100110010110.0","Success","0.00041"
"4FQN","12","110100100111","110100100111.0","Success","0.00088"
"6U85","12","101011100110","101011100110.0","Success","0.00084"
"7YNQ","12","101100111100","101100111100.0","Success","0.00087"
"7AKD","12","10001101","10001101.0","Success","0.00029"
"1GQS","12","11111000001","11111000001.0","Success","0.00073"
"4RI2","12","11000111000","11000111000.0","Success","0.00091"
"8RD0","12","101111010","101111010.0","Success","0.00096"
"2EBN","12","100110001","100110001.0","Success","0.001"
"6LHZ","12","111010100","111010100.0","Success","0.00134"
"8GCY","12","10011111100","10011111100.0","Success","0.00085"
"5IN5","12","110111110110","110111110110.0","Success","0.00045"
"3GKE","12","110011111000","110011111000.0","Success","0.00053"
"7PPT","12","10001010100","10001010100.0","Success","0.00097"
"3VY9","12","100001110010","100001110010.0","Success","0.0009"
"5NAM","12","11011100110","11011100110.0","Success","0.00076"
"7P4U","12","11010000101","11010000101.0","Success","0.00119"
"1NPC","12","11001001100","11001001100.0","Success","0.00093"
"6O72","12","100111110011","100111110011.0","Success","0.00028"
"5V8G","12","100101111000","100101111000.0","Success","0.00154"
"1TTW","12","1100010100","1100010100.0","Success","0.00144"
"3CS3","12","100101110100","100101110100.0","Success","0.00101"
"7EO3","12","11000010101","11000010101.0","Success","0.001"
"7CDM","12","101111110111","101111110111.0","Success","0.00148"
"4REJ","12","110001011000","110001011000.0","Success","0.00135"
"5X4X","12","110100010000","110100010000.0","Success","0.00098"
"4WE4","12","111111001001","111111001001.0","Success","0.00074"
"8C0C","12","101011101","101011101.0","Success","0.00077"
"7TKA","12","110000011100","110000011100.0","Success","0.00024"
"8Y2Z","12","111110101011","111110101011.0","Success","0.0007"
"5IVY","12","100101100100","100101100100.0","Success","0.00097"
"7LC5","12","10000011001","10000011001.0","Success","0.00127"
"1UZB","12","1111010101","1111010101.0","Success","0.00052"
"7DBP","12","101111110000","101111110000.0","Success","0.00058"
"4GX5","12","10011001011","10011001011.0","Success","0.00039"
"4B4S","12","1100000111","1100000111.0","Success","0.00128"
"7ZOG","12","111111100010","111111100010.0","Success","0.00038"
"8BJE","12","11100101001","11100101001.0","Success","0.00145"
"5V8W","12","110010011101","110010011101.0","Success","0.00063"
"4YZF","12","11001011110","11001011110.0","Success","0.00028"
"4H0E","12","111000110010","111000110010.0","Success","0.00134"
"6FML","12","110011111101","110011111101.0","Success","0.00024"
"5FN4","12","111001101110","111001101110.0","Success","0.00046"
"3KIP","12","11100101111","11100101111.0","Success","0.00028"
"2RDY","12","11110101111","11110101111.0","Success","0.00043"
"4YMT","12","110000111010","110000111010.0","Success","0.00057"
"4FWD","12","110011011","110011011.0","Success","0.00069"
"4W5S","12","10000110100","10000110100.0","Success","0.00116"
"1CKJ","12","100111001000","100111001000.0","Success","0.00069"
"7ZK9","12","111100100111","111100100111.0","Success","0.00047"
"3POS","12","11010011000","11010011000.0","Success","0.00061"
"2O0P","12","101101101110","101101101110.0","Success","0.00161"
"1UX8","12","11110100010","11110100010.0","Success","0.00154"
"2N9W","12","110011000100","110011000100.0","Success","0.0004"
"8EBK","12","10101010","10101010.0","Success","0.00171"
"6H6G","12","101001100010","101001100010.0","Success","0.00036"
"9BI4","12","10010101","10010101.0","Success","0.00039"
"1QAJ","12","1111011","1111011.0","Success","0.00074"
"5O4M","12","10101100001","10101100001.0","Success","0.00053"
"5LRF","12","110001111000","110001111000.0","Success","0.0006"
"5H6R","12","100001101","100001101.0","Success","0.00059"
"4NGV","12","111011100101","111011100101.0","Success","0.00144"
"7B7I","12","110110000100","110110000100.0","Success","0.00164"
"6MX5","12","110000010111","110000010111.0","Success","0.00122"
"8QEM","12","10110100001","10110100001.0","Success","0.00018"
"4RLU","12","1100110011","1100110011.0","Success","0.001"
"3LY3","12","100101101010","100101101010.0","Success","0.00105"
"7S6B","12","101111111011","101111111011.0","Success","0.00032"
"8ENM","12","100100000000","100100000000.0","Success","0.00037"
"9JUJ","12","101110001010","101110001010.0","Success","0.0005"
"3HLF","12","101100001000","101100001000.0","Success","0.00082"
"2OI5","12","101000111111","101000111111.0","Success","0.00055"
"4E3G","12","100111011011","100111011011.0","Success","0.00102"
"8XCM","12","11010101101","11010101101.0","Success","0.0005"
"1S53","12","100000101101","100000101101.0","Success","0.00076"
"7S0Z","12","1011000010","1011000010.0","Success","0.00045"
"7RC6","12","100010101000","100010101000.0","Success","0.00088"
"4DZO","12","101111110010","101111110010.0","Success","0.00108"
"7O9F","12","110111001010","110111001010.0","Success","0.00056"
"7F8B","12","11101110011","11101110011.0","Success","0.00111"
"3AR4","12","100100001100","100100001100.0","Success","0.00054"
"4ADI","12","10011101110","10011101110.0","Success","0.00047"
"2RJF","12","100100111","100100111.0","Success","0.00054"
"2CVO","12","101101100011","101101100011.0","Success","0.00045"
"8BQL","12","1010001001","1010001001.0","Success","0.0005"
"3LFJ","12","110010101001","110010101001.0","Success","0.00088"
"9MNX","12","110101100001","110101100001.0","Success","0.00065"
"3U7U","12","11001010011","11001010011.0","Success","0.00027"
"2YH3","12","100111000001","100111000001.0","Success","0.00088"
"3AB7","12","110101011111","110101011111.0","Success","0.00078"
"2OC7","12","1111110110","1111110110.0","Success","0.00086"
"5LLH","12","100000001000","100000001000.0","Success","0.00104"
"5RT3","12","1001000101","1001000101.0","Success","0.00088"
"5Q3V","12","11101001000","11101001000.0","Success","0.00089"
"3OUI","12","11101000001","11101000001.0","Success","0.00121"
"5V6A","12","110100000000","110100000000.0","Success","0.00086"
"9CYT","12","10100001","10100001.0","Success","0.00025"
"7I2A","12","1001110000","1001110000.0","Success","0.00068"
"1ZVJ","12","100111000000","100111000000.0","Success","0.00088"
"1FF5","12","101111111010","101111111010.0","Success","0.00084"
"8XSO","12","11001110010","11001110010.0","Success","0.00027"
"8ZFV","12","1000001011","1000001011.0","Success","0.0008"
"3BO8","12","111111111100","111111111100.0","Success","0.00087"
"4FP9","12","11011101011","11011101011.0","Success","0.00035"
"7RO0","12","100111000100","100111000100.0","Success","0.00055"
"3QBL","12","11101101","11101101.0","Success","0.0006"
"2J6G","12","10101001011","10101001011.0","Success","0.00108"
"2NWW","12","100110010010","100110010010.0","Success","0.00048"
"6MJJ","12","1100010000","1100010000.0","Success","0.0006"
"8TA4","12","101011010111","101011010111.0","Success","0.00048"
"5E51","12","101000101111","101000101111.0","Success","0.00061"
"3RU0","12","111010111000","111010111000.0","Success","0.00058"
"5NCJ","12","11011","11011.0","Success","0.00074"
"1NMT","12","10110000101","10110000101.0","Success","0.00049"
"6TT3","12","10011110111","10011110111.0","Success","0.00049"
"8C60","12","11101000101","11101000101.0","Success","0.00048"
"3Q94","12","1101111100","1101111100.0","Success","0.00071"
"7XY7","12","101111110010","101111110010.0","Success","0.00058"
"6Y3U","12","11010","11010.0","Success","0.00105"
"1A3K","12","110100011000","110100011000.0","Success","0.00144"
"4XM8","12","111000100000","111000100000.0","Success","0.00075"
"1GE4","12","110100101101","110100101101.0","Success","0.00146"
"7S0N","12","101111111010","101111111010.0","Success","0.00049"
"1BG6","12","101000","101000.0","Success","0.00088"
"4BBN","12","110001101001","110001101001.0","Success","0.00074"
"8KCL","12","1111010011","1111010011.0","Success","0.00101"
"4KQ0","12","101111111100","101111111100.0","Success","0.00107"
"5BXQ","12","1110011110","1110011110.0","Success","0.00055"
"1VLQ","12","11111010100","11111010100.0","Success","0.00026"
"2SQC","12","10110111111","10110111111.0","Success","0.00048"
"9ENV","12","11101111010","11101111010.0","Success","0.0007"
"2BAS","12","101110011","101110011.0","Success","0.0006"
"1EYE","12","11100111000","11100111000.0","Success","0.00103"
"1SWG","12","10110000001","10110000001.0","Success","0.00077"
"1SCE","12","110100111111","110100111111.0","Success","0.00084"
"2BUV","12","11010010010","11010010010.0","Success","0.00081"
"6N2U","12","11000001001","11000001001.0","Success","0.00199"
"6GES","12","111100001000","111100001000.0","Success","0.00064"
"8QAF","12","11111001011","11111001011.0","Success","0.00216"
"8UAC","12","1111101001","1111101001.0","Success","0.00082"
"5N5A","12","110110000001","110110000001.0","Success","0.00061"
"1VDN","12","100011110000","100011110000.0","Success","0.00128"
"2AOX","12","1000010001","1000010001.0","Success","0.00069"
"6TXJ","12","1011101101","1011101101.0","Success","0.00046"
"3S0Z","12","110001011001","110001011001.0","Success","0.00081"
"5FSU","12","101011111000","101011111000.0","Success","0.00076"
"5VNE","12","1001000110","1001000110.0","Success","0.00042"
"4DFR","12","11001100","11001100.0","Success","0.00093"
"5G6I","12","110001111100","110001111100.0","Success","0.00089"
"3DWP","12","100000001110","100000001110.0","Success","0.0007"
"6KIX","12","100010110000","100010110000.0","Success","0.00039"
"2NVV","12","11100011010","11100011010.0","Success","0.00032"
"1G7S","12","11110100011","11110100011.0","Success","0.00069"
"3TZ0","12","110101010010","110101010010.0","Success","0.00097"
"2Q1M","12","10101100101","10101100101.0","Success","0.00153"
"2XTM","12","100010101001","100010101001.0","Success","0.00083"
"6YFI","12","111000000100","111000000100.0","Success","0.0007"
"8IRD","12","110001011100","110001011100.0","Success","0.00022"
"1C92","12","111101111101","111101111101.0","Success","0.00102"
"4WRS","12","100110101011","100110101011.0","Success","0.00101"
"4B7U","12","11101011001","11101011001.0","Success","0.00048"
"5XPL","12","100101111011","100101111011.0","Success","0.00109"
"6KWC","12","1100111011","1100111011.0","Success","0.00121"
"4C5J","12","100001111111","100001111111.0","Success","0.00051"
"1MC3","12","111101101","111101101.0","Success","0.0007"
"6QES","12","11011110001","11011110001.0","Success","0.00086"
"7XK2","12","10111001010","10111001010.0","Success","0.00049"
"2MY3","12","100011000101","100011000101.0","Success","0.00032"
"7X4A","12","110000011110","110000011110.0","Success","0.00097"
"4KAJ","12","110111011100","110111011100.0","Success","0.001"
"8JP2","12","101001011101","101001011101.0","Success","0.00096"
"5CNB","12","110100000","110100000.0","Success","0.00134"
"1ZNZ","12","1110110010","1110110010.0","Success","0.00126"
"9KHZ","12","101010000111","101010000111.0","Success","0.00034"
"2AGL","12","111100100","111100100.0","Success","0.00054"
"1YFB","12","10100101011","10100101011.0","Success","0.0016"
"1EXJ","12","110010000000","110010000000.0","Success","0.00103"
"1YA8","12","111000111011","111000111011.0","Success","0.00042"
"9JO2","12","101001000101","101001000101.0","Success","0.00046"
"5OIX","12","110111001","110111001.0","Success","0.00116"
"5C0R","12","10001111010","10001111010.0","Success","0.00062"
"6KE0","12","110011010100","110011010100.0","Success","0.00067"
"5BQZ","12","111110100011","111110100011.0","Success","0.00043"
"1MEC","12","101010001","101010001.0","Success","0.00058"
"4JIM","12","111001001001","111001001001.0","Success","0.0005"
"7UFX","12","110000111011","110000111011.0","Success","0.00115"
"6D3F","12","111011000000","111011000000.0","Success","0.00072"
"2KKU","12","10110101100","10110101100.0","Success","0.00033"
"5AP8","12","111011011111","111011011111.0","Success","0.00078"
"8GXR","12","101111011111","101111011111.0","Success","0.0005"
"2V3Y","12","11100101011","11100101011.0","Success","0.00079"
"3E6D","12","11110011111","11110011111.0","Success","0.00084"
"2A59","12","10111100001","10111100001.0","Success","0.00063"
"1FND","12","110000011","110000011.0","Success","0.00099"
"4AH9","12","1110110101","1110110101.0","Success","0.00093"
"5SVW","12","11110011001","11110011001.0","Success","0.00077"
"6FIV","12","10000010011","10000010011.0","Success","0.00156"
"9AZP","12","100111000011","100111000011.0","Success","0.00029"
"3SCX","12","111101001010","111101001010.0","Success","0.00056"
"1W7U","12","10111101111","10111101111.0","Success","0.00053"
"3PGD","12","110010100100","110010100100.0","Success","0.0006"
"8CA1","12","110010010100","110010010100.0","Success","0.00048"
"5IJJ","12","111000000111","111000000111.0","Success","0.00091"
"1ANE","12","11101001110","11101001110.0","Success","0.00115"
"4Y0R","12","111111011100","111111011100.0","Success","0.00134"
"6XKL","12","101000001010","101000001010.0","Success","0.0003"
"2Z3Y","12","110011001111","110011001111.0","Success","0.00066"
"1STF","12","10101","10101.0","Success","0.00098"
"9FSM","12","111110100000","111110100000.0","Success","0.00034"
"1NW6","12","101001010100","101001010100.0","Success","0.00103"
"3C8V","12","111001100101","111001100101.0","Success","0.00041"
"3CRP","12","101101100111","101101100111.0","Success","0.00139"
"3MB3","12","1010011011","1010011011.0","Success","0.00156"
"7TPE","12","1000111111","1000111111.0","Success","0.00031"
"1N1G","12","101011011110","101011011110.0","Success","0.0009"
"1EH4","12","100000000001","100000000001.0","Success","0.0007"
"2EFC","12","11000110011","11000110011.0","Success","0.00058"
"9EMM","12","110001010100","110001010100.0","Success","0.00036"
"6IJU","12","10001111001","10001111001.0","Success","0.00169"
"8QNN","12","111010000011","111010000011.0","Success","0.00103"
"4DPO","12","100011011011","100011011011.0","Success","0.00122"
"4FH5","12","11101000001","11101000001.0","Success","0.00092"
"8POC","12","101011001010","101011001010.0","Success","0.00068"
"5N9E","12","110001010111","110001010111.0","Success","0.00041"
"2Y3X","12","101011100100","101011100100.0","Success","0.00067"
"7YII","12","110001100001","110001100001.0","Success","0.00071"
"5QUR","12","11011001100","11011001100.0","Success","0.00115"
"7L6R","12","11110110011","11110110011.0","Success","0.00081"
"4JAL","12","10111011110","10111011110.0","Success","0.00095"
"5VAG","12","111001011001","111001011001.0","Success","0.00066"
"5M69","12","10000100101","10000100101.0","Success","0.00094"
"8PBI","12","101100111","101100111.0","Success","0.00085"
"2BZD","12","101011011100","101011011100.0","Success","0.0004"
"8A2N","12","10000000110","10000000110.0","Success","0.00069"
"3V5E","12","111101000","111101000.0","Success","0.00033"
"6LEU","12","110111011101","110111011101.0","Success","0.00051"
"6RVF","12","111000111011","111000111011.0","Success","0.00106"
"2VU2","12","1010100110","1010100110.0","Success","0.00044"
"5K41","12","101100011010","101100011010.0","Success","0.00076"
"1XK7","12","111100000110","111100000110.0","Success","0.00049"
"7ZYT","12","111001100010","111001100010.0","Success","0.00054"
"7DLU","12","11101001110","11101001110.0","Success","0.00041"
"1QX3","12","101010101000","101010101000.0","Success","0.00113"
"3VCL","12","100111001001","100111001001.0","Success","0.00085"
"8FYY","12","111100010001","111100010001.0","Success","0.00107"
"2B91","12","10101010000","10101010000.0","Success","0.0015"
"3SP1","12","11010011010","11010011010.0","Success","0.00057"
"1VJD","12","111100100110","111100100110.0","Success","0.00083"
"4F0J","12","10001001100","10001001100.0","Success","0.00095"
"8BUZ","12","101001101101","101001101101.0","Success","0.00048"
"1RZQ","12","10011001","10011001.0","Success","0.00055"
"4N2E","12","110111101001","110111101001.0","Success","0.00066"
"4NG2","12","1000111100","1000111100.0","Success","0.00044"
"2YRX","12","11111111","11111111.0","Success","0.00082"
"5ZL5","12","101110011100","101110011100.0","Success","0.00033"
"1RCB","12","101110110","101110110.0","Success","0.00154"
"2KSU","12","11011110110","11011110110.0","Success","0.00037"
"2UW0","12","110000001001","110000001001.0","Success","0.00089"
"7R19","12","110100000111","110100000111.0","Success","0.00029"
"7DGJ","12","1001101","1001101.0","Success","0.00092"
"2WW0","12","111100011111","111100011111.0","Success","0.00022"
"1T70","12","10000100001","10000100001.0","Success","0.00037"
"4KIQ","12","100010011","100010011.0","Success","0.00046"
"7DXE","12","10111011000","10111011000.0","Success","0.00032"
"1IB5","12","101010010110","101010010110.0","Success","0.00137"
"2J62","12","11000100","11000100.0","Success","0.00048"
"2YB6","12","1011001100","1011001100.0","Success","0.00136"
"1RH0","12","101100100101","101100100101.0","Success","0.00057"
"4ECX","12","110011100010","110011100010.0","Success","0.00081"
"5ZY9","12","100000011011","100000011011.0","Success","0.0005"
"3U9U","12","110000001110","110000001110.0","Success","0.00036"
"7TY2","12","1100001100","1100001100.0","Success","0.00108"
"2KMG","12","11100110001","11100110001.0","Success","0.00031"
"6YCD","12","110000111101","110000111101.0","Success","0.00077"
"5MIO","12","111010101111","111010101111.0","Success","0.00047"
"1K3M","12","111001001110","111001001110.0","Success","0.00059"
"2EEB","12","111000101110","111000101110.0","Success","0.00036"
"3THC","12","1100111010","1100111010.0","Success","0.00034"
"4D3K","12","11111001001","11111001001.0","Success","0.00061"
"1KS9","12","1100111111","1100111111.0","Success","0.00097"
"6HVH","12","11110011001","11110011001.0","Success","0.0008"
"7XOO","12","100111110010","100111110010.0","Success","0.00072"
"2R3K","12","10111011110","10111011110.0","Success","0.00098"
"4Y06","12","10110001010","10110001010.0","Success","0.00045"
"9CW2","12","10101000110","10101000110.0","Success","0.00042"
"7X5S","12","1100111000","1100111000.0","Success","0.00087"
"5Q1N","12","111110110","111110110.0","Success","0.00093"
"3CQK","12","100010110010","100010110010.0","Success","0.00071"
"6QU7","12","10011010101","10011010101.0","Success","0.00086"
"3NZU","12","11100011011","11100011011.0","Success","0.00059"
"6KB4","12","101000100001","101000100001.0","Success","0.00102"
"8URB","12","11010010011","11010010011.0","Success","0.00044"
"1LIB","12","1000011101","1000011101.0","Success","0.00144"
"7U19","12","11010111000","11010111000.0","Success","0.00032"
"1MP3","12","101110011","101110011.0","Success","0.00069"
"4QJL","12","110110010010","110110010010.0","Success","0.00112"
"2ZLY","12","1010100111","1010100111.0","Success","0.00088"
"5GAQ","12","110100010","110100010.0","Success","0.00033"
"1MV3","12","101010011110","101010011110.0","Success","0.00026"
"8HYL","12","10100011101","10100011101.0","Success","0.00067"
"8YJZ","12","1100001","1100001.0","Success","0.00041"
"3Q6N","12","11011001001","11011001001.0","Success","0.00036"
"7DTU","12","1010111000","1010111000.0","Success","0.00042"
"4ZXW","12","10001110101","10001110101.0","Success","0.00056"
"1USL","12","100011101101","100011101101.0","Success","0.0006"
"1AR1","12","101101000100","101101000100.0","Success","0.00053"
"5MIU","12","100100011001","100100011001.0","Success","0.00056"
"3A12","12","11110001011","11110001011.0","Success","0.00025"
"1BWD","12","10111010001","10111010001.0","Success","0.00064"
"6RMB","12","110110001110","110110001110.0","Success","0.00065"
"2HRW","12","110000101000","110000101000.0","Success","0.00102"
"2Y82","12","101100","101100.0","Success","0.001"
"3ZN0","12","10001001000","10001001000.0","Success","0.00059"
"8F3A","12","100001010100","100001010100.0","Success","0.00137"
"7SOR","12","110111110010","110111110010.0","Success","0.00124"
"4I5J","12","101001010100","101001010100.0","Success","0.00104"
"6F06","12","110101110111","110101110111.0","Success","0.00078"
"4A5N","12","10111000010","10111000010.0","Success","0.00081"
"7BYF","12","101110000100","101110000100.0","Success","0.00043"
"9AVH","12","100010001010","100010001010.0","Success","0.0007"
"1G79","12","111010111011","111010111011.0","Success","0.00121"
"6FV9","12","111010001100","111010001100.0","Success","0.00066"
"6HLA","12","100010110101","100010110101.0","Success","0.0005"
"8TZO","12","1010011001","1010011001.0","Success","0.00051"
"6BJU","12","10000100100","10000100100.0","Success","0.00073"
"3ZDT","12","11100111000","11100111000.0","Success","0.00065"
"4QCF","12","111101010111","111101010111.0","Success","0.00088"
"8CFJ","12","111101111","111101111.0","Success","0.00038"
"1XDW","12","110010010","110010010.0","Success","0.00094"
"8Y9B","12","1101111011","1101111011.0","Success","0.00042"
"1IFW","12","111111001101","111111001101.0","Success","0.00032"
"4R4J","12","111110100100","111110100100.0","Success","0.00063"
"1B0L","12","110001000100","110001000100.0","Success","0.00064"
"5IER","12","11001010101","11001010101.0","Success","0.00075"
"1ERN","12","10000000000","10000000000.0","Success","0.00081"
"7EHL","12","1110000101","1110000101.0","Success","0.00051"
"5KYM","12","11000001001","11000001001.0","Success","0.00079"
"4G70","12","110110000010","110110000010.0","Success","0.00062"
"1E2B","12","10000011111","10000011111.0","Success","0.00039"
"6J6X","12","110101111110","110101111110.0","Success","0.0007"
"4DVD","12","100101001010","100101001010.0","Success","0.00121"
"1ZHZ","12","111001101100","111001101100.0","Success","0.00081"
"5ZK5","12","1101101110","1101101110.0","Success","0.00122"
"1SD4","12","101111000001","101111000001.0","Success","0.00108"
"4YP6","12","111011011110","111011011110.0","Success","0.00076"
"2E2G","12","111010100101","111010100101.0","Success","0.00034"
"1R10","12","1001111","1001111.0","Success","0.00074"
"2P39","12","111110101101","111110101101.0","Success","0.00139"
"4AQ2","12","1101110100","1101110100.0","Success","0.00023"
"6DJK","12","11101001110","11101001110.0","Success","0.00085"
"1EPQ","12","11010000001","11010000001.0","Success","0.00091"
"6H99","12","110011101111","110011101111.0","Success","0.00084"
"2CYZ","12","101110000001","101110000001.0","Success","0.00082"
"4QCK","12","110010100010","110010100010.0","Success","0.00088"
"9FJL","12","10001000101","10001000101.0","Success","0.00133"
"1J2Y","12","1100101000","1100101000.0","Success","0.00136"
"7M4K","12","111111100110","111111100110.0","Success","0.00093"
"8GFS","12","11000110000","11000110000.0","Success","0.00074"
"7SY3","12","11001011000","11001011000.0","Success","0.00029"
"6CBF","12","1100000001","1100000001.0","Success","0.00089"
"3WFQ","12","100100101100","100100101100.0","Success","0.00041"
"3EG1","12","100010000000","100010000000.0","Success","0.00142"
"4RZA","12","100010111011","100010111011.0","Success","0.00124"
"1IQC","12","1100001011","1100001011.0","Success","0.00048"
"1XYI","12","1010011001","1010011001.0","Success","0.00211"
"3ERF","12","110011110101","110011110101.0","Success","0.00116"
"3MH2","12","111110101000","111110101000.0","Success","0.00092"
"2TBV","12","110110001111","110110001111.0","Success","0.00057"
"7MBU","12","10011110110","10011110110.0","Success","0.00027"
"3JYZ","12","1000001","1000001.0","Success","0.00137"
"1ZQ7","12","11001010110","11001010110.0","Success","0.00061"
"3DLL","12","101001000","101001000.0","Success","0.0003"
"2HS0","12","100001100100","100001100100.0","Success","0.0007"
"3B8M","12","11010111000","11010111000.0","Success","0.00059"
"6S6L","12","11111101111","11111101111.0","Success","0.00044"
"8IUG","12","111001001010","111001001010.0","Success","0.00035"
"5KGN","12","111100001000","111100001000.0","Success","0.00053"
"6W4R","12","1111011000","1111011000.0","Success","0.00056"
"8W6W","12","111011111100","111011111100.0","Success","0.00121"
"6Q4G","12","101101100","101101100.0","Success","0.001"
"2OE2","12","100000011100","100000011100.0","Success","0.00093"
"1A4K","12","101011101001","101011101001.0","Success","0.00057"
"1W9Y","12","111000101111","111000101111.0","Success","0.00101"
"3G36","12","100111110010","100111110010.0","Success","0.00117"
"7FEF","12","100001100111","100001100111.0","Success","0.00238"
"2YXW","12","101110001100","101110001100.0","Success","0.00055"
"4L0T","12","110111111100","110111111100.0","Success","0.00083"
"5YTF","12","110010001011","110010001011.0","Success","0.00071"
"3GA5","12","101101001001","101101001001.0","Success","0.00067"
"8BGW","12","1000010100","1000010100.0","Success","0.00042"
"8ABU","12","100101001011","100101001011.0","Success","0.00063"
"8OFV","12","1100000111","1100000111.0","Success","0.00036"
"2YS8","12","100010001110","100010001110.0","Success","0.0004"
"1WBF","12","101011001000","101011001000.0","Success","0.00078"
"7V53","12","11111110111","11111110111.0","Success","0.00055"
"8XCG","12","111111111000","111111111000.0","Success","0.0003"
"2ESN","12","10111100011","10111100011.0","Success","0.00048"
"7VJL","12","1010100","1010100.0","Success","0.00071"
"3VFB","12","10010001101","10010001101.0","Success","0.00117"
"3KA0","12","1110010110","1110010110.0","Success","0.00101"
"2GNJ","12","10101111000","10101111000.0","Success","0.00089"
"2RS9","12","100000101011","100000101011.0","Success","0.00033"
"8EY0","12","1011010101","1011010101.0","Success","0.00077"
"5WNM","12","101001000100","101001000100.0","Success","0.00104"
"9CQI","12","1000000111","1000000111.0","Success","0.00077"
"1H6Q","12","100110011100","100110011100.0","Success","0.0013"
"6KHT","12","11110011010","11110011010.0","Success","0.00044"
"7SMI","12","111110011000","111110011000.0","Success","0.00095"
"2QQK","12","100110001000","100110001000.0","Success","0.00054"
"3M0V","12","10111101110","10111101110.0","Success","0.00042"
"4C4I","12","100101101","100101101.0","Success","0.00107"
"3ZMT","12","101011101100","101011101100.0","Success","0.00061"
"5UQ0","12","1000100110","1000100110.0","Success","0.00074"
"2Z81","12","101011101010","101011101010.0","Success","0.00072"
"4NMF","12","100110110100","100110110100.0","Success","0.00038"
"5A3E","12","10000111000","10000111000.0","Success","0.0015"
"6RO1","12","100101000110","100101000110.0","Success","0.00055"
"1O9E","12","1100010100","1100010100.0","Success","0.0011"
"2BZ0","12","1001010100","1001010100.0","Success","0.00088"
"6DGU","12","111001110","111001110.0","Success","0.00051"
"6E2P","12","110010011010","110010011010.0","Success","0.00055"
"2BLP","12","11001001001","11001001001.0","Success","0.00156"
"1ULT","12","111000011100","111000011100.0","Success","0.00051"
"8X55","12","100001110000","100001110000.0","Success","0.00031"
"5WWE","12","11100000000","11100000000.0","Success","0.00128"
"6UPZ","12","110010001100","110010001100.0","Success","0.00028"
"8ZRV","12","101101011010","101101011010.0","Success","0.00042"
"7UE1","12","100110001000","100110001000.0","Success","0.00097"
"8XES","12","111101010000","111101010000.0","Success","0.00087"
"2E5K","12","1000110011","1000110011.0","Success","0.00039"
"2C83","12","11110111110","11110111110.0","Success","0.00087"
"7RYV","12","100001001111","100001001111.0","Success","0.00041"
"2YZ8","12","1110010011","1110010011.0","Success","0.00176"
"6P8E","12","110000101111","110000101111.0","Success","0.00072"
"5XTM","12","1001111101","1001111101.0","Success","0.00106"
"1DCZ","12","11000010","11000010.0","Success","0.00189"
"4PUC","12","111010101110","111010101110.0","Success","0.00053"
"6DL9","12","100100001","100100001.0","Success","0.00062"
"5M2Z","12","11110100001","11110100001.0","Success","0.00024"
"4YBU","12","110110100011","110110100011.0","Success","0.00141"
"6OQ6","12","100110000111","100110000111.0","Success","0.00079"
"4HXP","12","111000001110","111000001110.0","Success","0.00148"
"1SOQ","12","110110110000","110110110000.0","Success","0.00079"
"7VBN","12","101100110000","101100110000.0","Success","0.00027"
"6YL9","12","101010011001","101010011001.0","Success","0.00092"
"1S3I","12","110001001110","110001001110.0","Success","0.00097"
"9GG2","12","101100101100","101100101100.0","Success","0.00022"
"6W9I","12","11010111","11010111.0","Success","0.00105"
"6EO4","12","1111000","1111000.0","Success","0.00054"
"4BDY","12","11110110010","11110110010.0","Success","0.00073"
"1B5S","12","1011101111","1011101111.0","Success","0.00049"
"7NWL","12","110110111100","110110111100.0","Success","0.0004"
"2WKU","12","101111010011","101111010011.0","Success","0.00041"
"7SN3","12","110010110110","110010110110.0","Success","0.00029"
"3AP4","12","101011111001","101011111001.0","Success","0.00069"
"2WBC","12","101100001100","101100001100.0","Success","0.00125"
"2KXN","12","11101001111","11101001111.0","Success","0.00048"
"6GT6","12","10011001","10011001.0","Success","0.00113"
"4MTJ","12","100001010","100001010.0","Success","0.00041"
"8SG4","12","111100011110","111100011110.0","Success","0.00044"
"5D4A","12","111011100010","111011100010.0","Success","0.00141"
"7JP1","12","101000111010","101000111010.0","Success","0.00096"
"3FWI","12","1110000111","1110000111.0","Success","0.00084"
"3M9H","12","111001001000","111001001000.0","Success","0.00107"
"3FI2","12","11001001011","11001001011.0","Success","0.0009"
"3EPL","12","111101000010","111101000010.0","Success","0.00058"
"7OI9","12","111000101","111000101.0","Success","0.00018"
"5KGW","12","10011000110","10011000110.0","Success","0.00143"
"6L8I","12","1101111001","1101111001.0","Success","0.0008"
"8WJ1","12","11010111100","11010111100.0","Success","0.00101"
"3U9S","12","1010001010","1010001010.0","Success","0.00021"
"5NTW","12","110100110111","110100110111.0","Success","0.00052"
"1J5O","12","11011011111","11011011111.0","Success","0.00044"
"7DLY","12","11010110110","11010110110.0","Success","0.0006"
"3TVI","12","100000101","100000101.0","Success","0.00023"
"8UXQ","12","11000001000","11000001000.0","Success","0.00052"
"5VEG","12","100011110111","100011110111.0","Success","0.00082"
"3GHY","12","111001110101","111001110101.0","Success","0.00066"
"6FU3","12","100000010001","100000010001.0","Success","0.00065"
"8BLQ","12","101110101101","101110101101.0","Success","0.00049"
"6SDF","12","100011101011","100011101011.0","Success","0.0015"
"7L89","12","1100100011","1100100011.0","Success","0.00039"
"5ZKZ","12","101100110100","101100110100.0","Success","0.00123"
"8XOG","12","111101110011","111101110011.0","Success","0.00051"
"7BOF","12","1000010110","1000010110.0","Success","0.00046"
"4G3P","12","100001010010","100001010010.0","Success","0.00078"
"5S7P","12","10001111001","10001111001.0","Success","0.00069"
"6AX0","12","111101101011","111101101011.0","Success","0.00093"
"4MSG","12","10011101000","10011101000.0","Success","0.00083"
"7TEO","12","11100010001","11100010001.0","Success","0.00021"
"5IBG","12","100101111010","100101111010.0","Success","0.00081"
"8HPS","12","11100001110","11100001110.0","Success","0.00041"
"1MS8","12","111010100110","111010100110.0","Success","0.00047"
"6Z1I","12","1110001000","1110001000.0","Success","0.00073"
"1BP3","12","11101001100","11101001100.0","Success","0.00085"
"7SND","12","110101100101","110101100101.0","Success","0.00148"
"3PYK","12","101001001000","101001001000.0","Success","0.00103"
"7OE0","12","101011000100","101011000100.0","Success","0.00035"
"8FIP","12","100100100101","100100100101.0","Success","0.00065"
"7XRL","12","100000000","100000000.0","Success","0.0004"
"5I9W","12","10100101111","10100101111.0","Success","0.00101"
"1KNW","12","10010000","10010000.0","Success","0.00082"
"5W3E","12","101101010011","101101010011.0","Success","0.00051"
"8C76","12","110100011110","110100011110.0","Success","0.00059"
"5YMY","12","101101110110","101101110110.0","Success","0.00023"
"3ILG","12","110000110","110000110.0","Success","0.00171"
"6LX2","12","10110011011","10110011011.0","Success","0.00077"
"3J4B","12","10110111100","10110111100.0","Success","0.00035"
"1FBK","12","1100010001","1100010001.0","Success","0.00115"
"7LTO","12","10100000011","10100000011.0","Success","0.0007"
"7E5C","12","100100110101","100100110101.0","Success","0.0004"
"8UZW","12","11100100101","11100100101.0","Success","0.00028"
"5B5K","12","10000000101","10000000101.0","Success","0.00108"
"7DJ2","12","101110111","101110111.0","Success","0.00053"
"8IF3","12","100000100010","100000100010.0","Success","0.00057"
"4AT7","12","10010110","10010110.0","Success","0.00065"
"1K9R","12","1100100000","1100100000.0","Success","0.00057"
"7W3U","12","10101100","10101100.0","Success","0.00048"
"1Q5I","12","1010001","1010001.0","Success","0.00079"
"7TMD","12","111001101000","111001101000.0","Success","0.00038"
"9OFH","12","110111101000","110111101000.0","Success","0.00031"
"2H39","12","1100001011","1100001011.0","Success","0.00067"
"3IVT","12","101010111110","101010111110.0","Success","0.0006"
"8J1J","12","111001110100","111001110100.0","Success","0.00059"
"1MB8","12","111000110111","111000110111.0","Success","0.0011"
"1E4I","12","11110101000","11110101000.0","Success","0.0008"
"8GIU","12","111100101010","111100101010.0","Success","0.00025"
"6AMO","12","110000000111","110000000111.0","Success","0.00039"
"4C2M","12","110000010011","110000010011.0","Success","0.00018"
"1Z8S","12","100000001100","100000001100.0","Success","0.00046"
"6WBT","12","101100001011","101100001011.0","Success","0.0004"
"6ZCZ","12","11110001010","11110001010.0","Success","0.00063"
"7C75","12","111000000101","111000000101.0","Success","0.00068"
"5CFB","12","100101101010","100101101010.0","Success","0.00042"
"5H48","12","10101001","10101001.0","Success","0.00143"
"7CS8","12","111011000010","111011000010.0","Success","0.0004"
"4UNQ","12","101111000000","101111000000.0","Success","0.00086"
"7NK9","12","100001111000","100001111000.0","Success","0.00048"
"1ZYJ","12","111011010010","111011010010.0","Success","0.00092"
"5AJX","12","10011000010","10011000010.0","Success","0.00081"
"3HEM","12","111111100001","111111100001.0","Success","0.00098"
"6IHL","12","1001011000","1001011000.0","Success","0.00108"
"1Z6F","12","11010001000","11010001000.0","Success","0.00087"
"5CUX","12","100110000","100110000.0","Success","0.00073"
"3RCY","12","111100000001","111100000001.0","Success","0.0003"
"3MJV","12","1110100000","1110100000.0","Success","0.00055"
"5OWG","12","110011000","110011000.0","Success","0.00124"
"4QBF","12","111110110","111110110.0","Success","0.00118"
"1QYB","12","101101110110","101101110110.0","Success","0.00122"
"4BQI","12","100111000011","100111000011.0","Success","0.00041"
"4RDK","12","110000110001","110000110001.0","Success","0.00069"
"4MXK","12","11110000011","11110000011.0","Success","0.00135"
"7U25","12","101100010","101100010.0","Success","0.0007"
"4H4E","12","110111101101","110111101101.0","Success","0.00066"
"8P9V","12","11010000001","11010000001.0","Success","0.00042"
"1JR2","12","10010011001","10010011001.0","Success","0.00071"
"7EDD","12","1001001010","1001001010.0","Success","0.00046"
"5G55","12","100010001010","100010001010.0","Success","0.00057"
"5HT4","12","10001101000","10001101000.0","Success","0.00121"
"7RGF","12","100100101000","100100101000.0","Success","0.00058"
"3A9B","12","110010011010","110010011010.0","Success","0.00088"
"6SLU","12","100011001101","100011001101.0","Success","0.00047"
"4WJG","12","110010100111","110010100111.0","Success","0.00021"
"3R5H","12","111111111011","111111111011.0","Success","0.00061"
"1IWI","12","11100100001","11100100001.0","Success","0.00087"
"4EO8","12","111000010100","111000010100.0","Success","0.0005"
"5CRZ","12","11111001111","11111001111.0","Success","0.00148"
"7NF1","12","1100001110","1100001110.0","Success","0.00053"
"1EUC","12","101010000011","101010000011.0","Success","0.00063"
"6MDV","12","101001000100","101001000100.0","Success","0.00041"
"5K6X","12","111100111100","111100111100.0","Success","0.00062"
"8QLM","12","11111010001","11111010001.0","Success","0.00047"
"5EJZ","12","1010000000","1010000000.0","Success","0.00045"
"2QGM","12","10001011101","10001011101.0","Success","0.00087"
"5PXP","12","11101110100","11101110100.0","Success","0.00087"
"1QQA","12","10111011001","10111011001.0","Success","0.00098"
"6DWJ","12","10100","10100.0","Success","0.00039"
"1H5V","12","111011010001","111011010001.0","Success","0.00097"
"1H1W","12","110","110.0","Success","0.00099"
"9DA9","12","10011100000","10011100000.0","Success","0.0007"
"8YQA","12","101111110011","101111110011.0","Success","0.00143"
"1RHL","12","111000010010","111000010010.0","Success","0.00162"
"6JUA","12","11111111","11111111.0","Success","0.00051"
"2DXL","12","100010101000","100010101000.0","Success","0.00071"
"2ONF","12","1010001111","1010001111.0","Success","0.00099"
"6HGV","12","101110110111","101110110111.0","Success","0.00095"
"2O68","12","10011100010","10011100010.0","Success","0.00098"
"1O1T","12","110111111100","110111111100.0","Success","0.00065"
"9DH9","12","101101001001","101101001001.0","Success","0.00031"
"3NT7","12","100011101111","100011101111.0","Success","0.00082"
"3MN5","12","110011001","110011001.0","Success","0.00091"
"4NFZ","12","100100011011","100100011011.0","Success","0.00071"
"5RTS","12","1111111010","1111111010.0","Success","0.00093"
"3QQM","12","101101101111","101101101111.0","Success","0.00041"
"2R1G","12","101011110001","101011110001.0","Success","0.00084"
"1U8H","12","110011101001","110011101001.0","Success","0.00079"
"6U3K","12","11110110110","11110110110.0","Success","0.00085"
"6XJ6","12","10110110100","10110110100.0","Success","0.00099"
"3IS6","12","101111101100","101111101100.0","Success","0.00079"
"5VXI","12","100111000111","100111000111.0","Success","0.00092"
"8S2Y","12","11000011001","11000011001.0","Success","0.00055"
"3LI1","12","110011101110","110011101110.0","Success","0.00079"
"2W1I","12","100000011100","100000011100.0","Success","0.00071"
"7YSI","12","100110101111","100110101111.0","Success","0.00141"
"1O84","12","11101001101","11101001101.0","Success","0.0014"
"9BH6","12","100111000011","100111000011.0","Success","0.0003"
"7JOA","12","101101110010","101101110010.0","Success","0.0005"
"6PGA","12","10011010111","10011010111.0","Success","0.00097"
"4ZT6","12","11000111","11000111.0","Success","0.0005"
"7H4G","12","11101010001","11101010001.0","Success","0.00141"
"1ZUE","12","110010000010","110010000010.0","Success","0.0006"
"4II8","12","111001110010","111001110010.0","Success","0.00153"
"3RAQ","12","1110101100","1110101100.0","Success","0.00064"
"5L7R","12","111010101000","111010101000.0","Success","0.00051"
"8RH9","12","110100111000","110100111000.0","Success","0.00041"
"5AKZ","12","10001100101","10001100101.0","Success","0.00071"
"5U41","12","100101000100","100101000100.0","Success","0.00074"
"2P0H","12","101010100110","101010100110.0","Success","0.00157"
"1LI6","12","10100111010","10100111010.0","Success","0.00135"
"3RXT","12","10101011000","10101011000.0","Success","0.0011"
"8W45","12","111011011001","111011011001.0","Success","0.00109"
"1PRY","12","1000111110","1000111110.0","Success","0.00112"
"2NPQ","12","101100100100","101100100100.0","Success","0.00093"
"4O77","12","1000101110","1000101110.0","Success","0.00106"
"5AX6","12","1011010010","1011010010.0","Success","0.00076"
"6J9C","12","100010000010","100010000010.0","Success","0.00115"
"4Q7D","12","10000100011","10000100011.0","Success","0.00082"
"1DQY","12","101010111","101010111.0","Success","0.00101"
"6G47","12","100000010000","100000010000.0","Success","0.00076"
"1OLZ","12","1001111","1001111.0","Success","0.00048"
"8GBB","12","111010010101","111010010101.0","Success","0.00074"
"3D4K","12","101100011010","101100011010.0","Success","0.00055"
"6UNP","12","10101010001","10101010001.0","Success","0.00069"
"5LDE","12","11111101","11111101.0","Success","0.00078"
"3N78","12","110111011000","110111011000.0","Success","0.00065"
"5E5G","12","100100011001","100100011001.0","Success","0.00056"
"2GP7","12","100010100011","100010100011.0","Success","0.00057"
"7X7N","12","11000010010","11000010010.0","Success","0.00029"
"3QRQ","12","111011100110","111011100110.0","Success","0.00118"
"3GO8","12","110010111011","110010111011.0","Success","0.00109"
"2Y1M","12","11100111101","11100111101.0","Success","0.00036"
"6VPZ","12","100110110101","100110110101.0","Success","0.00086"
"2ZBH","12","11111100000","11111100000.0","Success","0.00153"
"8RCB","12","100110110110","100110110110.0","Success","0.0005"
"6WB9","12","111111111","111111111.0","Success","0.0004"
"2P8R","12","10111101011","10111101011.0","Success","0.00105"
"3IKO","12","110110011110","110110011110.0","Success","0.00029"
"5O4O","12","1010011100","1010011100.0","Success","0.00059"
"1N19","12","11101011111","11101011111.0","Success","0.00096"
"4WXB","12","101101011011","101101011011.0","Success","0.00042"
"2A97","12","100101010111","100101010111.0","Success","0.00061"
"2LMG","12","111110011011","111110011011.0","Success","0.00044"
"9L3W","12","100100111000","100100111000.0","Success","0.00054"
"3RVD","12","101110101011","101110101011.0","Success","0.00028"
"1YQQ","12","100110101100","100110101100.0","Success","0.00059"
"2Y4V","12","1101001011","1101001011.0","Success","0.00132"
"2YRU","12","10110110000","10110110000.0","Success","0.00034"
"1YRF","12","10110001","10110001.0","Success","0.00279"
"4EZ1","12","110011100000","110011100000.0","Success","0.00052"
"5Q2I","12","1111010110","1111010110.0","Success","0.00091"
"1TZ2","12","111100110100","111100110100.0","Success","0.00045"
"1K97","12","10011100110","10011100110.0","Success","0.00082"
"2O25","12","111011101111","111011101111.0","Success","0.00063"
"5HHI","12","11001101","11001101.0","Success","0.00092"
"6CID","12","110101110100","110101110100.0","Success","0.00058"
"4HS3","12","110011111101","110011111101.0","Success","0.00085"
"8BA5","12","110000101001","110000101001.0","Success","0.00144"
"1D1M","12","101000000101","101000000101.0","Success","0.00151"
"7G2E","12","101110010111","101110010111.0","Success","0.00058"
"3HVD","12","110110101000","110110101000.0","Success","0.00026"
"2ZBF","12","11010001000","11010001000.0","Success","0.00053"
"5HIZ","12","111111000","111111000.0","Success","0.00119"
"7HKM","12","100010110011","100010110011.0","Success","0.0007"
"7P2T","12","101010011010","101010011010.0","Success","0.00042"
"2L0C","12","100010101","100010101.0","Success","0.00037"
"5HOU","12","100101101011","100101101011.0","Success","0.0003"
"8Y4A","12","100011101","100011101.0","Success","0.00028"
"1WAC","12","10000100010","10000100010.0","Success","0.00037"
"2XP0","12","100011001","100011001.0","Success","0.00082"
"5C1Q","12","1010001010","1010001010.0","Success","0.00101"
"8P7N","12","1000100100","1000100100.0","Success","0.00046"
"1FMU","12","110010110110","110010110110.0","Success","0.00093"
"7XVX","12","110001000011","110001000011.0","Success","0.00085"
"3RG6","12","110111111111","110111111111.0","Success","0.00045"
"2NB1","12","1101111111","1101111111.0","Success","0.00025"
"4NA8","12","110110111110","110110111110.0","Success","0.0011"
"4IC1","12","10001001011","10001001011.0","Success","0.00038"
"5PWF","12","1011100000","1011100000.0","Success","0.00089"
"2ZCO","12","11110111110","11110111110.0","Success","0.00103"
"8TE4","12","11000001100","11000001100.0","Success","0.00041"
"2YCK","12","10111100011","10111100011.0","Success","0.00102"
"5FLV","12","10000000100","10000000100.0","Success","0.00055"
"8R11","12","100011110001","100011110001.0","Success","0.00066"
"7NVQ","12","100100001010","100100001010.0","Success","0.001"
"8BQW","12","100111010101","100111010101.0","Success","0.00126"
"4C5L","12","100110110001","100110110001.0","Success","0.00053"
"6ZDJ","12","10100001100","10100001100.0","Success","0.00035"
"1GL3","12","101101100110","101101100110.0","Success","0.00062"
"6LTK","12","110001111","110001111.0","Success","0.00116"
"6Q7F","12","101010011010","101010011010.0","Success","0.001"
"8EE7","12","100001110111","100001110111.0","Success","0.00049"
"1DS3","12","101100100001","101100100001.0","Success","0.00233"
"8TUQ","12","110001000010","110001000010.0","Success","0.00076"
"3FRY","12","101100001010","101100001010.0","Success","0.00144"
"2VW7","12","100010010011","100010010011.0","Success","0.00065"
"4QXZ","12","10010110011","10010110011.0","Success","0.00094"
"1DKL","12","111101011","111101011.0","Success","0.00058"
"5HP8","12","1101001111","1101001111.0","Success","0.00092"
"4G4R","12","100101001100","100101001100.0","Success","0.00106"
"7YCN","12","101111111000","101111111000.0","Success","0.00034"
"3SOH","12","100000011011","100000011011.0","Success","0.00071"
"8PXL","12","111111001111","111111001111.0","Success","0.00083"
"1OGC","12","111000001101","111000001101.0","Success","0.00066"
"8UD0","12","101101010011","101101010011.0","Success","0.00149"
"5MVR","12","1111110010","1111110010.0","Success","0.00136"
"3FUN","12","100110110","100110110.0","Success","0.00068"
"6G2U","12","101101001111","101101001111.0","Success","0.00032"
"1XJZ","12","1011100","1011100.0","Success","0.00081"
"3VHJ","12","11101111110","11101111110.0","Success","0.00132"
"9AUV","12","101111111100","101111111100.0","Success","0.00032"
"7TJ8","12","10111010101","10111010101.0","Success","0.00048"
"1VLP","12","1110111000","1110111000.0","Success","0.00042"
"2B8L","12","110001","110001.0","Success","0.00086"
"7H3Y","12","11001010101","11001010101.0","Success","0.00143"
"1HJM","12","111111011011","111111011011.0","Success","0.00161"
"4GN3","12","10011011110","10011011110.0","Success","0.00036"
"1TF6","12","10100000001","10100000001.0","Success","0.00087"
"1BBW","12","10010100010","10010100010.0","Success","0.00077"
"5C0Y","12","11111001111","11111001111.0","Success","0.0006"
"6HHJ","12","111000100","111000100.0","Success","0.00081"
"7P62","12","10000","10000.0","Success","0.00025"
"6GUV","12","10000000011","10000000011.0","Success","0.00147"
"3ZOF","12","110100010001","110100010001.0","Success","0.0009"
"8X5D","12","10000011110","10000011110.0","Success","0.00037"
"5B32","12","11011010100","11011010100.0","Success","0.00059"
"7OX9","12","11111101","11111101.0","Success","0.00046"
"6TK3","12","111011010010","111011010010.0","Success","0.00103"
"1XMT","12","11111001100","11111001100.0","Success","0.00176"
"7MLS","12","10100010101","10100010101.0","Success","0.00155"
"7PKQ","12","101011011100","101011011100.0","Success","0.0002"
"1D1A","12","100110001111","100110001111.0","Success","0.00063"
"2E8C","12","10110100111","10110100111.0","Success","0.00147"
"5LB3","12","1010100010","1010100010.0","Success","0.00056"
"6FL9","12","111111010101","111111010101.0","Success","0.00043"
"5IA3","12","100000110010","100000110010.0","Success","0.00102"
"1SFC","12","10001110101","10001110101.0","Success","0.00058"
"1HJV","12","10101001001","10101001001.0","Success","0.00044"
"4YS6","12","11111110111","11111110111.0","Success","0.00094"
"2AL2","12","100101010001","100101010001.0","Success","0.00057"
"4DLK","12","11101010000","11101010000.0","Success","0.00063"
"1RVT","12","100100000000","100100000000.0","Success","0.00046"
"8ZY1","12","100101011001","100101011001.0","Success","0.00029"
"9EJ4","12","11110110011","11110110011.0","Success","0.00069"
"3EDY","12","10101","10101.0","Success","0.00072"
"1OJ4","12","100000100101","100000100101.0","Success","0.00072"
"3H5K","12","10000110100","10000110100.0","Success","0.00072"
"4M20","12","100010111001","100010111001.0","Success","0.00075"
"5O0M","12","111101010101","111101010101.0","Success","0.0007"
"7B2M","12","11101000110","11101000110.0","Success","0.00043"
"8CYT","12","101101010101","101101010101.0","Success","0.00054"
"6CV7","12","1110011110","1110011110.0","Success","0.00086"
"3PUT","12","111111001001","111111001001.0","Success","0.00093"
"3C9C","12","11011010010","11011010010.0","Success","0.00088"
"8PPD","12","101010101","101010101.0","Success","0.00075"
"8VOD","12","1011001001","1011001001.0","Success","0.00122"
"4MCO","12","1100111101","1100111101.0","Success","0.00055"
"1M18","12","11111100110","11111100110.0","Success","0.00062"
"5B0W","12","100101000111","100101000111.0","Success","0.00042"
"1T33","12","101001001100","101001001100.0","Success","0.00081"
"8B35","12","110111111101","110111111101.0","Success","0.00061"
"4IG9","12","10101010001","10101010001.0","Success","0.00049"
"8W20","12","111110010101","111110010101.0","Success","0.00031"
"8U14","12","11100001011","11100001011.0","Success","0.00052"
"6WU4","12","101110110","101110110.0","Success","0.00052"
"5UYG","12","1101010011","1101010011.0","Success","0.001"
"5E0S","12","101011110","101011110.0","Success","0.00024"
"5UKZ","12","101000101101","101000101101.0","Success","0.00079"
"8VBO","12","100001011111","100001011111.0","Success","0.00076"
"8T31","12","1110011010","1110011010.0","Success","0.00068"
"2ITH","12","110011000110","110011000110.0","Success","0.0003"
"8Q2Z","12","1011100001","1011100001.0","Success","0.00059"
"1C7Y","12","101000111100","101000111100.0","Success","0.00122"
"2YOC","12","11100110100","11100110100.0","Success","0.00038"
"3RFV","12","110110011010","110110011010.0","Success","0.00061"
"4AUU","12","111010111101","111010111101.0","Success","0.00096"
"9EJ0","12","11011110000","11011110000.0","Success","0.00067"
"6PAS","12","100101011101","100101011101.0","Success","0.0005"
"7VLD","12","101010100111","101010100111.0","Success","0.00048"
"3IKT","12","111111111110","111111111110.0","Success","0.00082"
"3ENG","12","11111101","11111101.0","Success","0.00115"
"5WXC","12","110100101100","110100101100.0","Success","0.0006"
"8SZZ","12","1001010000","1001010000.0","Success","0.00021"
"5A2R","12","110000100","110000100.0","Success","0.0007"
"3D7M","12","1110111111","1110111111.0","Success","0.00095"
"8W0Z","12","101101111101","101101111101.0","Success","0.00029"
"8GOL","12","11101100111","11101100111.0","Success","0.00046"
"7Q21","12","10100110001","10100110001.0","Success","0.00022"
"6WR4","12","101011011000","101011011000.0","Success","0.00045"
"6S3X","12","110110101101","110110101101.0","Success","0.00055"
"2W6P","12","101111010111","101111010111.0","Success","0.00057"
"2Q79","12","10010101","10010101.0","Success","0.00197"
"6JPB","12","100000011000","100000011000.0","Success","0.00033"
"8VUC","12","101011010000","101011010000.0","Success","0.00056"
"6CC6","12","1101111000","1101111000.0","Success","0.00044"
"6O1P","12","101100101000","101100101000.0","Success","0.00034"
"7PY9","12","110001111","110001111.0","Success","0.00149"
"8I90","12","100100110011","100100110011.0","Success","0.00059"
"3W95","12","111111111101","111111111101.0","Success","0.0014"
"3MI7","12","100010100","100010100.0","Success","0.00183"
"1T8B","12","11011101000","11011101000.0","Success","0.00083"
"6GPT","12","110010010101","110010010101.0","Success","0.00112"
"8AG1","12","111100111101","111100111101.0","Success","0.00051"
"6OHJ","12","100001111110","100001111110.0","Success","0.00087"
"2CIG","12","10001000","10001000.0","Success","0.00139"
"8SHC","12","111101010001","111101010001.0","Success","0.00047"
"2O8G","12","101111100001","101111100001.0","Success","0.00063"
"2L9W","12","101110110101","101110110101.0","Success","0.00037"
"8J3G","12","101001010100","101001010100.0","Success","0.00095"
"4V35","12","101001000011","101001000011.0","Success","0.00094"
"2R5R","12","100110000101","100110000101.0","Success","0.00111"
"6N5D","12","110100011010","110100011010.0","Success","0.00036"
"6ZFS","12","110011001","110011001.0","Success","0.00037"
"1P3H","12","101100000001","101100000001.0","Success","0.00045"
"1FKW","12","10101110110","10101110110.0","Success","0.00087"
"6PVE","12","111100011110","111100011110.0","Success","0.00053"
"3LWS","12","101011011101","101011011101.0","Success","0.00037"
"6DMU","12","101000010","101000010.0","Success","0.00035"
"7OO0","12","100101","100101.0","Success","0.00039"
"1DFU","12","100110101","100110101.0","Success","0.00176"
"7Y1T","12","111111101100","111111101100.0","Success","0.00052"
"3F3T","12","100101101101","100101101101.0","Success","0.00072"
"4N5A","12","10100000111","10100000111.0","Success","0.00075"
"3I79","12","100101110011","100101110011.0","Success","0.00078"
"9FMZ","12","11111001","11111001.0","Success","0.00047"
"1OYR","12","101100001100","101100001100.0","Success","0.00044"
"7F17","12","1111001111","1111001111.0","Success","0.00069"
"2XTK","12","111000110111","111000110111.0","Success","0.00067"
"4QV3","12","10011100010","10011100010.0","Success","0.00021"
"8E6I","12","111000001110","111000001110.0","Success","0.00085"
"1UH3","12","100100011101","100100011101.0","Success","0.00067"
"6XQG","12","100001110111","100001110111.0","Success","0.00105"
"5MQG","12","100111100101","100111100101.0","Success","0.00107"
"3WWS","12","100110111000","100110111000.0","Success","0.00124"
"4JX5","12","101000011","101000011.0","Success","0.00035"
"8GDL","12","11010011100","11010011100.0","Success","0.00062"
"4DF8","12","111111011011","111111011011.0","Success","0.00073"
"7WT0","12","1110100","1110100.0","Success","0.00086"
"7LJL","12","100001000110","100001000110.0","Success","0.00063"
"7DKD","12","111011001","111011001.0","Success","0.00045"
"5ZQE","12","111110110001","111110110001.0","Success","0.00038"
"8BEV","12","1001100111","1001100111.0","Success","0.00072"
"4N7W","12","110111001001","110111001001.0","Success","0.0007"
"3QZ0","12","10110110011","10110110011.0","Success","0.00133"
"6EYC","12","101111111","101111111.0","Success","0.00027"
"2G2O","12","1100110110","1100110110.0","Success","0.00094"
"1SSC","12","11011010010","11011010010.0","Success","0.00148"
"2XLC","12","1001001","1001001.0","Success","0.00038"
"9GKG","12","10001110001","10001110001.0","Success","0.00052"
"8FVL","12","11110101","11110101.0","Success","0.00071"
"7VFF","12","11001010001","11001010001.0","Success","0.00042"
"5ZSZ","12","110001101001","110001101001.0","Success","0.00096"
"3WDW","12","100100010001","100100010001.0","Success","0.00069"
"3EQG","12","110011111011","110011111011.0","Success","0.00095"
"2W2Q","12","10110111010","10110111010.0","Success","0.00081"
"9QXY","12","101100111100","101100111100.0","Success","0.00113"
"1D7M","12","1110101011","1110101011.0","Success","0.00119"
"1GKR","12","1001100010","1001100010.0","Success","0.00039"
"2E32","12","11001011001","11001011001.0","Success","0.00063"
"1VG3","12","1111000110","1111000110.0","Success","0.00102"
"4H1L","12","101001101011","101001101011.0","Success","0.00049"
"5USN","12","10111010","10111010.0","Success","0.00141"
"2EAP","12","100000110101","100000110101.0","Success","0.0004"
"8DUK","12","101010010000","101010010000.0","Success","0.00055"
"7MLO","12","1110110000","1110110000.0","Success","0.00074"
"5IUB","12","11011001110","11011001110.0","Success","0.00083"
"6WCE","12","1001010111","1001010111.0","Success","0.00096"
"5GO5","12","100000111101","100000111101.0","Success","0.00137"
"5W6G","12","110000010110","110000010110.0","Success","0.00054"
"7SME","12","110001010110","110001010110.0","Success","0.00088"
"7ZDB","12","11101001000","11101001000.0","Success","0.00049"
"6I7J","12","111101001111","111101001111.0","Success","0.00092"
"6MGK","12","101000101001","101000101001.0","Success","0.0003"
"8AG3","12","100000001011","100000001011.0","Success","0.00092"
"3QBH","12","1000110110","1000110110.0","Success","0.0005"
"1BPY","12","100001010101","100001010101.0","Success","0.00093"
"4R8D","12","111101000101","111101000101.0","Success","0.00062"
"1G6O","12","1010011011","1010011011.0","Success","0.00066"
"5FNX","12","11100101011","11100101011.0","Success","0.00124"
"3MSY","12","100010101000","100010101000.0","Success","0.00037"
"8JDF","12","10100110100","10100110100.0","Success","0.0008"
"8GKZ","12","111000111000","111000111000.0","Success","0.00056"
"6BFF","12","1000001001","1000001001.0","Success","0.00088"
"8FPR","12","11100100001","11100100001.0","Success","0.00149"
"6NE0","12","1011001011","1011001011.0","Success","0.00032"
"8KEO","12","1011111000","1011111000.0","Success","0.00025"
"7BC5","12","1110011","1110011.0","Success","0.0013"
"8R0G","12","101001001","101001001.0","Success","0.0004"
"7RN7","12","10110011110","10110011110.0","Success","0.00078"
"4GPG","12","1010011110","1010011110.0","Success","0.00105"
"6NQ4","12","110111111","110111111.0","Success","0.00069"
"6BQU","12","1101101010","1101101010.0","Success","0.0014"
"7PPI","12","111110010000","111110010000.0","Success","0.00039"
"1K91","12","100101111000","100101111000.0","Success","0.00062"
"6LTB","12","101110011101","101110011101.0","Success","0.00054"
"4F21","12","110101","110101.0","Success","0.00041"
"7BIK","12","111010010110","111010010110.0","Success","0.00097"
"9CET","12","101111101101","101111101101.0","Success","0.0007"
"7Q1C","12","100110000101","100110000101.0","Success","0.00056"
"4JQ3","12","100111110010","100111110010.0","Success","0.00065"
"2DY0","12","101011011100","101011011100.0","Success","0.00087"
"6SJP","12","10010010110","10010010110.0","Success","0.0007"
"5XPI","12","101001000100","101001000100.0","Success","0.00141"
"5XXF","12","111100110010","111100110010.0","Success","0.00072"
"4I9Z","12","100001010000","100001010000.0","Success","0.00099"
"2XAS","12","111100100111","111100100111.0","Success","0.0006"
"1HCE","12","11011000","11011000.0","Success","0.00153"
"8U5X","12","100011111001","100011111001.0","Success","0.00071"
"3H7N","12","11011101","11011101.0","Success","0.00032"
"5VKY","12","110101010001","110101010001.0","Success","0.00112"
"6LLF","12","110110100110","110110100110.0","Success","0.00044"
"4BSF","12","1100001000","1100001000.0","Success","0.00077"
"1PWW","12","110010101100","110010101100.0","Success","0.00043"
"7XZI","12","101011010100","101011010100.0","Success","0.00024"
"2Y37","12","1010111010","1010111010.0","Success","0.00058"
"3AMH","12","111111000","111111000.0","Success","0.00073"
"5KEC","12","101101110111","101101110111.0","Success","0.00078"
"4EQ3","12","10111101","10111101.0","Success","0.00115"
"6JLZ","12","1100101001","1100101001.0","Success","0.00026"
"7XJM","12","110110110001","110110110001.0","Success","0.00046"
"1DD1","12","111111110110","111111110110.0","Success","0.00062"
"8XNR","12","111100110101","111100110101.0","Success","0.00026"
"7SUG","12","110110110110","110110110110.0","Success","0.00104"
"4BLG","12","1100011110","1100011110.0","Success","0.00108"
"8BXB","12","10011101101","10011101101.0","Success","0.00041"
"1JYK","12","11011000001","11011000001.0","Success","0.00114"
"6J62","12","11001100001","11001100001.0","Success","0.00108"
"5GL3","12","101001110","101001110.0","Success","0.00043"
"4XMM","12","110111100101","110111100101.0","Success","0.00028"
"8UMH","12","110110100110","110110100110.0","Success","0.00018"
"1UVZ","12","101100001010","101100001010.0","Success","0.00066"
"9IP0","12","111001001100","111001001100.0","Success","0.00026"
"8IVE","12","101101111010","101101111010.0","Success","0.00064"
"2VTR","12","100001111011","100001111011.0","Success","0.00095"
"5V79","12","110101110111","110101110111.0","Success","0.00074"
"4OAP","12","110011010100","110011010100.0","Success","0.00078"
"1XN8","12","100000100000","100000100000.0","Success","0.00033"
"8HAO","12","1000011010","1000011010.0","Success","0.00035"
"3IU9","12","10110110","10110110.0","Success","0.00099"
"4K4V","12","10110101000","10110101000.0","Success","0.00056"
"5H6B","12","110111110010","110111110010.0","Success","0.00102"
"5XPN","12","110110001100","110110001100.0","Success","0.00102"
"1IZL","12","101000100010","101000100010.0","Success","0.00025"
"8BUM","12","11100001111","11100001111.0","Success","0.00026"
"6FFZ","12","10101011","10101011.0","Success","0.00044"
"5OQV","12","11111110010","11111110010.0","Success","0.00084"
"6D7F","12","1001111011","1001111011.0","Success","0.00028"
"1QMP","12","1010111101","1010111101.0","Success","0.00074"
"8UTN","12","11100100101","11100100101.0","Success","0.0003"
"3DNV","12","11010100010","11010100010.0","Success","0.00078"
"6PPM","12","101011001010","101011001010.0","Success","0.00053"
"4DLU","12","111010011001","111010011001.0","Success","0.00129"
"8DJV","12","110011101","110011101.0","Success","0.00125"
"7RW4","12","11011000110","11011000110.0","Success","0.00096"
"7VUK","12","101101000001","101101000001.0","Success","0.00056"
"8SZV","12","1101111011","1101111011.0","Success","0.00103"
"7NQ4","12","100110111000","100110111000.0","Success","0.00059"
"2XXL","12","101110100111","101110100111.0","Success","0.00063"
"4X3G","12","11000110111","11000110111.0","Success","0.00082"
"7R8D","12","10000001000","10000001000.0","Success","0.0005"
"6YE0","12","1011110000","1011110000.0","Success","0.00063"
"4NF7","12","101010011111","101010011111.0","Success","0.00089"
"2BYS","12","1010011000","1010011000.0","Success","0.00036"
"7B37","12","100110100010","100110100010.0","Success","0.00086"
"2L4I","12","101011101000","101011101000.0","Success","0.00043"
"8S89","12","1001000011","1001000011.0","Success","0.00083"
"2J7M","12","101000001101","101000001101.0","Success","0.00138"
"8TSB","12","111100110001","111100110001.0","Success","0.00047"
"2YSL","12","11101111010","11101111010.0","Success","0.00044"
"1YX5","12","10000111110","10000111110.0","Success","0.00029"
"7SWS","12","101001110101","101001110101.0","Success","0.0004"
"1AEB","12","100001001001","100001001001.0","Success","0.00097"
"1IR6","12","100011000110","100011000110.0","Success","0.00085"
"3K1P","12","1001101101","1001101101.0","Success","0.00068"
"7C8Z","12","11010011101","11010011101.0","Success","0.00037"
"6OXN","12","1110001000","1110001000.0","Success","0.00097"
"7MGM","12","1011100010","1011100010.0","Success","0.0003"
"6LJ9","12","1101111101","1101111101.0","Success","0.00072"
"6CIB","12","101010010000","101010010000.0","Success","0.00037"
"7BJY","12","11000011000","11000011000.0","Success","0.00112"
"7DE7","12","110000001010","110000001010.0","Success","0.00123"
"1JNJ","12","101001010111","101001010111.0","Success","0.00037"
"3HAD","12","100111110","100111110.0","Success","0.00072"
"8QU8","12","10101011000","10101011000.0","Success","0.00046"
"5NPA","12","1111000110","1111000110.0","Success","0.00066"
"5AGJ","12","1101110010","1101110010.0","Success","0.00103"
"2QK1","12","111111011101","111111011101.0","Success","0.00109"
"5O3O","12","1101010111","1101010111.0","Success","0.00061"
"6UZM","12","101111001001","101111001001.0","Success","0.00085"
"3RD6","12","1111010001","1111010001.0","Success","0.00097"
"1DE2","12","110100011111","110100011111.0","Success","0.00033"
"6W5I","12","1010100011","1010100011.0","Success","0.00041"
"6HQ1","12","11101001100","11101001100.0","Success","0.00043"
"8DOV","12","110110011011","110110011011.0","Success","0.00044"
"3EQ9","12","111011111010","111011111010.0","Success","0.00064"
"5D9P","12","100011110110","100011110110.0","Success","0.00064"
"5SJP","12","101110101110","101110101110.0","Success","0.00047"
"2JKC","12","101111111010","101111111010.0","Success","0.00076"
"8V5P","12","10100000","10100000.0","Success","0.00035"
"1CNW","12","110010110001","110010110001.0","Success","0.00108"
"4M6A","12","101110000110","101110000110.0","Success","0.00056"
"1S95","12","110110011000","110110011000.0","Success","0.00066"
"6PE8","12","111110111101","111110111101.0","Success","0.00049"
"8CMA","12","11101010110","11101010110.0","Success","0.0007"
"5P4O","12","100010101110","100010101110.0","Success","0.00092"
"4ZKP","12","111010010","111010010.0","Success","0.00088"
"3F9A","12","111011101110","111011101110.0","Success","0.00099"
"1RQF","12","110010010001","110010010001.0","Success","0.00045"
"3O05","12","101011001110","101011001110.0","Success","0.00059"
"6FX2","12","100101000101","100101000101.0","Success","0.00182"
"6FIE","12","101101110010","101101110010.0","Success","0.00107"
"8G40","12","101100011110","101100011110.0","Success","0.00035"
"2ARX","12","100010000111","100010000111.0","Success","0.00077"
"1YPQ","12","100010111000","100010111000.0","Success","0.00104"
"8G1M","12","10010111101","10010111101.0","Success","0.00104"
"8RLD","12","111110011001","111110011001.0","Success","0.00082"
"3SR2","12","11110010010","11110010010.0","Success","0.00045"
"7CJU","12","10101000010","10101000010.0","Success","0.00062"
"8CWJ","12","110000111011","110000111011.0","Success","0.00036"
"2NNL","12","100100001","100100001.0","Success","0.00063"
"9ERT","12","1001010101","1001010101.0","Success","0.00089"
"3I40","12","111111111101","111111111101.0","Success","0.00235"
"3LNE","12","110000101001","110000101001.0","Success","0.00115"
"231L","12","111011011001","111011011001.0","Success","0.00132"
"3HHK","12","101100100111","101100100111.0","Success","0.00051"
"6UHR","12","1100011101","1100011101.0","Success","0.00079"
"4FC0","12","100011001110","100011001110.0","Success","0.00074"
"7M7V","12","10001000111","10001000111.0","Success","0.00072"
"3F6I","12","10010011111","10010011111.0","Success","0.00087"
"4DC2","12","101110000001","101110000001.0","Success","0.00088"
"1RFZ","12","10101101110","10101101110.0","Success","0.00068"
"4R16","12","0","0.0","Success","0.00059"
"6ERB","12","1101100111","1101100111.0","Success","0.00059"
"6SRH","12","1110000010","1110000010.0","Success","0.00069"
"6PGJ","12","111111010100","111111010100.0","Success","0.00085"
"3EQT","12","1100101101","1100101101.0","Success","0.00101"
"3U10","12","111101110000","111101110000.0","Success","0.00118"
"4DG9","12","11101011110","11101011110.0","Success","0.0007"
"5P6G","12","1010011101","1010011101.0","Success","0.00092"
"2CDY","12","101010110","101010110.0","Success","0.00057"
"9DJY","12","101011100110","101011100110.0","Success","0.00034"
"6F2K","12","10000110","10000110.0","Success","0.00149"
"1QHD","12","110110101","110110101.0","Success","0.00084"
"6HKP","12","111111101","111111101.0","Success","0.0009"
"1FZQ","12","11100110010","11100110010.0","Success","0.00125"
"6OZV","12","10011111100","10011111100.0","Success","0.00057"
"8SDP","12","101010100001","101010100001.0","Success","0.00063"
"3LDM","12","1111100110","1111100110.0","Success","0.00099"
"6QIB","12","111101011110","111101011110.0","Success","0.00049"
"7T5Z","12","11010101100","11010101100.0","Success","0.00042"
"8E63","12","101010001100","101010001100.0","Success","0.00068"
"1II6","12","110100001000","110100001000.0","Success","0.00064"
"4FTR","12","11011001000","11011001000.0","Success","0.00102"
"3VK2","12","101100100011","101100100011.0","Success","0.00044"
"8G6A","12","111111010111","111111010111.0","Success","0.00068"
"6BTF","12","101110010100","101110010100.0","Success","0.00095"
"8YSB","12","111111110101","111111110101.0","Success","0.00161"
"1XEI","12","10110100111","10110100111.0","Success","0.00148"
"3N60","12","100111010","100111010.0","Success","0.00059"
"4NQK","12","100001111000","100001111000.0","Success","0.00048"
"5Z6V","12","1001101101","1001101101.0","Success","0.00135"
"7ZZN","12","11000010001","11000010001.0","Success","0.00121"
"5XOC","12","101011111100","101011111100.0","Success","0.00093"
"2GT2","12","110001111000","110001111000.0","Success","0.00068"
"5NS6","12","111100101011","111100101011.0","Success","0.00045"
"5K7W","12","110110011100","110110011100.0","Success","0.00075"
"8H6R","12","11000000100","11000000100.0","Success","0.00182"
"9CDM","12","111001011100","111001011100.0","Success","0.00098"
"7OQC","12","100000010110","100000010110.0","Success","0.00032"
"8DUY","12","110100010110","110100010110.0","Success","0.00041"
"8CAR","12","10101100011","10101100011.0","Success","0.00059"
"8V34","12","110111100011","110111100011.0","Success","0.00043"
"1ZLL","12","10000110011","10000110011.0","Success","0.00023"
"7WWL","12","110101010010","110101010010.0","Success","0.00028"
"4R1N","12","111011110001","111011110001.0","Success","0.0005"
"8A29","12","110111011001","110111011001.0","Success","0.00029"
"4Q1S","12","10111100010","10111100010.0","Success","0.00021"
"5DVS","12","1010000100","1010000100.0","Success","0.00079"
"8AHC","12","100100001110","100100001110.0","Success","0.0011"
"7VEV","12","10101000100","10101000100.0","Success","0.00065"
"8DNN","12","1011010100","1011010100.0","Success","0.00046"
"1LJ3","12","100111010111","100111010111.0","Success","0.00105"
"8XKS","12","11011100000","11011100000.0","Success","0.00018"
"1UQW","12","101001101010","101001101010.0","Success","0.00054"
"6Q6B","12","110011001100","110011001100.0","Success","0.00077"
"5PXA","12","101000110000","101000110000.0","Success","0.00088"
"4CJC","12","101011110110","101011110110.0","Success","0.00055"
"1A4L","12","11110111010","11110111010.0","Success","0.00044"
"3G4N","12","10011011100","10011011100.0","Success","0.00056"
"7KC6","12","111011011011","111011011011.0","Success","0.00086"
"1H3A","12","111011011","111011011.0","Success","0.0004"
"8X7Q","12","10010110010","10010110010.0","Success","0.00072"
"7TDL","12","100000110110","100000110110.0","Success","0.00039"
"4K7Z","12","111110101011","111110101011.0","Success","0.00076"
"2EZU","12","110011001100","110011001100.0","Success","0.0005"
"3OO4","12","110110110100","110110110100.0","Success","0.00096"
"6KNK","12","1001000010","1001000010.0","Success","0.0005"
"5ILD","12","101110","101110.0","Success","0.00072"
"7D24","12","101111011000","101111011000.0","Success","0.00116"
"2MGR","12","10101111111","10101111111.0","Success","0.00038"
"6ZTA","12","110011011101","110011011101.0","Success","0.00043"
"3RV1","12","11100011000","11100011000.0","Success","0.00078"
"5HB5","12","101011101","101011101.0","Success","0.001"
"4WFV","12","111111001111","111111001111.0","Success","0.00135"
"3FV7","12","111111010111","111111010111.0","Success","0.00107"
"8A2W","12","101111110100","101111110100.0","Success","0.00108"
"5R0E","12","111010110000","111010110000.0","Success","0.00072"
"2P0K","12","1001100101","1001100101.0","Success","0.00117"
"7ZZ0","12","101000111100","101000111100.0","Success","0.00072"
"6Y9R","12","100001000101","100001000101.0","Success","0.00089"
"1DMW","12","11111000100","11111000100.0","Success","0.00098"
"2WSX","12","11000110010","11000110010.0","Success","0.00045"
"8JI5","12","1000000","1000000.0","Success","0.0008"
"3IVC","12","11111000","11111000.0","Success","0.00069"
"5YEV","12","10010000111","10010000111.0","Success","0.00039"
"6Q9U","12","101110001111","101110001111.0","Success","0.00188"
"1P2G","12","110111010111","110111010111.0","Success","0.00057"
"2PJT","12","1000000001","1000000001.0","Success","0.00067"
"5DDT","12","111001010010","111001010010.0","Success","0.00075"
"6QCY","12","11010001100","11010001100.0","Success","0.00044"
"8YKG","12","100010110110","100010110110.0","Success","0.00029"
"1YZV","12","11001101101","11001101101.0","Success","0.0012"
"5ETB","12","101010100100","101010100100.0","Success","0.00157"
"4B7P","12","1101111100","1101111100.0","Success","0.00113"
"41BI","12","101111101000","101111101000.0","Success","0.00136"
"5XU6","12","101010000101","101010000101.0","Success","0.00044"
"2RBQ","12","110000101101","110000101101.0","Success","0.00129"
"5CP5","12","111110001010","111110001010.0","Success","0.0015"
"6UEO","12","101100111110","101100111110.0","Success","0.00062"
"6J1U","12","100110100000","100110100000.0","Success","0.00046"
"9CH5","12","101010111100","101010111100.0","Success","0.00066"
"5L6B","12","111001000111","111001000111.0","Success","0.00021"
"8PU1","12","110000001100","110000001100.0","Success","0.00106"
"5GAN","12","110011111010","110011111010.0","Success","0.00018"
"3CKR","12","110011010100","110011010100.0","Success","0.0005"
"2GV0","12","100110111001","100110111001.0","Success","0.00149"
"7C69","12","110000001110","110000001110.0","Success","0.00057"
"3NT5","12","100111010010","100111010010.0","Success","0.00065"
"4XFT","12","111011111111","111011111111.0","Success","0.00094"
"4MKR","12","110000110011","110000110011.0","Success","0.00049"
"3NPM","12","110010","110010.0","Success","0.00099"
"7KU2","12","11110011111","11110011111.0","Success","0.00105"
"4FCP","12","110010010001","110010010001.0","Success","0.00084"
"1XAN","12","1001100100","1001100100.0","Success","0.00077"
"5O9U","12","11011000011","11011000011.0","Success","0.00058"
"1FH3","12","100100000101","100100000101.0","Success","0.00031"
"5EJL","12","101101010100","101101010100.0","Success","0.00111"
"1G45","12","101011100001","101011100001.0","Success","0.00103"
"2GN2","12","100001001110","100001001110.0","Success","0.00093"
"2GKL","12","111010","111010.0","Success","0.00109"
"3THS","12","10000010110","10000010110.0","Success","0.0005"
"5DJR","12","11101110100","11101110100.0","Success","0.00091"
"4DC1","12","110011111000","110011111000.0","Success","0.00076"
"9BBC","12","10100111000","10100111000.0","Success","0.00051"
"6OQH","12","100111011001","100111011001.0","Success","0.00032"
"8DNZ","12","100011","100011.0","Success","0.00069"
"2WKN","12","100010110101","100010110101.0","Success","0.0003"
"5PQY","12","111011000","111011000.0","Success","0.00101"
"6UYP","12","1111011101","1111011101.0","Success","0.00178"
"8ETJ","12","100010101111","100010101111.0","Success","0.00024"
"3T1E","12","100100001101","100100001101.0","Success","0.00054"
"5N2F","12","1010101110","1010101110.0","Success","0.00105"
"1CBW","12","100011001010","100011001010.0","Success","0.0007"
"190L","12","101000001001","101000001001.0","Success","0.00131"
"4YA5","12","111010","111010.0","Success","0.00021"
"1R89","12","101010000101","101010000101.0","Success","0.0008"
"5ZES","12","101010","101010.0","Success","0.00066"
"5K7X","12","110000001100","110000001100.0","Success","0.00036"
"8RNR","12","11111000001","11111000001.0","Success","0.00078"
"1B87","12","100010000110","100010000110.0","Success","0.00125"
"6QGO","12","100001001010","100001001010.0","Success","0.00079"
"1KR6","12","10010111","10010111.0","Success","0.00094"
"9HFW","12","11011001001","11011001001.0","Success","0.00137"
"2Q9F","12","11001101010","11001101010.0","Success","0.0008"
"2J3D","12","10001101111","10001101111.0","Success","0.00073"
"4AG6","12","100100010100","100100010100.0","Success","0.00049"
"2YGA","12","10101001001","10101001001.0","Success","0.00116"
"2QPT","12","10001010111","10001010111.0","Success","0.00077"
"6PN3","12","10011100101","10011100101.0","Success","0.00059"
"9FM8","12","10100001011","10100001011.0","Success","0.001"
"1GW4","12","1101010","1101010.0","Success","0.00245"
"8HLF","12","1011","1011.0","Success","0.00106"
"4CYG","12","10100110","10100110.0","Success","0.00057"
"6HRD","12","10010010101","10010010101.0","Success","0.00042"
"6K65","12","111100111011","111100111011.0","Success","0.001"
"4LRB","12","11110100010","11110100010.0","Success","0.0005"
"5AYW","12","110101010111","110101010111.0","Success","0.00044"
"8DSL","12","11110110100","11110110100.0","Success","0.00067"
"1QIM","12","101000100111","101000100111.0","Success","0.00072"
"9NZ6","12","1111100100","1111100100.0","Success","0.00034"
"8W5F","12","101100011111","101100011111.0","Success","0.00076"
"4JCE","12","101101000001","101101000001.0","Success","0.00045"
"4NXT","12","11101111","11101111.0","Success","0.00046"
"6DEW","12","101110101111","101110101111.0","Success","0.00049"
"7XVZ","12","100011011111","100011011111.0","Success","0.00077"
"2NPA","12","111001111000","111001111000.0","Success","0.00072"
"7EFX","12","111110110110","111110110110.0","Success","0.00138"
"4MSF","12","110000010110","110000010110.0","Success","0.00068"
"7XTY","12","10111010010","10111010010.0","Success","0.00121"
"4C9Z","12","110001011010","110001011010.0","Success","0.00085"
"2NLB","12","10001010110","10001010110.0","Success","0.00138"
"6ZXO","12","110101011011","110101011011.0","Success","0.00041"
"1K9V","12","110000000111","110000000111.0","Success","0.00121"
"6X3V","12","100110100011","100110100011.0","Success","0.00037"
"4ND5","12","101110110001","101110110001.0","Success","0.0005"
"3FF6","12","110001101001","110001101001.0","Success","0.00031"
"1AT5","12","111111001101","111111001101.0","Success","0.00148"
"7KL2","12","101000100111","101000100111.0","Success","0.00102"
"1URC","12","1011000001","1011000001.0","Success","0.00048"
"7LYM","12","10010000001","10010000001.0","Success","0.0003"
"6RVG","12","11110001011","11110001011.0","Success","0.00101"
"1CXE","12","111101111110","111101111110.0","Success","0.00064"
"9ICG","12","100000100000","100000100000.0","Success","0.00095"
"3CHH","12","11101000111","11101000111.0","Success","0.00069"
"1GTG","12","11111011001","11111011001.0","Success","0.0009"
"1T61","12","111010100100","111010100100.0","Success","0.00046"
"2V3E","12","11011111100","11011111100.0","Success","0.00054"
"8BY3","12","101100111010","101100111010.0","Success","0.00066"
"1FGV","12","101001011110","101001011110.0","Success","0.0011"
"4GGR","12","101001110110","101001110110.0","Success","0.00161"
"3GFK","12","101001010011","101001010011.0","Success","0.00121"
"6JZF","12","101100111001","101100111001.0","Success","0.00098"
"6XTZ","12","100010000000","100010000000.0","Success","0.00083"
"6D3W","12","110011100100","110011100100.0","Success","0.00078"
"7ADB","12","10111000001","10111000001.0","Success","0.00022"
"8GGY","12","1010001","1010001.0","Success","0.00101"
"3RU8","12","100101100101","100101100101.0","Success","0.00061"
"5V7J","12","10000001","10000001.0","Success","0.00044"
"6U9U","12","101101110100","101101110100.0","Success","0.00081"
"2HT8","12","10000101111","10000101111.0","Success","0.00084"
"5JTW","12","110101101101","110101101101.0","Success","0.00029"
"1Z5U","12","100000111110","100000111110.0","Success","0.00059"
"5LSU","12","101110011","101110011.0","Success","0.00079"
"4JAJ","12","1110000111","1110000111.0","Success","0.00105"
"6XC7","12","10000","10000.0","Success","0.00053"
"4ZPE","12","100001111111","100001111111.0","Success","0.00089"
"7WOX","12","101011000100","101011000100.0","Success","0.00076"
"5INF","12","100010001101","100010001101.0","Success","0.00031"
"6VYK","12","100001001101","100001001101.0","Success","0.00037"
"4E01","12","1011111","1011111.0","Success","0.00099"
"3SOW","12","11111000011","11111000011.0","Success","0.00143"
"2QKD","12","101100011011","101100011011.0","Success","0.00085"
"4ENT","12","111111011101","111111011101.0","Success","0.00031"
"5IK7","12","111000001010","111000001010.0","Success","0.00061"
"7RWC","12","100100010111","100100010111.0","Success","0.00041"
"1J7A","12","111111101001","111111101001.0","Success","0.00168"
"3TXQ","12","110000100011","110000100011.0","Success","0.00054"
"5A4D","12","1010100","1010100.0","Success","0.00034"
"7FNE","12","100110","100110.0","Success","0.00071"
"1BVN","12","11001101000","11001101000.0","Success","0.00071"
"5KN7","12","11110110101","11110110101.0","Success","0.00093"
"1RKJ","12","111000110011","111000110011.0","Success","0.00033"
"8KEQ","12","100111111010","100111111010.0","Success","0.00027"
"6W26","12","1000011111","1000011111.0","Success","0.00068"
"3T2K","12","100001100","100001100.0","Success","0.00082"
"1QAW","12","11010000010","11010000010.0","Success","0.00062"
"5HFN","12","11101000","11101000.0","Success","0.0004"
"5N53","12","1010100000","1010100000.0","Success","0.00081"
"4GJD","12","1110100","1110100.0","Success","0.00065"
"2EGU","12","101000001110","101000001110.0","Success","0.00102"
"2WTX","12","10110010011","10110010011.0","Success","0.0004"
"8B9P","12","1010010111","1010010111.0","Success","0.00048"
"1MOK","12","100101101100","100101101100.0","Success","0.00036"
"5UNI","12","10101110100","10101110100.0","Success","0.00088"
"7A52","12","111111101101","111111101101.0","Success","0.00064"
"2KPI","12","111110010101","111110010101.0","Success","0.00051"
"3QVB","12","111011001100","111011001100.0","Success","0.00108"
"4CTJ","12","111101111100","111101111100.0","Success","0.00075"
"2GBA","12","101100110011","101100110011.0","Success","0.00162"
"6AUL","12","101101101000","101101101000.0","Success","0.00157"
"1T7N","12","101100010111","101100010111.0","Success","0.00072"
"6HMR","12","10110011111","10110011111.0","Success","0.00071"
"2B2W","12","101001000000","101001000000.0","Success","0.00082"
"2X4X","12","100010010010","100010010010.0","Success","0.00072"
"3JCA","12","10000111101","10000111101.0","Success","0.00048"
"7LJJ","12","101110101111","101110101111.0","Success","0.00071"
"6YLI","12","10000111001","10000111001.0","Success","0.00092"
"5KEU","12","1000001110","1000001110.0","Success","0.00071"
"3RZ7","12","100111100101","100111100101.0","Success","0.00105"
"8Z1Y","12","100010011000","100010011000.0","Success","0.00041"
"6BN6","12","111010110000","111010110000.0","Success","0.00081"
"5C46","12","101101110111","101101110111.0","Success","0.00067"
"5BUP","12","10110110","10110110.0","Success","0.00132"
"8EUA","12","111110000111","111110000111.0","Success","0.00094"
"6F6K","12","111110111000","111110111000.0","Success","0.00074"
"8DF7","12","110110101100","110110101100.0","Success","0.0004"
"2DY5","12","100011101111","100011101111.0","Success","0.00117"
"5NPC","12","1001101010","1001101010.0","Success","0.00059"
"3NGF","12","111110110110","111110110110.0","Success","0.00071"
"8REL","12","10011101111","10011101111.0","Success","0.00059"
"7CP9","12","110000011011","110000011011.0","Success","0.00053"
"4XZA","12","101000000001","101000000001.0","Success","0.00063"
"7O9J","12","1100100010","1100100010.0","Success","0.00067"
"2WCX","12","101011011110","101011011110.0","Success","0.00075"
"2BCB","12","11101000110","11101000110.0","Success","0.00035"
"1SJU","12","10000010001","10000010001.0","Success","0.00056"
"6NHQ","12","1000101010","1000101010.0","Success","0.00045"
"5KV8","12","10011001101","10011001101.0","Success","0.00057"
"1D5R","12","1111110010","1111110010.0","Success","0.00096"
"3P44","12","1110001110","1110001110.0","Success","0.00103"
"1MAL","12","110100111110","110100111110.0","Success","0.00047"
"2MEM","12","1101110101","1101110101.0","Success","0.00036"
"5N7I","12","11010110111","11010110111.0","Success","0.00119"
"3VV6","12","100010111","100010111.0","Success","0.0009"
"8IGC","12","111000001110","111000001110.0","Success","0.00124"
"3LHL","12","10000110111","10000110111.0","Success","0.00099"
"3MXJ","12","100010000010","100010000010.0","Success","0.0008"
"2WBK","12","1010000","1010000.0","Success","0.00041"
"1ISY","12","100101000011","100101000011.0","Success","0.00057"
"6TCN","12","10111001","10111001.0","Success","0.00058"
"4FFX","12","100111010010","100111010010.0","Success","0.00039"
"2DAO","12","100001001110","100001001110.0","Success","0.00035"
"7VBH","12","100001111","100001111.0","Success","0.00049"
"1OUX","12","100100011001","100100011001.0","Success","0.00079"
"7AVV","12","1001101000","1001101000.0","Success","0.00081"
"3ITO","12","100111001100","100111001100.0","Success","0.00042"
"4J82","12","101011000001","101011000001.0","Success","0.00066"
"1WEP","12","10010000001","10010000001.0","Success","0.00042"
"3EGS","12","1100111010","1100111010.0","Success","0.0008"
"3V74","12","100111010","100111010.0","Success","0.00084"
"5IKP","12","1110101111","1110101111.0","Success","0.00059"
"6CD1","12","1111001000","1111001000.0","Success","0.00028"
"2DB4","12","1100110111","1100110111.0","Success","0.00043"
"4R26","12","111100010101","111100010101.0","Success","0.00079"
"1R9L","12","110100101110","110100101110.0","Success","0.00097"
"5UZU","12","1011001010","1011001010.0","Success","0.00065"
"9BLT","12","110000011010","110000011010.0","Success","0.00054"
"7WOO","12","1000000111","1000000111.0","Success","0.00018"
"1C9O","12","111001110","111001110.0","Success","0.0015"
"4OC5","12","111001001100","111001001100.0","Success","0.00062"
"1MIM","12","10001001011","10001001011.0","Success","0.00082"
"8J7K","12","1011111101","1011111101.0","Success","0.00061"
"2M2N","12","11010010010","11010010010.0","Success","0.00043"
"7G4T","12","10000110011","10000110011.0","Success","0.00059"
"7E15","12","10011000110","10011000110.0","Success","0.00051"
"6O6M","12","1111110101","1111110101.0","Success","0.00043"
"8PX4","12","111111001000","111111001000.0","Success","0.00093"
"4YQP","12","1110011111","1110011111.0","Success","0.00109"
"2ITG","12","111000110","111000110.0","Success","0.00134"
"6NAQ","12","111101011101","111101011101.0","Success","0.00033"
"4ECZ","12","110010001110","110010001110.0","Success","0.00081"
"6PA0","12","100010001010","100010001010.0","Success","0.00071"
"6QPH","12","1010110011","1010110011.0","Success","0.00031"
"1L6O","12","10010001011","10010001011.0","Success","0.00101"
"5KT5","12","110000011001","110000011001.0","Success","0.00087"
"8GKR","12","10100011100","10100011100.0","Success","0.00082"
"8YUE","12","11001100000","11001100000.0","Success","0.00061"
"1MAB","12","11111110100","11111110100.0","Success","0.0005"
"4TYW","12","1010011","1010011.0","Success","0.00072"
"8ONW","12","10101101011","10101101011.0","Success","0.00068"
"6TFS","12","11110010110","11110010110.0","Success","0.00054"
"5N56","12","101000111001","101000111001.0","Success","0.00083"
"4WEM","12","100111100110","100111100110.0","Success","0.00083"
"3HAB","12","10000010000","10000010000.0","Success","0.00045"
"8V7B","12","11011100110","11011100110.0","Success","0.00081"
"8W8R","12","111111100000","111111100000.0","Success","0.00049"
"7JGT","12","11100100100","11100100100.0","Success","0.00171"
"4D41","12","10111110100","10111110100.0","Success","0.00037"
"3LBB","12","1011111100","1011111100.0","Success","0.00105"
"4DPT","12","101111011010","101111011010.0","Success","0.00068"
"7P4B","12","100010000100","100010000100.0","Success","0.00043"
"5THU","12","10111110110","10111110110.0","Success","0.00063"
"3UQZ","12","111010001110","111010001110.0","Success","0.00058"
"5QN2","12","111101000000","111101000000.0","Success","0.00088"
"5DN3","12","10000000110","10000000110.0","Success","0.00103"
"1V7Y","12","100010","100010.0","Success","0.00076"
"4U7N","12","10111100100","10111100100.0","Success","0.00084"
"9B68","12","100100001110","100100001110.0","Success","0.00042"
"6IPE","12","1111000111","1111000111.0","Success","0.00088"
"3N31","12","10111110100","10111110100.0","Success","0.00108"
"3G0S","12","111111011001","111111011001.0","Success","0.00069"
"4ZKX","12","11110010","11110010.0","Success","0.00046"
"2QZ9","12","10011101110","10011101110.0","Success","0.00051"
"5H2G","12","110000001000","110000001000.0","Success","0.00071"
"129L","12","111001101101","111001101101.0","Success","0.0013"
"4WLU","12","1100000000","1100000000.0","Success","0.00047"
"2KM8","12","10001100101","10001100101.0","Success","0.00034"
"3IIR","12","110101100","110101100.0","Success","0.00086"
"6P0W","12","1101000101","1101000101.0","Success","0.00119"
"2AOC","12","110110111100","110110111100.0","Success","0.00122"
"2K4R","12","101110010111","101110010111.0","Success","0.00035"
"6CNK","12","10001","10001.0","Success","0.00033"
"4IYR","12","101100101011","101100101011.0","Success","0.00081"
"2H5Q","12","111001111111","111001111111.0","Success","0.00114"
"8CMB","12","101100011101","101100011101.0","Success","0.00087"
"4RDA","12","101110110010","101110110010.0","Success","0.00083"
"8FBC","12","1011001","1011001.0","Success","0.00059"
"5PTA","12","101101101011","101101101011.0","Success","0.00105"
"2LZT","12","101100001111","101100001111.0","Success","0.00148"
"2YF2","12","101000110001","101000110001.0","Success","0.00086"
"6F2D","12","11001110100","11001110100.0","Success","0.00041"
"3AA8","12","1011110001","1011110001.0","Success","0.00096"
"6EB4","12","11110001011","11110001011.0","Success","0.0007"
"8TEF","12","100111010010","100111010010.0","Success","0.00038"
"3G9Z","12","101010001111","101010001111.0","Success","0.00099"
"3FK9","12","110010000001","110010000001.0","Success","0.00094"
"7YXC","12","10100110110","10100110110.0","Success","0.00108"
"7YZ9","12","10010101111","10010101111.0","Success","0.00097"
"6RT0","12","111101011000","111101011000.0","Success","0.00061"
"6C4Z","12","100010110000","100010110000.0","Success","0.00078"
"2ZDY","12","100111100101","100111100101.0","Success","0.00061"
"8WIA","12","11000000110","11000000110.0","Success","0.00059"
"7MU1","12","110101001001","110101001001.0","Success","0.00102"
"4LIP","12","1001100","1001100.0","Success","0.00067"
"9B21","12","101010000110","101010000110.0","Success","0.0008"
"2YA8","12","1001110000","1001110000.0","Success","0.00056"
"1AG4","12","110000100111","110000100111.0","Success","0.00166"
"2FMK","12","111001000100","111001000100.0","Success","0.00143"
"5Y6H","12","1110101100","1110101100.0","Success","0.00158"
"1BPL","12","10010011010","10010011010.0","Success","0.00077"
"7YLW","12","11000100000","11000100000.0","Success","0.00017"
"1O2H","12","110110100101","110110100101.0","Success","0.00111"
"8CJ8","12","100101100111","100101100111.0","Success","0.00031"
"6HM1","12","100110101","100110101.0","Success","0.00087"
"1PKX","12","11010000","11010000.0","Success","0.00034"
"3UCN","12","100110001001","100110001001.0","Success","0.00078"
"3W16","12","1010110000","1010110000.0","Success","0.00107"
"6GBK","12","100000011","100000011.0","Success","0.00066"
"1QC6","12","10001100011","10001100011.0","Success","0.00116"
"7DZ3","12","1110010111","1110010111.0","Success","0.00049"
"1GNF","12","101111001000","101111001000.0","Success","0.00049"
"9L0D","12","111101000011","111101000011.0","Success","0.0004"
"5KQO","12","111011100110","111011100110.0","Success","0.0006"
"8D7H","12","110010000110","110010000110.0","Success","0.00043"
"4DYN","12","1010111100","1010111100.0","Success","0.00056"
"1VBB","12","111111","111111.0","Success","0.00058"
"2WEI","12","11011010","11011010.0","Success","0.001"
"4ANV","12","101101011100","101101011100.0","Success","0.00058"
"3U7W","12","101110101101","101110101101.0","Success","0.00082"
"1ZDA","12","101011001101","101011001101.0","Success","0.00056"
"7RTA","12","110011110001","110011110001.0","Success","0.00079"
"8H6D","12","110001100100","110001100100.0","Success","0.00047"
"6O26","12","10011101011","10011101011.0","Success","0.00079"
"2IIJ","12","110010000010","110010000010.0","Success","0.00029"
"1BHF","12","101011100101","101011100101.0","Success","0.00157"
"3DIE","12","110100110100","110100110100.0","Success","0.00111"
"1A6N","12","1100000001","1100000001.0","Success","0.00136"
"7YE6","12","1110111111","1110111111.0","Success","0.0004"
"5VZS","12","110001101111","110001101111.0","Success","0.00107"
"1I32","12","1101001101","1101001101.0","Success","0.00035"
"6Q77","12","110110110000","110110110000.0","Success","0.0016"
"6Y7L","12","11011","11011.0","Success","0.00155"
"8TRK","12","10000111110","10000111110.0","Success","0.00041"
"7MNI","12","101111110000","101111110000.0","Success","0.0005"
"5AHK","12","11101011110","11101011110.0","Success","0.00052"
"4KUG","12","101111001111","101111001111.0","Success","0.00051"
"1D2F","12","111011101110","111011101110.0","Success","0.00062"
"3VV0","12","10010000110","10010000110.0","Success","0.00114"
"1HZM","12","11111110100","11111110100.0","Success","0.00133"
"4I02","12","110001101100","110001101100.0","Success","0.00049"
"4QU7","12","111010001111","111010001111.0","Success","0.00095"
"8TAU","12","111000100100","111000100100.0","Success","0.00017"
"2EBL","12","110000001101","110000001101.0","Success","0.00039"
"3F81","12","11001100101","11001100101.0","Success","0.00091"
"7SKS","12","111000001100","111000001100.0","Success","0.0007"
"3PR4","12","100001011001","100001011001.0","Success","0.00093"
"6RMW","12","11111100101","11111100101.0","Success","0.00031"
"1TCS","12","111110100100","111110100100.0","Success","0.00105"
"6HBU","12","1100111101","1100111101.0","Success","0.0005"
"6UG8","12","11111111101","11111111101.0","Success","0.00081"
"5N8Q","12","11100100110","11100100110.0","Success","0.00077"
"8QHW","12","11011100110","11011100110.0","Success","0.00118"
"3VJF","12","11010010110","11010010110.0","Success","0.00128"
"3K4N","12","100101011010","100101011010.0","Success","0.0005"
"3LD1","12","10000000111","10000000111.0","Success","0.00088"
"8JEJ","12","1110000010","1110000010.0","Success","0.00049"
"9JNT","12","1110000000","1110000000.0","Success","0.00047"
"7OQE","12","11000110111","11000110111.0","Success","0.00019"
"7DHS","12","11101110110","11101110110.0","Success","0.00103"
"2WHN","12","110100001001","110100001001.0","Success","0.00114"
"3UQB","12","11001000","11001000.0","Success","0.00123"
"1Z4Z","12","100011011111","100011011111.0","Success","0.00078"
"1I8N","12","10011111000","10011111000.0","Success","0.00104"
"4JT8","12","110001110000","110001110000.0","Success","0.001"
"2H8W","12","100101010","100101010.0","Success","0.00032"
"8HAR","12","1101001101","1101001101.0","Success","0.00065"
"2PNA","12","110010111100","110010111100.0","Success","0.00035"
"6CJ4","12","100000010","100000010.0","Success","0.0011"
"1C7W","12","101100","101100.0","Success","0.00205"
"4FB9","12","11001000011","11001000011.0","Success","0.0005"
"181L","12","10101000","10101000.0","Success","0.00132"
"7CBC","12","110010010110","110010010110.0","Success","0.00068"
"1MI3","12","10111101000","10111101000.0","Success","0.00046"
"5JCO","12","101101011100","101101011100.0","Success","0.00023"
"2VT4","12","11110110011","11110110011.0","Success","0.00052"
"6OQ4","12","100101000101","100101000101.0","Success","0.00076"
"2X5S","12","1110111101","1110111101.0","Success","0.00065"
"3BG1","12","111001001101","111001001101.0","Success","0.00032"
"4WB4","12","11110111010","11110111010.0","Success","0.00184"
"2PKE","12","101011111101","101011111101.0","Success","0.00079"
"4AMJ","12","110010111100","110010111100.0","Success","0.00069"
"3CCS","12","10100101100","10100101100.0","Success","0.00027"
"1J83","12","100110011111","100110011111.0","Success","0.00088"
"5I68","12","11000001100","11000001100.0","Success","0.00066"
"2F2K","12","101000110001","101000110001.0","Success","0.00094"
"3JRQ","12","100101110100","100101110100.0","Success","0.00081"
"1EI1","12","111111010011","111111010011.0","Success","0.00061"
"2EJ5","12","110001000001","110001000001.0","Success","0.00073"
"3DMO","12","10101010000","10101010000.0","Success","0.00073"
"1A7V","12","1000111011","1000111011.0","Success","0.00106"
"4A1I","12","100110101111","100110101111.0","Success","0.00045"
"5F3G","12","11000000101","11000000101.0","Success","0.00046"
"4WCF","12","11000110011","11000110011.0","Success","0.00054"
"4DFI","12","100100101001","100100101001.0","Success","0.00148"
"3ICF","12","101010111010","101010111010.0","Success","0.00068"
"8JCK","12","101101111111","101101111111.0","Success","0.00096"
"5U8O","12","111001111100","111001111100.0","Success","0.00045"
"7ADN","12","111101111111","111101111111.0","Success","0.00084"
"4O9E","12","110010010011","110010010011.0","Success","0.00102"
"5VJI","12","1011011101","1011011101.0","Success","0.00104"
"4BB7","12","111000100110","111000100110.0","Success","0.00054"
"5MAW","12","110000100001","110000100001.0","Success","0.00085"
"3KKW","12","1001100010","1001100010.0","Success","0.00128"
"4E3J","12","111111001010","111111001010.0","Success","0.00064"
"7KCV","12","11100011110","11100011110.0","Success","0.00089"
"8BXM","12","110111100001","110111100001.0","Success","0.00109"
"1O7H","12","100000100110","100000100110.0","Success","0.00066"
"6T76","12","1001010000","1001010000.0","Success","0.00067"
"2PAX","12","101000101001","101000101001.0","Success","0.00092"
"4HAK","12","111001101111","111001101111.0","Success","0.00076"
"7ARF","12","11001100100","11001100100.0","Success","0.00097"
"1I4V","12","1101101001","1101101001.0","Success","0.00025"
"4EUX","12","1010011000","1010011000.0","Success","0.00057"
"6P3J","12","101011111110","101011111110.0","Success","0.00063"
"7CAC","12","110000101010","110000101010.0","Success","0.00029"
"7V1M","12","11110010001","11110010001.0","Success","0.00052"
"2EBG","12","110101100111","110101100111.0","Success","0.00116"
"8BPP","12","10001001111","10001001111.0","Success","0.00051"
"5JEL","12","10110011010","10110011010.0","Success","0.00109"
"9JTW","12","11001101111","11001101111.0","Success","0.00061"
"9C6W","12","100000000111","100000000111.0","Success","0.0006"
"3IVB","12","101010101001","101010101001.0","Success","0.00137"
"1BZ7","12","1011001010","1011001010.0","Success","0.0008"
"1SQP","12","1010111001","1010111001.0","Success","0.00036"
"4NYL","12","1010011111","1010011111.0","Success","0.00044"
"1Z6J","12","11111101011","11111101011.0","Success","0.00069"
"2MZ6","12","1110101111","1110101111.0","Success","0.00281"
"8FV2","12","11000000011","11000000011.0","Success","0.00078"
"1K1J","12","110111011111","110111011111.0","Success","0.00114"
"3KKL","12","100101000110","100101000110.0","Success","0.00081"
"1DGW","12","10010000110","10010000110.0","Success","0.00091"
"3KWZ","12","111111101101","111111101101.0","Success","0.00115"
"3HWB","12","10001010111","10001010111.0","Success","0.00065"
"7Y4T","12","10011010000","10011010000.0","Success","0.00101"
"2J0Y","12","100001010000","100001010000.0","Success","0.00046"
"5UA2","12","101110011010","101110011010.0","Success","0.00122"
"8EGZ","12","10010000011","10010000011.0","Success","0.00059"
"6E4U","12","10000010001","10000010001.0","Success","0.00058"
"6MUN","12","110010100000","110010100000.0","Success","0.00033"
"5BT8","12","110011001101","110011001101.0","Success","0.00034"
"3IWW","12","111000110000","111000110000.0","Success","0.00064"
"4A7C","12","110011110110","110011110110.0","Success","0.00106"
"4LGG","12","101110111010","101110111010.0","Success","0.00077"
"6L29","12","101010100111","101010100111.0","Success","0.00105"
"6WJT","12","110110011101","110110011101.0","Success","0.00055"
"1WU1","12","11011111010","11011111010.0","Success","0.00095"
"2HK2","12","101000100110","101000100110.0","Success","0.00067"
"2IGY","12","10000000001","10000000001.0","Success","0.00065"
"4DYL","12","101110110011","101110110011.0","Success","0.00085"
"9JMD","12","10000100001","10000100001.0","Success","0.00048"
"3KQJ","12","111000000010","111000000010.0","Success","0.00084"
"4S29","12","111000000","111000000.0","Success","0.00076"
"5P1J","12","111011001","111011001.0","Success","0.00093"
"6KWV","12","10011100000","10011100000.0","Success","0.00106"
"3TMA","12","10001111001","10001111001.0","Success","0.00092"
"8YNL","12","100110100111","100110100111.0","Success","0.00042"
"6LKF","12","1110010010","1110010010.0","Success","0.00032"
"1JJG","12","111111011011","111111011011.0","Success","0.00036"
"4H3F","12","110001001","110001001.0","Success","0.00057"
"4AS5","12","101101011100","101101011100.0","Success","0.00051"
"6KJW","12","11111110011","11111110011.0","Success","0.00144"
"3QBK","12","100110001","100110001.0","Success","0.00057"
"7TJX","12","100010001010","100010001010.0","Success","0.0003"
"1QOX","12","11000110000","11000110000.0","Success","0.0002"
"4YAF","12","100101011111","100101011111.0","Success","0.0005"
"6OX0","12","11111001110","11111001110.0","Success","0.00052"
"1FW9","12","110001100","110001100.0","Success","0.00132"
"2DCT","12","11101101110","11101101110.0","Success","0.00113"
"5CBZ","12","101000011010","101000011010.0","Success","0.00098"
"6V1M","12","100111111001","100111111001.0","Success","0.0011"
"2ENY","12","110100111101","110100111101.0","Success","0.00037"
"1FRS","12","111010101000","111010101000.0","Success","0.00086"
"1H35","12","101010000110","101010000110.0","Success","0.00039"
"6MGU","12","111011111001","111011111001.0","Success","0.00064"
"8R2C","12","110100111011","110100111011.0","Success","0.0013"
"5SEE","12","111011011010","111011011010.0","Success","0.00095"
"8X01","12","110111110010","110111110010.0","Success","0.00041"
"7VGZ","12","110000011010","110000011010.0","Success","0.00051"
"4LV5","12","111000011100","111000011100.0","Success","0.00061"
"5WQT","12","111110001010","111110001010.0","Success","0.00087"
"7DMR","12","1001010101","1001010101.0","Success","0.00067"
"2XRX","12","110001101000","110001101000.0","Success","0.0002"
"6LBB","12","110001000001","110001000001.0","Success","0.00069"
"5VYR","12","11110001000","11110001000.0","Success","0.00077"
"6RJ0","12","11100000","11100000.0","Success","0.00074"
"7CE8","12","101110011001","101110011001.0","Success","0.00036"
"6D46","12","101100101001","101100101001.0","Success","0.00086"
"5KKE","12","101001011101","101001011101.0","Success","0.00159"
"4EMF","12","101111011111","101111011111.0","Success","0.00108"
"7DVJ","12","100110000101","100110000101.0","Success","0.00065"
"5FVR","12","111100111101","111100111101.0","Success","0.00058"
"7ZBG","12","110100100101","110100100101.0","Success","0.00089"
"5FRO","12","10111010110","10111010110.0","Success","0.00072"
"1YYF","12","10100001011","10100001011.0","Success","0.00049"
"6OA1","12","110010011001","110010011001.0","Success","0.00073"
"4Q48","12","111111000","111111000.0","Success","0.00053"
"4DEY","12","11000011001","11000011001.0","Success","0.00094"
"6ZP7","12","100110100011","100110100011.0","Success","0.00032"
"5IH8","12","110001111001","110001111001.0","Success","0.00097"
"1U5T","12","101100100011","101100100011.0","Success","0.00061"
"2N66","12","111001010010","111001010010.0","Success","0.00051"
"1KBF","12","110110001100","110110001100.0","Success","0.00053"
"3J46","12","10011000111","10011000111.0","Success","0.00049"
"6WHU","12","10111010110","10111010110.0","Success","0.0003"
"8F2R","12","111111010100","111111010100.0","Success","0.00039"
"2PFR","12","1101110","1101110.0","Success","0.00068"
"5B6Q","12","101101101111","101101101111.0","Success","0.00139"
"1B5Q","12","111100010011","111100010011.0","Success","0.00045"
"4LGQ","12","10000100010","10000100010.0","Success","0.00073"
"6OVP","12","11111110111","11111110111.0","Success","0.00107"
"2ZTI","12","111111000011","111111000011.0","Success","0.00126"
"6EMH","12","111000100000","111000100000.0","Success","0.00044"
"2JA3","12","111111","111111.0","Success","0.00052"
"7YCJ","12","1001000100","1001000100.0","Success","0.00072"
"4AV5","12","101011010001","101011010001.0","Success","0.00064"
"3Q7P","12","100001000100","100001000100.0","Success","0.00099"
"1BC3","12","101010010","101010010.0","Success","0.00094"
"1QG6","12","1010110110","1010110110.0","Success","0.00053"
"5W9E","12","10101101100","10101101100.0","Success","0.0008"
"2FFV","12","111000101001","111000101001.0","Success","0.00053"
"5MFW","12","101100010011","101100010011.0","Success","0.00074"
"6R57","12","11111111001","11111111001.0","Success","0.00084"
"7Q9M","12","100011100110","100011100110.0","Success","0.00028"
"8SMI","12","101111110010","101111110010.0","Success","0.00068"
"2ZVB","12","100010111010","100010111010.0","Success","0.00103"
"6RGZ","12","11001101011","11001101011.0","Success","0.00063"
"3X1T","12","111011100001","111011100001.0","Success","0.00061"
"4DMN","12","100001100101","100001100101.0","Success","0.00143"
"3O83","12","10111111010","10111111010.0","Success","0.00056"
"7JTL","12","110101001000","110101001000.0","Success","0.00116"
"3RR7","12","100100100110","100100100110.0","Success","0.00072"
"5SY7","12","11001101001","11001101001.0","Success","0.00072"
"2CCB","12","100001101110","100001101110.0","Success","0.00208"
"1QG8","12","1010010","1010010.0","Success","0.0011"
"5NZL","12","111100101011","111100101011.0","Success","0.00076"
"3MO0","12","1110010101","1110010101.0","Success","0.00075"
"7DUK","12","1000111101","1000111101.0","Success","0.00034"
"7XUM","12","101101100110","101101100110.0","Success","0.00058"
"9BS0","12","100110001100","100110001100.0","Success","0.00032"
"7U7J","12","1100111100","1100111100.0","Success","0.00082"
"6W2X","12","101111101","101111101.0","Success","0.00044"
"8AEW","12","11111111010","11111111010.0","Success","0.00052"
"1PBB","12","101010101001","101010101001.0","Success","0.00087"
"2EA4","12","101001011","101001011.0","Success","0.00086"
"3VWD","12","10100111100","10100111100.0","Success","0.00115"
"3F9T","12","1011011100","1011011100.0","Success","0.0006"
"8Y5V","12","1011010001","1011010001.0","Success","0.00095"
"7BY1","12","101111010101","101111010101.0","Success","0.00068"
"1G59","12","100101100111","100101100111.0","Success","0.00055"
"5UL4","12","100010110101","100010110101.0","Success","0.00062"
"9NOR","12","110000010101","110000010101.0","Success","0.00043"
"1JQ3","12","11100100011","11100100011.0","Success","0.00049"
"8HHS","12","11110001","11110001.0","Success","0.00027"
"2NQM","12","1000100","1000100.0","Success","0.00061"
"2WNR","12","111111000000","111111000000.0","Success","0.00046"
"7GMJ","12","111111011110","111111011110.0","Success","0.00069"
"6HUZ","12","10011110010","10011110010.0","Success","0.0009"
"7R5G","12","11101101110","11101101110.0","Success","0.00094"
"6XE1","12","1001001011","1001001011.0","Success","0.00069"
"3IRC","12","11001101111","11001101111.0","Success","0.00165"
"1GG8","12","110111010011","110111010011.0","Success","0.00058"
"7G5L","12","10000111010","10000111010.0","Success","0.00058"
"8TXR","12","11001011","11001011.0","Success","0.00034"
"3ZZI","12","101001111010","101001111010.0","Success","0.00029"
"7CXR","12","1010011","1010011.0","Success","0.00069"
"1XRP","12","10100110000","10100110000.0","Success","0.00099"
"3ONR","12","101001000000","101001000000.0","Success","0.00057"
"6K4E","12","101110110100","101110110100.0","Success","0.00076"
"6GRW","12","110111110111","110111110111.0","Success","0.00082"
"3MBJ","12","100111100010","100111100010.0","Success","0.00102"
"6BCQ","12","110001111010","110001111010.0","Success","0.00027"
"3PUN","12","1001101110","1001101110.0","Success","0.00069"
"4I1A","12","11000111010","11000111010.0","Success","0.00066"
"5ROB","12","100110011011","100110011011.0","Success","0.0005"
"2RAW","12","1010101","1010101.0","Success","0.00121"
"8WHQ","12","11001110100","11001110100.0","Success","0.00085"
"6KML","12","1010110000","1010110000.0","Success","0.00076"
"4ZVV","12","111010100000","111010100000.0","Success","0.00048"
"2ZO5","12","10110101001","10110101001.0","Success","0.00053"
"8TW0","12","1001110000","1001110000.0","Success","0.00193"
"8FG4","12","1000","1000.0","Success","0.00128"
"1PB0","12","110101110","110101110.0","Success","0.00063"
"5KUX","12","101101110","101101110.0","Success","0.00175"
"6DZM","12","1010010100","1010010100.0","Success","0.0004"
"1RFB","12","100100101111","100100101111.0","Success","0.0011"
"1FOB","12","101111010001","101111010001.0","Success","0.0009"
"7AT8","12","1010000","1010000.0","Success","0.0005"
"2MJA","12","1110001001","1110001001.0","Success","0.00034"
"3CIK","12","100101001011","100101001011.0","Success","0.00053"
"6ZU0","12","1100110","1100110.0","Success","0.00034"
"5ZW5","12","11100100","11100100.0","Success","0.00059"
"3ZQN","12","111010110101","111010110101.0","Success","0.00066"
"4DCS","12","110101110101","110101110101.0","Success","0.00083"
"9MFN","12","110110000100","110110000100.0","Success","0.00085"
"8AOF","12","100101011100","100101011100.0","Success","0.00092"
"2OY4","12","100011011000","100011011000.0","Success","0.00093"
"4Q88","12","11001110000","11001110000.0","Success","0.00065"
"3VFW","12","11011101001","11011101001.0","Success","0.00085"
"6A84","12","111100000111","111100000111.0","Success","0.00115"
"5WVC","12","10110100011","10110100011.0","Success","0.00068"
"3DAJ","12","10001010110","10001010110.0","Success","0.00107"
"7OVQ","12","100110000011","100110000011.0","Success","0.00031"
"1ZUI","12","110110111011","110110111011.0","Success","0.00136"
"3NM3","12","100010011000","100010011000.0","Success","0.0003"
"7Q49","12","101010010000","101010010000.0","Success","0.00067"
"5Z7N","12","10001001110","10001001110.0","Success","0.0007"
"3LPY","12","11110110001","11110110001.0","Success","0.00132"
"9ITE","12","100110101","100110101.0","Success","0.0005"
"5DM0","12","110010100110","110010100110.0","Success","0.00071"
"3T1I","12","1110111101","1110111101.0","Success","0.00045"
"5HPQ","12","101110100","101110100.0","Success","0.00111"
"1UY2","12","111011000111","111011000111.0","Success","0.00145"
"8W0B","12","111010011111","111010011111.0","Success","0.00039"
"6ZC7","12","101011010000","101011010000.0","Success","0.00126"
"6TFY","12","101100001010","101100001010.0","Success","0.00073"
"5KZ0","12","1101000101","1101000101.0","Success","0.00097"
"1V89","12","1111011010","1111011010.0","Success","0.00034"
"7EA7","12","101101101111","101101101111.0","Success","0.00112"
"8K2L","12","10111011010","10111011010.0","Success","0.00072"
"4P7E","12","100101","100101.0","Success","0.0007"
"5DG5","12","111","111.0","Success","0.00067"
"3GNP","12","110001011011","110001011011.0","Success","0.00076"
"1BRT","12","10001110010","10001110010.0","Success","0.00103"
"3HDQ","12","101110","101110.0","Success","0.00028"
"1JH3","12","111101010110","111101010110.0","Success","0.00038"
"7ZZR","12","1010111","1010111.0","Success","0.00051"
"5E8J","12","101000010001","101000010001.0","Success","0.00062"
"2P2C","12","100000110001","100000110001.0","Success","0.00035"
"7I2B","12","110100100011","110100100011.0","Success","0.00071"
"4U9Z","12","110001011","110001011.0","Success","0.00122"
"2BF1","12","100011110001","100011110001.0","Success","0.00097"
"6YOF","12","1111000101","1111000101.0","Success","0.00076"
"7GB1","12","100100001010","100100001010.0","Success","0.00097"
"4HIM","12","101011000101","101011000101.0","Success","0.00144"
"6X97","12","111000","111000.0","Success","0.00034"
"3K7H","12","10000101100","10000101100.0","Success","0.00134"
"3UC5","12","110111100011","110111100011.0","Success","0.00136"
"4MQP","12","11010001011","11010001011.0","Success","0.00058"
"3MEB","12","110111110010","110111110010.0","Success","0.00057"
"1L30","12","1010111","1010111.0","Success","0.00132"
"3AFH","12","1001010110","1001010110.0","Success","0.00078"
"6XTF","12","10001110001","10001110001.0","Success","0.00059"
"7BGW","12","111100010111","111100010111.0","Success","0.0011"
"2GGX","12","11010000111","11010000111.0","Success","0.00077"
"6MXT","12","11111110010","11111110010.0","Success","0.00069"
"9NFK","12","101110110111","101110110111.0","Success","0.00055"
"6N2G","12","11110110011","11110110011.0","Success","0.00053"
"3GGQ","12","100001001101","100001001101.0","Success","0.00144"
"3TSY","12","1100000101","1100000101.0","Success","0.00059"
"8P28","12","110110001111","110110001111.0","Success","0.00033"
"2AJ9","12","110110","110110.0","Success","0.00063"
"1ZA4","12","100001101001","100001101001.0","Success","0.00121"
"5SXY","12","110111101","110111101.0","Success","0.00038"
"8U69","12","100010100001","100010100001.0","Success","0.00053"
"6X4Y","12","110001001111","110001001111.0","Success","0.00025"
"5IUI","12","10000000010","10000000010.0","Success","0.00098"
"6FGX","12","1010111111","1010111111.0","Success","0.00085"
"1F32","12","1011010101","1011010101.0","Success","0.0015"
"3MLR","12","101101100","101101100.0","Success","0.00078"
"3PO7","12","10111010","10111010.0","Success","0.00053"
"5UKA","12","10010101111","10010101111.0","Success","0.00058"
"4YPW","12","101001101101","101001101101.0","Success","0.00109"
"1AEN","12","111111011001","111111011001.0","Success","0.001"
"4OLL","12","111001100111","111001100111.0","Success","0.00095"
"2Q5L","12","101110100","101110100.0","Success","0.00053"
"2KFU","12","1111110100","1111110100.0","Success","0.0003"
"1TVZ","12","1100110111","1100110111.0","Success","0.00087"
"8ONU","12","110010010001","110010010001.0","Success","0.00031"
"6E48","12","10011010010","10011010010.0","Success","0.00057"
"1KY2","12","1000101110","1000101110.0","Success","0.00124"
"5ZBB","12","110000111111","110000111111.0","Success","0.00063"
"5C5S","12","111111100101","111111100101.0","Success","0.00058"
"8KCC","12","110011011","110011011.0","Success","0.00046"
"8FNL","12","100011110100","100011110100.0","Success","0.00047"
"8V89","12","10101111010","10101111010.0","Success","0.00038"
"5DSC","12","100000110","100000110.0","Success","0.00041"
"5YBE","12","11000011011","11000011011.0","Success","0.001"
"6ZGT","12","11110110100","11110110100.0","Success","0.0006"
"5I74","12","10100111110","10100111110.0","Success","0.00054"
"6P04","12","111110001100","111110001100.0","Success","0.00072"
"5WEJ","12","111100001","111100001.0","Success","0.00095"
"1OSB","12","11011001","11011001.0","Success","0.0007"
"4XMD","12","110011111011","110011111011.0","Success","0.00125"
"1J06","12","111110110101","111110110101.0","Success","0.0005"
"3KAE","12","110101011101","110101011101.0","Success","0.00055"
"5ELY","12","10111110010","10111110010.0","Success","0.00065"
"8P4X","12","11010000110","11010000110.0","Success","0.00051"
"2LXM","12","11011011010","11011011010.0","Success","0.00036"
"2JN3","12","10001000001","10001000001.0","Success","0.00033"
"6UN9","12","11110101000","11110101000.0","Success","0.00105"
"6N1R","12","111111110000","111111110000.0","Success","0.00022"
"5CAB","12","111011101111","111011101111.0","Success","0.00102"
"8AM0","12","101001000000","101001000000.0","Success","0.00047"
"3JXF","12","1100111010","1100111010.0","Success","0.00075"
"6EE7","12","110101011100","110101011100.0","Success","0.00177"
"3DD7","12","101001010000","101001010000.0","Success","0.00094"
"6URY","12","10101110011","10101110011.0","Success","0.00074"
"1PNB","12","111011101110","111011101110.0","Success","0.00051"
"4O28","12","11100011011","11100011011.0","Success","0.00055"
"4UM5","12","11100111001","11100111001.0","Success","0.00064"
"6RCB","12","1001110","1001110.0","Success","0.00095"
"5CTT","12","101011000010","101011000010.0","Success","0.00082"
"2G9G","12","1111001","1111001.0","Success","0.00125"
"3HW1","12","111101001010","111101001010.0","Success","0.0005"
"8PA2","12","11011101111","11011101111.0","Success","0.00052"
"5Y9B","12","11001101000","11001101000.0","Success","0.00071"
"3NG0","12","100111100011","100111100011.0","Success","0.0008"
"3ELL","12","101011010","101011010.0","Success","0.00089"
"4JYB","12","110110010111","110110010111.0","Success","0.00067"
"8QEJ","12","11001010110","11001010110.0","Success","0.00065"
"8FK4","12","11110100100","11110100100.0","Success","0.00021"
"6B8C","12","101011000100","101011000100.0","Success","0.00154"
"1UDK","12","11010100100","11010100100.0","Success","0.00053"
"2FJK","12","101010111110","101010111110.0","Success","0.00049"
"1S12","12","11001111010","11001111010.0","Success","0.00088"
"3E0J","12","1101110110","1101110110.0","Success","0.00035"
"3OTL","12","1111001","1111001.0","Success","0.00098"
"4PO0","12","111001111011","111001111011.0","Success","0.00068"
"7AHO","12","110100000111","110100000111.0","Success","0.00039"
"7DC1","12","111111100001","111111100001.0","Success","0.00141"
"6A6T","12","100011001011","100011001011.0","Success","0.0008"
"5TU7","12","100101001111","100101001111.0","Success","0.00103"
"2QG8","12","1000110101","1000110101.0","Success","0.00142"
"4TXA","12","110010110101","110010110101.0","Success","0.00088"
"1X1S","12","100011010","100011010.0","Success","0.00134"
"5RXS","12","100100100100","100100100100.0","Success","0.00073"
"2BOA","12","100111101110","100111101110.0","Success","0.00061"
"8QT4","12","10100000011","10100000011.0","Success","0.00098"
"8YYU","12","111110110111","111110110111.0","Success","0.00051"
"7UDU","12","101100000110","101100000110.0","Success","0.00037"
"6EUG","12","1110111011","1110111011.0","Success","0.00087"
"4LEV","12","110110010101","110110010101.0","Success","0.00063"
"8HX0","12","110110100011","110110100011.0","Success","0.00038"
"7EGQ","12","10110101110","10110101110.0","Success","0.00021"
"2JD5","12","110101111100","110101111100.0","Success","0.00062"
"4HUU","12","101111000000","101111000000.0","Success","0.0006"
"7CDI","12","111110010111","111110010111.0","Success","0.00069"
"6OGZ","12","11011011001","11011011001.0","Success","0.00017"
"4C1A","12","100111010111","100111010111.0","Success","0.00143"
"5F3H","12","110111111","110111111.0","Success","0.00036"
"2VXG","12","11100111000","11100111000.0","Success","0.00105"
"3T7C","12","111111100000","111111100000.0","Success","0.0005"
"8JCB","12","100100011000","100100011000.0","Success","0.00038"
"7V3O","12","1010100010","1010100010.0","Success","0.00104"
"4CNJ","12","110111000110","110111000110.0","Success","0.00043"
"8XFE","12","11010001","11010001.0","Success","0.00033"
"5T1Y","12","100101011001","100101011001.0","Success","0.00057"
"8BGY","12","110010000101","110010000101.0","Success","0.00047"
"7EH2","12","111101001100","111101001100.0","Success","0.0002"
"8HV8","12","11111101011","11111101011.0","Success","0.00097"
"8BYZ","12","11011","11011.0","Success","0.00106"
"7P0C","12","110001001100","110001001100.0","Success","0.00096"
"4YSO","12","111011011001","111011011001.0","Success","0.00098"
"6SDZ","12","101111110100","101111110100.0","Success","0.00053"
"7XCN","12","100000110001","100000110001.0","Success","0.00025"
"7F5A","12","11011111","11011111.0","Success","0.00027"
"8WC0","12","101101101011","101101101011.0","Success","0.00054"
"5QCF","12","11001100110","11001100110.0","Success","0.00112"
"1JSW","12","110011001001","110011001001.0","Success","0.0004"
"4U7K","12","111111111","111111111.0","Success","0.00063"
"3WWH","12","100000000000","100000000000.0","Success","0.00091"
"2G3I","12","11101010100","11101010100.0","Success","0.00096"
"8WP6","12","10100010","10100010.0","Success","0.00127"
"3UZO","12","101111010011","101111010011.0","Success","0.00065"
"6Q30","12","100110000011","100110000011.0","Success","0.00081"
"3ZLS","12","1111111010","1111111010.0","Success","0.00094"
"2M9M","12","100101111010","100101111010.0","Success","0.00044"
"4KXN","12","100010010110","100010010110.0","Success","0.00072"
"2L89","12","11001011111","11001011111.0","Success","0.00036"
"2PM7","12","1001100010","1001100010.0","Success","0.00047"
"1G6M","12","111111100100","111111100100.0","Success","0.00051"
"2HJV","12","110100110011","110100110011.0","Success","0.00094"
"1TPS","12","100001111110","100001111110.0","Success","0.00113"
"3FDF","12","101000111111","101000111111.0","Success","0.00064"
"6W3N","12","10010111011","10010111011.0","Success","0.00072"
"9LC0","12","110000011011","110000011011.0","Success","0.0002"
"3O6Q","12","110011101100","110011101100.0","Success","0.00087"
"4XAE","12","110100001101","110100001101.0","Success","0.00068"
"1YOZ","12","110010101000","110010101000.0","Success","0.00114"
"2DBK","12","111010000001","111010000001.0","Success","0.00039"
"2CMF","12","110010110100","110010110100.0","Success","0.00073"
"4RPI","12","101010111011","101010111011.0","Success","0.0006"
"6LZ8","12","10110100001","10110100001.0","Success","0.00076"
"4REW","12","1010001101","1010001101.0","Success","0.00058"
"3RS9","12","110100010","110100010.0","Success","0.00077"
"4F9K","12","110010100111","110010100111.0","Success","0.00109"
"2HS3","12","110101101011","110101101011.0","Success","0.00069"
"1PCH","12","100001101110","100001101110.0","Success","0.00181"
"3RUW","12","110100011011","110100011011.0","Success","0.00037"
"3INL","12","100011000111","100011000111.0","Success","0.00027"
"6VOT","12","11110001","11110001.0","Success","0.00075"
"6VDI","12","11010101110","11010101110.0","Success","0.00065"
"4FHQ","12","101111010100","101111010100.0","Success","0.00164"
"3O1A","12","101000011101","101000011101.0","Success","0.00082"
"2GGN","12","110001110111","110001110111.0","Success","0.00104"
"9DK4","12","110101000111","110101000111.0","Success","0.00054"
"1ZA7","12","100011110001","100011110001.0","Success","0.00077"
"4NA1","12","11011010","11011010.0","Success","0.00048"
"8P0Q","12","101100101111","101100101111.0","Success","0.00047"
"5QN1","12","10001010","10001010.0","Success","0.00087"
"5OQF","12","10000001110","10000001110.0","Success","0.0006"
"4HMX","12","101001001110","101001001110.0","Success","0.0008"
"4GCL","12","10010111110","10010111110.0","Success","0.00043"
"4UQM","12","10","10.0","Success","0.0011"
"3FAO","12","101000000","101000000.0","Success","0.00121"
"1JLU","12","100010011110","100010011110.0","Success","0.00087"
"3BIF","12","1001110101","1001110101.0","Success","0.00083"
"7NLQ","12","110001110000","110001110000.0","Success","0.00099"
"6Q7P","12","111111001101","111111001101.0","Success","0.00108"
"7UYO","12","101010100110","101010100110.0","Success","0.00105"
"2FNO","12","11101101011","11101101011.0","Success","0.00079"
"6TA2","12","1110111000","1110111000.0","Success","0.00054"
"7VZ8","12","100011111110","100011111110.0","Success","0.00024"
"3R8Q","12","101010011100","101010011100.0","Success","0.00103"
"5PB2","12","100100100100","100100100100.0","Success","0.00093"
"3K35","12","11110001111","11110001111.0","Success","0.00042"
"5F2A","12","11110010011","11110010011.0","Success","0.0014"
"5E35","12","111111011101","111111011101.0","Success","0.00072"
"1HIP","12","101110100011","101110100011.0","Success","0.00181"
"2NZ4","12","1101000001","1101000001.0","Success","0.0009"
"8I7X","12","11101100110","11101100110.0","Success","0.00035"
"6BQX","12","1110000000","1110000000.0","Success","0.00086"
"8TT3","12","100010000010","100010000010.0","Success","0.0003"
"1IGO","12","100010000010","100010000010.0","Success","0.00083"
"4TM0","12","1111011010","1111011010.0","Success","0.00042"
"8DWD","12","1011111001","1011111001.0","Success","0.0009"
"5XR5","12","101110000111","101110000111.0","Success","0.00118"
"5UMX","12","10010101011","10010101011.0","Success","0.00109"
"6R4F","12","101110001101","101110001101.0","Success","0.00047"
"8YOZ","12","110110010010","110110010010.0","Success","0.00136"
"4MR8","12","101111000111","101111000111.0","Success","0.00059"
"4V34","12","10000101101","10000101101.0","Success","0.00093"
"4ION","12","1010001110","1010001110.0","Success","0.00101"
"7W0H","12","10111100010","10111100010.0","Success","0.00019"
"8BSP","12","1110001100","1110001100.0","Success","0.00091"
"1JXH","12","11000110101","11000110101.0","Success","0.00075"
"7O36","12","11001000010","11001000010.0","Success","0.0008"
"5F7U","12","110001100101","110001100101.0","Success","0.00051"
"1GIN","12","10100011000","10100011000.0","Success","0.00081"
"6W24","12","11010111111","11010111111.0","Success","0.00028"
"5Z6S","12","10010111101","10010111101.0","Success","0.00103"
"5MJQ","12","111111011100","111111011100.0","Success","0.00093"
"7B41","12","110001100101","110001100101.0","Success","0.00098"
"2FMR","12","10010000000","10010000000.0","Success","0.0005"
"8C89","12","10011001101","10011001101.0","Success","0.00068"
"1ITO","12","11101101000","11101101000.0","Success","0.00105"
"4JQ9","12","100111101111","100111101111.0","Success","0.00031"
"2HOW","12","11000010111","11000010111.0","Success","0.00064"
"5GS2","12","10110011100","10110011100.0","Success","0.0005"
"7CD2","12","10100110010","10100110010.0","Success","0.00036"
"1S89","12","100010111110","100010111110.0","Success","0.00056"
"2HFK","12","101000111100","101000111100.0","Success","0.00072"
"4FUS","12","111111101001","111111101001.0","Success","0.00066"
"6HB7","12","101001101010","101001101010.0","Success","0.00057"
"1M03","12","110011","110011.0","Success","0.00075"
"3RG8","12","100010101001","100010101001.0","Success","0.0005"
"8G81","12","110011010110","110011010110.0","Success","0.00044"
"4C05","12","1101000101","1101000101.0","Success","0.00092"
"4FC1","12","111010000001","111010000001.0","Success","0.00245"
"3F2P","12","111001101000","111001101000.0","Success","0.00095"
"8GJ5","12","110011011111","110011011111.0","Success","0.00059"
"5DOO","12","111000000101","111000000101.0","Success","0.00052"
"1A3E","12","10001010111","10001010111.0","Success","0.00098"
"3CS2","12","101110101111","101110101111.0","Success","0.00047"
"2FDV","12","11001011110","11001011110.0","Success","0.00038"
"3UM8","12","11010000010","11010000010.0","Success","0.00052"
"5FBU","12","100110001110","100110001110.0","Success","0.00062"
"1AR4","12","1100001010","1100001010.0","Success","0.00084"
"7AWT","12","111100101110","111100101110.0","Success","0.00034"
"5FJY","12","11011101001","11011101001.0","Success","0.00059"
"5SEC","12","101000111001","101000111001.0","Success","0.00047"
"6RNI","12","110011000001","110011000001.0","Success","0.00089"
"7M8X","12","11111110101","11111110101.0","Success","0.00095"
"3AX3","12","100000010001","100000010001.0","Success","0.00096"
"6L6K","12","110010011111","110010011111.0","Success","0.00112"
"4DWA","12","11000001101","11000001101.0","Success","0.00094"
"7R44","12","110001100100","110001100100.0","Success","0.00018"
"1S7H","12","100011101111","100011101111.0","Success","0.00063"
"7LMN","12","110010111010","110010111010.0","Success","0.00083"
"6VIJ","12","101110010010","101110010010.0","Success","0.00086"
"2EW1","12","11111010000","11111010000.0","Success","0.00125"
"1BDC","12","100001000","100001000.0","Success","0.00069"
"2W0S","12","101000011","101000011.0","Success","0.00085"
"5FQV","12","10100101101","10100101101.0","Success","0.00108"
"5UAI","12","111000001010","111000001010.0","Success","0.00047"
"5X2E","12","11001011001","11001011001.0","Success","0.00184"
"7SQS","12","111100001","111100001.0","Success","0.00071"
"5P0W","12","10010001100","10010001100.0","Success","0.00093"
"5GRQ","12","11011011","11011011.0","Success","0.00108"
"6HWJ","12","101111011000","101111011000.0","Success","0.00059"
"7LW6","12","110101010010","110101010010.0","Success","0.00125"
"6TXF","12","1110001010","1110001010.0","Success","0.00054"
"5KPT","12","1011110101","1011110101.0","Success","0.00091"
"8K2W","12","101001010010","101001010010.0","Success","0.00083"
"6GOY","12","110111111011","110111111011.0","Success","0.00111"
"5D2T","12","1110110111","1110110111.0","Success","0.00105"
"4U2Q","12","10101111001","10101111001.0","Success","0.00031"
"2WLB","12","110011111101","110011111101.0","Success","0.00118"
"2H62","12","100110110001","100110110001.0","Success","0.00086"
"9H87","12","11111011011","11111011011.0","Success","0.00159"
"4JEI","12","111011010111","111011010111.0","Success","0.00097"
"2C97","12","101110101001","101110101001.0","Success","0.00063"
"6GPZ","12","10101010100","10101010100.0","Success","0.00147"
"3BD4","12","100111100111","100111100111.0","Success","0.00114"
"5J4A","12","1100110110","1100110110.0","Success","0.00082"
"6E1A","12","111100011001","111100011001.0","Success","0.00075"
"1YY7","12","111100011010","111100011010.0","Success","0.00085"
"2COO","12","110101111000","110101111000.0","Success","0.00045"
"2K7I","12","101010011111","101010011111.0","Success","0.00034"
"8KHC","12","101001110100","101001110100.0","Success","0.00028"
"1GR7","12","101111001011","101111001011.0","Success","0.00073"
"7H5N","12","11101010111","11101010111.0","Success","0.00091"
"3BTT","12","101010001011","101010001011.0","Success","0.001"
"6MOO","12","11000010","11000010.0","Success","0.00098"
"7TN6","12","110001100110","110001100110.0","Success","0.00104"
"1GA2","12","10001100011","10001100011.0","Success","0.00048"
"4EI5","12","110100010101","110100010101.0","Success","0.00042"
"7WQM","12","101001111011","101001111011.0","Success","0.00069"
"3EP4","12","11000000111","11000000111.0","Success","0.00096"
"2QJN","12","111000011011","111000011011.0","Success","0.00043"
"4MWV","12","11011100100","11011100100.0","Success","0.00084"
"4X9M","12","111000000","111000000.0","Success","0.00087"
"3AOB","12","111110011001","111110011001.0","Success","0.00031"
"2D8H","12","10100001","10100001.0","Success","0.00043"
"6KCU","12","10110110000","10110110000.0","Success","0.00188"
"9G64","12","110000001101","110000001101.0","Success","0.00073"
"8TPA","12","10100111111","10100111111.0","Success","0.00037"
"8QI6","12","110100000","110100000.0","Success","0.00122"
"2V2O","12","1101000011","1101000011.0","Success","0.00136"
"8J99","12","10010011101","10010011101.0","Success","0.00027"
"5P0L","12","100000101010","100000101010.0","Success","0.00093"
"8W8H","12","110101011","110101011.0","Success","0.00056"
"6MQ9","12","11110111001","11110111001.0","Success","0.00052"
"2VHE","12","111001110111","111001110111.0","Success","0.00085"
"8ITV","12","101010100110","101010100110.0","Success","0.00046"
"1CLY","12","1100101001","1100101001.0","Success","0.00083"
"1Q03","12","100000100001","100000100001.0","Success","0.00096"
"3HTS","12","110010111111","110010111111.0","Success","0.00187"
"1RL6","12","101000001000","101000001000.0","Success","0.00131"
"5NZ2","12","100001110000","100001110000.0","Success","0.00134"
"6CX4","12","10000110010","10000110010.0","Success","0.00108"
"7C22","12","10111101101","10111101101.0","Success","0.00079"
"7KG4","12","101010","101010.0","Success","0.00067"
"4RF4","12","10100110011","10100110011.0","Success","0.00076"
"4N9J","12","11101100111","11101100111.0","Success","0.0008"
"5OB1","12","100001111010","100001111010.0","Success","0.00195"
"5PER","12","111101101111","111101101111.0","Success","0.00156"
"2FHM","12","1000111","1000111.0","Success","0.0004"
"6GCD","12","111001","111001.0","Success","0.00094"
"1HCG","12","110100101100","110100101100.0","Success","0.00097"
"3U6I","12","10101111011","10101111011.0","Success","0.00099"
"1XJU","12","1100110011","1100110011.0","Success","0.00092"
"3GJQ","12","110101010110","110101010110.0","Success","0.00075"
"6AK7","12","100110000111","100110000111.0","Success","0.00106"
"6Y3P","12","111010100111","111010100111.0","Success","0.0009"
"9BD4","12","100110101011","100110101011.0","Success","0.00075"
"2FTY","12","10011000001","10011000001.0","Success","0.00035"
"7K6X","12","1110010001","1110010001.0","Success","0.00105"
"2YI8","12","1010001","1010001.0","Success","0.00027"
"6RM2","12","11000110001","11000110001.0","Success","0.00066"
"3GMS","12","1001100101","1001100101.0","Success","0.00093"
"3BHO","12","10110001100","10110001100.0","Success","0.0012"
"5GUK","12","100100001011","100100001011.0","Success","0.00081"
"2C2Y","12","101010010","101010010.0","Success","0.001"
"6O9X","12","110001111101","110001111101.0","Success","0.00073"
"5DFX","12","1001011110","1001011110.0","Success","0.00129"
"2ZMC","12","111110101000","111110101000.0","Success","0.00102"
"8JGR","12","10001001101","10001001101.0","Success","0.00075"
"2AHP","12","1000100001","1000100001.0","Success","0.00203"
"9F2Y","12","110011000000","110011000000.0","Success","0.00047"
"2FRE","12","100100000100","100100000100.0","Success","0.00087"
"9BPI","12","11111010000","11111010000.0","Success","0.00027"
"7YL7","12","101110111010","101110111010.0","Success","0.00087"
"4Y13","12","101001010001","101001010001.0","Success","0.0011"
"3CHY","12","11011101","11011101.0","Success","0.00149"
"7ZQ7","12","10001001110","10001001110.0","Success","0.00043"
"5VRM","12","11101111100","11101111100.0","Success","0.00053"
"3SI4","12","101111000","101111000.0","Success","0.00097"
"5MGG","12","1101111011","1101111011.0","Success","0.00153"
"8GCT","12","110111010","110111010.0","Success","0.00051"
"3VW1","12","101100101011","101100101011.0","Success","0.00061"
"5D5F","12","11101100001","11101100001.0","Success","0.00149"
"8W4O","12","101010100011","101010100011.0","Success","0.00076"
"2FW7","12","11111001","11111001.0","Success","0.00095"
"6NWQ","12","110010111000","110010111000.0","Success","0.00079"
"4AHJ","12","11","11.0","Success","0.00146"
"4UZF","12","100011011111","100011011111.0","Success","0.00065"
"1M43","12","110101111101","110101111101.0","Success","0.00064"
"3O33","12","110010111010","110010111010.0","Success","0.00062"
"3ANR","12","100101111010","100101111010.0","Success","0.00046"
"4E26","12","1011011","1011011.0","Success","0.00072"
"4MJZ","12","100100011101","100100011101.0","Success","0.0007"
"6JT2","12","110111110","110111110.0","Success","0.00051"
"7MJD","12","1110101","1110101.0","Success","0.00054"
"3NQR","12","10101010110","10101010110.0","Success","0.00076"
"7CEP","12","101100010011","101100010011.0","Success","0.00081"
"1UNS","12","110000100001","110000100001.0","Success","0.00109"
"2M0B","12","111111101100","111111101100.0","Success","0.00041"
"2GIM","12","110111010001","110111010001.0","Success","0.00113"
"5UMQ","12","1101101000","1101101000.0","Success","0.00107"
"3GOB","12","1010000111","1010000111.0","Success","0.00052"
"7N6U","12","1000110101","1000110101.0","Success","0.0004"
"7GOS","12","110001111001","110001111001.0","Success","0.00089"
"5QQE","12","10110011101","10110011101.0","Success","0.00088"
"4KSN","12","1001010","1001010.0","Success","0.00105"
"4R9A","12","100011110100","100011110100.0","Success","0.00142"
"4EAB","12","111101001001","111101001001.0","Success","0.00113"
"6A3D","12","110000101000","110000101000.0","Success","0.00094"
"7HNX","12","110011011111","110011011111.0","Success","0.00122"
"4U4P","12","10010110010","10010110010.0","Success","0.00082"
"6LYG","12","111010100100","111010100100.0","Success","0.00039"
"2ZIK","12","1100001011","1100001011.0","Success","0.00151"
"7C12","12","1000100","1000100.0","Success","0.00097"
"2LP4","12","110001110001","110001110001.0","Success","0.00017"
"4FDM","12","1011101101","1011101101.0","Success","0.00086"
"8F2D","12","101111010111","101111010111.0","Success","0.00095"
"3MJL","12","1010100110","1010100110.0","Success","0.00066"
"8AKR","12","110010110001","110010110001.0","Success","0.00016"
"7NNQ","12","1001001101","1001001101.0","Success","0.00045"
"3O7A","12","111001000101","111001000101.0","Success","0.00227"
"5J0G","12","101000000000","101000000000.0","Success","0.00109"
"4FVF","12","101100110111","101100110111.0","Success","0.00109"
"7KP7","12","11100000010","11100000010.0","Success","0.00057"
"1Q23","12","111111100010","111111100010.0","Success","0.00033"
"7MVW","12","11111010110","11111010110.0","Success","0.00052"
"8G5V","12","100110010101","100110010101.0","Success","0.0004"
"7YPO","12","110100101001","110100101001.0","Success","0.00045"
"1V5T","12","11011010010","11011010010.0","Success","0.0004"
"5N9Y","12","111111001011","111111001011.0","Success","0.00043"
"8BWP","12","101010001100","101010001100.0","Success","0.00048"
"2MQW","12","110101010000","110101010000.0","Success","0.0003"
"4LUL","12","11110110101","11110110101.0","Success","0.00086"
"1UVM","12","110101110","110101110.0","Success","0.00038"
"6NB6","12","110000111101","110000111101.0","Success","0.00028"
"3G7R","12","11100011010","11100011010.0","Success","0.00081"
"8BG4","12","10110101011","10110101011.0","Success","0.00058"
"3MCD","12","100011110110","100011110110.0","Success","0.00162"
"7YSG","12","10001011100","10001011100.0","Success","0.00029"
"2JQG","12","100000011010","100000011010.0","Success","0.00058"
"2UYL","12","111010110110","111010110110.0","Success","0.00041"
"3I5Q","12","101000100100","101000100100.0","Success","0.00074"
"6KXU","12","11000100111","11000100111.0","Success","0.00025"
"6QXH","12","101010111100","101010111100.0","Success","0.00057"
"6BB9","12","11111011100","11111011100.0","Success","0.00072"
"8TVU","12","110001011101","110001011101.0","Success","0.00018"
"1FBR","12","100101100000","100101100000.0","Success","0.00177"
"1TH3","12","10101010001","10101010001.0","Success","0.00037"
"6ASD","12","1010110","1010110.0","Success","0.0025"
"3GGG","12","110110010001","110110010001.0","Success","0.0005"
"6K72","12","11110110110","11110110110.0","Success","0.00025"
"2Q9J","12","10111011001","10111011001.0","Success","0.00106"
"4H14","12","10010101100","10010101100.0","Success","0.001"
"2R9K","12","101001101010","101001101010.0","Success","0.00072"
"3WVB","12","11110000011","11110000011.0","Success","0.00093"
"8QLX","12","10010110010","10010110010.0","Success","0.00143"
"5GLH","12","11011111101","11011111101.0","Success","0.00076"
"6HQQ","12","100100010110","100100010110.0","Success","0.00084"
"4J6J","12","111011000000","111011000000.0","Success","0.00072"
"5XGF","12","111111101100","111111101100.0","Success","0.00101"
"5HSP","12","1010010000","1010010000.0","Success","0.00179"
"1FSJ","12","1010000000","1010000000.0","Success","0.00071"
"8XUV","12","101011100101","101011100101.0","Success","0.00016"
"7EKT","12","110110001110","110110001110.0","Success","0.00038"
"1KWP","12","111001010111","111001010111.0","Success","0.00067"
"5Q6U","12","11101001","11101001.0","Success","0.00092"
"4B95","12","110000010","110000010.0","Success","0.00045"
"4OIB","12","111001110100","111001110100.0","Success","0.00087"
"4EM1","12","1000000100","1000000100.0","Success","0.00139"
"6HTT","12","101000011","101000011.0","Success","0.00041"
"1G4U","12","111010100101","111010100101.0","Success","0.00074"
"8HSR","12","101000","101000.0","Success","0.00023"
"2FB8","12","11010110","11010110.0","Success","0.00073"
"6T58","12","10110110011","10110110011.0","Success","0.00058"
"5IW9","12","1000000111","1000000111.0","Success","0.00109"
"1S7R","12","11110010100","11110010100.0","Success","0.0006"
"5DE2","12","11010011010","11010011010.0","Success","0.00071"
"5EG9","12","101101011000","101101011000.0","Success","0.00095"
"1UD7","12","11100000000","11100000000.0","Success","0.00044"
"2O4R","12","111","111.0","Success","0.00104"
"6RM5","12","101110010010","101110010010.0","Success","0.00108"
"3G76","12","10100101011","10100101011.0","Success","0.0006"
"6LYO","12","100111110","100111110.0","Success","0.00045"
"8C4A","12","101101001101","101101001101.0","Success","0.00033"
"8OGA","12","11011011011","11011011011.0","Success","0.001"
"5TGY","12","1111011001","1111011001.0","Success","0.00037"
"8AFN","12","100100111011","100100111011.0","Success","0.0011"
"5VFO","12","11111110111","11111110111.0","Success","0.00021"
"3TNZ","12","111110110010","111110110010.0","Success","0.00078"
"2YRO","12","101010001010","101010001010.0","Success","0.00031"
"5FZT","12","10101011010","10101011010.0","Success","0.00092"
"5M1P","12","1110011101","1110011101.0","Success","0.00083"
"7YYC","12","100000111111","100000111111.0","Success","0.00076"
"5PBI","12","1110101101","1110101101.0","Success","0.00157"
"2RME","12","100000000111","100000000111.0","Success","0.00066"
"2WHV","12","1010110010","1010110010.0","Success","0.00115"
"1YVG","12","1001111011","1001111011.0","Success","0.00083"
"1KF9","12","101010111100","101010111100.0","Success","0.00051"
"1I18","12","1111010","1111010.0","Success","0.00027"
"5AHW","12","100100110001","100100110001.0","Success","0.00061"
"4IGB","12","1110101010","1110101010.0","Success","0.0004"
"2VSH","12","10100111011","10100111011.0","Success","0.00082"
"2G42","12","10110110111","10110110111.0","Success","0.00136"
"1QPE","12","11110001011","11110001011.0","Success","0.001"
"8D13","12","10011011000","10011011000.0","Success","0.00048"
"3MKJ","12","11011000010","11011000010.0","Success","0.00087"
"7PGR","12","111001111001","111001111001.0","Success","0.00024"
"3QB1","12","111","111.0","Success","0.00056"
"2WR1","12","1000000110","1000000110.0","Success","0.00043"
"8WQO","12","100100011100","100100011100.0","Success","0.0015"
"1ZRR","12","111111101111","111111101111.0","Success","0.00031"
"7TOB","12","110100101000","110100101000.0","Success","0.00094"
"5LR0","12","100010101011","100010101011.0","Success","0.00061"
"4N4Y","12","11101010111","11101010111.0","Success","0.00061"
"2MOP","12","100111010100","100111010100.0","Success","0.00034"
"6HLX","12","111001110010","111001110010.0","Success","0.00075"
"6I8B","12","10110111111","10110111111.0","Success","0.00084"
"8C96","12","111011100011","111011100011.0","Success","0.00042"
"3SVQ","12","111011101110","111011101110.0","Success","0.00058"
"2O8M","12","101001101001","101001101001.0","Success","0.00086"
"4FZ7","12","10010101000","10010101000.0","Success","0.00103"
"8S9E","12","10101111101","10101111101.0","Success","0.00043"
"7GMP","12","11110001101","11110001101.0","Success","0.00068"
"2YAD","12","101111100010","101111100010.0","Success","0.00079"
"8B1G","12","110111001101","110111001101.0","Success","0.0007"
"7UUO","12","11111100001","11111100001.0","Success","0.00059"
"7Q5A","12","101000000","101000000.0","Success","0.0024"
"8PEY","12","101000011110","101000011110.0","Success","0.0002"
"6G2W","12","11110001001","11110001001.0","Success","0.00105"
"6H3P","12","100001101111","100001101111.0","Success","0.00074"
"7UW0","12","111011100000","111011100000.0","Success","0.00048"
"7TLC","12","110111011000","110111011000.0","Success","0.00031"
"7PL9","12","110110110000","110110110000.0","Success","0.00024"
"8T7Z","12","11000010110","11000010110.0","Success","0.00025"
"4LO3","12","11010011001","11010011001.0","Success","0.00063"
"5O4H","12","110111010111","110111010111.0","Success","0.00052"
"1PD8","12","1110110","1110110.0","Success","0.00121"
"7F0J","12","1100111010","1100111010.0","Success","0.00042"
"8WZ4","12","11001011000","11001011000.0","Success","0.00079"
"1EB2","12","10100101011","10100101011.0","Success","0.00112"
"5PFE","12","100110110","100110110.0","Success","0.00153"
"1DSN","12","111111110","111111110.0","Success","0.00095"
"6N0A","12","10110110","10110110.0","Success","0.00073"
"8G01","12","111001100110","111001100110.0","Success","0.0005"
"1WA8","12","10010101000","10010101000.0","Success","0.00023"
"4WOQ","12","111100000010","111100000010.0","Success","0.00035"
"4B91","12","101","101.0","Success","0.00055"
"8F45","12","101001101111","101001101111.0","Success","0.00068"
"4P8V","12","10010010101","10010010101.0","Success","0.00088"
"6Z3R","12","11100100101","11100100101.0","Success","0.00032"
"5PO3","12","10001001010","10001001010.0","Success","0.00106"
"3NDP","12","111110111010","111110111010.0","Success","0.00082"
"1O8V","12","111011111","111011111.0","Success","0.00146"
"1TNQ","12","101000110011","101000110011.0","Success","0.00028"
"4IT6","12","1001011010","1001011010.0","Success","0.00108"
"3FL3","12","110000000011","110000000011.0","Success","0.00108"
"5HDM","12","101111011110","101111011110.0","Success","0.00055"
"8BHW","12","111011011101","111011011101.0","Success","0.00032"
"4EH8","12","1110101000","1110101000.0","Success","0.0009"
"6C9T","12","110111111101","110111111101.0","Success","0.001"
"8EJY","12","100001010","100001010.0","Success","0.00096"
"4U1H","12","111011000000","111011000000.0","Success","0.00087"
"6GW9","12","11111111001","11111111001.0","Success","0.00114"
"3FG8","12","101011011110","101011011110.0","Success","0.00063"
"5M7S","12","101111010110","101111010110.0","Success","0.00055"
"1FHG","12","10110100001","10110100001.0","Success","0.00166"
"3VDU","12","110001111111","110001111111.0","Success","0.00118"
"5FD6","12","110000001011","110000001011.0","Success","0.00073"
"8GLC","12","111110111100","111110111100.0","Success","0.00059"
"4WG3","12","11001110011","11001110011.0","Success","0.00075"
"6SMZ","12","101001100010","101001100010.0","Success","0.00049"
"1SLV","12","110011101011","110011101011.0","Success","0.00092"
"4UOR","12","10001111001","10001111001.0","Success","0.00025"
"9BT9","12","10011001101","10011001101.0","Success","0.00101"
"9AVD","12","111001010100","111001010100.0","Success","0.00171"
"6C4J","12","111000101000","111000101000.0","Success","0.00022"
"8YFH","12","10110101110","10110101110.0","Success","0.00048"
"3CJA","12","1011010001","1011010001.0","Success","0.00081"
"2E1U","12","110001110000","110001110000.0","Success","0.00058"
"4GW8","12","110011001","110011001.0","Success","0.00101"
"8K81","12","1010010100","1010010100.0","Success","0.00052"
"1X9H","12","111111100011","111111100011.0","Success","0.00068"
"4DJU","12","101100010100","101100010100.0","Success","0.00059"
"3K0E","12","1101010010","1101010010.0","Success","0.00031"
"5O9G","12","111000","111000.0","Success","0.00041"
"3QIR","12","10111011000","10111011000.0","Success","0.00079"
"3UX3","12","1100000010","1100000010.0","Success","0.00106"
"7QV7","12","100010000100","100010000100.0","Success","0.00023"
"4JPZ","12","111011010100","111011010100.0","Success","0.00056"
"3TRS","12","10101101110","10101101110.0","Success","0.00084"
"3UOI","12","101110111100","101110111100.0","Success","0.00019"
"4C5A","12","10011111100","10011111100.0","Success","0.00068"
"5W57","12","11101010","11101010.0","Success","0.00072"
"3NF4","12","10011101110","10011101110.0","Success","0.00061"
"1I7U","12","111011","111011.0","Success","0.00062"
"2WST","12","10001010010","10001010010.0","Success","0.00052"
"5OLB","12","10100011","10100011.0","Success","0.00057"
"1VES","12","100011100101","100011100101.0","Success","0.0011"
"8WWH","12","110100110100","110100110100.0","Success","0.00051"
"4KUY","12","11110111001","11110111001.0","Success","0.00103"
"5LXE","12","101010001101","101010001101.0","Success","0.00067"
"2HDO","12","100001010010","100001010010.0","Success","0.0012"
"3AE8","12","111110010100","111110010100.0","Success","0.00053"
"3X41","12","111011001000","111011001000.0","Success","0.00046"
"3EYG","12","10001101001","10001101001.0","Success","0.00103"
"8J48","12","101100000101","101100000101.0","Success","0.00103"
"6XJ7","12","10101000101","10101000101.0","Success","0.00069"
"7YXU","12","111110001000","111110001000.0","Success","0.0007"
"5S2O","12","100010000010","100010000010.0","Success","0.00092"
"3ZLW","12","111111000100","111111000100.0","Success","0.00096"
"4BM3","12","110110011","110110011.0","Success","0.00093"
"1L7D","12","110000110010","110000110010.0","Success","0.00046"
"4OTM","12","10111011","10111011.0","Success","0.00111"
"1XAT","12","110000010100","110000010100.0","Success","0.00115"
"2JXA","12","111100111000","111100111000.0","Success","0.00033"
"1DZ6","12","10100000","10100000.0","Success","0.00058"
"7VJA","12","11011001111","11011001111.0","Success","0.0008"
"240L","12","100110010000","100110010000.0","Success","0.00132"
"5ERR","12","11000101","11000101.0","Success","0.00082"
"3A9G","12","111111110110","111111110110.0","Success","0.00092"
"1YO7","12","1000010","1000010.0","Success","0.00107"
"4ZCB","12","1101110100","1101110100.0","Success","0.00102"
"6FMJ","12","10101011110","10101011110.0","Success","0.00046"
"6SJE","12","10101110","10101110.0","Success","0.00032"
"6I02","12","101110011001","101110011001.0","Success","0.00052"
"8SD0","12","111010011","111010011.0","Success","0.00066"
"1IO3","12","111111100001","111111100001.0","Success","0.00163"
"2JJH","12","10101010000","10101010000.0","Success","0.0008"
"2YT4","12","11111101110","11111101110.0","Success","0.0012"
"6POV","12","111101001010","111101001010.0","Success","0.00041"
"2PPV","12","11010011001","11010011001.0","Success","0.00092"
"4IW3","12","1101101010","1101101010.0","Success","0.00049"
"2QUH","12","1110100","1110100.0","Success","0.00062"
"6FT0","12","101001011101","101001011101.0","Success","0.00047"
"1T6C","12","10111000011","10111000011.0","Success","0.00098"
"6CSG","12","100000010110","100000010110.0","Success","0.0006"
"6QLK","12","100100101","100100101.0","Success","0.00116"
"7X8E","12","10100111","10100111.0","Success","0.00032"
"3IE3","12","111011010000","111011010000.0","Success","0.00079"
"1UGW","12","111001011","111001011.0","Success","0.0007"
"7MW4","12","100111000001","100111000001.0","Success","0.00025"
"1NPU","12","111001110011","111001110011.0","Success","0.00162"
"3MML","12","10100101011","10100101011.0","Success","0.00038"
"8IMN","12","10010000","10010000.0","Success","0.00019"
"7XL9","12","1000101011","1000101011.0","Success","0.00129"
"2WVG","12","101100001010","101100001010.0","Success","0.00035"
"1KD7","12","101001110001","101001110001.0","Success","0.00058"
"5WY4","12","10101100100","10101100100.0","Success","0.00093"
"2PFU","12","11010001111","11010001111.0","Success","0.00038"
"1PKZ","12","110100110000","110100110000.0","Success","0.0008"
"8R45","12","100","100.0","Success","0.00066"
"3M47","12","111010010010","111010010010.0","Success","0.00085"
"4O8M","12","101000101111","101000101111.0","Success","0.00034"
"8WK6","12","101100100100","101100100100.0","Success","0.00036"
"1K5G","12","11100010110","11100010110.0","Success","0.00032"
"7JRC","12","100100001011","100100001011.0","Success","0.00072"
"3KIC","12","1101010100","1101010100.0","Success","0.00016"
"2M6Z","12","111011010110","111011010110.0","Success","0.00015"
"5E2P","12","110101100011","110101100011.0","Success","0.00109"
"1JCK","12","101000010101","101000010101.0","Success","0.00052"
"2HQ9","12","101010011","101010011.0","Success","0.00105"
"1W7V","12","1100110011","1100110011.0","Success","0.0004"
"4NZH","12","11001000","11001000.0","Success","0.00078"
"8K5Y","12","111101111000","111101111000.0","Success","0.0008"
"1RE6","12","111110010010","111110010010.0","Success","0.00027"
"5IMN","12","11001110101","11001110101.0","Success","0.00048"
"3JTQ","12","100101110010","100101110010.0","Success","0.00063"
"8Q0T","12","11101","11101.0","Success","0.0007"
"8D20","12","11000000101","11000000101.0","Success","0.00086"
"1FDH","12","110101111111","110101111111.0","Success","0.0007"
"3KCG","12","110101101001","110101101001.0","Success","0.00062"
"7AYS","12","110010111011","110010111011.0","Success","0.00113"
"7CS3","12","100001001101","100001001101.0","Success","0.0004"
"1U2S","12","11010001010","11010001010.0","Success","0.00111"
"6PAZ","12","11110001110","11110001110.0","Success","0.00154"
"6WJB","12","101100100001","101100100001.0","Success","0.00068"
"7PMI","12","1001100101","1001100101.0","Success","0.00047"
"4DBS","12","100111100001","100111100001.0","Success","0.00069"
"7RQP","12","111010010111","111010010111.0","Success","0.0008"
"7LDG","12","100101101010","100101101010.0","Success","0.0008"
"5U9J","12","111001100001","111001100001.0","Success","0.001"
"1ISH","12","101111000001","101111000001.0","Success","0.00075"
"5I0C","12","11011100110","11011100110.0","Success","0.00181"
"7V17","12","1100010001","1100010001.0","Success","0.00111"
"6YPT","12","101000101001","101000101001.0","Success","0.00081"
"2GE9","12","110010111110","110010111110.0","Success","0.00034"
"8K8G","12","110001100101","110001100101.0","Success","0.00118"
"1DMA","12","110100100111","110100100111.0","Success","0.00083"
"4QB9","12","1000100110","1000100110.0","Success","0.00034"
"2KYC","12","1100100101","1100100101.0","Success","0.00036"
"3FX4","12","101011010101","101011010101.0","Success","0.0009"
"6NQG","12","1000111010","1000111010.0","Success","0.00077"
"8JLF","12","110011100100","110011100100.0","Success","0.00054"
"4WI5","12","101010000001","101010000001.0","Success","0.0008"
"2LF2","12","101000010","101000010.0","Success","0.00028"
"5H9O","12","1001100110","1001100110.0","Success","0.00038"
"8OHH","12","1011010010","1011010010.0","Success","0.00097"
"1ZIL","12","111000100100","111000100100.0","Success","0.00222"
"5CVB","12","111001010010","111001010010.0","Success","0.00084"
"5M6S","12","10011100010","10011100010.0","Success","0.00169"
"5Y5U","12","111011010010","111011010010.0","Success","0.00075"
"8D49","12","111111011011","111111011011.0","Success","0.0005"
"6VRQ","12","11001011100","11001011100.0","Success","0.00057"
"5T18","12","111101001010","111101001010.0","Success","0.00104"
"1MIW","12","1010101110","1010101110.0","Success","0.00062"
"4IHA","12","100001101","100001101.0","Success","0.00072"
"8K3H","12","110111111000","110111111000.0","Success","0.00054"
"4BJL","12","1101010011","1101010011.0","Success","0.00083"
"1W8S","12","1101000101","1101000101.0","Success","0.00034"
"7UBM","12","110101111101","110101111101.0","Success","0.00028"
"1G3G","12","100101110000","100101110000.0","Success","0.00029"
"8JD0","12","10010101011","10010101011.0","Success","0.00044"
"5BSB","12","110000101111","110000101111.0","Success","0.0008"
"3GQI","12","111010111","111010111.0","Success","0.00072"
"4ZNW","12","100011001100","100011001100.0","Success","0.00077"
"8SQ8","12","101101000110","101101000110.0","Success","0.00053"
"3DX9","12","1111111011","1111111011.0","Success","0.00058"
"8A3C","12","111101110111","111101110111.0","Success","0.00036"
"8UE0","12","11000001001","11000001001.0","Success","0.00096"
"2PL3","12","111000111111","111000111111.0","Success","0.00113"
"3LWB","12","101000101000","101000101000.0","Success","0.00069"
"5ABV","12","1001011001","1001011001.0","Success","0.00055"
"1RJ6","12","110000111","110000111.0","Success","0.00075"
"7N16","12","10101001","10101001.0","Success","0.00037"
"8FUF","12","100010110110","100010110110.0","Success","0.00032"
"5X50","12","10100110100","10100110100.0","Success","0.00027"
"5IOB","12","110010110100","110010110100.0","Success","0.00035"
"8R6W","12","10001010111","10001010111.0","Success","0.00038"
"5I9Z","12","101101000011","101101000011.0","Success","0.00101"
"1UGN","12","100110111101","100110111101.0","Success","0.00124"
"5BKC","12","111111110010","111111110010.0","Success","0.00071"
"2OYL","12","100001000001","100001000001.0","Success","0.00058"
"4UEK","12","110111101","110111101.0","Success","0.00064"
"5JVU","12","1010100110","1010100110.0","Success","0.00142"
"8RZ8","12","111111100000","111111100000.0","Success","0.00051"
"7YQ0","12","1001101000","1001101000.0","Success","0.00089"
"6JZE","12","111001110","111001110.0","Success","0.00099"
"7YPJ","12","110000011110","110000011110.0","Success","0.00027"
"1NDW","12","100010011000","100010011000.0","Success","0.00093"
"7G9B","12","1101100000","1101100000.0","Success","0.00078"
"6IIO","12","111101000100","111101000100.0","Success","0.00066"
"1K6A","12","100111110100","100111110100.0","Success","0.00095"
"3V4Q","12","1111101111","1111101111.0","Success","0.00195"
"2I6A","12","110000001110","110000001110.0","Success","0.00046"
"7LO8","12","10111110010","10111110010.0","Success","0.00059"
"5RU8","12","111010","111010.0","Success","0.00089"
"7XLC","12","100011010100","100011010100.0","Success","0.00041"
"1N3O","12","110100011110","110100011110.0","Success","0.00077"
"7UPK","12","1100011","1100011.0","Success","0.00038"
"4I6I","12","110101010010","110101010010.0","Success","0.0008"
"2DK5","12","10100010000","10100010000.0","Success","0.00039"
"7QOQ","12","101001101011","101001101011.0","Success","0.00072"
"6JJA","12","1111111101","1111111101.0","Success","0.00136"
"6QNE","12","1001000111","1001000111.0","Success","0.00039"
"4ADU","12","100110100111","100110100111.0","Success","0.00071"
"5TEU","12","100100000001","100100000001.0","Success","0.00064"
"2IEA","12","100110010011","100110010011.0","Success","0.00042"
"8P82","12","1110011100","1110011100.0","Success","0.0003"
"2Y4A","12","111100000111","111100000111.0","Success","0.00039"
"1BTY","12","101110001011","101110001011.0","Success","0.00113"
"1DFF","12","110100110111","110100110111.0","Success","0.00133"
"5ICA","12","110011101100","110011101100.0","Success","0.0007"
"6KSA","12","11101101000","11101101000.0","Success","0.00049"
"8TS6","12","111001100","111001100.0","Success","0.00022"
"6R4O","12","1001101101","1001101101.0","Success","0.00049"
"6XVJ","12","100001000","100001000.0","Success","0.00095"
"5VTQ","12","100101010101","100101010101.0","Success","0.00043"
"5T29","12","11000011","11000011.0","Success","0.0007"
"4ZBW","12","11001100","11001100.0","Success","0.00089"
"3P2K","12","11111101010","11111101010.0","Success","0.0006"
"9IW3","12","1110000111","1110000111.0","Success","0.00063"
"7X4L","12","101011011100","101011011100.0","Success","0.00032"
"4HB6","12","1001011110","1001011110.0","Success","0.00195"
"6NB7","12","101100000101","101100000101.0","Success","0.00027"
"9H5J","12","10011000","10011000.0","Success","0.00081"
"5SH0","12","111010101000","111010101000.0","Success","0.00048"
"8GGX","12","110010000010","110010000010.0","Success","0.00102"
"3OR6","12","1011101011","1011101011.0","Success","0.00072"
"8H4H","12","11001001110","11001001110.0","Success","0.00054"
"8A4D","12","11100011","11100011.0","Success","0.00028"
"3MMC","12","101101101101","101101101101.0","Success","0.00043"
"1CCR","12","1110110","1110110.0","Success","0.00162"
"5XSU","12","101000000","101000000.0","Success","0.00046"
"3ZLQ","12","11000101101","11000101101.0","Success","0.00052"
"5UM7","12","10111111101","10111111101.0","Success","0.00101"
"6HF0","12","100000111000","100000111000.0","Success","0.00058"
"1QJT","12","10011101111","10011101111.0","Success","0.00031"
"4WKW","12","110001100101","110001100101.0","Success","0.00088"
"8XT7","12","101100101010","101100101010.0","Success","0.00048"
"7YZ6","12","110111111011","110111111011.0","Success","0.00051"
"1YZF","12","100110011010","100110011010.0","Success","0.00118"
"7TE9","12","101011011101","101011011101.0","Success","0.00028"
"4CAP","12","110010101010","110010101010.0","Success","0.00058"
"6DJM","12","11000011010","11000011010.0","Success","0.00044"
"3OQ7","12","101001100001","101001100001.0","Success","0.00172"
"2QZA","12","110101110100","110101110100.0","Success","0.00048"
"5C34","12","10110111","10110111.0","Success","0.00112"
"7M0I","12","100111001101","100111001101.0","Success","0.00034"
"3NQJ","12","1011111111","1011111111.0","Success","0.00141"
"8TQJ","12","11100010101","11100010101.0","Success","0.00096"
"8VY8","12","110011111","110011111.0","Success","0.00092"
"1FTX","12","1110100000","1110100000.0","Success","0.00059"
"3PWB","12","101011001100","101011001100.0","Success","0.00111"
"1ZRQ","12","111011100000","111011100000.0","Success","0.00059"
"7AXF","12","101111111010","101111111010.0","Success","0.00102"
"4LMC","12","101000011100","101000011100.0","Success","0.00146"
"2Z8X","12","10000011","10000011.0","Success","0.00069"
"5FCH","12","100110010011","100110010011.0","Success","0.00061"
"6TRY","12","10000010101","10000010101.0","Success","0.00054"
"4PCR","12","110101011110","110101011110.0","Success","0.00079"
"4CR6","12","1110001010","1110001010.0","Success","0.00051"
"3ESM","12","11100111100","11100111100.0","Success","0.00142"
"6QO8","12","10101111","10101111.0","Success","0.00069"
"2FQL","12","10010110010","10010110010.0","Success","0.00166"
"2EO6","12","1100010000","1100010000.0","Success","0.00032"
"4JP8","12","11","11.0","Success","0.00083"
"4ZRN","12","100100111","100100111.0","Success","0.00069"
"8JSC","12","100010100011","100010100011.0","Success","0.00091"
"6HD3","12","111110110011","111110110011.0","Success","0.00058"
"1ON6","12","110110000","110110000.0","Success","0.00076"
"2RU3","12","110111001110","110111001110.0","Success","0.00037"
"6VM9","12","111011110111","111011110111.0","Success","0.0006"
"4OWS","12","1100000101","1100000101.0","Success","0.00063"
"7OH2","12","11101100010","11101100010.0","Success","0.00062"
"7XGK","12","110001100000","110001100000.0","Success","0.00065"
"7W5H","12","111001000010","111001000010.0","Success","0.00064"
"1PY0","12","1110110000","1110110000.0","Success","0.00147"
"4D42","12","111100010","111100010.0","Success","0.00035"
"6YKX","12","110110101100","110110101100.0","Success","0.00057"
"6R8H","12","101011010000","101011010000.0","Success","0.00042"
"7FBI","12","11110001000","11110001000.0","Success","0.00052"
"2C9P","12","100101110","100101110.0","Success","0.00097"
"7CUT","12","10101001011","10101001011.0","Success","0.00094"
"5H8H","12","101001101010","101001101010.0","Success","0.00071"
"2YJK","12","100000111011","100000111011.0","Success","0.00038"
"3MQ4","12","101010000000","101010000000.0","Success","0.00087"
"6M94","12","11000101110","11000101110.0","Success","0.00072"
"5TDH","12","11001000001","11001000001.0","Success","0.00044"
"5NGW","12","101110000001","101110000001.0","Success","0.0009"
"1F55","12","11111001011","11111001011.0","Success","0.00036"
"5RXT","12","101010010010","101010010010.0","Success","0.00073"
"8Q9V","12","110001000011","110001000011.0","Success","0.00068"
"8SYM","12","110001000011","110001000011.0","Success","0.00069"
"4IS0","12","10111000","10111000.0","Success","0.00109"
"7MRG","12","110010100","110010100.0","Success","0.00113"
"6IKX","12","11","11.0","Success","0.0007"
"4FO6","12","100110101001","100110101001.0","Success","0.00094"
"2QKE","12","101101000101","101101000101.0","Success","0.00068"
"1TAQ","12","10111100000","10111100000.0","Success","0.0006"
"8GN6","12","1001111001","1001111001.0","Success","0.00043"
"9J5W","12","11001110101","11001110101.0","Success","0.00077"
"3AOP","12","11100111011","11100111011.0","Success","0.00082"
"2CZE","12","101101","101101.0","Success","0.0008"
"7KHO","12","10000000001","10000000001.0","Success","0.0004"
"3VV7","12","11000010001","11000010001.0","Success","0.00089"
"3U9B","12","1111101111","1111101111.0","Success","0.00039"
"6QYY","12","100011011111","100011011111.0","Success","0.00063"
"5MP7","12","101011111101","101011111101.0","Success","0.00055"
"8T1W","12","110111011","110111011.0","Success","0.00091"
"4RJD","12","101111011100","101111011100.0","Success","0.00148"
"2V7I","12","111110001100","111110001100.0","Success","0.00089"
"4I9H","12","111111011111","111111011111.0","Success","0.00033"
"7F7F","12","111000101110","111000101110.0","Success","0.00043"
"4OW1","12","111000000","111000000.0","Success","0.00064"
"6D13","12","1110010","1110010.0","Success","0.00081"
"6I16","12","10100011001","10100011001.0","Success","0.00077"
"1ZY5","12","101010001101","101010001101.0","Success","0.00075"
"3I4M","12","110100000111","110100000111.0","Success","0.00028"
"2BU1","12","101101110110","101101110110.0","Success","0.00085"
"9COZ","12","1101111000","1101111000.0","Success","0.00133"
"4QOD","12","101000000110","101000000110.0","Success","0.00078"
"3TKA","12","1101101","1101101.0","Success","0.00101"
"6QWK","12","1111001100","1111001100.0","Success","0.00077"
"6LAT","12","10010011","10010011.0","Success","0.00078"
"5YBH","12","11001010110","11001010110.0","Success","0.00066"
"7X9E","12","100111100100","100111100100.0","Success","0.00055"
"2KI7","12","1111001011","1111001011.0","Success","0.00037"
"7H2C","12","11010110101","11010110101.0","Success","0.00119"
"5TIR","12","11010101001","11010101001.0","Success","0.00058"
"4WX6","12","101011111010","101011111010.0","Success","0.00081"
"8CX0","12","101110110110","101110110110.0","Success","0.00057"
"3EWE","12","11110101011","11110101011.0","Success","0.00047"
"4IL2","12","10001011011","10001011011.0","Success","0.00043"
"6FJ0","12","111110111111","111110111111.0","Success","0.00091"
"2XXZ","12","10010100110","10010100110.0","Success","0.00072"
"3GJE","12","111100010011","111100010011.0","Success","0.00057"
"5NXK","12","11000110011","11000110011.0","Success","0.00055"
"2NOS","12","101010111001","101010111001.0","Success","0.00095"
"6O8A","12","11101001100","11101001100.0","Success","0.00115"
"1ZNK","12","100010011010","100010011010.0","Success","0.00135"
"3PRB","12","110111101110","110111101110.0","Success","0.00081"
"3AVN","12","110100111011","110100111011.0","Success","0.00089"
"1WLI","12","11111110101","11111110101.0","Success","0.00105"
"8CAA","12","11111111","11111111.0","Success","0.00081"
"5XZ4","12","11111000100","11111000100.0","Success","0.00094"
"3GZD","12","11000000100","11000000100.0","Success","0.00041"
"1P0N","12","110001000111","110001000111.0","Success","0.00066"
"2NSA","12","100001000111","100001000111.0","Success","0.00132"
"6JZS","12","11010100010","11010100010.0","Success","0.00057"
"4ERH","12","11101101111","11101101111.0","Success","0.00108"
"5EJ8","12","11100000110","11100000110.0","Success","0.00026"
"7EJP","12","100100001","100100001.0","Success","0.00029"
"2PK2","12","111101110","111101110.0","Success","0.00051"
"6GEK","12","100110100010","100110100010.0","Success","0.00074"
"7WPA","12","10010110000","10010110000.0","Success","0.00028"
"2XJO","12","11101001001","11101001001.0","Success","0.00039"
"3BIT","12","1010100011","1010100011.0","Success","0.00056"
"5GPO","12","1001010001","1001010001.0","Success","0.00106"
"2RDL","12","1001111110","1001111110.0","Success","0.00077"
"2BAN","12","100101110000","100101110000.0","Success","0.00054"
"1TKI","12","11001110000","11001110000.0","Success","0.00065"
"8I3S","12","10101110111","10101110111.0","Success","0.00081"
"3J2W","12","11100100011","11100100011.0","Success","0.00026"
"4WC0","12","1111011000","1111011000.0","Success","0.00064"
"2JQY","12","101011000100","101011000100.0","Success","0.00032"
"6C6I","12","111010000101","111010000101.0","Success","0.0008"
"5CXV","12","101100100","101100100.0","Success","0.00078"
"5U43","12","100111000111","100111000111.0","Success","0.0007"
"8H4C","12","11011110","11011110.0","Success","0.00066"
"7DSM","12","110000000011","110000000011.0","Success","0.00063"
"9DCF","12","100000111000","100000111000.0","Success","0.0009"
"2M9V","12","1001000110","1001000110.0","Success","0.00028"
"5HNX","12","10100010111","10100010111.0","Success","0.0005"
"7RBJ","12","110001011100","110001011100.0","Success","0.00093"
"3IIH","12","1100111010","1100111010.0","Success","0.0014"
"4HXB","12","10100101010","10100101010.0","Success","0.0008"
"7FIV","12","1000111110","1000111110.0","Success","0.00049"
"4DFS","12","10001010001","10001010001.0","Success","0.00077"
"1ZMX","12","110110111","110110111.0","Success","0.00044"
"6D3I","12","101101011000","101101011000.0","Success","0.0005"
"7WVZ","12","10011110100","10011110100.0","Success","0.00028"
"1FVF","12","101101001101","101101001101.0","Success","0.0005"
"6HHZ","12","101010111001","101010111001.0","Success","0.00081"
"4AHU","12","110010011","110010011.0","Success","0.00095"
"4ONV","12","100001011001","100001011001.0","Success","0.00048"
"3KXP","12","100101000110","100101000110.0","Success","0.0003"
"5G3N","12","111011100111","111011100111.0","Success","0.00105"
"4KYO","12","11101110101","11101110101.0","Success","0.00045"
"1T3F","12","10001001111","10001001111.0","Success","0.00082"
"1QSA","12","110100001001","110100001001.0","Success","0.00066"
"4UMQ","12","111011111100","111011111100.0","Success","0.00096"
"2H5E","12","101010010110","101010010110.0","Success","0.00054"
"8V1K","12","10011110000","10011110000.0","Success","0.00087"
"8I7Z","12","100001101101","100001101101.0","Success","0.00073"
"8FFO","12","101100010","101100010.0","Success","0.00034"
"8R1C","12","10111101111","10111101111.0","Success","0.00027"
"3JYI","12","1000001001","1000001001.0","Success","0.00042"
"8RHF","12","10000001000","10000001000.0","Success","0.00065"
"3DKX","12","1011010010","1011010010.0","Success","0.00068"
"3IFC","12","100000011010","100000011010.0","Success","0.00048"
"7PIJ","12","111101010001","111101010001.0","Success","0.00052"
"1E2R","12","111010000011","111010000011.0","Success","0.0005"
"5KY3","12","11100011110","11100011110.0","Success","0.00085"
"2OQB","12","10100001110","10100001110.0","Success","0.00112"
"7OWU","12","100101111100","100101111100.0","Success","0.00059"
"3BA7","12","11000001110","11000001110.0","Success","0.00101"
"8D8K","12","111011110","111011110.0","Success","0.0002"
"4RG7","12","1100101","1100101.0","Success","0.00057"
"2H2K","12","10001010001","10001010001.0","Success","0.00123"
"6FMZ","12","101011","101011.0","Success","0.00069"
"2EWE","12","101010011110","101010011110.0","Success","0.00091"
"3RJY","12","1000010111","1000010111.0","Success","0.00095"
"5Z70","12","11011101010","11011101010.0","Success","0.00051"
"5W6K","12","1101100100","1101100100.0","Success","0.00075"
"6C1M","12","10010111101","10010111101.0","Success","0.00078"
"3TEQ","12","101101110000","101101110000.0","Success","0.00085"
"7EPM","12","110100001100","110100001100.0","Success","0.00066"
"2WA0","12","100110010001","100110010001.0","Success","0.00113"
"8FA5","12","111000100","111000100.0","Success","0.00049"
"3GL3","12","10010010000","10010010000.0","Success","0.00071"
"4GFA","12","11011111","11011111.0","Success","0.00069"
"5COS","12","101010111111","101010111111.0","Success","0.00108"
"3UTU","12","1100100010","1100100010.0","Success","0.001"
"2JJG","12","1001010001","1001010001.0","Success","0.00081"
"6HWF","12","10110011111","10110011111.0","Success","0.00021"
"1W0B","12","111010001010","111010001010.0","Success","0.00037"
"2AJU","12","100110101101","100110101101.0","Success","0.0008"
"7MF3","12","10100101001","10100101001.0","Success","0.00032"
"4A34","12","1111000000","1111000000.0","Success","0.00032"
"9ARH","12","111010011001","111010011001.0","Success","0.00029"
"3FIR","12","1101101010","1101101010.0","Success","0.00079"
"7P6E","12","111010010010","111010010010.0","Success","0.00053"
"3FW8","12","111010001010","111010001010.0","Success","0.00074"
"3VSP","12","11010110110","11010110110.0","Success","0.00073"
"5FPI","12","1000111111","1000111111.0","Success","0.00104"
"8EA6","12","101000100111","101000100111.0","Success","0.00107"
"4YU2","12","110010100001","110010100001.0","Success","0.00044"
"5XPO","12","110001111100","110001111100.0","Success","0.00109"
"9BK4","12","10010100010","10010100010.0","Success","0.00114"
"1X5D","12","10100111100","10100111100.0","Success","0.00033"
"8QLL","12","101011011100","101011011100.0","Success","0.0008"
"6EZ8","12","1111100000","1111100000.0","Success","0.00034"
"8YSE","12","100000101110","100000101110.0","Success","0.0009"
"6UUT","12","11100011101","11100011101.0","Success","0.00057"
"2AXU","12","1000110101","1000110101.0","Success","0.00027"
"5S9K","12","110101011010","110101011010.0","Success","0.0007"
"2NSM","12","10101111001","10101111001.0","Success","0.00087"
"1DJQ","12","10011001011","10011001011.0","Success","0.00045"
"5DCL","12","10100000111","10100000111.0","Success","0.0011"
"3LU8","12","110011100101","110011100101.0","Success","0.00048"
"1DG8","12","100001110100","100001110100.0","Success","0.00136"
"2BVU","12","111010101001","111010101001.0","Success","0.00078"
"6WJQ","12","11000101","11000101.0","Success","0.00067"
"6VXJ","12","11110111111","11110111111.0","Success","0.00051"
"7WF9","12","10010011001","10010011001.0","Success","0.00104"
"3HIY","12","110000010001","110000010001.0","Success","0.00063"
"7F6Y","12","11100010","11100010.0","Success","0.00067"
"1MVM","12","110011","110011.0","Success","0.00072"
"4RLH","12","10000100000","10000100000.0","Success","0.00052"
"2M2A","12","10111001","10111001.0","Success","0.00044"
"1M0P","12","101110100010","101110100010.0","Success","0.00081"
"7OP9","12","11111001011","11111001011.0","Success","0.00031"
"8EQ8","12","100001001011","100001001011.0","Success","0.00078"
"4HM3","12","10111011011","10111011011.0","Success","0.00066"
"6RJO","12","10001111100","10001111100.0","Success","0.00057"
"1HD7","12","111100100110","111100100110.0","Success","0.00102"
"7L0B","12","10001000","10001000.0","Success","0.00057"
"5FF5","12","11111011010","11111011010.0","Success","0.00068"
"6TJW","12","1100001001","1100001001.0","Success","0.00043"
"6PHZ","12","101010111011","101010111011.0","Success","0.00063"
"4C2K","12","110001000","110001000.0","Success","0.00043"
"6ODD","12","111011110101","111011110101.0","Success","0.00134"
"6DE7","12","10111100011","10111100011.0","Success","0.00045"
"2RGR","12","110100110001","110100110001.0","Success","0.00061"
"1MI5","12","10111011111","10111011111.0","Success","0.00058"
"3D2B","12","10111000000","10111000000.0","Success","0.0009"
"7U91","12","1000010111","1000010111.0","Success","0.00064"
"5QGN","12","11010100010","11010100010.0","Success","0.00124"
"3PJS","12","100000000011","100000000011.0","Success","0.00043"
"2MD0","12","11001110110","11001110110.0","Success","0.00043"
"1TIO","12","11010111101","11010111101.0","Success","0.00113"
"2E0P","12","110101100","110101100.0","Success","0.00073"
"6JO3","12","110001001110","110001001110.0","Success","0.00111"
"1RPY","12","101101100010","101101100010.0","Success","0.00133"
"8CYR","12","100100011001","100100011001.0","Success","0.00057"
"3EP1","12","1000100111","1000100111.0","Success","0.00092"
"6K07","12","11110011101","11110011101.0","Success","0.00112"
"7RTY","12","11110111110","11110111110.0","Success","0.00077"
"3WJ8","12","10000100001","10000100001.0","Success","0.00039"
"6ULA","12","10001000101","10001000101.0","Success","0.00029"
"4HWE","12","101100000010","101100000010.0","Success","0.00081"
"4ID2","12","1000010011","1000010011.0","Success","0.00102"
"6G79","12","1100111000","1100111000.0","Success","0.00058"
"5YDO","12","10001","10001.0","Success","0.00114"
"6X2B","12","1111101110","1111101110.0","Success","0.00032"
"4MON","12","111101100010","111101100010.0","Success","0.00122"
"6LXJ","12","1000011","1000011.0","Success","0.00029"
"4R53","12","11011100011","11011100011.0","Success","0.00049"
"6VKK","12","111110010","111110010.0","Success","0.00045"
"6R0Z","12","100001000011","100001000011.0","Success","0.00022"
"7YFL","12","11001001","11001001.0","Success","0.00032"
"2WYA","12","110110110000","110110110000.0","Success","0.00039"
"5WEQ","12","111101110001","111101110001.0","Success","0.00083"
"8RNZ","12","100001100000","100001100000.0","Success","0.00134"
"2AXA","12","11101100101","11101100101.0","Success","0.0011"
"3DCF","12","1001110010","1001110010.0","Success","0.00086"
"4H0R","12","10110111000","10110111000.0","Success","0.00075"
"1CCA","12","101110000000","101110000000.0","Success","0.00099"
"2JCM","12","101101111110","101101111110.0","Success","0.00076"
"4TRG","12","1101000","1101000.0","Success","0.00053"
"8F6K","12","111100101001","111100101001.0","Success","0.00051"
"1J4A","12","1111000000","1111000000.0","Success","0.00046"
"3S6B","12","110010011101","110010011101.0","Success","0.00089"
"6OUW","12","110010110101","110010110101.0","Success","0.00071"
"2RI3","12","100011000110","100011000110.0","Success","0.00093"
"6P8L","12","100010110100","100010110100.0","Success","0.00039"
"8SAQ","12","110010101","110010101.0","Success","0.00034"
"3FO0","12","101101011100","101101011100.0","Success","0.00081"
"7JJG","12","111000100100","111000100100.0","Success","0.00145"
"5RLT","12","1101000","1101000.0","Success","0.0005"
"3FXW","12","110001110001","110001110001.0","Success","0.00106"
"5BON","12","10000001101","10000001101.0","Success","0.00049"
"6FX3","12","110101111010","110101111010.0","Success","0.00188"
"6C4K","12","11100101101","11100101101.0","Success","0.00045"
"6TUS","12","101011001011","101011001011.0","Success","0.00071"
"5PZ1","12","10001011101","10001011101.0","Success","0.00086"
"1DV6","12","110101111010","110101111010.0","Success","0.00041"
"3SLB","12","100011110001","100011110001.0","Success","0.00053"
"2DDR","12","101011000","101011000.0","Success","0.00048"
"3DIK","12","11001100111","11001100111.0","Success","0.0011"
"3QFX","12","110100101000","110100101000.0","Success","0.0008"
"2QPA","12","110010100110","110010100110.0","Success","0.00056"
"7AHU","12","11010011011","11010011011.0","Success","0.00044"
"6OEY","12","10001100101","10001100101.0","Success","0.00054"
"6NF3","12","1101101","1101101.0","Success","0.00166"
"4KIR","12","10100000111","10100000111.0","Success","0.00057"
"2LTO","12","100111011010","100111011010.0","Success","0.00045"
"6JPE","12","1110000010","1110000010.0","Success","0.00097"
"3GDW","12","110100101010","110100101010.0","Success","0.00106"
"7GBE","12","10110010000","10110010000.0","Success","0.00095"
"3KHB","12","10100101001","10100101001.0","Success","0.00082"
"9FBA","12","101010111101","101010111101.0","Success","0.0004"
"4HW9","12","101101101110","101101101110.0","Success","0.00039"
"7UUK","12","10101100111","10101100111.0","Success","0.00059"
"5NPN","12","100000110101","100000110101.0","Success","0.00047"
"5WFG","12","11110111011","11110111011.0","Success","0.00049"
"4EZV","12","100100010110","100100010110.0","Success","0.00077"
"3PQ6","12","100011101","100011101.0","Success","0.00031"
"2N4I","12","110111000101","110111000101.0","Success","0.00034"
"3H4Q","12","1111101001","1111101001.0","Success","0.00137"
"1WS4","12","100001011100","100001011100.0","Success","0.00068"
"8JE7","12","1000000011","1000000011.0","Success","0.00054"
"7L2X","12","10110100110","10110100110.0","Success","0.00037"
"2IY8","12","110000101011","110000101011.0","Success","0.00087"
"5EYO","12","100111111101","100111111101.0","Success","0.00127"
"2P2T","12","101101010010","101101010010.0","Success","0.00172"
"1WAU","12","1110001","1110001.0","Success","0.00116"
"2CKK","12","110111100","110111100.0","Success","0.0015"
"8EQJ","12","101100001001","101100001001.0","Success","0.00083"
"7V09","12","101010011100","101010011100.0","Success","0.00058"
"1NDF","12","111111110111","111111110111.0","Success","0.00048"
"7P7M","12","11000011110","11000011110.0","Success","0.00024"
"7TJJ","12","110010101100","110010101100.0","Success","0.00032"
"1NSQ","12","110001101101","110001101101.0","Success","0.00079"
"7D7U","12","111011111111","111011111111.0","Success","0.00084"
"4QEF","12","1110000101","1110000101.0","Success","0.00105"
"3UUZ","12","10011011111","10011011111.0","Success","0.0008"
"5XMY","12","1111001101","1111001101.0","Success","0.00147"
"4DK9","12","101010101010","101010101010.0","Success","0.00142"
"3BYV","12","111011000110","111011000110.0","Success","0.00091"
"5NIJ","12","100100100","100100100.0","Success","0.0004"
"5GO1","12","1100100","1100100.0","Success","0.00154"
"5PTG","12","110111000110","110111000110.0","Success","0.00102"
"3MGP","12","110011010011","110011010011.0","Success","0.00061"
"6KF8","12","11111101100","11111101100.0","Success","0.00073"
"4Q7J","12","111001001100","111001001100.0","Success","0.00032"
"9NV7","12","101111","101111.0","Success","0.00029"
"5TJT","12","100001110100","100001110100.0","Success","0.0004"
"8ZNO","12","101110000110","101110000110.0","Success","0.00026"
"1M4Y","12","101110110000","101110110000.0","Success","0.00074"
"1OI1","12","101010001001","101010001001.0","Success","0.00117"
"4OEB","12","111000010011","111000010011.0","Success","0.00073"
"9BKU","12","10111000000","10111000000.0","Success","0.00034"
"6HOA","12","10100010000","10100010000.0","Success","0.0012"
"5ZTY","12","100000001100","100000001100.0","Success","0.00079"
"7UM0","12","10011001111","10011001111.0","Success","0.00032"
"4I8N","12","100101001111","100101001111.0","Success","0.00095"
"8VEO","12","100010011110","100010011110.0","Success","0.00057"
"5O7M","12","11000011011","11000011011.0","Success","0.00091"
"2DMF","12","10111011101","10111011101.0","Success","0.00032"
"5YZP","12","111011010001","111011010001.0","Success","0.00118"
"9J2Y","12","11110010001","11110010001.0","Success","0.00066"
"7Q65","12","1100100001","1100100001.0","Success","0.00056"
"6BE3","12","101111001111","101111001111.0","Success","0.00081"
"3RJL","12","10011111001","10011111001.0","Success","0.00027"
"7GIH","12","101010101000","101010101000.0","Success","0.00067"
"6YYU","12","100101011110","100101011110.0","Success","0.00082"
"4MUO","12","110010010111","110010010111.0","Success","0.00067"
"3KZG","12","101011010111","101011010111.0","Success","0.00055"
"1SN7","12","11001101000","11001101000.0","Success","0.00091"
"3DE9","12","101000101001","101000101001.0","Success","0.00156"
"8G4H","12","100110101000","100110101000.0","Success","0.00093"
"1Y3T","12","10110101101","10110101101.0","Success","0.00066"
"6Q2T","12","100011010001","100011010001.0","Success","0.00058"
"2C6O","12","1110110111","1110110111.0","Success","0.00098"
"4QWA","12","11000010111","11000010111.0","Success","0.00092"
"4XCO","12","11110100101","11110100101.0","Success","0.00084"
"3HFS","12","100110000100","100110000100.0","Success","0.00069"
"1BP0","12","101100001111","101100001111.0","Success","0.00095"
"1XR6","12","101101111001","101101111001.0","Success","0.00076"
"8YAR","12","101011010110","101011010110.0","Success","0.00038"
"9IQT","12","10101111110","10101111110.0","Success","0.00048"
"1KRT","12","1110001110","1110001110.0","Success","0.00054"
"4ZOU","12","10001010","10001010.0","Success","0.00156"
"9FBJ","12","1010111000","1010111000.0","Success","0.00039"
"6CER","12","11110100100","11110100100.0","Success","0.00032"
"8DAV","12","111111101111","111111101111.0","Success","0.00026"
"5EQA","12","11100001110","11100001110.0","Success","0.00053"
"8UB2","12","10110011111","10110011111.0","Success","0.00109"
"5LLO","12","10110111101","10110111101.0","Success","0.0005"
"1R3B","12","11000001001","11000001001.0","Success","0.00027"
"4WSP","12","110011101111","110011101111.0","Success","0.00187"
"2D5M","12","101100001010","101100001010.0","Success","0.00124"
"2AXQ","12","111011111100","111011111100.0","Success","0.00081"
"3OZM","12","111110110000","111110110000.0","Success","0.0003"
"6BNV","12","101110111000","101110111000.0","Success","0.00018"
"3TSS","12","11110010011","11110010011.0","Success","0.00121"
"3IDU","12","101010101111","101010101111.0","Success","0.0011"
"8R23","12","101011110100","101011110100.0","Success","0.00044"
"8YEW","12","101000011111","101000011111.0","Success","0.00139"
"7YQF","12","1111110010","1111110010.0","Success","0.00067"
"5AKI","12","10111010","10111010.0","Success","0.00071"
"5PUB","12","10101100010","10101100010.0","Success","0.00103"
"1LLW","12","1000011000","1000011000.0","Success","0.00045"
"6HUP","12","100111100001","100111100001.0","Success","0.0004"
"2CNJ","12","110110111","110110111.0","Success","0.00032"
"5A9E","12","100110101101","100110101101.0","Success","0.00025"
"6C72","12","100111011100","100111011100.0","Success","0.00041"
"1VGO","12","100000011011","100000011011.0","Success","0.00078"
"3HNM","12","1100001010","1100001010.0","Success","0.00065"
"9EG4","12","10101010001","10101010001.0","Success","0.00033"
"4MGJ","12","111000101101","111000101101.0","Success","0.00079"
"6NFK","12","101011100111","101011100111.0","Success","0.00125"
"8YYE","12","101011101","101011101.0","Success","0.00062"
"6P3R","12","111001010110","111001010110.0","Success","0.00046"
"8GSC","12","1010000010","1010000010.0","Success","0.00055"
"1ISS","12","110111010011","110111010011.0","Success","0.00057"
"4EY4","12","100110101001","100110101001.0","Success","0.0005"
"3QJT","12","111000110001","111000110001.0","Success","0.0006"
"3FZE","12","110110101111","110110101111.0","Success","0.0012"
"7N6M","12","10110001101","10110001101.0","Success","0.00113"
"6XTB","12","111010000001","111010000001.0","Success","0.00108"
"4KH4","12","111011000101","111011000101.0","Success","0.00049"
"8I3X","12","110000111011","110000111011.0","Success","0.00154"
"3TED","12","100101001110","100101001110.0","Success","0.00111"
"4Q9F","12","100010101111","100010101111.0","Success","0.00106"
"6SNK","12","1000","1000.0","Success","0.00087"
"2CZ2","12","1011100001","1011100001.0","Success","0.00115"
"5BWO","12","110001101000","110001101000.0","Success","0.00098"
"4YQJ","12","1001001110","1001001110.0","Success","0.0011"
"1PX9","12","111000001111","111000001111.0","Success","0.00261"
"6Q13","12","101111100110","101111100110.0","Success","0.00046"
"5T5B","12","100000110001","100000110001.0","Success","0.00048"
"4YYE","12","111111101101","111111101101.0","Success","0.00059"
"1IGJ","12","11010011","11010011.0","Success","0.00057"
"1E8U","12","110011110100","110011110100.0","Success","0.00057"
"7YKZ","12","1000011100","1000011100.0","Success","0.00026"
"9EUQ","12","11000000011","11000000011.0","Success","0.00057"
"5N5J","12","10101010010","10101010010.0","Success","0.00133"
"4G45","12","101011000001","101011000001.0","Success","0.00085"
"3OM2","12","101001010001","101001010001.0","Success","0.00081"
"3CZN","12","11011011001","11011011001.0","Success","0.00052"
"9JA1","12","10011110001","10011110001.0","Success","0.00028"
"9ENF","12","11111000110","11111000110.0","Success","0.00072"
"9FFS","12","11110011","11110011.0","Success","0.00041"
"3KRU","12","1000110000","1000110000.0","Success","0.00045"
"8V3Y","12","1100100101","1100100101.0","Success","0.00016"
"4Z8E","12","110110110","110110110.0","Success","0.00128"
"4US7","12","100111110","100111110.0","Success","0.00129"
"7ENO","12","1011101011","1011101011.0","Success","0.00067"
"4ERV","12","100100010010","100100010010.0","Success","0.00119"
"3V9V","12","10110001000","10110001000.0","Success","0.00106"
"9H7X","12","10011010111","10011010111.0","Success","0.00075"
"2ENP","12","10111110","10111110.0","Success","0.0003"
"7VS7","12","101001110101","101001110101.0","Success","0.00116"
"5BTN","12","11110010011","11110010011.0","Success","0.00044"
"4ILE","12","111011011110","111011011110.0","Success","0.00127"
"7WZU","12","111000010","111000010.0","Success","0.00058"
"2JA6","12","1000010010","1000010010.0","Success","0.00026"
"3IHU","12","1001101101","1001101101.0","Success","0.00083"
"3JCZ","12","10011000101","10011000101.0","Success","0.00031"
"7R7S","12","101111110110","101111110110.0","Success","0.00026"
"5OFH","12","110010111111","110010111111.0","Success","0.00091"
"7MIN","12","100000011000","100000011000.0","Success","0.00033"
"2VD0","12","100110101111","100110101111.0","Success","0.0006"
"7LAF","12","1101010000","1101010000.0","Success","0.00046"
"8E5W","12","111110110001","111110110001.0","Success","0.00077"
"4I5I","12","1101000011","1101000011.0","Success","0.00072"
"3N0I","12","10111100110","10111100110.0","Success","0.00072"
"2EQ5","12","110011100111","110011100111.0","Success","0.00057"
"5EFX","12","100010100101","100010100101.0","Success","0.0014"
"1GQ2","12","110101100000","110101100000.0","Success","0.00018"
"2WNH","12","1011110","1011110.0","Success","0.00059"
"2INQ","12","1000001111","1000001111.0","Success","0.00095"
"8Z12","12","11100100010","11100100010.0","Success","0.00083"
"5UP1","12","100001100","100001100.0","Success","0.00048"
"7DXX","12","100110001100","100110001100.0","Success","0.00179"
"5HVW","12","111001001","111001001.0","Success","0.00116"
"3BOK","12","10110000011","10110000011.0","Success","0.00082"
"6FRO","12","100010000011","100010000011.0","Success","0.00145"
"8IRO","12","10001000111","10001000111.0","Success","0.00052"
"5HUM","12","11110111000","11110111000.0","Success","0.00043"
"3HHH","12","10010110100","10010110100.0","Success","0.0012"
"3PX7","12","10101011111","10101011111.0","Success","0.00074"
"6W30","12","111001100","111001100.0","Success","0.00098"
"8BBE","12","11000000111","11000000111.0","Success","0.00032"
"2LQN","12","10001111000","10001111000.0","Success","0.00022"
"1D1Q","12","1100101111","1100101111.0","Success","0.00095"
"8S37","12","111101011010","111101011010.0","Success","0.00032"
"2VIH","12","111000110010","111000110010.0","Success","0.00099"
"1CM5","12","11001010100","11001010100.0","Success","0.00044"
"4TUQ","12","10001101100","10001101100.0","Success","0.00095"
"2Y1O","12","101101010111","101101010111.0","Success","0.00079"
"1T3X","12","10000110000","10000110000.0","Success","0.00145"
"4HL6","12","10101111000","10101111000.0","Success","0.00035"
"4QUC","12","1111001","1111001.0","Success","0.00222"
"3HHD","12","110001000110","110001000110.0","Success","0.00028"
"4S31","12","10111011","10111011.0","Success","0.00091"
"8XBO","12","1101011110","1101011110.0","Success","0.00074"
"8P3B","12","110110110111","110110110111.0","Success","0.00135"
"1B4S","12","10001111010","10001111010.0","Success","0.00078"
"3PCE","12","101011100101","101011100101.0","Success","0.00033"
"1Y4H","12","10010101110","10010101110.0","Success","0.00071"
"5BWX","12","110001110101","110001110101.0","Success","0.00062"
"9EM3","12","111000111111","111000111111.0","Success","0.0009"
"3FBE","12","110110000011","110110000011.0","Success","0.00058"
"2DT6","12","111101111011","111101111011.0","Success","0.00047"
"6DNJ","12","111001001001","111001001001.0","Success","0.00105"
"5KAJ","12","10111101001","10111101001.0","Success","0.00024"
"5AVI","12","10011111010","10011111010.0","Success","0.00079"
"3V6F","12","10011010010","10011010010.0","Success","0.00041"
"2MEZ","12","1111110111","1111110111.0","Success","0.00042"
"1YSW","12","1101110010","1101110010.0","Success","0.00127"
"6FEB","12","110010100000","110010100000.0","Success","0.00069"
"1KQ9","12","110000010101","110000010101.0","Success","0.00091"
"1F04","12","110000011100","110000011100.0","Success","0.00032"
"9DUV","12","110111010","110111010.0","Success","0.00036"
"6KRX","12","100000101001","100000101001.0","Success","0.00096"
"8HJQ","12","101001110111","101001110111.0","Success","0.00083"
"5LZ8","12","10010001100","10010001100.0","Success","0.00087"
"1P7C","12","100101000110","100101000110.0","Success","0.00067"
"8E9H","12","101011011","101011011.0","Success","0.00024"
"3VA3","12","100010010011","100010010011.0","Success","0.00083"
"3PSS","12","1101","1101.0","Success","0.0008"
"3CTY","12","1010010111","1010010111.0","Success","0.0007"
"9CX6","12","111001010010","111001010010.0","Success","0.00139"
"1DO0","12","111111011","111111011.0","Success","0.00034"
"4V1N","12","101111010001","101111010001.0","Success","0.00025"
"2DDZ","12","100000010010","100000010010.0","Success","0.00049"
"4XZJ","12","101100111101","101100111101.0","Success","0.00108"
"9BOR","12","111001001110","111001001110.0","Success","0.00072"
"7O6W","12","101011010000","101011010000.0","Success","0.00142"
"1PP8","12","100111001101","100111001101.0","Success","0.00067"
"2QMA","12","110011001101","110011001101.0","Success","0.00056"
"3CCW","12","110111100111","110111100111.0","Success","0.00042"
"7WL3","12","11001100000","11001100000.0","Success","0.00063"
"6C4A","12","110010001111","110010001111.0","Success","0.00029"
"1BID","12","10111001110","10111001110.0","Success","0.00105"
"4WAN","12","101110011","101110011.0","Success","0.00074"
"5D49","12","100111001111","100111001111.0","Success","0.0009"
"1PF9","12","101110101101","101110101101.0","Success","0.00019"
"5DUO","12","111001001100","111001001100.0","Success","0.00079"
"4BOF","12","110100101010","110100101010.0","Success","0.00029"
"7LPW","12","1011101110","1011101110.0","Success","0.00054"
"9GUR","12","100100100000","100100100000.0","Success","0.0003"
"7AE2","12","101111100011","101111100011.0","Success","0.00099"
"8H2X","12","1100000011","1100000011.0","Success","0.00071"
"4JVR","12","1101010110","1101010110.0","Success","0.00099"
"5IRF","12","1000011010","1000011010.0","Success","0.0005"
"8PUI","12","10011001101","10011001101.0","Success","0.0004"
"6V06","12","101111010100","101111010100.0","Success","0.00091"
"3PX3","12","10111011000","10111011000.0","Success","0.00077"
"7DHX","12","10011100010","10011100010.0","Success","0.0006"
"6REA","12","11001110100","11001110100.0","Success","0.00025"
"5OJG","12","11010110110","11010110110.0","Success","0.00076"
"6Q9L","12","11011001011","11011001011.0","Success","0.00124"
"8U1E","12","101111101000","101111101000.0","Success","0.00068"
"7NU7","12","111001100101","111001100101.0","Success","0.0006"
"1DGN","12","100111100100","100111100100.0","Success","0.0004"
"8C33","12","110110111100","110110111100.0","Success","0.00059"
"2YBA","12","11010010","11010010.0","Success","0.00059"
"2FAP","12","11010101101","11010101101.0","Success","0.0012"
"4LMJ","12","11110100","11110100.0","Success","0.00043"
"6KXO","12","1100111010","1100111010.0","Success","0.00077"
"4GFJ","12","111100000","111100000.0","Success","0.00068"
"4KZ3","12","110011011001","110011011001.0","Success","0.00063"
"4OYD","12","100011100","100011100.0","Success","0.0007"
"7Z4T","12","111001001100","111001001100.0","Success","0.0007"
"1PLA","12","110000110001","110000110001.0","Success","0.00031"
"3QTL","12","10100100001","10100100001.0","Success","0.00057"
"5XSR","12","101110010100","101110010100.0","Success","0.0009"
"6XFT","12","111101000000","111101000000.0","Success","0.001"
"2Y5Y","12","110000111000","110000111000.0","Success","0.0006"
"6ENB","12","110011011100","110011011100.0","Success","0.00069"
"3I64","12","100001100101","100001100101.0","Success","0.00066"
"2Q1D","12","10010010111","10010010111.0","Success","0.00098"
"4E0Z","12","110101111001","110101111001.0","Success","0.00095"
"4ZII","12","110000010","110000010.0","Success","0.00124"
"4M5C","12","1110101100","1110101100.0","Success","0.00114"
"7XZY","12","11010001101","11010001101.0","Success","0.00062"
"8FH9","12","110110111011","110110111011.0","Success","0.00093"
"6YWW","12","1001111111","1001111111.0","Success","0.00198"
"3DVQ","12","1000110","1000110.0","Success","0.00098"
"2JWG","12","111101100","111101100.0","Success","0.00042"
"5FS8","12","11001000011","11001000011.0","Success","0.00076"
"5JSE","12","1111001000","1111001000.0","Success","0.00042"
"6B8Y","12","11001001111","11001001111.0","Success","0.00096"
"3D2F","12","11101111011","11101111011.0","Success","0.00036"
"8OM1","12","110110011110","110110011110.0","Success","0.00019"
"4O4H","12","111110111100","111110111100.0","Success","0.00036"
"6HNN","12","110111101010","110111101010.0","Success","0.00046"
"6HTY","12","110000010111","110000010111.0","Success","0.00068"
"1BSV","12","101100100101","101100100101.0","Success","0.00093"
"9FZP","12","0","0.0","Success","0.00074"
"6QG1","12","11100000","11100000.0","Success","0.00025"
"5TQC","12","11001111111","11001111111.0","Success","0.00056"
"2D9M","12","101110001011","101110001011.0","Success","0.00045"
"8WRC","12","110010110","110010110.0","Success","0.00034"
"3QOL","12","110010100001","110010100001.0","Success","0.0015"
"4Q8B","12","101000110","101000110.0","Success","0.00054"
"5AM0","12","11011010010","11011010010.0","Success","0.00072"
"4Z2H","12","11100011001","11100011001.0","Success","0.00076"
"1ZC9","12","111100110001","111100110001.0","Success","0.00082"
"9CBM","12","11010100010","11010100010.0","Success","0.00056"
"8PUP","12","1101111100","1101111100.0","Success","0.00124"
"1E4U","12","1001110100","1001110100.0","Success","0.00035"
"8IFT","12","10111111011","10111111011.0","Success","0.00097"
"5TYY","12","11100110010","11100110010.0","Success","0.0009"
"8D95","12","10101010111","10101010111.0","Success","0.00117"
"4CBQ","12","100100100110","100100100110.0","Success","0.0007"
"1KIV","12","100000100001","100000100001.0","Success","0.00192"
"8TAD","12","110111110111","110111110111.0","Success","0.00103"
"8Q17","12","100011010111","100011010111.0","Success","0.00071"
"5EU2","12","110100011110","110100011110.0","Success","0.00134"
"3QAM","12","101111111100","101111111100.0","Success","0.00088"
"3D5Z","12","111101011","111101011.0","Success","0.00093"
"3ZCS","12","101011111000","101011111000.0","Success","0.00057"
"3TYF","12","10110011111","10110011111.0","Success","0.00057"
"4JEA","12","111111100000","111111100000.0","Success","0.00078"
"1V19","12","110111101101","110111101101.0","Success","0.0007"
"5Y0O","12","1011000100","1011000100.0","Success","0.00058"
"3REF","12","110010100001","110010100001.0","Success","0.00087"
"6DVI","12","11001000010","11001000010.0","Success","0.00036"
"6YE1","12","110101110110","110101110110.0","Success","0.00051"
"7OC5","12","111011101101","111011101101.0","Success","0.00062"
"7OAR","12","111001100100","111001100100.0","Success","0.00059"
"4KW1","12","11101000011","11101000011.0","Success","0.00038"
"3H7G","12","1111010101","1111010101.0","Success","0.00126"
"3EU7","12","11111001010","11111001010.0","Success","0.00098"
"7Z2G","12","111001111","111001111.0","Success","0.00052"
"9C3J","12","1101110110","1101110110.0","Success","0.00066"
"2P66","12","110010110100","110010110100.0","Success","0.00092"
"1AUG","12","10110011100","10110011100.0","Success","0.00058"
"4ROC","12","11111001001","11111001001.0","Success","0.00075"
"5PTO","12","101000","101000.0","Success","0.00105"
"2ZA4","12","11111110010","11111110010.0","Success","0.00085"
"8ZTE","12","11111001100","11111001100.0","Success","0.00059"
"7EX3","12","10000000101","10000000101.0","Success","0.00128"
"7DSF","12","111100101101","111100101101.0","Success","0.00073"
"5KSQ","12","11111011","11111011.0","Success","0.00075"
"7MW8","12","101111001101","101111001101.0","Success","0.00035"
"6KPL","12","101110001010","101110001010.0","Success","0.00099"
"7NQU","12","11000010010","11000010010.0","Success","0.0006"
"2WN8","12","101110110001","101110110001.0","Success","0.00086"
"7BUJ","12","10110010011","10110010011.0","Success","0.00063"
"6J7X","12","100101111010","100101111010.0","Success","0.00059"
"9R2E","12","111111010110","111111010110.0","Success","0.00046"
"4BPB","12","101010100011","101010100011.0","Success","0.00066"
"7FCT","12","100010101110","100010101110.0","Success","0.00078"
"3BGH","12","100100100010","100100100010.0","Success","0.00086"
"7UZY","12","11100110000","11100110000.0","Success","0.00039"
"7SX9","12","111010000101","111010000101.0","Success","0.00033"
"5IEI","12","11001110","11001110.0","Success","0.00147"
"4A7W","12","110100010101","110100010101.0","Success","0.00077"
"4OWC","12","1011101011","1011101011.0","Success","0.00151"
"5BN3","12","101111101","101111101.0","Success","0.00054"
"1F9N","12","111111001","111111001.0","Success","0.00056"
"2LNM","12","111100010","111100010.0","Success","0.00047"
"6MW5","12","111101011010","111101011010.0","Success","0.00109"
"7NJU","12","10101010","10101010.0","Success","0.00051"
"1BCK","12","11011010001","11011010001.0","Success","0.0013"
"5QMP","12","11101010001","11101010001.0","Success","0.00088"
"8ORG","12","10001010100","10001010100.0","Success","0.00103"
"4DSR","12","11000001111","11000001111.0","Success","0.00065"
"4G08","12","1101001111","1101001111.0","Success","0.00142"
"8EQI","12","10001010111","10001010111.0","Success","0.00063"
"2DLY","12","110011100100","110011100100.0","Success","0.00034"
"6W6O","12","111011111100","111011111100.0","Success","0.00052"
"8YP9","12","100011010110","100011010110.0","Success","0.00055"
"5V60","12","11101001110","11101001110.0","Success","0.0009"
"5WGZ","12","1111110100","1111110100.0","Success","0.00064"
"5CQC","12","111100000011","111100000011.0","Success","0.00089"
"2H7W","12","101100010101","101100010101.0","Success","0.00115"
"8IEX","12","110000111001","110000111001.0","Success","0.00039"
"1WKG","12","110010001000","110010001000.0","Success","0.00061"
"3K26","12","111010101010","111010101010.0","Success","0.00089"
"5E02","12","100001100000","100001100000.0","Success","0.00054"
"8IZR","12","110010010","110010010.0","Success","0.00046"
"8ERH","12","101010111011","101010111011.0","Success","0.00075"
"4GYN","12","10010100111","10010100111.0","Success","0.00087"
"7EMN","12","111000001","111000001.0","Success","0.00054"
"7CNX","12","11100001101","11100001101.0","Success","0.00049"
"1MAS","12","111010011011","111010011011.0","Success","0.00069"
"2VIC","12","101101011011","101101011011.0","Success","0.001"
"3LH5","12","110101011010","110101011010.0","Success","0.00106"
"2W19","12","100101100011","100101100011.0","Success","0.00053"
"1DOV","12","100101110111","100101110111.0","Success","0.00125"
"7QGJ","12","101010011111","101010011111.0","Success","0.00132"
"6IMN","12","110111100001","110111100001.0","Success","0.00057"
"7KLV","12","101110100011","101110100011.0","Success","0.00049"
"3UK1","12","10001110011","10001110011.0","Success","0.00045"
"7Z5I","12","11010101100","11010101100.0","Success","0.00159"
"4BTA","12","10100000100","10100000100.0","Success","0.00076"
"3QV0","12","10110011000","10110011000.0","Success","0.00123"
"8P89","12","100000111000","100000111000.0","Success","0.00064"
"2ZT2","12","11100000111","11100000111.0","Success","0.00135"
"7XGL","12","10111010011","10111010011.0","Success","0.00068"
"1L0E","12","101011011001","101011011001.0","Success","0.00064"
"7POH","12","101110001010","101110001010.0","Success","0.00128"
"5YGH","12","11001000000","11001000000.0","Success","0.00139"
"4V0I","12","111100110100","111100110100.0","Success","0.00042"
"4ZS7","12","1000110101","1000110101.0","Success","0.00072"
"2P2D","12","100000000011","100000000011.0","Success","0.00046"
"6T3H","12","111100011100","111100011100.0","Success","0.00063"
"5H0W","12","111001010101","111001010101.0","Success","0.00161"
"3SVZ","12","101100100000","101100100000.0","Success","0.00074"
"2QB5","12","10011001111","10011001111.0","Success","0.00064"
"4IY2","12","111101010000","111101010000.0","Success","0.00099"
"4FMF","12","1011101","1011101.0","Success","0.00048"
"2MXZ","12","11100111000","11100111000.0","Success","0.00031"
"8HGC","12","1110011111","1110011111.0","Success","0.00086"
"7H5F","12","110001110111","110001110111.0","Success","0.0009"
"3MSO","12","1100000010","1100000010.0","Success","0.00107"
"1DOS","12","10000011","10000011.0","Success","0.00062"
"5DIY","12","10111100111","10111100111.0","Success","0.00057"
"6MWA","12","100100000000","100100000000.0","Success","0.00108"
"1GY1","12","100111000100","100111000100.0","Success","0.00095"
"2V71","12","101011111000","101011111000.0","Success","0.00093"
"1TUH","12","111111100","111111100.0","Success","0.00145"
"1KF8","12","101011010100","101011010100.0","Success","0.00151"
"4NHJ","12","11001101100","11001101100.0","Success","0.00114"
"4NX8","12","111000101111","111000101111.0","Success","0.00075"
"7Y4F","12","1100100010","1100100010.0","Success","0.00031"
"3KG5","12","111101001111","111101001111.0","Success","0.00116"
"4ZL1","12","10100110101","10100110101.0","Success","0.00087"
"1OXK","12","1110001000","1110001000.0","Success","0.0004"
"2OP0","12","110110100001","110110100001.0","Success","0.00072"
"7QS0","12","11111010110","11111010110.0","Success","0.00072"
"9IY2","12","11110","11110.0","Success","0.00038"
"5X3H","12","100110000111","100110000111.0","Success","0.00077"
"4J3C","12","10010110000","10010110000.0","Success","0.00078"
"5D3G","12","110110110111","110110110111.0","Success","0.00038"
"3KP7","12","101110000111","101110000111.0","Success","0.00102"
"6YK2","12","1101100101","1101100101.0","Success","0.00101"
"8OY0","12","110111110010","110111110010.0","Success","0.00034"
"1EIL","12","101000110000","101000110000.0","Success","0.00101"
"8W6I","12","110001110010","110001110010.0","Success","0.00053"
"1BOG","12","1001001011","1001001011.0","Success","0.00082"
"8WVY","12","111101001000","111101001000.0","Success","0.00055"
"3PHG","12","10110110100","10110110100.0","Success","0.00074"
"1HK2","12","10101111001","10101111001.0","Success","0.00072"
"1XGW","12","10110100101","10110100101.0","Success","0.00148"
"3P04","12","1110111001","1110111001.0","Success","0.00143"
"4CC1","12","100101011000","100101011000.0","Success","0.00067"
"8URG","12","110011000011","110011000011.0","Success","0.00168"
"4KZT","12","1000000010","1000000010.0","Success","0.0004"
"3CZU","12","10010111011","10010111011.0","Success","0.00096"
"5F8B","12","100000000100","100000000100.0","Success","0.00118"
"6QJQ","12","1101111001","1101111001.0","Success","0.00132"
"1QMT","12","110110011101","110110011101.0","Success","0.00145"
"7MBM","12","111101000100","111101000100.0","Success","0.00041"
"4D9J","12","111001101011","111001101011.0","Success","0.00024"
"2WVK","12","10001010100","10001010100.0","Success","0.0006"
"2DQ3","12","101011000000","101011000000.0","Success","0.00058"
"4M3U","12","101000111001","101000111001.0","Success","0.00056"
"4D0R","12","110000111","110000111.0","Success","0.00105"
"4ZXF","12","1000001111","1000001111.0","Success","0.00048"
"1EQU","12","111001100010","111001100010.0","Success","0.0007"
"4N9M","12","110001010101","110001010101.0","Success","0.00098"
"4V2D","12","11110111","11110111.0","Success","0.00095"
"3T2N","12","111010001011","111010001011.0","Success","0.00044"
"1EZX","12","10101100000","10101100000.0","Success","0.00075"
"1B8L","12","1001100","1001100.0","Success","0.00164"
"3TPT","12","11011111","11011111.0","Success","0.00058"
"9C0E","12","100111101100","100111101100.0","Success","0.00039"
"8XOK","12","11111000011","11111000011.0","Success","0.00048"
"9GGQ","12","111000011010","111000011010.0","Success","0.00031"
"4W6E","12","111101100001","111101100001.0","Success","0.00116"
"2AYU","12","101101110111","101101110111.0","Success","0.001"
"1HSO","12","1110011","1110011.0","Success","0.0006"
"1AV6","12","100111110110","100111110110.0","Success","0.00098"
"5KAV","12","1001010111","1001010111.0","Success","0.00127"
"3WVS","12","10001100100","10001100100.0","Success","0.0008"
"7BWL","12","110010111101","110010111101.0","Success","0.0013"
"2JCA","12","101110011001","101110011001.0","Success","0.00083"
"2ZUE","12","11111110","11111110.0","Success","0.00067"
"4NAH","12","1011010100","1011010100.0","Success","0.00055"
"1B9L","12","101111111100","101111111100.0","Success","0.00054"
"3NFQ","12","110100100111","110100100111.0","Success","0.00097"
"6KJE","12","100001000110","100001000110.0","Success","0.0006"
"6QF9","12","1001000","1001000.0","Success","0.00076"
"2HV4","12","11001011111","11001011111.0","Success","0.00027"
"6FJT","12","10100101010","10100101010.0","Success","0.00098"
"7YVH","12","1100101111","1100101111.0","Success","0.00078"
"5HYS","12","110110010001","110110010001.0","Success","0.00034"
"7XVE","12","10000010100","10000010100.0","Success","0.00041"
"1C9I","12","11110111111","11110111111.0","Success","0.00061"
"4DTN","12","11010100001","11010100001.0","Success","0.00056"
"1L2W","12","110000000111","110000000111.0","Success","0.0005"
"2FDA","12","111111000","111111000.0","Success","0.00106"
"3BTE","12","11101110011","11101110011.0","Success","0.00099"
"4MVT","12","10010100111","10010100111.0","Success","0.00055"
"5NIE","12","110011110001","110011110001.0","Success","0.0004"
"5WRT","12","110000110101","110000110101.0","Success","0.00079"
"8VKK","12","100010010110","100010010110.0","Success","0.00032"
"8SL1","12","101100101101","101100101101.0","Success","0.00058"
"4RDQ","12","11011000111","11011000111.0","Success","0.00027"
"5YLJ","12","11110100110","11110100110.0","Success","0.00036"
"1HF3","12","10000111101","10000111101.0","Success","0.0006"
"4WIB","12","100010110111","100010110111.0","Success","0.00089"
"6EYJ","12","100111100011","100111100011.0","Success","0.00071"
"1J4V","12","11101100001","11101100001.0","Success","0.00118"
"3M4A","12","100101001011","100101001011.0","Success","0.00096"
"4YEK","12","101111110100","101111110100.0","Success","0.00054"
"1RHP","12","11000001001","11000001001.0","Success","0.00105"
"5WFN","12","101001110110","101001110110.0","Success","0.0005"
"5DK4","12","110100001000","110100001000.0","Success","0.00097"
"7KTX","12","10001011","10001011.0","Success","0.00036"
"4XX0","12","110110110001","110110110001.0","Success","0.00063"
"7D6Q","12","10101111100","10101111100.0","Success","0.00067"
"3G0Y","12","10010100101","10010100101.0","Success","0.00083"
"7F3J","12","10001100111","10001100111.0","Success","0.00088"
"5FDW","12","111100110","111100110.0","Success","0.00088"
"7E3S","12","100001111000","100001111000.0","Success","0.00095"
"2K54","12","11010010010","11010010010.0","Success","0.00034"
"2ODA","12","1100001000","1100001000.0","Success","0.00083"
"9F5P","12","1000111111","1000111111.0","Success","0.00059"
"7A5S","12","1011010000","1011010000.0","Success","0.00036"
"1H8L","12","1011100","1011100.0","Success","0.00086"
"5YIB","12","1010001111","1010001111.0","Success","0.00089"
"3LXT","12","101011101","101011101.0","Success","0.00057"
"3I5F","12","100000111100","100000111100.0","Success","0.00051"
"1JNE","12","111110011","111110011.0","Success","0.00083"
"3TQQ","12","11011110110","11011110110.0","Success","0.00099"
"1RBP","12","101010111010","101010111010.0","Success","0.00125"
"4N7B","12","11101101110","11101101110.0","Success","0.00093"
"5RY4","12","111010000101","111010000101.0","Success","0.00072"
"3O4F","12","10110110","10110110.0","Success","0.00036"
"4AJ0","12","10100001001","10100001001.0","Success","0.00077"
"6V0X","12","101001100111","101001100111.0","Success","0.00165"
"7QXI","12","111010010","111010010.0","Success","0.00027"
"5QAS","12","11110001011","11110001011.0","Success","0.00053"
"3CWM","12","10001100000","10001100000.0","Success","0.0009"
"3IS0","12","11110011000","11110011000.0","Success","0.00084"
"5HEZ","12","11010010111","11010010111.0","Success","0.0005"
"8XDL","12","111001010010","111001010010.0","Success","0.00048"
"4XEY","12","111110011100","111110011100.0","Success","0.00067"
"2DVC","12","1000001100","1000001100.0","Success","0.00091"
"1CJ5","12","111010110111","111010110111.0","Success","0.00041"
"8ZW7","12","10101001111","10101001111.0","Success","0.00044"
"7OPP","12","1101000011","1101000011.0","Success","0.00083"
"3D6Z","12","10000011010","10000011010.0","Success","0.00099"
"6QUA","12","10100011100","10100011100.0","Success","0.00079"
"6LTH","12","11110111010","11110111010.0","Success","0.00039"
"7W83","12","10000110101","10000110101.0","Success","0.00085"
"1WLP","12","101000100101","101000100101.0","Success","0.00132"
"1GR5","12","10100100110","10100100110.0","Success","0.00019"
"2QHC","12","101010100100","101010100100.0","Success","0.00116"
"6GCY","12","1111001100","1111001100.0","Success","0.00102"
"8X7S","12","1011","1011.0","Success","0.0005"
"3GVV","12","111001101001","111001101001.0","Success","0.00092"
"3O8L","12","10000111110","10000111110.0","Success","0.00045"
"9BCT","12","110110001101","110110001101.0","Success","0.00024"
"5AXM","12","10000011111","10000011111.0","Success","0.00081"
"3PLZ","12","110111010100","110111010100.0","Success","0.00075"
"1NOU","12","10111110011","10111110011.0","Success","0.00055"
"2JXH","12","100111111","100111111.0","Success","0.00032"
"5E1L","12","1110011010","1110011010.0","Success","0.00126"
"2DRD","12","1000111010","1000111010.0","Success","0.0003"
"6DQL","12","110011111000","110011111000.0","Success","0.00077"
"1M3I","12","1110001011","1110001011.0","Success","0.00039"
"6PPG","12","10011111101","10011111101.0","Success","0.00052"
"6PHF","12","100010011100","100010011100.0","Success","0.0005"
"4OJX","12","111000110001","111000110001.0","Success","0.00088"
"6UPJ","12","1111000011","1111000011.0","Success","0.00119"
"5JRN","12","110110111110","110110111110.0","Success","0.00127"
"4R03","12","100100010101","100100010101.0","Success","0.00152"
"1SU5","12","10000100","10000100.0","Success","0.00076"
"1TE3","12","10010100011","10010100011.0","Success","0.00105"
"4W5H","12","11101100100","11101100100.0","Success","0.00118"
"8P7V","12","10111101","10111101.0","Success","0.0009"
"5FVT","12","101100101010","101100101010.0","Success","0.00059"
"8R0J","12","11111001001","11111001001.0","Success","0.00054"
"5LZL","12","10011100010","10011100010.0","Success","0.00027"
"2C7L","12","11001100011","11001100011.0","Success","0.00094"
"5SM4","12","11000000","11000000.0","Success","0.00078"
"6NLU","12","11101101000","11101101000.0","Success","0.00121"
"1WEE","12","10110011111","10110011111.0","Success","0.00044"
"1T6A","12","110010110001","110010110001.0","Success","0.00154"
"8BGA","12","11011000111","11011000111.0","Success","0.00069"
"2KAA","12","111111011000","111111011000.0","Success","0.00033"
"8QH0","12","11111111011","11111111011.0","Success","0.00068"
"2ZQX","12","10000111011","10000111011.0","Success","0.00048"
"4TKG","12","110001011011","110001011011.0","Success","0.00059"
"7JR1","12","1101000100","1101000100.0","Success","0.00034"
"1HES","12","101011111010","101011111010.0","Success","0.00104"
"6N9N","12","110001001011","110001001011.0","Success","0.00061"
"6ZZE","12","111110101000","111110101000.0","Success","0.0004"
"1LYI","12","110001111000","110001111000.0","Success","0.00131"
"2RD8","12","1110100111","1110100111.0","Success","0.00072"
"7VTM","12","10011100101","10011100101.0","Success","0.00089"
"5HK1","12","10000101111","10000101111.0","Success","0.00067"
"8JT4","12","10011110","10011110.0","Success","0.00106"
"7XY3","12","1011011000","1011011000.0","Success","0.00029"
"3MI0","12","1110010","1110010.0","Success","0.00022"
"4Y21","12","111010010001","111010010001.0","Success","0.00074"
"4DX2","12","11000100","11000100.0","Success","0.00075"
"8IYG","12","1111010111","1111010111.0","Success","0.00035"
"4OSW","12","1000111","1000111.0","Success","0.00053"
"3P1T","12","110010010100","110010010100.0","Success","0.00047"
"1GWC","12","1111000100","1111000100.0","Success","0.00066"
"5DHI","12","110101011111","110101011111.0","Success","0.00074"
"5NAG","12","100000111011","100000111011.0","Success","0.00055"
"8E70","12","110111010000","110111010000.0","Success","0.00033"
"4JB4","12","11000001011","11000001011.0","Success","0.0007"
"2B8T","12","11111110110","11111110110.0","Success","0.0006"
"9JN3","12","1100111100","1100111100.0","Success","0.00067"
"4BU7","12","11011100000","11011100000.0","Success","0.00084"
"3V9W","12","10110111110","10110111110.0","Success","0.00058"
"8HXZ","12","110101111110","110101111110.0","Success","0.00056"
"1TUX","12","111000010010","111000010010.0","Success","0.00098"
"1IAX","12","111010011111","111010011111.0","Success","0.00057"
"5SJ3","12","11000001001","11000001001.0","Success","0.00047"
"1JSL","12","101010011","101010011.0","Success","0.00046"
"1EW0","12","110110110001","110110110001.0","Success","0.00147"
"1RDP","12","101100011","101100011.0","Success","0.00075"
"6LFN","12","110000010101","110000010101.0","Success","0.00056"
"4ZOP","12","11100010000","11100010000.0","Success","0.00048"
"8G7I","12","11000000110","11000000110.0","Success","0.00099"
"5QXM","12","1110110111","1110110111.0","Success","0.00139"
"4U39","12","1111010101","1111010101.0","Success","0.00032"
"5OXP","12","10100111111","10100111111.0","Success","0.00078"
"3K13","12","10001000011","10001000011.0","Success","0.00057"
"4PV6","12","101000000100","101000000100.0","Success","0.00036"
"4AV8","12","11110110","11110110.0","Success","0.00091"
"2FER","12","11101110100","11101110100.0","Success","0.00085"
"6SNU","12","111011010011","111011010011.0","Success","0.00039"
"5VN5","12","1011010001","1011010001.0","Success","0.00051"
"3FPA","12","100010111110","100010111110.0","Success","0.00055"
"4YMO","12","1001001110","1001001110.0","Success","0.00094"
"3CKY","12","10110000010","10110000010.0","Success","0.0005"
"4G2H","12","10101010","10101010.0","Success","0.00105"
"5MJ3","12","11010100101","11010100101.0","Success","0.00067"
"1VFZ","12","11010100000","11010100000.0","Success","0.00093"
"9FG3","12","110110101100","110110101100.0","Success","0.00039"
"1H4C","12","11001100011","11001100011.0","Success","0.0012"
"5J4R","12","1010100110","1010100110.0","Success","0.00102"
"2ERL","12","11110000110","11110000110.0","Success","0.00262"
"7AIW","12","1010110010","1010110010.0","Success","0.00051"
"1FYA","12","100110001001","100110001001.0","Success","0.00121"
"6HOO","12","11101011100","11101011100.0","Success","0.00075"
"7W8V","12","1100011001","1100011001.0","Success","0.00093"
"6RCZ","12","110100110010","110100110010.0","Success","0.00074"
"7PEU","12","110011000011","110011000011.0","Success","0.00035"
"4RTX","12","110000101101","110000101101.0","Success","0.00103"
"1T68","12","1010001010","1010001010.0","Success","0.00124"
"7GDC","12","1011000110","1011000110.0","Success","0.00096"
"3A13","12","100011010111","100011010111.0","Success","0.00025"
"2I9E","12","1100010110","1100010110.0","Success","0.00053"
"7UNM","12","11110110110","11110110110.0","Success","0.00062"
"3W44","12","11101000111","11101000111.0","Success","0.00087"
"7DTB","12","1111001100","1111001100.0","Success","0.00151"
"1YRV","12","111111111110","111111111110.0","Success","0.00136"
"9KHY","12","101100011100","101100011100.0","Success","0.00019"
"2C86","12","110101010100","110101010100.0","Success","0.00099"
"2G0K","12","1101101","1101101.0","Success","0.00023"
"6W0K","12","110101101011","110101101011.0","Success","0.00073"
"6WTU","12","1111101011","1111101011.0","Success","0.00031"
"2QC7","12","1100100100","1100100100.0","Success","0.00078"
"1Q57","12","101100000100","101100000100.0","Success","0.00028"
"2OXC","12","11001111011","11001111011.0","Success","0.00082"
"6ZLZ","12","11001110011","11001110011.0","Success","0.00036"
"9BFR","12","100100010101","100100010101.0","Success","0.0006"
"1R00","12","1101011111","1101011111.0","Success","0.00093"
"7MQF","12","1110000010","1110000010.0","Success","0.00042"
"4LJ8","12","110110001100","110110001100.0","Success","0.00094"
"1S4Q","12","111110101011","111110101011.0","Success","0.00126"
"8JM6","12","111000100010","111000100010.0","Success","0.00075"
"7GS8","12","100011010011","100011010011.0","Success","0.00102"
"8OMO","12","100101101","100101101.0","Success","0.00047"
"4JKM","12","10011010101","10011010101.0","Success","0.0004"
"3L7B","12","11000001111","11000001111.0","Success","0.00061"
"8UDP","12","10000001010","10000001010.0","Success","0.00098"
"3MV7","12","1000011110","1000011110.0","Success","0.00057"
"7ORL","12","111111100","111111100.0","Success","0.00035"
"1YAQ","12","110110","110110.0","Success","0.0015"
"5O1K","12","100000011010","100000011010.0","Success","0.00138"
"8W6R","12","100011010000","100011010000.0","Success","0.00084"
"3ZRA","12","10100110","10100110.0","Success","0.00078"
"4NQE","12","100001100010","100001100010.0","Success","0.00042"
"3TCH","12","100100001110","100100001110.0","Success","0.00072"
"2B7Y","12","111111010100","111111010100.0","Success","0.00079"
"4NMS","12","10000011010","10000011010.0","Success","0.00119"
"3NIX","12","100110001000","100110001000.0","Success","0.0003"
"4KAB","12","100011101101","100011101101.0","Success","0.00073"
"4DJ3","12","111000010100","111000010100.0","Success","0.0007"
"2DLD","12","111000111010","111000111010.0","Success","0.00066"
"1XTP","12","101110101","101110101.0","Success","0.00109"
"1H6C","12","100010001000","100010001000.0","Success","0.00061"
"4C36","12","101101011000","101101011000.0","Success","0.00091"
"4Y6A","12","110100000011","110100000011.0","Success","0.00021"
"3UA5","12","10000010","10000010.0","Success","0.00054"
"2DDX","12","110101111","110101111.0","Success","0.00091"
"3KZ5","12","11101000010","11101000010.0","Success","0.00139"
"8HJB","12","111011001010","111011001010.0","Success","0.00087"
"2SOB","12","110000011000","110000011000.0","Success","0.00052"
"3IE9","12","10000101111","10000101111.0","Success","0.00163"
"5XWK","12","100010100110","100010100110.0","Success","0.00072"
"3GWH","12","11010000","11010000.0","Success","0.00119"
"4H1E","12","11111000001","11111000001.0","Success","0.00059"
"5QQR","12","100110011110","100110011110.0","Success","0.00057"
"8FF8","12","1001101111","1001101111.0","Success","0.00064"
"3PHE","12","10001000000","10001000000.0","Success","0.00036"
"2NSR","12","1001100101","1001100101.0","Success","0.00139"
"3LUP","12","110001111111","110001111111.0","Success","0.00103"
"5YMU","12","100100001001","100100001001.0","Success","0.00067"
"7OPK","12","11001110000","11001110000.0","Success","0.00067"
"8ACT","12","111011010010","111011010010.0","Success","0.00035"
"5TJH","12","101101111111","101101111111.0","Success","0.00032"
"8R2T","12","111100100001","111100100001.0","Success","0.00059"
"8OWF","12","111010010010","111010010010.0","Success","0.0007"
"7NA0","12","11101001101","11101001101.0","Success","0.00038"
"5X40","12","10001001001","10001001001.0","Success","0.0007"
"4MLO","12","11110011011","11110011011.0","Success","0.001"
"6QRC","12","101101001000","101101001000.0","Success","0.00082"
"4H2X","12","111110111100","111110111100.0","Success","0.00061"
"2O2Q","12","100110011001","100110011001.0","Success","0.00037"
"3N35","12","100101111101","100101111101.0","Success","0.00107"
"5B0E","12","100010011010","100010011010.0","Success","0.00119"
"6LN9","12","111001111011","111001111011.0","Success","0.00052"
"5FPN","12","11110110101","11110110101.0","Success","0.0006"
"8DEO","12","10101011011","10101011011.0","Success","0.00056"
"8FPN","12","111010100101","111010100101.0","Success","0.00153"
"4Q4X","12","10110011101","10110011101.0","Success","0.00057"
"2UYE","12","11111000000","11111000000.0","Success","0.00078"
"6JFU","12","101111001010","101111001010.0","Success","0.00056"
"4FJ1","12","111101010111","111101010111.0","Success","0.00052"
"8DU0","12","101100101000","101100101000.0","Success","0.00099"
"1IP1","12","11111000011","11111000011.0","Success","0.00147"
"8Z9C","12","110110000100","110110000100.0","Success","0.00032"
"4PAX","12","110000110001","110000110001.0","Success","0.00089"
"4XWT","12","111100100010","111100100010.0","Success","0.00051"
"1JVS","12","10010011011","10010011011.0","Success","0.0006"
"5TFJ","12","10101100","10101100.0","Success","0.00115"
"5I7K","12","100100111100","100100111100.0","Success","0.00083"
"1A1D","12","100010110111","100010110111.0","Success","0.00137"
"8UE1","12","1011000000","1011000000.0","Success","0.00099"
"9LUX","12","111110011100","111110011100.0","Success","0.00044"
"6BIQ","12","110111111101","110111111101.0","Success","0.00051"
"2UZW","12","11010000101","11010000101.0","Success","0.00091"
"6KY3","12","101001001110","101001001110.0","Success","0.00088"
"3R76","12","111110101110","111110101110.0","Success","0.00047"
"3HR0","12","11000011011","11000011011.0","Success","0.00073"
"1KTI","12","101010000","101010000.0","Success","0.00059"
"2UX7","12","1011001000","1011001000.0","Success","0.00155"
"5CB7","12","100101100100","100101100100.0","Success","0.00089"
"4IXM","12","1100111010","1100111010.0","Success","0.00067"
"6P8F","12","101111010110","101111010110.0","Success","0.00071"
"4LU4","12","11000001001","11000001001.0","Success","0.0008"
"1JAH","12","110001001110","110001001110.0","Success","0.00129"
"7O27","12","110001010","110001010.0","Success","0.0008"
"1R28","12","1110101","1110101.0","Success","0.00109"
"5QOA","12","11001000","11001000.0","Success","0.00086"
"9MOB","12","10110001101","10110001101.0","Success","0.00028"
"3OJO","12","100100011","100100011.0","Success","0.00059"
"1G4F","12","11111000100","11111000100.0","Success","0.0004"
"8A8Z","12","110000","110000.0","Success","0.00062"
"9EWJ","12","10100110101","10100110101.0","Success","0.0004"
"4CE2","12","11001111010","11001111010.0","Success","0.00117"
"2BHX","12","1010100101","1010100101.0","Success","0.00063"
"1DAI","12","101000101","101000101.0","Success","0.00116"
"4HTV","12","100100111001","100100111001.0","Success","0.00079"
"5IMU","12","111110100011","111110100011.0","Success","0.00113"
"4PKB","12","10100011101","10100011101.0","Success","0.00091"
"2ZH5","12","101101000","101101000.0","Success","0.0008"
"3NGI","12","11010111001","11010111001.0","Success","0.00052"
"2N97","12","1110","1110.0","Success","0.00039"
"2PQM","12","1001011000","1001011000.0","Success","0.00067"
"6TKK","12","1010100101","1010100101.0","Success","0.00128"
"3BPP","12","100110111100","100110111100.0","Success","0.00112"
"5KAB","12","111010010111","111010010111.0","Success","0.001"
"6F73","12","111111111010","111111111010.0","Success","0.00052"
"4IEE","12","111011100010","111011100010.0","Success","0.00078"
"7CGY","12","111110","111110.0","Success","0.00056"
"8IYN","12","1110100100","1110100100.0","Success","0.00151"
"6VWB","12","111100010010","111100010010.0","Success","0.0004"
"5BWF","12","101111010001","101111010001.0","Success","0.00055"
"4QQ7","12","101000110000","101000110000.0","Success","0.00082"
"1U1K","12","100111100101","100111100101.0","Success","0.00125"
"1SOM","12","101111011100","101111011100.0","Success","0.00072"
"6J7B","12","100110011011","100110011011.0","Success","0.00101"
"2IDZ","12","10101010100","10101010100.0","Success","0.00101"
"3KC3","12","110101001111","110101001111.0","Success","0.00029"
"3R9Q","12","1111100","1111100.0","Success","0.00063"
"6WZL","12","100000001100","100000001100.0","Success","0.00053"
"6DHL","12","100011111001","100011111001.0","Success","0.00022"
"1AQI","12","10010101011","10010101011.0","Success","0.00059"
"4A0T","12","110100100101","110100100101.0","Success","0.00071"
"5VW3","12","1101111010","1101111010.0","Success","0.00093"
"6BRH","12","110110110000","110110110000.0","Success","0.00053"
"7B40","12","1001111010","1001111010.0","Success","0.001"
"5QTX","12","1101101","1101101.0","Success","0.00108"
"3RXG","12","100011011100","100011011100.0","Success","0.00112"
"5DMZ","12","111101110","111101110.0","Success","0.00064"
"5L3K","12","11111101011","11111101011.0","Success","0.00028"
"5EJ2","12","111001010111","111001010111.0","Success","0.00051"
"4B8O","12","111011111110","111011111110.0","Success","0.00082"
"6N60","12","11110101000","11110101000.0","Success","0.00029"
"3NC0","12","11101011111","11101011111.0","Success","0.0003"
"8E6A","12","10111110","10111110.0","Success","0.0007"
"8UAB","12","100000100110","100000100110.0","Success","0.00093"
"5YIX","12","1110001","1110001.0","Success","0.00088"
"3J0S","12","1011000111","1011000111.0","Success","0.0002"
"4D35","12","111100010100","111100010100.0","Success","0.00058"
"6EGF","12","111010101","111010101.0","Success","0.00102"
"3DXP","12","10100111011","10100111011.0","Success","0.00097"
"5KJT","12","1011111100","1011111100.0","Success","0.00083"
"2LQU","12","101100100000","101100100000.0","Success","0.00042"
"1YYQ","12","1100001000","1100001000.0","Success","0.00063"
"7DR7","12","111110011010","111110011010.0","Success","0.00022"
"7CIN","12","1011100111","1011100111.0","Success","0.00063"
"6YRM","12","111101101011","111101101011.0","Success","0.0005"
"3TSW","12","110101010010","110101010010.0","Success","0.0005"
"8GV7","12","11010110100","11010110100.0","Success","0.00062"
"2CSY","12","1111010101","1111010101.0","Success","0.00041"
"1EUN","12","111000011010","111000011010.0","Success","0.00067"
"3HEQ","12","111110011110","111110011110.0","Success","0.00119"
"3UMX","12","111011000111","111011000111.0","Success","0.00107"
"7QMV","12","1100000","1100000.0","Success","0.00093"
"3KOL","12","10010011100","10010011100.0","Success","0.00136"
"6FS8","12","11011011111","11011011111.0","Success","0.00089"
"9GMK","12","100111001000","100111001000.0","Success","0.00051"
"1EUF","12","110110111","110110111.0","Success","0.00112"
"3BWR","12","11011110011","11011110011.0","Success","0.00046"
"6GAR","12","1010001010","1010001010.0","Success","0.00064"
"6PH3","12","100100111110","100100111110.0","Success","0.00053"
"2V4U","12","110100101011","110100101011.0","Success","0.00105"
"8YK2","12","100000100110","100000100110.0","Success","0.00046"
"7D4P","12","110111111100","110111111100.0","Success","0.00032"
"5O3V","12","101110011011","101110011011.0","Success","0.00046"
"3D87","12","111000100001","111000100001.0","Success","0.00055"
"7X7T","12","1100101000","1100101000.0","Success","0.00058"
"1QY9","12","11111110010","11111110010.0","Success","0.00048"
"1JOY","12","11110011011","11110011011.0","Success","0.00031"
"2ME8","12","10011010100","10011010100.0","Success","0.00025"
"7GI2","12","110001011101","110001011101.0","Success","0.00072"
"9ITX","12","101100100110","101100100110.0","Success","0.00045"
"2AQE","12","11101011110","11101011110.0","Success","0.0004"
"7P5M","12","111110100001","111110100001.0","Success","0.0006"
"7LZS","12","1111","1111.0","Success","0.00149"
"3J7Y","12","110111001","110111001.0","Success","0.00019"
"2MF8","12","101111101101","101111101101.0","Success","0.00195"
"6K7U","12","101111111","101111111.0","Success","0.0017"
"7TPW","12","100011000110","100011000110.0","Success","0.00099"
"7S7R","12","110001110","110001110.0","Success","0.00083"
"3JA5","12","1100111","1100111.0","Success","0.00051"
"7G44","12","1100010110","1100010110.0","Success","0.00059"
"5GON","12","11110011110","11110011110.0","Success","0.00036"
"8K1L","12","1101101001","1101101001.0","Success","0.00048"
"5UI1","12","101111011011","101111011011.0","Success","0.00048"
"6PYQ","12","111100110111","111100110111.0","Success","0.0011"
"1P9K","12","110100010110","110100010110.0","Success","0.00042"
"5UXS","12","101000111100","101000111100.0","Success","0.00101"
"4Y2J","12","1010000011","1010000011.0","Success","0.00071"
"8T9X","12","100110111","100110111.0","Success","0.0008"
"6WGY","12","10011111011","10011111011.0","Success","0.00045"
"9HA7","12","1011","1011.0","Success","0.00039"
"6NW7","12","11100110","11100110.0","Success","0.00079"
"5W5H","12","10010011","10010011.0","Success","0.00056"
"6T2Z","12","11000010011","11000010011.0","Success","0.00107"
"8QA0","12","10110110","10110110.0","Success","0.00034"
"4DOP","12","111010100111","111010100111.0","Success","0.00042"
"4Q2D","12","10000100111","10000100111.0","Success","0.00055"
"4U30","12","100010101001","100010101001.0","Success","0.00051"
"6NVA","12","11101111001","11101111001.0","Success","0.00034"
"8EE8","12","10111101111","10111101111.0","Success","0.00034"
"4ASX","12","1011101","1011101.0","Success","0.00069"
"7QD4","12","110000011110","110000011110.0","Success","0.00039"
"2NO2","12","111100010110","111100010110.0","Success","0.00166"
"1F28","12","11011110000","11011110000.0","Success","0.0005"
"2ZVZ","12","110110010","110110010.0","Success","0.00092"
"4WWA","12","100100000100","100100000100.0","Success","0.00084"
"6S1Y","12","11111","11111.0","Success","0.00069"
"6IBE","12","1010001101","1010001101.0","Success","0.00094"
"6FRY","12","101001100010","101001100010.0","Success","0.0015"
"2KGT","12","101100000110","101100000110.0","Success","0.00044"
"8FHI","12","101010101110","101010101110.0","Success","0.00035"
"2FQY","12","101010011011","101010011011.0","Success","0.00093"
"7OIY","12","1111010","1111010.0","Success","0.00073"
"1G81","12","111011011111","111011011111.0","Success","0.00132"
"7LUN","12","1001000","1001000.0","Success","0.00043"
"4ZQM","12","101000101010","101000101010.0","Success","0.0009"
"3SN9","12","10011010011","10011010011.0","Success","0.00034"
"4JA2","12","110100100101","110100100101.0","Success","0.00153"
"1SP9","12","1001000001","1001000001.0","Success","0.00061"
"6FF1","12","1000010110","1000010110.0","Success","0.00203"
"5XNB","12","111100011","111100011.0","Success","0.00037"
"1DUN","12","111000100001","111000100001.0","Success","0.00152"
"8QB1","12","11010101110","11010101110.0","Success","0.00075"
"1LC8","12","111110100011","111110100011.0","Success","0.00089"
"5CW8","12","110011100011","110011100011.0","Success","0.00089"
"8K34","12","100111000","100111000.0","Success","0.00056"
"8AB4","12","101001010","101001010.0","Success","0.00092"
"9DGW","12","11010100111","11010100111.0","Success","0.00055"
"9GS5","12","100100100111","100100100111.0","Success","0.00073"
"8ITD","12","1011110110","1011110110.0","Success","0.00076"
"5GNE","12","1011000001","1011000001.0","Success","0.00063"
"6NF0","12","10111010011","10111010011.0","Success","0.00099"
"3OYH","12","101011010","101011010.0","Success","0.00071"
"7TW6","12","1111010111","1111010111.0","Success","0.00028"
"3EV6","12","110100000000","110100000000.0","Success","0.00108"
"2EJK","12","11010100","11010100.0","Success","0.00072"
"2XAN","12","100110000000","100110000000.0","Success","0.00058"
"6PU0","12","100001110011","100001110011.0","Success","0.00076"
"3V82","12","10100101000","10100101000.0","Success","0.00116"
"6FVO","12","10010000110","10010000110.0","Success","0.00043"
"8BFG","12","110110110110","110110110110.0","Success","0.00046"
"7T2C","12","111110100100","111110100100.0","Success","0.00059"
"7KB6","12","101100111001","101100111001.0","Success","0.0004"
"7LC9","12","100000111110","100000111110.0","Success","0.00075"
"4DQS","12","101011101010","101011101010.0","Success","0.00069"
"1Y2J","12","10100101111","10100101111.0","Success","0.00068"
"7KJ4","12","10110010111","10110010111.0","Success","0.00024"
"5U9A","12","110110111111","110110111111.0","Success","0.00135"
"6WAP","12","11001011100","11001011100.0","Success","0.00036"
"7TF8","12","100000001100","100000001100.0","Success","0.0003"
"1M7L","12","100111001001","100111001001.0","Success","0.00034"
"1QME","12","1011111001","1011111001.0","Success","0.00069"
"2JWW","12","10101101000","10101101000.0","Success","0.00035"
"2YPZ","12","10101111011","10101111011.0","Success","0.00045"
"5DAP","12","101011111011","101011111011.0","Success","0.00098"
"1R19","12","11101001101","11101001101.0","Success","0.00048"
"5DX7","12","111000000000","111000000000.0","Success","0.00063"
"5V8T","12","111010111110","111010111110.0","Success","0.00086"
"3ONN","12","11100100110","11100100110.0","Success","0.00105"
"2IOS","12","10110110","10110110.0","Success","0.00155"
"6SR8","12","10110011011","10110011011.0","Success","0.00079"
"2JBG","12","10010101011","10010101011.0","Success","0.00084"
"5O21","12","111000001101","111000001101.0","Success","0.00073"
"5NKJ","12","101101101","101101101.0","Success","0.00043"
"5NR3","12","10011101101","10011101101.0","Success","0.00102"
"2A4O","12","10000101","10000101.0","Success","0.00116"
"6IXF","12","100011001100","100011001100.0","Success","0.00081"
"8K9M","12","11101110100","11101110100.0","Success","0.00026"
"4QJP","12","110000101000","110000101000.0","Success","0.00074"
"7TUO","12","11010100011","11010100011.0","Success","0.00094"
"2IPK","12","111101100101","111101100101.0","Success","0.00067"
"1DM1","12","111101110110","111101110110.0","Success","0.00145"
"8QO7","12","11001001001","11001001001.0","Success","0.0009"
"2EJC","12","100110010010","100110010010.0","Success","0.00099"
"8CO3","12","11010001100","11010001100.0","Success","0.00052"
"2OPN","12","100111010110","100111010110.0","Success","0.00092"
"7NAA","12","10000011110","10000011110.0","Success","0.00056"
"7PMD","12","101000101011","101000101011.0","Success","0.00047"
"4M1T","12","1100101000","1100101000.0","Success","0.00077"
"4GP2","12","110100000001","110100000001.0","Success","0.00065"
"2QRC","12","1110111011","1110111011.0","Success","0.00052"
"7CCU","12","111100110011","111100110011.0","Success","0.001"
"3NJD","12","11100011001","11100011001.0","Success","0.00068"
"3KWW","12","111010110","111010110.0","Success","0.00082"
"4KPV","12","10010100001","10010100001.0","Success","0.00107"
"5JZ8","12","1001111011","1001111011.0","Success","0.0008"
"6P4X","12","10110101101","10110101101.0","Success","0.00031"
"5OLV","12","10000010100","10000010100.0","Success","0.00085"
"5C12","12","10110010111","10110010111.0","Success","0.00107"
"4I6Z","12","110010","110010.0","Success","0.00085"
"7OOV","12","1000001101","1000001101.0","Success","0.00101"
"6PA8","12","110010110001","110010110001.0","Success","0.00046"
"2NY6","12","100100001101","100100001101.0","Success","0.00056"
"8PPP","12","100011100010","100011100010.0","Success","0.00051"
"9BUM","12","100010100011","100010100011.0","Success","0.00073"
"5S4I","12","101000010001","101000010001.0","Success","0.00093"
"4XRC","12","100111000011","100111000011.0","Success","0.00047"
"1IAH","12","110001000000","110001000000.0","Success","0.00071"
"3GV4","12","100000010110","100000010110.0","Success","0.00165"
"5M8X","12","111000001111","111000001111.0","Success","0.00055"
"2STA","12","11001111","11001111.0","Success","0.00106"
"6R29","12","111011100101","111011100101.0","Success","0.0004"
"7WOA","12","1000101","1000101.0","Success","0.00026"
"2GHJ","12","11000011101","11000011101.0","Success","0.00088"
"2CML","12","101001001100","101001001100.0","Success","0.00043"
"3AG7","12","11111100011","11111100011.0","Success","0.00158"
"3DZU","12","101000101000","101000101000.0","Success","0.00065"
"9EW6","12","1110100100","1110100100.0","Success","0.0011"
"7UFS","12","10110001000","10110001000.0","Success","0.00025"
"6JFI","12","1111101110","1111101110.0","Success","0.00032"
"6Z6Q","12","101111101011","101111101011.0","Success","0.0008"
"9DL3","12","11001000001","11001000001.0","Success","0.00035"
"6NO0","12","111010110101","111010110101.0","Success","0.0008"
"7LON","12","100001001001","100001001001.0","Success","0.0005"
"6G56","12","11100001110","11100001110.0","Success","0.00059"
"5EMY","12","100111011100","100111011100.0","Success","0.00075"
"4BEJ","12","111011000101","111011000101.0","Success","0.00036"
"2XOW","12","11111000011","11111000011.0","Success","0.0013"
"1OFY","12","1101010111","1101010111.0","Success","0.00069"
"2EER","12","11000101010","11000101010.0","Success","0.00062"
"6NDT","12","110100010011","110100010011.0","Success","0.00128"
"7OOP","12","101001101","101001101.0","Success","0.00019"
"3ZYA","12","101101100101","101101100101.0","Success","0.00091"
"5C69","12","100001001001","100001001001.0","Success","0.0008"
"1B9T","12","11111010100","11111010100.0","Success","0.00087"
"3SEO","12","101010100110","101010100110.0","Success","0.00079"
"1GWD","12","1000110101","1000110101.0","Success","0.00153"
"1ZU2","12","101001101110","101001101110.0","Success","0.0003"
"4KVT","12","101000100011","101000100011.0","Success","0.00121"
"1WFV","12","101010100111","101010100111.0","Success","0.00036"
"1EFI","12","110011101111","110011101111.0","Success","0.00072"
"9B3J","12","10011111011","10011111011.0","Success","0.00023"
"3K25","12","100011100","100011100.0","Success","0.0007"
"4AT9","12","100100001100","100100001100.0","Success","0.00066"
"7ZRE","12","100000100110","100000100110.0","Success","0.00045"
"7RJI","12","10101001000","10101001000.0","Success","0.00152"
"5KIW","12","11100010001","11100010001.0","Success","0.00054"
"8YNY","12","110100110010","110100110010.0","Success","0.00042"
"6PDV","12","110001100011","110001100011.0","Success","0.00101"
"8C35","12","101001000110","101001000110.0","Success","0.00061"
"9QUS","12","110111101","110111101.0","Success","0.00073"
"6B97","12","11010111011","11010111011.0","Success","0.00063"
"2DPT","12","110001000000","110001000000.0","Success","0.00078"
"4QCJ","12","101100001001","101100001001.0","Success","0.00168"
"8R5T","12","110010100111","110010100111.0","Success","0.00078"
"3VYK","12","11101010","11101010.0","Success","0.00149"
"5F9U","12","101001111000","101001111000.0","Success","0.00146"
"5NEG","12","101001011000","101001011000.0","Success","0.00112"
"3JUT","12","101001011","101001011.0","Success","0.00061"
"7E5W","12","101110001000","101110001000.0","Success","0.00055"
"4LDP","12","110101101100","110101101100.0","Success","0.00063"
"3K1B","12","101010010000","101010010000.0","Success","0.00046"
"5Z3C","12","110000001","110000001.0","Success","0.00088"
"8GN0","12","10001100","10001100.0","Success","0.00023"
"7DKE","12","101111001101","101111001101.0","Success","0.00046"
"7EY8","12","1001001011","1001001011.0","Success","0.00021"
"7GGP","12","11100001001","11100001001.0","Success","0.00095"
"2ZSD","12","101101001011","101101001011.0","Success","0.00093"
"7S47","12","1010111110","1010111110.0","Success","0.00098"
"1D6M","12","100000010011","100000010011.0","Success","0.00069"
"8SOI","12","1010110001","1010110001.0","Success","0.00047"
"3SE4","12","100100101000","100100101000.0","Success","0.00067"
"9DAF","12","1011000010","1011000010.0","Success","0.00046"
"8WI4","12","110011100000","110011100000.0","Success","0.00047"
"3RFI","12","10010101110","10010101110.0","Success","0.00189"
"6I7B","12","111100101","111100101.0","Success","0.00059"
"1YXN","12","1111011011","1111011011.0","Success","0.00051"
"6YN7","12","111110011010","111110011010.0","Success","0.00041"
"4AFI","12","100110000111","100110000111.0","Success","0.00095"
"1TW7","12","11010001110","11010001110.0","Success","0.00119"
"2YOR","12","10010010100","10010010100.0","Success","0.00067"
"5LDH","12","110001001000","110001001000.0","Success","0.00065"
"1II4","12","110001101110","110001101110.0","Success","0.00047"
"8B01","12","10100100110","10100100110.0","Success","0.00064"
"8APY","12","101001111011","101001111011.0","Success","0.00092"
"7U1X","12","100100011101","100100011101.0","Success","0.00057"
"6WJP","12","1011100111","1011100111.0","Success","0.00131"
"3OLO","12","110110100110","110110100110.0","Success","0.00116"
"7H8Z","12","110111010","110111010.0","Success","0.00064"
"3DAN","12","101001011001","101001011001.0","Success","0.00079"
"5M2G","12","100001011111","100001011111.0","Success","0.00056"
"1LZ9","12","1100100","1100100.0","Success","0.00147"
"2EU3","12","101111100010","101111100010.0","Success","0.00103"
"132L","12","110000010010","110000010010.0","Success","0.00153"
"2LSK","12","11001011001","11001011001.0","Success","0.00036"
"4J43","12","1011101010","1011101010.0","Success","0.00075"
"8VGM","12","110001011001","110001011001.0","Success","0.00039"
"4Q2T","12","1010111000","1010111000.0","Success","0.00048"
"4X5E","12","111000100100","111000100100.0","Success","0.00064"
"2WEK","12","111001011","111001011.0","Success","0.00062"
"2MH0","12","101011000000","101011000000.0","Success","0.00033"
"3HLO","12","101111101","101111101.0","Success","0.00124"
"6ZZY","12","110001101011","110001101011.0","Success","0.00025"
"6G1X","12","10110111","10110111.0","Success","0.00066"
"8EFQ","12","111110000","111110000.0","Success","0.00056"
"8Q9R","12","100011010","100011010.0","Success","0.00086"
"1CG7","12","110001101010","110001101010.0","Success","0.00031"
"5T3W","12","11100010000","11100010000.0","Success","0.00051"
"4MOL","12","110101111010","110101111010.0","Success","0.00034"
"9DA0","12","111010110001","111010110001.0","Success","0.0013"
"1P45","12","101001100011","101001100011.0","Success","0.00072"
"1BZL","12","10100010101","10100010101.0","Success","0.00053"
"1TI5","12","110010000001","110010000001.0","Success","0.00065"
"3PDJ","12","10001011101","10001011101.0","Success","0.00073"
"5MD1","12","110011101010","110011101010.0","Success","0.00043"
"6A0H","12","101100010111","101100010111.0","Success","0.00067"
"2H9J","12","110011110110","110011110110.0","Success","0.00144"
"8SHY","12","11001011000","11001011000.0","Success","0.00088"
"3PBB","12","101100000011","101100000011.0","Success","0.00064"
"4KQF","12","1101001111","1101001111.0","Success","0.00091"
"1M01","12","100001000010","100001000010.0","Success","0.00074"
"4HDJ","12","110000101001","110000101001.0","Success","0.00088"
"8E7R","12","10110010011","10110010011.0","Success","0.00101"
"4RK4","12","11100111111","11100111111.0","Success","0.00102"
"7Z3P","12","11101000010","11101000010.0","Success","0.00095"
"4OQR","12","10011110100","10011110100.0","Success","0.00083"
"6QB7","12","1101111010","1101111010.0","Success","0.00072"
"2WQI","12","1110010110","1110010110.0","Success","0.00121"
"4DIX","12","1000111010","1000111010.0","Success","0.00081"
"5C4X","12","101110101011","101110101011.0","Success","0.00026"
"5YWG","12","101000100111","101000100111.0","Success","0.00061"
"1O5H","12","11010101100","11010101100.0","Success","0.00086"
"7MN2","12","11011110","11011110.0","Success","0.00055"
"7KZ7","12","110001111","110001111.0","Success","0.00082"
"5D4D","12","100111100100","100111100100.0","Success","0.0002"
"4ZLZ","12","10000","10000.0","Success","0.00101"
"6DTF","12","101011011100","101011011100.0","Success","0.00077"
"5T4A","12","11011101110","11011101110.0","Success","0.00062"
"6NF5","12","111100100011","111100100011.0","Success","0.00031"
"6C59","12","110001001001","110001001001.0","Success","0.00162"
"2I7B","12","11101000001","11101000001.0","Success","0.00105"
"1GNC","12","111100001000","111100001000.0","Success","0.00041"
"4AFB","12","10001110000","10001110000.0","Success","0.00109"
"1V85","12","11011011","11011011.0","Success","0.00039"
"4WNO","12","100101111110","100101111110.0","Success","0.00098"
"7JZU","12","1101000010","1101000010.0","Success","0.00109"
"3KV2","12","11111011100","11111011100.0","Success","0.00067"
"9K2J","12","101000101010","101000101010.0","Success","0.00057"
"3QVK","12","1000111010","1000111010.0","Success","0.00076"
"4LN7","12","110100100011","110100100011.0","Success","0.00118"
"1CA8","12","101101001011","101101001011.0","Success","0.00099"
"1WJA","12","10011100000","10011100000.0","Success","0.00176"
"8GGT","12","100111111011","100111111011.0","Success","0.001"
"2OS7","12","11111000","11111000.0","Success","0.00048"
"7LZ5","12","11111100000","11111100000.0","Success","0.00129"
"7ZEE","12","101011001001","101011001001.0","Success","0.00102"
"6Y4G","12","1100000101","1100000101.0","Success","0.00078"
"1EVK","12","10010011001","10010011001.0","Success","0.00059"
"6JK8","12","100010100011","100010100011.0","Success","0.00042"
"2PFC","12","111100001010","111100001010.0","Success","0.00136"
"8PAQ","12","101100011101","101100011101.0","Success","0.00095"
"6VJ5","12","111000100001","111000100001.0","Success","0.00073"
"1UZQ","12","110111101110","110111101110.0","Success","0.00136"
"7ERD","12","100101110000","100101110000.0","Success","0.00082"
"7LK7","12","1111010011","1111010011.0","Success","0.00069"
"7HL0","12","110101000","110101000.0","Success","0.00069"
"4M43","12","1010100010","1010100010.0","Success","0.00082"
"4JYZ","12","11001111","11001111.0","Success","0.00072"
"7DRZ","12","111101000100","111101000100.0","Success","0.00121"
"2OED","12","10110011011","10110011011.0","Success","0.00224"
"6WXK","12","11101100010","11101100010.0","Success","0.00108"
"4MNH","12","11011001","11011001.0","Success","0.00057"
"2ONT","12","110100010100","110100010100.0","Success","0.00195"
"3KD5","12","110010100100","110010100100.0","Success","0.00056"
"2D21","12","111101110000","111101110000.0","Success","0.0002"
"1HPZ","12","1110101110","1110101110.0","Success","0.00053"
"9NSE","12","101111011100","101111011100.0","Success","0.00058"
"6ELN","12","101100110","101100110.0","Success","0.00116"
"2NSE","12","101111010001","101111010001.0","Success","0.00059"
"8IIY","12","111001011","111001011.0","Success","0.00076"
"7Z64","12","1110101011","1110101011.0","Success","0.00067"
"4IVI","12","111011011010","111011011010.0","Success","0.00084"
"7KP0","12","1111111010","1111111010.0","Success","0.00086"
"7PYR","12","101111011111","101111011111.0","Success","0.00087"
"2QWF","12","111000111101","111000111101.0","Success","0.00084"
"1JV8","12","111001110110","111001110110.0","Success","0.00046"
"4PPF","12","10110110111","10110110111.0","Success","0.00095"
"5FRM","12","101100001110","101100001110.0","Success","0.00071"
"8GHK","12","111000011000","111000011000.0","Success","0.00044"
"6GFV","12","10110010011","10110010011.0","Success","0.00064"
"6S72","12","11101100010","11101100010.0","Success","0.00055"
"5XQ3","12","100111011010","100111011010.0","Success","0.00039"
"1SRA","12","111010011100","111010011100.0","Success","0.00141"
"9BB8","12","1101000101","1101000101.0","Success","0.00159"
"4DSN","12","111010100101","111010100101.0","Success","0.00124"
"4JVB","12","10111000111","10111000111.0","Success","0.0014"
"5DBJ","12","111100","111100.0","Success","0.00036"
"1UA3","12","101011000101","101011000101.0","Success","0.00072"
"1REU","12","110000001110","110000001110.0","Success","0.00163"
"9FWF","12","110101011101","110101011101.0","Success","0.00056"
"6LH0","12","1100000111","1100000111.0","Success","0.00097"
"2W04","12","101010111011","101010111011.0","Success","0.00051"
"3PRY","12","10010100","10010100.0","Success","0.00062"
"4MFU","12","100111111","100111111.0","Success","0.00077"
"6OGA","12","110010011100","110010011100.0","Success","0.00078"
"6B82","12","11111000111","11111000111.0","Success","0.00055"
"7VBL","12","110101011100","110101011100.0","Success","0.00024"
"8C90","12","100011110101","100011110101.0","Success","0.00035"
"4KYK","12","11011011110","11011011110.0","Success","0.00091"
"6QNN","12","11001101","11001101.0","Success","0.00086"
"4W66","12","101011110","101011110.0","Success","0.00079"
"7QSM","12","100010111110","100010111110.0","Success","0.00019"
"5H00","12","110011110110","110011110110.0","Success","0.00048"
"5QTR","12","11110111101","11110111101.0","Success","0.00061"
"7GGR","12","101001001111","101001001111.0","Success","0.00096"
"2DSR","12","10111010011","10111010011.0","Success","0.00114"
"5RAE","12","111110011","111110011.0","Success","0.00064"
"7X85","12","11101101101","11101101101.0","Success","0.00088"
"1Z9U","12","1010000100","1010000100.0","Success","0.00093"
"8FED","12","110000011101","110000011101.0","Success","0.00029"
"7Y37","12","11100001001","11100001001.0","Success","0.00207"
"3VQP","12","11001100100","11001100100.0","Success","0.00101"
"2RIC","12","100101100010","100101100010.0","Success","0.00076"
"3DLR","12","1101111000","1101111000.0","Success","0.00136"
"8OME","12","100100110110","100100110110.0","Success","0.00048"
"2GQT","12","101000100010","101000100010.0","Success","0.00105"
"7YYG","12","100100100000","100100100000.0","Success","0.00098"
"8IBR","12","1111101000","1111101000.0","Success","0.00065"
"5V91","12","111101000111","111101000111.0","Success","0.00096"
"3J4T","12","101011100111","101011100111.0","Success","0.00082"
"1RJT","12","111011110","111011110.0","Success","0.00061"
"4XHL","12","101110000000","101110000000.0","Success","0.00092"
"6AMH","12","1","1.0","Success","0.00043"
"4HW3","12","100111111110","100111111110.0","Success","0.00041"
"8ALL","12","101101111100","101101111100.0","Success","0.00042"
"5YHM","12","111110011110","111110011110.0","Success","0.0004"
"8I4L","12","10000001101","10000001101.0","Success","0.00036"
"8BGL","12","10111101010","10111101010.0","Success","0.0008"
"8G4M","12","10010100011","10010100011.0","Success","0.00034"
"7AB1","12","110100101110","110100101110.0","Success","0.00101"
"2QA7","12","101110110111","101110110111.0","Success","0.00088"
"7DQ1","12","11110101000","11110101000.0","Success","0.00055"
"8BEB","12","10111110111","10111110111.0","Success","0.00077"
"3QXQ","12","11101101100","11101101100.0","Success","0.00044"
"1MX5","12","111000100100","111000100100.0","Success","0.0003"
"3CLF","12","1001111101","1001111101.0","Success","0.0008"
"6KKB","12","110011011001","110011011001.0","Success","0.00107"
"8XRH","12","100101001011","100101001011.0","Success","0.00085"
"4G3E","12","101111000001","101111000001.0","Success","0.00063"
"6RE2","12","100011111000","100011111000.0","Success","0.0002"
"1WF9","12","101111101001","101111101001.0","Success","0.00036"
"3F4L","12","110110110101","110110110101.0","Success","0.00036"
"2EMA","12","10011001010","10011001010.0","Success","0.00054"
"6IYU","12","100001100100","100001100100.0","Success","0.00117"
"5U0U","12","11010000001","11010000001.0","Success","0.00054"
"7K6Q","12","10010011111","10010011111.0","Success","0.00048"
"6NIJ","12","101001","101001.0","Success","0.00037"
"6GEW","12","101111000000","101111000000.0","Success","0.00087"
"2RSN","12","110100001","110100001.0","Success","0.00039"
"6W7E","12","111011001","111011001.0","Success","0.00072"
"7MR1","12","100101101000","100101101000.0","Success","0.00034"
"4ZJU","12","11100110111","11100110111.0","Success","0.001"
"9CGY","12","110110010000","110110010000.0","Success","0.00057"
"5E66","12","111101000011","111101000011.0","Success","0.00071"
"3MN2","12","101010010000","101010010000.0","Success","0.00113"
"6XC9","12","110100001010","110100001010.0","Success","0.00042"
"7QZ2","12","10101101011","10101101011.0","Success","0.00106"
"2XQ3","12","101010110001","101010110001.0","Success","0.00042"
"4NB4","12","100000001001","100000001001.0","Success","0.00037"
"3JAS","12","101101110010","101101110010.0","Success","0.00023"
"2G7F","12","10010100010","10010100010.0","Success","0.00116"
"4BCO","12","10101000100","10101000100.0","Success","0.0005"
"6EJK","12","1101100000","1101100000.0","Success","0.00064"
"5MBV","12","101001100111","101001100111.0","Success","0.0003"
"1Y4D","12","10100010111","10100010111.0","Success","0.00091"
"8Y3I","12","101011101111","101011101111.0","Success","0.00035"
"1OTU","12","111111011110","111111011110.0","Success","0.00041"
"2RBW","12","111110101111","111110101111.0","Success","0.00095"
"6KRT","12","101110010011","101110010011.0","Success","0.00057"
"2E3S","12","111010000110","111010000110.0","Success","0.00113"
"7Y1K","12","110101011001","110101011001.0","Success","0.00049"
"4PDO","12","10011100101","10011100101.0","Success","0.00076"
"2MJY","12","111111000001","111111000001.0","Success","0.00049"
"7KD0","12","11011101","11011101.0","Success","0.00067"
"2BLU","12","11100000001","11100000001.0","Success","0.00115"
"7AGG","12","10011111","10011111.0","Success","0.00053"
"1QZ1","12","101001101110","101001101110.0","Success","0.001"
"8P2W","12","101010000000","101010000000.0","Success","0.0007"
"3BYD","12","110111011110","110111011110.0","Success","0.00104"
"2RGX","12","111101101100","111101101100.0","Success","0.00114"
"6MLT","12","1001010110","1001010110.0","Success","0.00069"
"7H6X","12","101011011100","101011011100.0","Success","0.00065"
"4ZE2","12","11111010001","11111010001.0","Success","0.00072"
"6WEL","12","1111010","1111010.0","Success","0.00036"
"6YAP","12","110101000110","110101000110.0","Success","0.00079"
"2BM5","12","10001010010","10001010010.0","Success","0.00088"
"1L3R","12","100101011001","100101011001.0","Success","0.0009"
"4GP6","12","100100001011","100100001011.0","Success","0.00094"
"1KHN","12","11101101010","11101101010.0","Success","0.00055"
"5GM3","12","10111000110","10111000110.0","Success","0.00081"
"1E4Y","12","1101001110","1101001110.0","Success","0.00082"
"169L","12","100000101110","100000101110.0","Success","0.00056"
"4JME","12","10010100110","10010100110.0","Success","0.00073"
"1W8X","12","10000010011","10000010011.0","Success","0.00024"
"1IP4","12","100110100100","100110100100.0","Success","0.00147"
"3NYO","12","100011011101","100011011101.0","Success","0.00052"
"8Q7F","12","100011110010","100011110010.0","Success","0.0008"
"3WJQ","12","1001111000","1001111000.0","Success","0.0009"
"1Z9H","12","10111011011","10111011011.0","Success","0.0005"
"3UIF","12","100100010010","100100010010.0","Success","0.00094"
"2DW6","12","1000010000","1000010000.0","Success","0.00044"
"8QL4","12","11001010110","11001010110.0","Success","0.00051"
"6T4H","12","1000011001","1000011001.0","Success","0.0006"
"2V83","12","1101100","1101100.0","Success","0.00109"
"1IHT","12","101100100011","101100100011.0","Success","0.001"
"8ALZ","12","11011111","11011111.0","Success","0.00037"
"5K7S","12","111110011001","111110011001.0","Success","0.00099"
"3K6V","12","110001001011","110001001011.0","Success","0.00092"
"5JY7","12","100000111101","100000111101.0","Success","0.0002"
"5R1G","12","110101111101","110101111101.0","Success","0.00071"
"2XOZ","12","101011111111","101011111111.0","Success","0.00082"
"2Q7T","12","100000110010","100000110010.0","Success","0.00073"
"5GS5","12","111010000111","111010000111.0","Success","0.00059"
"1GAR","12","100001001101","100001001101.0","Success","0.00084"
"8X95","12","11001101010","11001101010.0","Success","0.00059"
"5TTK","12","111100101000","111100101000.0","Success","0.00041"
"5GW0","12","110110011111","110110011111.0","Success","0.00053"
"3R9E","12","111000000011","111000000011.0","Success","0.00086"
"6GN8","12","110011110001","110011110001.0","Success","0.00066"
"8QYB","12","101111010011","101111010011.0","Success","0.00079"
"7MKL","12","111111101001","111111101001.0","Success","0.0003"
"6NA5","12","1110110001","1110110001.0","Success","0.00038"
"6L50","12","11100001101","11100001101.0","Success","0.00061"
"7K88","12","11111101011","11111101011.0","Success","0.00052"
"4JE7","12","111111100100","111111100100.0","Success","0.00083"
"4A5Z","12","10000110111","10000110111.0","Success","0.00067"
"8TFP","12","1101011","1101011.0","Success","0.00056"
"1AR8","12","110111100111","110111100111.0","Success","0.00057"
"5ID6","12","1000000111","1000000111.0","Success","0.00049"
"7PQ4","12","10100100011","10100100011.0","Success","0.0004"
"2IND","12","100101101001","100101101001.0","Success","0.00055"
"7W59","12","111110101010","111110101010.0","Success","0.00015"
"5SI0","12","111000111000","111000111000.0","Success","0.00049"
"4I4C","12","11010000111","11010000111.0","Success","0.00059"
"1CTT","12","111011111111","111011111111.0","Success","0.00097"
"3QFW","12","110000111011","110000111011.0","Success","0.00064"
"7XF3","12","111010100000","111010100000.0","Success","0.00085"
"6LRW","12","1111000011","1111000011.0","Success","0.00089"
"6A1K","12","101000111110","101000111110.0","Success","0.00065"
"7VL2","12","111001011101","111001011101.0","Success","0.00045"
"1E8L","12","11010101011","11010101011.0","Success","0.00022"
"6HTJ","12","11010010101","11010010101.0","Success","0.00108"
"7XPU","12","110110111001","110110111001.0","Success","0.00062"
"5U52","12","10111100","10111100.0","Success","0.00077"
"1XSD","12","1100001011","1100001011.0","Success","0.0015"
"8IWB","12","11111001011","11111001011.0","Success","0.00068"
"1FRZ","12","100100110010","100100110010.0","Success","0.00072"
"1KC5","12","11111001000","11111001000.0","Success","0.00081"
"1K03","12","100100111100","100100111100.0","Success","0.00085"
"2XKF","12","100011111100","100011111100.0","Success","0.00106"
"2PSD","12","10100110100","10100110100.0","Success","0.00094"
"7R7H","12","10000111101","10000111101.0","Success","0.00069"
"8KGA","12","1001","1001.0","Success","0.00075"
"6BLG","12","111111110010","111111110010.0","Success","0.00086"
"3R41","12","100110110001","100110110001.0","Success","0.00066"
"8SLW","12","110111001","110111001.0","Success","0.00028"
"2O6E","12","11000111110","11000111110.0","Success","0.00094"
"1R7A","12","10101010011","10101010011.0","Success","0.00054"
"1UOU","12","10010000111","10010000111.0","Success","0.0008"
"6AI3","12","11011110000","11011110000.0","Success","0.00064"
"6NMN","12","1011100000","1011100000.0","Success","0.00074"
"2GD4","12","100000000101","100000000101.0","Success","0.00045"
"2GKS","12","100001001001","100001001001.0","Success","0.00052"
"4P4X","12","100001001010","100001001010.0","Success","0.00136"
"6HH9","12","1111000110","1111000110.0","Success","0.00043"
"1BGK","12","100000111010","100000111010.0","Success","0.00072"
"4LOQ","12","101100101000","101100101000.0","Success","0.00043"
"3SMQ","12","110110111011","110110111011.0","Success","0.00099"
"5RWK","12","10100100","10100100.0","Success","0.00075"
"4XCA","12","1000101011","1000101011.0","Success","0.00051"
"8OXE","12","100000110011","100000110011.0","Success","0.00101"
"2WAS","12","101110110100","101110110100.0","Success","0.00065"
"7WNA","12","101110110111","101110110111.0","Success","0.00066"
"4YTF","12","100110101100","100110101100.0","Success","0.00098"
"4FNS","12","10100001100","10100001100.0","Success","0.00032"
"3IKM","12","1000101010","1000101010.0","Success","0.00028"
"9EK6","12","11010000111","11010000111.0","Success","0.00041"
"8A0U","12","1101000110","1101000110.0","Success","0.00059"
"4K0V","12","101010101","101010101.0","Success","0.00061"
"8ZMN","12","1011100011","1011100011.0","Success","0.00124"
"7K74","12","111001110001","111001110001.0","Success","0.00047"
"5EKG","12","100111110101","100111110101.0","Success","0.0008"
"4NEI","12","11111010011","11111010011.0","Success","0.00044"
"1GN0","12","110101100101","110101100101.0","Success","0.00163"
"6KY0","12","10101011010","10101011010.0","Success","0.00074"
"8TKB","12","11001000","11001000.0","Success","0.00131"
"5W7E","12","110000110","110000110.0","Success","0.0005"
"2DPF","12","110101111101","110101111101.0","Success","0.00078"
"1F6K","12","111011101000","111011101000.0","Success","0.00066"
"2XX2","12","111011101101","111011101101.0","Success","0.00057"
"7R1J","12","101100000111","101100000111.0","Success","0.00061"
"4ZZ4","12","1111000101","1111000101.0","Success","0.00152"
"6S63","12","111101000010","111101000010.0","Success","0.00103"
"6O98","12","110100101011","110100101011.0","Success","0.00079"
"8CQN","12","11011110111","11011110111.0","Success","0.00086"
"4JSY","12","101000010101","101000010101.0","Success","0.00089"
"4YXY","12","111001010100","111001010100.0","Success","0.00088"
"4NEV","12","101100001","101100001.0","Success","0.00054"
"6IBI","12","10","10.0","Success","0.00068"
"8QEG","12","1101010010","1101010010.0","Success","0.00061"
"2AZT","12","110011010110","110011010110.0","Success","0.0007"
"7NR3","12","10100010000","10100010000.0","Success","0.00089"
"9E0M","12","11010100110","11010100110.0","Success","0.0002"
"2RHJ","12","101001000011","101001000011.0","Success","0.00095"
"1O3F","12","100011100110","100011100110.0","Success","0.00111"
"9G4N","12","100000100","100000100.0","Success","0.00037"
"7KHC","12","1110010100","1110010100.0","Success","0.00027"
"2RPC","12","10000010101","10000010101.0","Success","0.00031"
"2E9C","12","1001110","1001110.0","Success","0.00081"
"4F61","12","1111110101","1111110101.0","Success","0.00027"
"2AVP","12","101011111","101011111.0","Success","0.00203"
"4AA6","12","11100000","11100000.0","Success","0.00103"
"2BO1","12","10111111011","10111111011.0","Success","0.00164"
"3KD1","12","10100010110","10100010110.0","Success","0.00056"
"1MTZ","12","10000001000","10000001000.0","Success","0.00098"
"1V2T","12","110000000101","110000000101.0","Success","0.00114"
"7PLW","12","10010100010","10010100010.0","Success","0.00046"
"6YOM","12","110110111100","110110111100.0","Success","0.00056"
"5JUY","12","101110101101","101110101101.0","Success","0.00017"
"5AO8","12","111100110000","111100110000.0","Success","0.00085"
"4DYS","12","111100111111","111100111111.0","Success","0.00045"
"7C6C","12","11010011001","11010011001.0","Success","0.00105"
"8JEV","12","10010001010","10010001010.0","Success","0.0005"
"4CYB","12","111110101","111110101.0","Success","0.00036"
"4QT5","12","111101011000","111101011000.0","Success","0.00057"
"4E2L","12","110110101001","110110101001.0","Success","0.00036"
"1XTJ","12","110001011","110001011.0","Success","0.00091"
"4E3Q","12","100010111101","100010111101.0","Success","0.00039"
"6V02","12","111101111","111101111.0","Success","0.00071"
"5CZD","12","100111011100","100111011100.0","Success","0.00086"
"1MNN","12","11110001100","11110001100.0","Success","0.00095"
"4DUR","12","10001000100","10001000100.0","Success","0.00043"
"9B7G","12","10101101001","10101101001.0","Success","0.00041"
"7RIV","12","10110101011","10110101011.0","Success","0.00099"
"2ITF","12","110101001101","110101001101.0","Success","0.00076"
"2GUP","12","10011111010","10011111010.0","Success","0.001"
"7M9J","12","11000110011","11000110011.0","Success","0.00118"
"6BNO","12","111001101101","111001101101.0","Success","0.00031"
"3BEB","12","11000011111","11000011111.0","Success","0.00091"
"8JS8","12","1111100011","1111100011.0","Success","0.00052"
"4S1J","12","10110100","10110100.0","Success","0.00093"
"2OE1","12","11110010001","11110010001.0","Success","0.00118"
"5EJW","12","11101010","11101010.0","Success","0.00191"
"6LT7","12","1111100","1111100.0","Success","0.00076"
"6R2N","12","110010101100","110010101100.0","Success","0.00045"
"1N9N","12","110011111","110011111.0","Success","0.00162"
"5OE2","12","110000100111","110000100111.0","Success","0.00054"
"6BRL","12","110000010000","110000010000.0","Success","0.00072"
"6U9N","12","111110101011","111110101011.0","Success","0.00102"
"2W5F","12","100011010110","100011010110.0","Success","0.00051"
"7YA3","12","111000011100","111000011100.0","Success","0.00061"
"4LD5","12","10001101111","10001101111.0","Success","0.00051"
"4OOM","12","10000000111","10000000111.0","Success","0.00077"
"5T1U","12","1011010000","1011010000.0","Success","0.00086"
"7LBL","12","111101010","111101010.0","Success","0.00081"
"6UQQ","12","10101010100","10101010100.0","Success","0.0005"
"2IT9","12","111101100111","111101100111.0","Success","0.00075"
"3B8E","12","1111111","1111111.0","Success","0.00036"
"6SEE","12","10010001100","10010001100.0","Success","0.00061"
"1BR5","12","11001011100","11001011100.0","Success","0.00101"
"6IWN","12","1111111","1111111.0","Success","0.00124"
"5I71","12","1010101011","1010101011.0","Success","0.00053"
"2AIX","12","1100101","1100101.0","Success","0.00101"
"1KC3","12","110110110100","110110110100.0","Success","0.00097"
"5OPV","12","110111100111","110111100111.0","Success","0.00102"
"2QF4","12","1100010110","1100010110.0","Success","0.00093"
"5RUU","12","110000000001","110000000001.0","Success","0.00091"
"8JQB","12","101000110000","101000110000.0","Success","0.00027"
"3TZS","12","101011110110","101011110110.0","Success","0.00075"
"7EO5","12","111001011111","111001011111.0","Success","0.00155"
"4RUP","12","10000101100","10000101100.0","Success","0.00108"
"2DLN","12","11101011","11101011.0","Success","0.00096"
"1ERZ","12","111010100110","111010100110.0","Success","0.00066"
"4NYH","12","11100011011","11100011011.0","Success","0.0007"
"6L2A","12","10010010110","10010010110.0","Success","0.0016"
"3IY8","12","111010000010","111010000010.0","Success","0.00052"
"3A4C","12","110100011100","110100011100.0","Success","0.00162"
"5XC7","12","1111110000","1111110000.0","Success","0.00077"
"8CME","12","101101111110","101101111110.0","Success","0.0005"
"9BOF","12","101111110001","101111110001.0","Success","0.00051"
"7JZO","12","11010000001","11010000001.0","Success","0.00122"
"5TFC","12","1111110101","1111110101.0","Success","0.00111"
"2OE4","12","10011101","10011101.0","Success","0.00131"
"3B3G","12","100010000001","100010000001.0","Success","0.00064"
"4S2Q","12","100001000","100001000.0","Success","0.00191"
"6FDJ","12","1111110100","1111110100.0","Success","0.00029"
"4CN9","12","11000111000","11000111000.0","Success","0.00059"
"2N5U","12","101001110011","101001110011.0","Success","0.00043"
"5JSP","12","11001100110","11001100110.0","Success","0.00087"
"3GLA","12","110100011011","110100011011.0","Success","0.0012"
"1JH9","12","1000010101","1000010101.0","Success","0.00092"
"8AEU","12","1101000001","1101000001.0","Success","0.00183"
"3WMM","12","111111000100","111111000100.0","Success","0.00031"
"7QRO","12","11000010001","11000010001.0","Success","0.00132"
"7QLA","12","11100110101","11100110101.0","Success","0.00057"
"1V07","12","11111110111","11111110111.0","Success","0.0016"
"6E1R","12","100001100001","100001100001.0","Success","0.00029"
"8OE2","12","1100110111","1100110111.0","Success","0.0004"
"1NCS","12","11101010","11101010.0","Success","0.00036"
"6GKG","12","111010011110","111010011110.0","Success","0.0004"
"6VVF","12","1100110011","1100110011.0","Success","0.00131"
"1LYL","12","101000000111","101000000111.0","Success","0.00044"
"3IMC","12","110100101001","110100101001.0","Success","0.00069"
"1ME7","12","1111010","1111010.0","Success","0.00087"
"6GB1","12","101100001011","101100001011.0","Success","0.00142"
"1Y1X","12","101001101000","101001101000.0","Success","0.0009"
"8DAC","12","10010000000","10010000000.0","Success","0.00161"
"3V87","12","101010101110","101010101110.0","Success","0.00116"
"1K7X","12","100110101010","100110101010.0","Success","0.00067"
"7NK5","12","100100101001","100100101001.0","Success","0.00108"
"4WSJ","12","111110000110","111110000110.0","Success","0.00041"
"3BUY","12","100001110100","100001110100.0","Success","0.00087"
"8C8K","12","1000011","1000011.0","Success","0.00042"
"2QDS","12","100000101111","100000101111.0","Success","0.00118"
"4OAA","12","101100000010","101100000010.0","Success","0.0006"
"3V6N","12","1000101010","1000101010.0","Success","0.00081"
"7LCT","12","10101010001","10101010001.0","Success","0.00098"
"7X3C","12","110101101","110101101.0","Success","0.00047"
"4AKG","12","101011101111","101011101111.0","Success","0.00023"
"2BB7","12","101011110111","101011110111.0","Success","0.00106"
"6Y6P","12","111010101111","111010101111.0","Success","0.00092"
"5AEK","12","10011","10011.0","Success","0.00029"
"3CAS","12","110111011110","110111011110.0","Success","0.00064"
"8XKE","12","110011101100","110011101100.0","Success","0.00086"
"3GH6","12","100110000000","100110000000.0","Success","0.00114"
"2J0G","12","110110110010","110110110010.0","Success","0.00046"
"1LS1","12","1000110110","1000110110.0","Success","0.00095"
"1RDG","12","111110001010","111110001010.0","Success","0.00232"
"8WNI","12","11100000101","11100000101.0","Success","0.00056"
"7BL7","12","10100000111","10100000111.0","Success","0.00033"
"5X4I","12","111000101101","111000101101.0","Success","0.00079"
"5BRM","12","1001101","1001101.0","Success","0.00053"
"4MA4","12","111110110110","111110110110.0","Success","0.00079"
"6EMP","12","111111101111","111111101111.0","Success","0.00023"
"4DI5","12","101111000011","101111000011.0","Success","0.00074"
"7LU5","12","10110101101","10110101101.0","Success","0.0002"
"8FGN","12","101010100101","101010100101.0","Success","0.00041"
"3AQD","12","10001011111","10001011111.0","Success","0.00045"
"7X88","12","10100001110","10100001110.0","Success","0.00137"
"3IKW","12","110001000010","110001000010.0","Success","0.00084"
"7GM5","12","111111001101","111111001101.0","Success","0.00069"
"1MG0","12","110010010000","110010010000.0","Success","0.00044"
"4N15","12","11101111010","11101111010.0","Success","0.00094"
"4OBP","12","10010011011","10010011011.0","Success","0.00069"
"9D34","12","1110011011","1110011011.0","Success","0.0017"
"6MEP","12","111111000001","111111000001.0","Success","0.00076"
"6K97","12","111001100000","111001100000.0","Success","0.00072"
"9AWC","12","10010010010","10010010010.0","Success","0.00111"
"2PCS","12","101011010101","101011010101.0","Success","0.00135"
"3KTV","12","111000101010","111000101010.0","Success","0.00116"
"1CMY","12","100110001101","100110001101.0","Success","0.00071"
"7T3I","12","10010111011","10010111011.0","Success","0.00029"
"2CTM","12","111001111","111001111.0","Success","0.00037"
"3MJ9","12","1101011101","1101011101.0","Success","0.00065"
"7E9L","12","111100110100","111100110100.0","Success","0.00051"
"8JYS","12","1100001111","1100001111.0","Success","0.0008"
"1V9X","12","10001111","10001111.0","Success","0.00036"
"6V0S","12","110111010010","110111010010.0","Success","0.00114"
"1AA6","12","111111111000","111111111000.0","Success","0.00065"
"5QIO","12","10000100100","10000100100.0","Success","0.00114"
"1O4C","12","111101011000","111101011000.0","Success","0.00163"
"7AAG","12","110111110010","110111110010.0","Success","0.00047"
"4RIV","12","101011011101","101011011101.0","Success","0.00098"
"1R7M","12","110110000000","110110000000.0","Success","0.00079"
"5Q7G","12","101010110","101010110.0","Success","0.00093"
"2NR9","12","111010101111","111010101111.0","Success","0.00119"
"7E3H","12","100001111110","100001111110.0","Success","0.00052"
"3B67","12","1010011000","1010011000.0","Success","0.00107"
