"PDB_ID","Bit_Length","Watermark_Embedded","Watermark_Decoded","Verification_Status","Global_CA_RMSD"
"5XOX","16","10100111110100","10100111110100.0","Success","0.00055"
"3LX3","16","111110101101100","111110101101100.0","Success","0.00143"
"6LVU","16","101001100111001","101001100111001.0","Success","0.00154"
"5TNJ","16","11101000101110","11101000101110.0","Success","0.00055"
"2O1O","16","10100010100000","10100010100000.0","Success","0.00076"
"7U82","16","1111001010101101","1111001010101101.0","Success","0.00091"
"3AGX","16","1000100101101","1000100101101.0","Success","0.0011"
"4DO6","16","1001100111111100","1001100111111100.0","Success","0.00068"
"5XBP","16","101111110111111","101111110111111.0","Success","0.00043"
"3BQX","16","1011000101001000","1011000101001000.0","Success","0.00165"
"9F8W","16","11010100011","11010100011.0","Success","0.00076"
"1Q3Y","16","110001110001","110001110001.0","Success","0.00295"
"6LRF","16","1110000011101110","1110000011101110.0","Success","0.00053"
"5HME","16","1011001111000101","1011001111000101.0","Success","0.00064"
"2IY4","16","1000111000011001","1000111000011001.0","Success","0.00032"
"5UQN","16","1000000000010100","1000000000010100.0","Success","0.00082"
"3BPM","16","1101001010101100","1101001010101100.0","Success","0.00088"
"2QHL","16","1001111111101011","1001111111101011.0","Success","0.00084"
"9DV9","16","11010011010000","11010011010000.0","Success","0.00091"
"8CUQ","16","101010110110010","101010110110010.0","Success","0.00072"
"6RGA","16","1001100100001000","1001100100001000.0","Success","0.00118"
"2CB8","16","101110101001111","101110101001111.0","Success","0.00144"
"5ACJ","16","1011111101100","1011111101100.0","Success","0.00126"
"6G86","16","110100001100100","110100001100100.0","Success","0.00071"
"4RVA","16","101101000011001","101101000011001.0","Success","0.0012"
"4E7U","16","1011100010110100","1011100010110100.0","Success","0.00192"
"6R15","16","100001010111011","100001010111011.0","Success","0.00124"
"3HBM","16","111010001000101","111010001000101.0","Success","0.00113"
"8WJC","16","101010111101110","101010111101110.0","Success","0.00095"
"3K3W","16","100110110010101","100110110010101.0","Success","0.0007"
"7QKS","16","1110111110011111","1110111110011111.0","Success","0.00057"
"6QII","16","111001110010010","111001110010010.0","Success","0.00063"
"8QWN","16","1001100010101110","1001100010101110.0","Success","0.00143"
"8RMQ","16","10001100111110","10001100111110.0","Success","0.00046"
"3HG5","16","1100011101100011","1100011101100011.0","Success","0.00071"
"8SME","16","1101100000110110","1101100000110110.0","Success","0.00151"
"5EMC","16","1110110000000000","1110110000000000.0","Success","0.00163"
"2R70","16","1011011100100110","1011011100100110.0","Success","0.0007"
"7CZO","16","1011011001011011","1011011001011011.0","Success","0.00193"
"4K22","16","1000110101011101","1000110101011101.0","Success","0.00072"
"5YQN","16","1011101100011100","1011101100011100.0","Success","0.00112"
"5UHY","16","101001100111100","101001100111100.0","Success","0.00043"
"2QO7","16","101010010100111","101010010100111.0","Success","0.00112"
"6C79","16","110101000000101","110101000000101.0","Success","0.0011"
"5YIV","16","110010000110011","110010000110011.0","Success","0.00144"
"1UHS","16","1011001010000011","1011001010000011.0","Success","0.00051"
"3ERJ","16","1100001110010","1100001110010.0","Success","0.00131"
"7RKP","16","1000011011101","1000011011101.0","Success","0.00144"
"6V1U","16","10011110110100","10011110110100.0","Success","0.00172"
"2D2I","16","1110011000000000","1110011000000000.0","Success","0.00043"
"2QEB","16","11110110101001","11110110101001.0","Success","0.00117"
"7ZP2","16","1100101010010","1100101010010.0","Success","0.00044"
"1U3I","16","1001111110010010","1001111110010010.0","Success","0.00131"
"2KLJ","16","11011001111","11011001111.0","Success","0.00045"
"7K62","16","1011101001010011","1011101001010011.0","Success","0.00105"
"2JK3","16","1110100110010","1110100110010.0","Success","0.00103"
"5D88","16","111111010100001","111111010100001.0","Success","0.00119"
"7AZB","16","11111111101000","11111111101000.0","Success","0.00119"
"1TNI","16","1000001001110010","1000001001110010.0","Success","0.00131"
"8V26","16","100011000011101","100011000011101.0","Success","0.00068"
"5QLS","16","10001100111101","10001100111101.0","Success","0.00102"
"7C61","16","10111011001","10111011001.0","Success","0.00068"
"4O1F","16","11110000010101","11110000010101.0","Success","0.0008"
"1NL0","16","1101111101101101","1101111101101101.0","Success","0.0009"
"6HKT","16","11010111111","11010111111.0","Success","0.00028"
"1DGQ","16","10011110100011","10011110100011.0","Success","0.0003"
"4LCA","16","100100001010010","100100001010010.0","Success","0.00075"
"3RNQ","16","11111001111101","11111001111101.0","Success","0.00112"
"6R72","16","1110100111101111","1110100111101111.0","Success","0.0004"
"9FE2","16","11001011101","11001011101.0","Success","0.00055"
"2YXD","16","111111100101001","111111100101001.0","Success","0.00103"
"7D6T","16","11100011100110","11100011100110.0","Success","0.00099"
"7NZV","16","1011011001000","1011011001000.0","Success","0.00122"
"5EYL","16","110110110000100","110110110000100.0","Success","0.00118"
"1S05","16","1110110000101010","1110110000101010.0","Success","0.0017"
"4DJQ","16","101011111010001","101011111010001.0","Success","0.00138"
"6A6Q","16","110001001111110","110001001111110.0","Success","0.00105"
"1JZQ","16","1100001100000100","1100001100000100.0","Success","0.00068"
"8Y9P","16","1000010111010101","1000010111010101.0","Success","0.00137"
"6VZU","16","1100000001001001","1100000001001001.0","Success","0.00048"
"6F42","16","1011110100111011","1011110100111011.0","Success","0.00026"
"9G7F","16","10100001001111","10100001001111.0","Success","0.00057"
"7LFR","16","110000001111101","110000001111101.0","Success","0.00057"
"6DY1","16","1010000101000111","1010000101000111.0","Success","0.00108"
"4LM3","16","10101001111101","10101001111101.0","Success","0.00075"
"8V4Q","16","1011101011011111","1011101011011111.0","Success","0.00072"
"4GQW","16","1001010110100000","1001010110100000.0","Success","0.00165"
"3HO4","16","100000000111","100000000111.0","Success","0.00065"
"8DKI","16","1001100111100111","1001100111100111.0","Success","0.00083"
"7Z53","16","1110010000100101","1110010000100101.0","Success","0.00028"
"3N2E","16","100001000000010","100001000000010.0","Success","0.00092"
"3UX9","16","110101000000000","110101000000000.0","Success","0.00071"
"2QUZ","16","10010111010111","10010111010111.0","Success","0.00152"
"3N0E","16","110101001111000","110101001111000.0","Success","0.00109"
"5A9G","16","1110100110100011","1110100110100011.0","Success","0.00095"
"4WRL","16","1000100001100","1000100001100.0","Success","0.00067"
"5ZWY","16","1000000010001101","1000000010001101.0","Success","0.00075"
"5YCG","16","1110010001110001","1110010001110001.0","Success","0.00159"
"1F1A","16","111101110001100","111101110001100.0","Success","0.00154"
"3V0B","16","1110110100000010","1110110100000010.0","Success","0.00039"
"7PTD","16","1101010000000010","1101010000000010.0","Success","0.00111"
"8YXI","16","1001100001010001","1001100001010001.0","Success","0.00069"
"6ETF","16","111111000100011","111111000100011.0","Success","0.00092"
"3SRU","16","11101110111001","11101110111001.0","Success","0.00156"
"7Z0L","16","1101000110010","1101000110010.0","Success","0.00065"
"4NUW","16","1011011111001100","1011011111001100.0","Success","0.00092"
"8R48","16","111010100011110","111010100011110.0","Success","0.00068"
"1PSQ","16","1101011011101011","1101011011101011.0","Success","0.00108"
"4CT5","16","10010001010001","10010001010001.0","Success","0.00071"
"8B6S","16","1000010111011000","1000010111011000.0","Success","0.0006"
"2CLP","16","10011101101100","10011101101100.0","Success","0.00032"
"1JK7","16","111010010001000","111010010001000.0","Success","0.00111"
"9CDB","16","10111100111110","10111100111110.0","Success","0.00033"
"6CK0","16","111101011111","111101011111.0","Success","0.00094"
"5CRV","16","1101010100000111","1101010100000111.0","Success","0.00071"
"4WPX","16","100100101001101","100100101001101.0","Success","0.00072"
"6KK0","16","10101100001110","10101100001110.0","Success","0.00076"
"3NFZ","16","1011111110110110","1011111110110110.0","Success","0.00108"
"9EJN","16","1011111011011011","1011111011011011.0","Success","0.00032"
"8GC7","16","110010110011110","110010110011110.0","Success","0.00119"
"7TAF","16","11111111011000","11111111011000.0","Success","0.00068"
"5D17","16","11010000001010","11010000001010.0","Success","0.00042"
"8E5S","16","1101011010000","1101011010000.0","Success","0.00098"
"8QN1","16","1100111100011100","1100111100011100.0","Success","0.0005"
"5M2A","16","1101101001000100","1101101001000100.0","Success","0.00073"
"9BW2","16","10001101011101","10001101011101.0","Success","0.00098"
"3VQT","16","101110111100000","101110111100000.0","Success","0.00043"
"4WVX","16","10011101110110","10011101110110.0","Success","0.00078"
"8OHC","16","1101111000001111","1101111000001111.0","Success","0.0011"
"4HZY","16","1111010110100000","1111010110100000.0","Success","0.00098"
"1BIL","16","101101100001101","101101100001101.0","Success","0.00075"
"8JVS","16","1101100111110001","1101100111110001.0","Success","0.00276"
"6Z6R","16","111001000101101","111001000101101.0","Success","0.00091"
"8UB8","16","1100011101001101","1100011101001101.0","Success","0.00065"
"6SY4","16","101010110000","101010110000.0","Success","0.00102"
"6K7P","16","1111000100000","1111000100000.0","Success","0.00135"
"2YEP","16","11010011000000","11010011000000.0","Success","0.00051"
"6NYL","16","1001110000000001","1001110000000001.0","Success","0.00021"
"7NYA","16","100101000010000","100101000010000.0","Success","0.00072"
"5KN4","16","1011111100101100","1011111100101100.0","Success","0.00078"
"1T7X","16","1111000010000011","1111000010000011.0","Success","0.00117"
"5D5W","16","11000000","11000000.0","Success","0.00199"
"7K5T","16","1100011111001100","1100011111001100.0","Success","0.0008"
"1XEZ","16","1111100000000011","1111100000000011.0","Success","0.00074"
"1LMJ","16","100100000001010","100100000001010.0","Success","0.00042"
"8BYK","16","1101000110000","1101000110000.0","Success","0.00092"
"6IMU","16","1111010111100100","1111010111100100.0","Success","0.00061"
"9E6L","16","1010101111111001","1010101111111001.0","Success","0.00041"
"4PC2","16","10001011000111","10001011000111.0","Success","0.00052"
"6BSC","16","1101000000101","1101000000101.0","Success","0.00182"
"6CWA","16","1011110001010011","1011110001010011.0","Success","0.00083"
"4GL2","16","1000010011111011","1000010011111011.0","Success","0.00054"
"7D2U","16","1010010010110001","1010010010110001.0","Success","0.00099"
"1JDA","16","1110111010111010","1110111010111010.0","Success","0.00093"
"4F0E","16","1000001101110100","1000001101110100.0","Success","0.00069"
"7HGL","16","1110101001110011","1110101001110011.0","Success","0.00122"
"1CRQ","16","11101010","11101010.0","Success","0.00149"
"6ZWC","16","1111010100110","1111010100110.0","Success","0.00059"
"6UWO","16","100101000101110","100101000101110.0","Success","0.00124"
"5FU4","16","1001100111100101","1001100111100101.0","Success","0.00147"
"1D6I","16","110111100110000","110111100110000.0","Success","0.0007"
"3EXV","16","1101101111111","1101101111111.0","Success","0.00133"
"2VMY","16","1010000001000000","1010000001000000.0","Success","0.00067"
"4MVL","16","111000110011010","111000110011010.0","Success","0.00071"
"2WBT","16","11111110010010","11111110010010.0","Success","0.00126"
"8SND","16","10110010","10110010.0","Success","0.00071"
"3CMU","16","1101000100110101","1101000100110101.0","Success","0.00044"
"1KD1","16","101110110011000","101110110011000.0","Success","0.00032"
"6WMQ","16","1011111101111101","1011111101111101.0","Success","0.00092"
"9B20","16","1010101011010001","1010101011010001.0","Success","0.00095"
"6R2E","16","1101100000010111","1101100000010111.0","Success","0.00042"
"5RTR","16","1010010011101001","1010010011101001.0","Success","0.00105"
"6CMS","16","100100000111100","100100000111100.0","Success","0.00086"
"2IV1","16","1010111100011001","1010111100011001.0","Success","0.00049"
"4NNK","16","1111100110101010","1111100110101010.0","Success","0.00152"
"4PSM","16","1100011011000010","1100011011000010.0","Success","0.00083"
"8QEN","16","1001010110011000","1001010110011000.0","Success","0.00039"
"6LM2","16","1100011101100011","1100011101100011.0","Success","0.00147"
"4DNJ","16","1001001111000010","1001001111000010.0","Success","0.00097"
"6Q0B","16","100100111110101","100100111110101.0","Success","0.00057"
"7KXG","16","101111110111101","101111110111101.0","Success","0.00046"
"7UJ4","16","1001110000101111","1001110000101111.0","Success","0.00065"
"6Y1G","16","100001101000100","100001101000100.0","Success","0.00064"
"3UOV","16","1011111101011001","1011111101011001.0","Success","0.00059"
"6QTM","16","110001110100100","110001110100100.0","Success","0.00104"
"1EA9","16","100101000101110","100101000101110.0","Success","0.00056"
"3PCX","16","11011110011011","11011110011011.0","Success","0.00123"
"6B3M","16","100001011101011","100001011101011.0","Success","0.00026"
"6XB0","16","1100111011111010","1100111011111010.0","Success","0.00108"
"9HNN","16","101100000111000","101100000111000.0","Success","0.00085"
"5XUB","16","11010001010","11010001010.0","Success","0.00114"
"4NGE","16","111110100010010","111110100010010.0","Success","0.00043"
"1RMQ","16","1111101111001000","1111101111001000.0","Success","0.00096"
"6FKB","16","1010000010000110","1010000010000110.0","Success","0.00106"
"5Y39","16","1010110001101111","1010110001101111.0","Success","0.00065"
"7DHB","16","100001011001","100001011001.0","Success","0.00202"
"1S2H","16","1001001010111011","1001001010111011.0","Success","0.00133"
"2DFX","16","1010110011101000","1010110011101000.0","Success","0.00139"
"5I8W","16","1111010100111001","1111010100111001.0","Success","0.0012"
"5CY8","16","1001011000001110","1001011000001110.0","Success","0.00145"
"5ZQI","16","101001101111100","101001101111100.0","Success","0.00132"
"2BAW","16","111110010100001","111110010100001.0","Success","0.00086"
"7MYV","16","1011001110111","1011001110111.0","Success","0.00087"
"7M3M","16","110011011101","110011011101.0","Success","0.00085"
"7OYO","16","101100111100001","101100111100001.0","Success","0.00121"
"1TLM","16","1001001101001000","1001001101001000.0","Success","0.00123"
"2C01","16","1110010111100101","1110010111100101.0","Success","0.00165"
"8Z6G","16","1001011000000111","1001011000000111.0","Success","0.00071"
"4D6C","16","100011100011110","100011100011110.0","Success","0.00078"
"5HPJ","16","1011100001000111","1011100001000111.0","Success","0.00128"
"1R2D","16","101100110101001","101100110101001.0","Success","0.00165"
"5SYL","16","1111111000001110","1111111000001110.0","Success","0.00052"
"5OMC","16","111011111001100","111011111001100.0","Success","0.00094"
"5W43","16","101011101111101","101011101111101.0","Success","0.00098"
"4OLI","16","1001011101111000","1001011101111000.0","Success","0.00084"
"3JX3","16","1100110011110011","1100110011110011.0","Success","0.00067"
"3CHL","16","110001011101100","110001011101100.0","Success","0.00109"
"1XJG","16","1110001000100100","1110001000100100.0","Success","0.00056"
"5ZA2","16","1001101101000011","1001101101000011.0","Success","0.00072"
"6F0H","16","110010110110111","110010110110111.0","Success","0.00102"
"4J9R","16","10100110110111","10100110110111.0","Success","0.00093"
"4XQN","16","11011000110","11011000110.0","Success","0.00094"
"3KLW","16","101101011101111","101101011101111.0","Success","0.00145"
"7K8S","16","11101110000","11101110000.0","Success","0.00032"
"1YDA","16","1111000010000101","1111000010000101.0","Success","0.00122"
"2Z76","16","1001110110011100","1001110110011100.0","Success","0.00119"
"5IO8","16","1000000110101100","1000000110101100.0","Success","0.00134"
"7FBT","16","11100100010001","11100100010001.0","Success","0.0011"
"5FQ7","16","11001001100110","11001001100110.0","Success","0.00033"
"1KB4","16","100101111111010","100101111111010.0","Success","0.00139"
"2RIW","16","11010111011101","11010111011101.0","Success","0.001"
"1QJW","16","1101101010111111","1101101010111111.0","Success","0.00072"
"2P5Z","16","1100010001011100","1100010001011100.0","Success","0.00101"
"5VCP","16","1011111001010000","1011111001010000.0","Success","0.00077"
"8WHA","16","10001100111111","10001100111111.0","Success","0.0005"
"7M1D","16","1011100001111001","1011100001111001.0","Success","0.00062"
"3EP0","16","11010001111000","11010001111000.0","Success","0.00128"
"7PF8","16","100100110110100","100100110110100.0","Success","0.00142"
"6RJD","16","1000100001000010","1000100001000010.0","Success","0.00068"
"2YX1","16","10101111011100","10101111011100.0","Success","0.00079"
"9F7Y","16","1100000101110100","1100000101110100.0","Success","0.00107"
"4Y7R","16","110001111010","110001111010.0","Success","0.00111"
"8J8T","16","1000110011111000","1000110011111000.0","Success","0.00129"
"2NXN","16","111111010000111","111111010000111.0","Success","0.00098"
"2P9H","16","100101111010011","100101111010011.0","Success","0.00082"
"3OTD","16","1000011001001010","1000011001001010.0","Success","0.00087"
"5WL3","16","1010011010100100","1010011010100100.0","Success","0.00067"
"1Q06","16","11101111111011","11101111111011.0","Success","0.00123"
"2JLG","16","1000001111001010","1000001111001010.0","Success","0.00043"
"2JGV","16","1001001010100001","1001001010100001.0","Success","0.00055"
"1O0Q","16","10111101101011","10111101101011.0","Success","0.00093"
"2QHE","16","1111011101001011","1111011101001011.0","Success","0.00172"
"3BKW","16","1110000001101101","1110000001101101.0","Success","0.00094"
"6ZRP","16","1011101001011011","1011101001011011.0","Success","0.0006"
"8UL7","16","110110100000111","110110100000111.0","Success","0.00103"
"2D6O","16","1100101001000101","1100101001000101.0","Success","0.00158"
"8TB5","16","1011100101111001","1011100101111001.0","Success","0.00083"
"6VEQ","16","1101110101100111","1101110101100111.0","Success","0.00057"
"3J1A","16","1101111000110000","1101111000110000.0","Success","0.00064"
"6HQB","16","1010001001111010","1010001001111010.0","Success","0.00041"
"2W87","16","1011011101100100","1011011101100100.0","Success","0.00115"
"7VXH","16","1110011010010111","1110011010010111.0","Success","0.0007"
"8RE4","16","11101010010111","11101010010111.0","Success","0.00032"
"8ISC","16","101001001010100","101001001010100.0","Success","0.00054"
"8ZBC","16","100111010110011","100111010110011.0","Success","0.00052"
"5R1R","16","110010000001100","110010000001100.0","Success","0.00041"
"7C8X","16","111111111011","111111111011.0","Success","0.00076"
"6FPL","16","1100001001100110","1100001001100110.0","Success","0.00135"
"7PZC","16","11000110000111","11000110000111.0","Success","0.0002"
"7BWF","16","1101100001000111","1101100001000111.0","Success","0.00103"
"1YIN","16","11000110101110","11000110101110.0","Success","0.00124"
"1Q4L","16","111100111100001","111100111100001.0","Success","0.00074"
"7K0F","16","101001011000011","101001011000011.0","Success","0.00078"
"3R8W","16","1000101000111011","1000101000111011.0","Success","0.00052"
"1RSE","16","111111101110011","111111101110011.0","Success","0.00154"
"3E62","16","100100101011001","100100101011001.0","Success","0.00115"
"8G5S","16","1101000100101101","1101000100101101.0","Success","0.00074"
"3F63","16","100010110110101","100010110110101.0","Success","0.00095"
"1I72","16","1000001100101000","1000001100101000.0","Success","0.00109"
"5IPF","16","101000011011100","101000011011100.0","Success","0.0007"
"4E0D","16","11011011011111","11011011011111.0","Success","0.0008"
"7XZ1","16","1000000001010110","1000000001010110.0","Success","0.00069"
"6R4J","16","1110100011110001","1110100011110001.0","Success","0.00055"
"2Q76","16","110100110111000","110100110111000.0","Success","0.00066"
"5XJ8","16","1011111001001","1011111001001.0","Success","0.00097"
"4Q3L","16","1101111010100001","1101111010100001.0","Success","0.00041"
"3AMY","16","101101011111100","101101011111100.0","Success","0.00107"
"5N4L","16","110001101111","110001101111.0","Success","0.00043"
"3OI8","16","1010000000000","1010000000000.0","Success","0.00112"
"8RGK","16","1111111010000101","1111111010000101.0","Success","0.00055"
"6PWP","16","1001000010100000","1001000010100000.0","Success","0.00044"
"3GP8","16","1011000111101011","1011000111101011.0","Success","0.00082"
"1FDD","16","111110101010011","111110101010011.0","Success","0.00189"
"3S7P","16","1001001010010011","1001001010010011.0","Success","0.00108"
"2QYO","16","10110001001110","10110001001110.0","Success","0.00072"
"3VWO","16","101010111000000","101010111000000.0","Success","0.00161"
"6H19","16","1001101011","1001101011.0","Success","0.00085"
"2KKT","16","1010011001110","1010011001110.0","Success","0.0006"
"8PF2","16","101111100101","101111100101.0","Success","0.00105"
"3AU8","16","1111100111100110","1111100111100110.0","Success","0.00068"
"5GI7","16","101100011001011","101100011001011.0","Success","0.00133"
"3FQA","16","1010100011111111","1010100011111111.0","Success","0.00065"
"3ALW","16","1001101010110001","1001101010110001.0","Success","0.00084"
"8HI7","16","100101110001010","100101110001010.0","Success","0.0008"
"1UYD","16","1101101101010110","1101101101010110.0","Success","0.0013"
"7KFH","16","100110001101001","100110001101001.0","Success","0.00046"
"7PV1","16","11010000011111","11010000011111.0","Success","0.00082"
"7ZVX","16","1101110010101010","1101110010101010.0","Success","0.00077"
"1X1F","16","1001100101101101","1001100101101101.0","Success","0.00036"
"7UE4","16","11011010000100","11011010000100.0","Success","0.00104"
"4ACL","16","1001000111110011","1001000111110011.0","Success","0.0011"
"6NN7","16","1000000100011011","1000000100011011.0","Success","0.00032"
"7JGV","16","110111101111110","110111101111110.0","Success","0.00115"
"6TOT","16","110011101100000","110011101100000.0","Success","0.00077"
"4TZK","16","110111011001011","110111011001011.0","Success","0.0012"
"3HSQ","16","111001100101","111001100101.0","Success","0.00068"
"2KFZ","16","11111101101000","11111101101000.0","Success","0.0008"
"2P85","16","100100011011","100100011011.0","Success","0.00037"
"8DIH","16","1101111100111","1101111100111.0","Success","0.0011"
"1ZXC","16","1110010110011001","1110010110011001.0","Success","0.00081"
"8TKL","16","11001110100111","11001110100111.0","Success","0.00078"
"9AW2","16","111101100100101","111101100100101.0","Success","0.00129"
"2NNH","16","1111010110001100","1111010110001100.0","Success","0.00063"
"4DGX","16","1000100100011100","1000100100011100.0","Success","0.00083"
"2JMD","16","1101101001100","1101101001100.0","Success","0.00034"
"1Y0T","16","1011101110110111","1011101110110111.0","Success","0.0008"
"5A8F","16","1010111111110011","1010111111110011.0","Success","0.00073"
"4F9C","16","1001110000100110","1001110000100110.0","Success","0.00097"
"2PZV","16","11010110100000","11010110100000.0","Success","0.00084"
"8SXO","16","10110000100101","10110000100101.0","Success","0.00112"
"8W0L","16","11100100001111","11100100001111.0","Success","0.00044"
"2Z2T","16","1100100000100","1100100000100.0","Success","0.00131"
"5Q3F","16","1110000010011111","1110000010011111.0","Success","0.00104"
"3P4V","16","101001010011","101001010011.0","Success","0.00121"
"1P6O","16","1111000110110110","1111000110110110.0","Success","0.00107"
"3ENT","16","10001100000010","10001100000010.0","Success","0.00125"
"5JW6","16","1011001110110111","1011001110110111.0","Success","0.00069"
"3EGX","16","111100010000011","111100010000011.0","Success","0.00049"
"8C84","16","111011000101010","111011000101010.0","Success","0.00145"
"7W1W","16","1101110110011011","1101110110011011.0","Success","0.00078"
"6NG3","16","1001111011000001","1001111011000001.0","Success","0.00133"
"5Z9X","16","1110111001101011","1110111001101011.0","Success","0.00114"
"9IR6","16","1000110111111111","1000110111111111.0","Success","0.00063"
"1Q8M","16","11101110010011","11101110010011.0","Success","0.00088"
"6UAR","16","100110110010010","100110110010010.0","Success","0.00125"
"8XI5","16","1000011101000101","1000011101000101.0","Success","0.0003"
"4FS4","16","11101010111010","11101010111010.0","Success","0.00069"
"7BCA","16","10110001100011","10110001100011.0","Success","0.00142"
"5ZFK","16","1011110101","1011110101.0","Success","0.00072"
"244L","16","10111011101011","10111011101011.0","Success","0.00153"
"3UU5","16","110110110110101","110110110110101.0","Success","0.00049"
"6EUH","16","1011101001110110","1011101001110110.0","Success","0.00059"
"4ZGY","16","1110101100111011","1110101100111011.0","Success","0.00085"
"8K9T","16","1011000000100000","1011000000100000.0","Success","0.00062"
"6RU5","16","11111110111001","11111110111001.0","Success","0.00046"
"8ZI5","16","101111001100","101111001100.0","Success","0.00055"
"4HFD","16","1101011000111101","1101011000111101.0","Success","0.00049"
"4N96","16","1101111110101100","1101111110101100.0","Success","0.00072"
"5J1V","16","1110101100100001","1110101100100001.0","Success","0.00061"
"1G0O","16","110000100111100","110000100111100.0","Success","0.00058"
"7KT5","16","1100100101000101","1100100101000101.0","Success","0.00106"
"4Y7N","16","1111100110101001","1111100110101001.0","Success","0.00032"
"7XM7","16","1111100000111100","1111100000111100.0","Success","0.00089"
"2C70","16","1101000011011101","1101000011011101.0","Success","0.00062"
"6JID","16","1101111110011001","1101111110011001.0","Success","0.0008"
"5Z74","16","1001011001100001","1001011001100001.0","Success","0.00067"
"1ZL3","16","11011101010011","11011101010011.0","Success","0.00112"
"7WWY","16","1000001101000","1000001101000.0","Success","0.00114"
"2KFN","16","110100000100110","110100000100110.0","Success","0.00079"
"1CW1","16","1000110100111100","1000110100111100.0","Success","0.00094"
"8Q3C","16","1010001100100101","1010001100100101.0","Success","0.00056"
"6JUS","16","1011100011011110","1011100011011110.0","Success","0.00072"
"1A8S","16","101100001001111","101100001001111.0","Success","0.00116"
"9BV2","16","1000011011000011","1000011011000011.0","Success","0.00019"
"4XKY","16","1101001110000010","1101001110000010.0","Success","0.00056"
"4P52","16","10110010010","10110010010.0","Success","0.0011"
"7R9K","16","1111010110111001","1111010110111001.0","Success","0.00086"
"3GNY","16","1011101001110001","1011101001110001.0","Success","0.00251"
"8PK3","16","101100110001110","101100110001110.0","Success","0.00046"
"4UFB","16","101010110110110","101010110110110.0","Success","0.00039"
"1IK3","16","1101100001101101","1101100001101101.0","Success","0.00065"
"8Y80","16","101100110110010","101100110110010.0","Success","0.00031"
"5AW0","16","1011000111010100","1011000111010100.0","Success","0.00055"
"7KU0","16","1100111011101011","1100111011101011.0","Success","0.00124"
"1HJD","16","111111101100011","111111101100011.0","Success","0.00042"
"2IWU","16","1101010000001000","1101010000001000.0","Success","0.00132"
"3F19","16","110100010100001","110100010100001.0","Success","0.00156"
"6Z6H","16","1111111110100011","1111111110100011.0","Success","0.00028"
"1N4N","16","111001001101100","111001001101100.0","Success","0.00064"
"1X80","16","1110000011000000","1110000011000000.0","Success","0.00071"
"5ORY","16","1100110111101100","1100110111101100.0","Success","0.00117"
"4B1Y","16","1101110011110111","1101110011110111.0","Success","0.00092"
"6VZ0","16","100001011100","100001011100.0","Success","0.00158"
"6UVI","16","101111111011100","101111111011100.0","Success","0.00109"
"1KHJ","16","1110111100010","1110111100010.0","Success","0.00065"
"6OA9","16","111101101000101","111101101000101.0","Success","0.00033"
"4ZGR","16","1000101111010001","1000101111010001.0","Success","0.00083"
"3S6O","16","1101110101110000","1101110101110000.0","Success","0.00055"
"3NHP","16","1110001100000110","1110001100000110.0","Success","0.00089"
"6RQ9","16","11111011011110","11111011011110.0","Success","0.00099"
"7MWB","16","100111001100010","100111001100010.0","Success","0.00048"
"8EHB","16","101011110101011","101011110101011.0","Success","0.0008"
"2MXA","16","1111101001010101","1111101001010101.0","Success","0.00055"
"8UG4","16","11011011101101","11011011101101.0","Success","0.00061"
"5DBH","16","1010000001100001","1010000001100001.0","Success","0.0011"
"3FRS","16","1011000011010110","1011000011010110.0","Success","0.00145"
"4YW1","16","1100100000110101","1100100000110101.0","Success","0.00054"
"4KXO","16","1010100010111101","1010100010111101.0","Success","0.00117"
"3IJG","16","1101100000101000","1101100000101000.0","Success","0.00107"
"6G3N","16","1110011111011","1110011111011.0","Success","0.00065"
"6MM8","16","1011010101011","1011010101011.0","Success","0.00083"
"6CRZ","16","100010011001","100010011001.0","Success","0.00034"
"8KBY","16","1111011001111101","1111011001111101.0","Success","0.00066"
"1AUX","16","100101010100010","100101010100010.0","Success","0.00079"
"3O0X","16","1100111101111001","1100111101111001.0","Success","0.00085"
"6OHU","16","101000110011111","101000110011111.0","Success","0.00077"
"1GF7","16","1000100100001101","1000100100001101.0","Success","0.00167"
"5F4Z","16","101011110011","101011110011.0","Success","0.00043"
"3FCT","16","111110010001111","111110010001111.0","Success","0.00066"
"7EA0","16","1001010110110","1001010110110.0","Success","0.00105"
"7TIK","16","1100010110010101","1100010110010101.0","Success","0.00102"
"7MY5","16","1100010111101000","1100010111101000.0","Success","0.00146"
"3SAF","16","1111111010110010","1111111010110010.0","Success","0.00072"
"1S18","16","1000111001101010","1000111001101010.0","Success","0.00076"
"7E1A","16","101111010011011","101111010011011.0","Success","0.00056"
"3AYR","16","1011101010001101","1011101010001101.0","Success","0.001"
"4ZT2","16","1000101111011010","1000101111011010.0","Success","0.0006"
"2GFF","16","100010001110001","100010001110001.0","Success","0.00142"
"7LDA","16","1100010111000010","1100010111000010.0","Success","0.0009"
"4LP9","16","11001100101001","11001100101001.0","Success","0.00106"
"3KHK","16","1100101000010001","1100101000010001.0","Success","0.00062"
"8J6Z","16","111001100101011","111001100101011.0","Success","0.00031"
"8E3K","16","1111111001110010","1111111001110010.0","Success","0.00199"
"8EHV","16","1000000010000100","1000000010000100.0","Success","0.00079"
"6WV1","16","11111100000110","11111100000110.0","Success","0.0006"
"1LOE","16","101100001010110","101100001010110.0","Success","0.00094"
"4XQ8","16","110010010111101","110010010111101.0","Success","0.00087"
"2YM0","16","1110101111001","1110101111001.0","Success","0.00098"
"2DLM","16","1110000001111001","1110000001111001.0","Success","0.00052"
"4ZUV","16","1001001010001011","1001001010001011.0","Success","0.00072"
"6HTI","16","1010011100001","1010011100001.0","Success","0.00048"
"7FGQ","16","100110011010111","100110011010111.0","Success","0.00144"
"2CJB","16","1101100101001001","1101100101001001.0","Success","0.00063"
"4GMB","16","1100100101001100","1100100101001100.0","Success","0.00111"
"2BKF","16","101101000000010","101101000000010.0","Success","0.00204"
"6IM4","16","100100001110111","100100001110111.0","Success","0.0007"
"5WQL","16","1110010100001","1110010100001.0","Success","0.00046"
"5CZJ","16","101011100011111","101011100011111.0","Success","0.00077"
"4QM0","16","1101010010001101","1101010010001101.0","Success","0.00089"
"4LN6","16","1110111101011101","1110111101011101.0","Success","0.00035"
"8I71","16","1011001011010111","1011001011010111.0","Success","0.00063"
"3PP1","16","1001110110101000","1001110110101000.0","Success","0.00114"
"1ZW3","16","11110111010100","11110111010100.0","Success","0.00117"
"7E06","16","101110101111000","101110101111000.0","Success","0.00083"
"7VWZ","16","111000101101","111000101101.0","Success","0.0003"
"3CFR","16","100111110100001","100111110100001.0","Success","0.00064"
"3NEC","16","111110111010","111110111010.0","Success","0.00073"
"5YX6","16","11001101100001","11001101100001.0","Success","0.00051"
"3S2Q","16","100101111110","100101111110.0","Success","0.00172"
"1C5E","16","111001100100","111001100100.0","Success","0.00118"
"7GAV","16","10100100010001","10100100010001.0","Success","0.00077"
"5J0H","16","1100011011011111","1100011011011111.0","Success","0.00158"
"1GSL","16","1011101111011010","1011101111011010.0","Success","0.00125"
"1FV2","16","111000100010101","111000100010101.0","Success","0.00088"
"8EF3","16","1000111010001001","1000111010001001.0","Success","0.00067"
"5D6M","16","1011110010111111","1011110010111111.0","Success","0.00113"
"8FSV","16","100010010110101","100010010110101.0","Success","0.00173"
"4RZ5","16","100000001001101","100000001001101.0","Success","0.00077"
"3VF9","16","101011100010011","101011100010011.0","Success","0.00119"
"3JRW","16","1111011110100010","1111011110100010.0","Success","0.00085"
"5PG0","16","1011100110100111","1011100110100111.0","Success","0.00184"
"8ZI7","16","1110101011101101","1110101011101101.0","Success","0.00095"
"6L5S","16","1011111101101111","1011111101101111.0","Success","0.00091"
"6FHU","16","11110101010111","11110101010111.0","Success","0.00134"
"4Q6T","16","1000110010110110","1000110010110110.0","Success","0.00103"
"5JR4","16","101010111111010","101010111111010.0","Success","0.00112"
"1RML","16","1101010011110001","1101010011110001.0","Success","0.00033"
"6AHQ","16","1110111111100011","1110111111100011.0","Success","0.00042"
"4OCM","16","1110101000110101","1110101000110101.0","Success","0.00063"
"7RXS","16","100000010010","100000010010.0","Success","0.00175"
"1GM6","16","1101010011110110","1101010011110110.0","Success","0.00152"
"5Z4J","16","100111100001010","100111100001010.0","Success","0.00105"
"3W0F","16","1101011010000","1101011010000.0","Success","0.00124"
"1L95","16","1010001100010","1010001100010.0","Success","0.00152"
"9H8J","16","10101100100","10101100100.0","Success","0.00062"
"4U7L","16","111100110001010","111100110001010.0","Success","0.0009"
"4E7A","16","1000010000101000","1000010000101000.0","Success","0.00084"
"1JKA","16","1011000001000001","1011000001000001.0","Success","0.00169"
"6Y20","16","1011000011100001","1011000011100001.0","Success","0.00088"
"1YBJ","16","1110000011101","1110000011101.0","Success","0.00047"
"7GK9","16","1010100000101011","1010100000101011.0","Success","0.00079"
"8R9Y","16","1001110101001","1001110101001.0","Success","0.00063"
"3DXG","16","1101111110001011","1101111110001011.0","Success","0.00122"
"8IKR","16","11010011111110","11010011111110.0","Success","0.00101"
"7JQD","16","11010011000010","11010011000010.0","Success","0.0017"
"3KKZ","16","10110110001110","10110110001110.0","Success","0.00088"
"1D4E","16","1001101001110","1001101001110.0","Success","0.00081"
"5Q0U","16","1001111000101110","1001111000101110.0","Success","0.0009"
"5D47","16","110011000111001","110011000111001.0","Success","0.00168"
"4J9X","16","1101000100100010","1101000100100010.0","Success","0.00077"
"7XP4","16","1111110011111100","1111110011111100.0","Success","0.00059"
"3TUI","16","1001010110001001","1001010110001001.0","Success","0.00042"
"2YZK","16","1011011010","1011011010.0","Success","0.00075"
"4MN5","16","11111000011111","11111000011111.0","Success","0.0014"
"5L7V","16","10011101111010","10011101111010.0","Success","0.00057"
"2XE0","16","1111001010100100","1111001010100100.0","Success","0.00113"
"5VKJ","16","1011111001100101","1011111001100101.0","Success","0.00107"
"4G1B","16","1001100001011000","1001100001011000.0","Success","0.00049"
"4EGA","16","101010101101100","101010101101100.0","Success","0.0006"
"9LW9","16","101110010011001","101110010011001.0","Success","0.00058"
"6FYB","16","1000010011110001","1000010011110001.0","Success","0.00044"
"7WWZ","16","11110001100111","11110001100111.0","Success","0.00171"
"5HCI","16","1111100110011101","1111100110011101.0","Success","0.0005"
"8UVH","16","1010001010010010","1010001010010010.0","Success","0.00065"
"7RCW","16","10101101101000","10101101101000.0","Success","0.00067"
"7WHC","16","1010110011010010","1010110011010010.0","Success","0.00072"
"7GO0","16","1010101111111","1010101111111.0","Success","0.00099"
"2Z46","16","1011010101000111","1011010101000111.0","Success","0.00075"
"5T7C","16","110100010110101","110100010110101.0","Success","0.00045"
"8XLS","16","101011011110011","101011011110011.0","Success","0.00034"
"5MGL","16","1100000111101101","1100000111101101.0","Success","0.00193"
"7KDL","16","1100000011101111","1100000011101111.0","Success","0.00036"
"8D7W","16","110110011000010","110110011000010.0","Success","0.0005"
"5IZ5","16","1010011001101","1010011001101.0","Success","0.00049"
"8QV8","16","1110110101010001","1110110101010001.0","Success","0.00094"
"3DGZ","16","1110000111001110","1110000111001110.0","Success","0.00088"
"3LCN","16","1111111100001101","1111111100001101.0","Success","0.00123"
"2LUP","16","1110011100100110","1110011100100110.0","Success","0.0005"
"4YOX","16","1100100000000110","1100100000000110.0","Success","0.00076"
"1PV6","16","1111100001010","1111100001010.0","Success","0.00067"
"5FVA","16","11100111111000","11100111111000.0","Success","0.0005"
"6AJY","16","111101111101001","111101111101001.0","Success","0.00167"
"3LG2","16","1100000001110011","1100000001110011.0","Success","0.0006"
"5ZRP","16","111100110011101","111100110011101.0","Success","0.00175"
"5PQN","16","1110100101011101","1110100101011101.0","Success","0.00121"
"3X1Y","16","101001111011","101001111011.0","Success","0.00151"
"1OZM","16","1000010101100000","1000010101100000.0","Success","0.00103"
"5K68","16","1011011111101000","1011011111101000.0","Success","0.00176"
"8BTC","16","1011100110000111","1011100110000111.0","Success","0.00098"
"8U2P","16","1111000111110001","1111000111110001.0","Success","0.00092"
"2XSC","16","111010110101","111010110101.0","Success","0.00102"
"5WTN","16","1100011011111110","1100011011111110.0","Success","0.00059"
"2DVW","16","10001101101100","10001101101100.0","Success","0.00113"
"3Q4Y","16","11010010111000","11010010111000.0","Success","0.00175"
"2BRW","16","1010010011001111","1010010011001111.0","Success","0.00051"
"3CXD","16","111101010101111","111101010101111.0","Success","0.00091"
"8IQT","16","11110100000011","11110100000011.0","Success","0.00121"
"1EB8","16","1011010000110010","1011010000110010.0","Success","0.00085"
"7ZWE","16","1011011111001","1011011111001.0","Success","0.00107"
"7P8Z","16","1001010011101111","1001010011101111.0","Success","0.00094"
"6SC1","16","1000010100101110","1000010100101110.0","Success","0.00108"
"2WTZ","16","1101101110001011","1101101110001011.0","Success","0.00043"
"7BFP","16","11101000101110","11101000101110.0","Success","0.00052"
"5KJ8","16","111111100100111","111111100100111.0","Success","0.00053"
"1ND3","16","11100010110111","11100010110111.0","Success","0.00068"
"5HGE","16","1010001001000101","1010001001000101.0","Success","0.00123"
"5OXH","16","110111111100","110111111100.0","Success","0.00222"
"6GBE","16","1100101101000010","1100101101000010.0","Success","0.00038"
"3CH4","16","101001100110000","101001100110000.0","Success","0.00138"
"6GUO","16","1100010100010011","1100010100010011.0","Success","0.00056"
"7AKV","16","100010011111100","100010011111100.0","Success","0.00068"
"7NAT","16","1000110011111011","1000110011111011.0","Success","0.00039"
"5J06","16","1111111011","1111111011.0","Success","0.00065"
"6FDP","16","111000000101100","111000000101100.0","Success","0.00038"
"7A4C","16","11111001101001","11111001101001.0","Success","0.00075"
"5JQY","16","1011011110111011","1011011110111011.0","Success","0.00091"
"3NTJ","16","1101000101011010","1101000101011010.0","Success","0.0005"
"6UJY","16","10111000111010","10111000111010.0","Success","0.00063"
"6F2Y","16","1010001001100","1010001001100.0","Success","0.00051"
"4ERY","16","1011101011101110","1011101011101110.0","Success","0.00109"
"9E9Y","16","100001001010010","100001001010010.0","Success","0.0003"
"6YN0","16","1111101010010000","1111101010010000.0","Success","0.00074"
"7KVK","16","1010000101011011","1010000101011011.0","Success","0.00064"
"3VL4","16","1100011000100010","1100011000100010.0","Success","0.00102"
"2BKI","16","111010001111","111010001111.0","Success","0.00061"
"6LFU","16","1111011100110111","1111011100110111.0","Success","0.00108"
"3WCV","16","1001000100100100","1001000100100100.0","Success","0.00056"
"8WXJ","16","1101100011011010","1101100011011010.0","Success","0.00063"
"3O6N","16","100111011010111","100111011010111.0","Success","0.00099"
"8W86","16","100010010010001","100010010010001.0","Success","0.0005"
"6MUW","16","1000001001000100","1000001001000100.0","Success","0.00025"
"4HE8","16","1110101110101111","1110101110101111.0","Success","0.0003"
"8BT2","16","100000110100010","100000110100010.0","Success","0.00099"
"8IGQ","16","1011111011011101","1011111011011101.0","Success","0.00057"
"6W1C","16","111000111101","111000111101.0","Success","0.00029"
"5Y6E","16","1000001000011","1000001000011.0","Success","0.00089"
"4CC4","16","11101011000111","11101011000111.0","Success","0.00061"
"8TZI","16","1111010100011","1111010100011.0","Success","0.00098"
"2LVK","16","100011110101110","100011110101110.0","Success","0.0005"
"2K1Z","16","1110011100100110","1110011100100110.0","Success","0.00042"
"1ACJ","16","111110011111101","111110011111101.0","Success","0.00083"
"5QRX","16","1100010110100000","1100010110100000.0","Success","0.00147"
"5AR7","16","100011010100000","100011010100000.0","Success","0.00083"
"3BGU","16","1111110100001100","1111110100001100.0","Success","0.00132"
"5ZRD","16","1111101011100110","1111101011100110.0","Success","0.00042"
"5EFK","16","111100010100000","111100010100000.0","Success","0.00103"
"1BJF","16","1101011110010000","1101011110010000.0","Success","0.00102"
"5O0Y","16","1000101001100","1000101001100.0","Success","0.00111"
"7VYS","16","11111010100101","11111010100101.0","Success","0.00028"
"4RSG","16","1010100010001111","1010100010001111.0","Success","0.0015"
"3GIR","16","1101000110100111","1101000110100111.0","Success","0.00102"
"4CVB","16","1011001100111110","1011001100111110.0","Success","0.00081"
"5ITY","16","1001100101010","1001100101010.0","Success","0.00068"
"8P0W","16","10011101000110","10011101000110.0","Success","0.00041"
"1IAI","16","1001011111001100","1001011111001100.0","Success","0.00066"
"6QP9","16","11101011011010","11101011011010.0","Success","0.00061"
"4K9A","16","1010110000001010","1010110000001010.0","Success","0.00104"
"3U92","16","1011100010000010","1011100010000010.0","Success","0.00085"
"5ITP","16","10110011110110","10110011110110.0","Success","0.00087"
"1JB4","16","111001110011001","111001110011001.0","Success","0.00123"
"3RLK","16","1000101110110001","1000101110110001.0","Success","0.00144"
"4O1S","16","101110101000010","101110101000010.0","Success","0.00105"
"7P1K","16","1101010011100000","1101010011100000.0","Success","0.00066"
"1JKY","16","1010001011000101","1010001011000101.0","Success","0.0007"
"2WL3","16","1101100010000101","1101100010000101.0","Success","0.00058"
"4Z54","16","1101011111111","1101011111111.0","Success","0.00084"
"6HV4","16","10100101100110","10100101100110.0","Success","0.00024"
"7BNI","16","1000011101110000","1000011101110000.0","Success","0.00137"
"8F8Z","16","111100001111010","111100001111010.0","Success","0.00067"
"8W88","16","1001100000100000","1001100000100000.0","Success","0.00062"
"1OBF","16","1111001010000001","1111001010000001.0","Success","0.00076"
"8BIJ","16","100001110010111","100001110010111.0","Success","0.00076"
"8TQL","16","1111011","1111011.0","Success","0.00109"
"2X28","16","1100110000010110","1100110000010110.0","Success","0.00131"
"6HZK","16","100111000001101","100111000001101.0","Success","0.00079"
"4PD5","16","100111001000011","100111001000011.0","Success","0.00097"
"8IZY","16","1000110010011110","1000110010011110.0","Success","0.00061"
"3SK3","16","1111001100001101","1111001100001101.0","Success","0.00071"
"7YHF","16","1111100001101","1111100001101.0","Success","0.00072"
"8B3X","16","1110110100011010","1110110100011010.0","Success","0.00117"
"4I4G","16","100010111010111","100010111010111.0","Success","0.00089"
"9DIS","16","111110001010100","111110001010100.0","Success","0.00072"
"5LG3","16","1010100000010100","1010100000010100.0","Success","0.00035"
"3O13","16","1101011010001001","1101011010001001.0","Success","0.0014"
"5QD0","16","111100001001001","111100001001001.0","Success","0.00057"
"1BHB","16","110011011010011","110011011010011.0","Success","0.00069"
"2F6A","16","1010001110101","1010001110101.0","Success","0.00054"
"7XVU","16","100010001000001","100010001000001.0","Success","0.0007"
"4WB2","16","1010010111001111","1010010111001111.0","Success","0.00133"
"2QRZ","16","1000001010100100","1000001010100100.0","Success","0.00097"
"8UO9","16","100010101011001","100010101011001.0","Success","0.00076"
"1AD9","16","1101001101010110","1101001101010110.0","Success","0.00066"
"3O01","16","1100101111000110","1100101111000110.0","Success","0.00081"
"7CX3","16","111000001101001","111000001101001.0","Success","0.00061"
"5B4J","16","1000101000100111","1000101000100111.0","Success","0.00119"
"1FIH","16","1101111100111111","1101111100111111.0","Success","0.00091"
"3UI3","16","100100000100101","100100000100101.0","Success","0.00127"
"1T7M","16","110010101000011","110010101000011.0","Success","0.00122"
"9FR4","16","101101001001111","101101001001111.0","Success","0.0008"
"3GLQ","16","110101001001","110101001001.0","Success","0.00064"
"4S37","16","1111100100111111","1111100100111111.0","Success","0.00034"
"1MG5","16","1001101101110000","1001101101110000.0","Success","0.00085"
"8ATP","16","10011111111000","10011111111000.0","Success","0.00125"
"7VKH","16","1001101011001010","1001101011001010.0","Success","0.00119"
"5JHS","16","1111111111110000","1111111111110000.0","Success","0.00024"
"4FJC","16","100110100111011","100110100111011.0","Success","0.00054"
"7JZV","16","1101000110110010","1101000110110010.0","Success","0.00059"
"7K6L","16","1110001001111010","1110001001111010.0","Success","0.0012"
"8Y1C","16","101011100000110","101011100000110.0","Success","0.00033"
"4IQ1","16","1011000001011000","1011000001011000.0","Success","0.00077"
"3EXQ","16","111101001000010","111101001000010.0","Success","0.00154"
"3P2V","16","10110111001001","10110111001001.0","Success","0.0011"
"6GOA","16","10011101000110","10011101000110.0","Success","0.00044"
"1N3B","16","110101100111","110101100111.0","Success","0.00081"
"2VU5","16","1100110110000101","1100110110000101.0","Success","0.00162"
"1XGL","16","100010101001010","100010101001010.0","Success","0.00085"
"5ZOD","16","100111000001011","100111000001011.0","Success","0.00121"
"4NU7","16","1110100001001001","1110100001001001.0","Success","0.00062"
"1TLZ","16","1010010101110010","1010010101110010.0","Success","0.00087"
"8GM5","16","110101110000","110101110000.0","Success","0.00082"
"8V6Y","16","1011100110111110","1011100110111110.0","Success","0.00119"
"6UB2","16","1101001001011101","1101001001011101.0","Success","0.0006"
"4XAC","16","1100011101011101","1100011101011101.0","Success","0.00121"
"5SKQ","16","1011110001001001","1011110001001001.0","Success","0.00054"
"5JB5","16","111101001010011","111101001010011.0","Success","0.00146"
"7X8U","16","1100110100010100","1100110100010100.0","Success","0.0013"
"6KXY","16","1101111111001","1101111111001.0","Success","0.0012"
"6B2K","16","110101010101001","110101010101001.0","Success","0.00126"
"8XQA","16","1110101101000100","1110101101000100.0","Success","0.00053"
"4JDW","16","100010011011100","100010011011100.0","Success","0.00102"
"6Q81","16","1100010111101","1100010111101.0","Success","0.00057"
"3H5R","16","110010011100110","110010011100110.0","Success","0.00052"
"1E03","16","1111001100011","1111001100011.0","Success","0.00069"
"8KG4","16","1010110000100111","1010110000100111.0","Success","0.0012"
"6B03","16","100100010010110","100100010010110.0","Success","0.00062"
"2E2Z","16","10101010110001","10101010110001.0","Success","0.00044"
"6JDR","16","1001010101100101","1001010101100101.0","Success","0.00093"
"1Y6R","16","1110100101110011","1110100101110011.0","Success","0.0009"
"2OOH","16","1010010101010100","1010010101010100.0","Success","0.00104"
"5IXZ","16","1100011000111010","1100011000111010.0","Success","0.001"
"7WIG","16","1001101011101110","1001101011101110.0","Success","0.00056"
"5IBF","16","110000100101100","110000100101100.0","Success","0.00099"
"4CR2","16","1101001010100","1101001010100.0","Success","0.00019"
"2CM7","16","10010010101","10010010101.0","Success","0.00112"
"5MRJ","16","1001010111100011","1001010111100011.0","Success","0.00078"
"4DGG","16","100001101110000","100001101110000.0","Success","0.00086"
"6O0T","16","1110100111","1110100111.0","Success","0.00058"
"5X9C","16","1110011001000100","1110011001000100.0","Success","0.00076"
"3TZB","16","110011010000011","110011010000011.0","Success","0.00064"
"1PD7","16","1100111101011000","1100111101011000.0","Success","0.00034"
"2YMW","16","111000100000000","111000100000000.0","Success","0.00053"
"4OLQ","16","101011000001100","101011000001100.0","Success","0.00048"
"7Z8Z","16","1011001010101010","1011001010101010.0","Success","0.00141"
"4K9B","16","1011010100011100","1011010100011100.0","Success","0.00103"
"1ERW","16","1111010110000010","1111010110000010.0","Success","0.00191"
"3JW5","16","1000000000100000","1000000000100000.0","Success","0.00105"
"2NWQ","16","1000100011000","1000100011000.0","Success","0.00065"
"5IXT","16","1101101010101","1101101010101.0","Success","0.00077"
"7FUH","16","1110101101011011","1110101101011011.0","Success","0.00102"
"5UU1","16","110000010101001","110000010101001.0","Success","0.00112"
"7QVX","16","100101000","100101000.0","Success","0.00076"
"6SDU","16","100001100110100","100001100110100.0","Success","0.00062"
"5XMC","16","100101111010110","100101111010110.0","Success","0.00095"
"2EAK","16","101100010111101","101100010111101.0","Success","0.00094"
"5N4I","16","11100000010000","11100000010000.0","Success","0.00096"
"3V9M","16","101110010010001","101110010010001.0","Success","0.00126"
"3WEK","16","1010111111","1010111111.0","Success","0.00106"
"6VNK","16","1001000101","1001000101.0","Success","0.00057"
"1XLP","16","100000101111000","100000101111000.0","Success","0.00109"
"4J66","16","11010011110010","11010011110010.0","Success","0.00173"
"8EX0","16","1011110101110000","1011110101110000.0","Success","0.00114"
"4F1R","16","110000100011","110000100011.0","Success","0.00121"
"4DQ7","16","1000110101100101","1000110101100101.0","Success","0.00102"
"5K91","16","1101100000000101","1101100000000101.0","Success","0.00071"
"8WFN","16","11111010110110","11111010110110.0","Success","0.00033"
"6GHF","16","1101000100101001","1101000100101001.0","Success","0.00095"
"3UAK","16","110110111001100","110110111001100.0","Success","0.00072"
"1EC8","16","1101010101110","1101010101110.0","Success","0.00046"
"4HAO","16","1101001101101001","1101001101101001.0","Success","0.0008"
"3V8Q","16","1100","1100.0","Success","0.0012"
"4V0W","16","1011100100101111","1011100100101111.0","Success","0.00074"
"6LVO","16","1000011100100100","1000011100100100.0","Success","0.00125"
"1CHW","16","111110101100111","111110101100111.0","Success","0.00069"
"1AZB","16","1000010000110101","1000010000110101.0","Success","0.00122"
"6LE3","16","1111000110011110","1111000110011110.0","Success","0.00061"
"1WKD","16","11101111010000","11101111010000.0","Success","0.00102"
"5OMR","16","1000001010010010","1000001010010010.0","Success","0.00098"
"3SXZ","16","1011111000101111","1011111000101111.0","Success","0.00114"
"2ZQJ","16","1110111010100100","1110111010100100.0","Success","0.00054"
"4JW3","16","10001110100101","10001110100101.0","Success","0.00093"
"4A5W","16","1101110110101110","1101110110101110.0","Success","0.0004"
"8J4R","16","1100111000110100","1100111000110100.0","Success","0.00036"
"4WRN","16","1100111001001110","1100111001001110.0","Success","0.00053"
"2OWZ","16","111010011100010","111010011100010.0","Success","0.0011"
"966C","16","11101110000000","11101110000000.0","Success","0.00154"
"4WYB","16","11111010110100","11111010110100.0","Success","0.00028"
"4FT0","16","101111010001101","101111010001101.0","Success","0.00118"
"7F9A","16","1101011000010011","1101011000010011.0","Success","0.00063"
"4BFT","16","1111100000010110","1111100000010110.0","Success","0.00078"
"8XSQ","16","100101110100111","100101110100111.0","Success","0.00067"
"6UZS","16","11010001010010","11010001010010.0","Success","0.00098"
"3APP","16","1101010101100010","1101010101100010.0","Success","0.00105"
"1V7T","16","1001100111011111","1001100111011111.0","Success","0.00123"
"7WP5","16","1101010001111000","1101010001111000.0","Success","0.00093"
"5XIJ","16","1010000111100001","1010000111100001.0","Success","0.00044"
"2BOO","16","101011101","101011101.0","Success","0.0013"
"3SK5","16","111110111001100","111110111001100.0","Success","0.0017"
"1NU4","16","10100101000101","10100101000101.0","Success","0.00138"
"7Z2O","16","1011011111111","1011011111111.0","Success","0.00095"
"1SIW","16","101101010010000","101101010010000.0","Success","0.00044"
"4FOW","16","1011000000101010","1011000000101010.0","Success","0.00075"
"3TV6","16","1010011100010","1010011100010.0","Success","0.00084"
"8DP6","16","1110000010101111","1110000010101111.0","Success","0.00082"
"5HC9","16","1010001001001011","1010001001001011.0","Success","0.00065"
"3VDD","16","11101011111000","11101011111000.0","Success","0.00067"
"4S2M","16","1110100100111100","1110100100111100.0","Success","0.00064"
"2JJ0","16","11110001001101","11110001001101.0","Success","0.00068"
"9FSK","16","1101110010100","1101110010100.0","Success","0.0005"
"1ZMS","16","1010110100111000","1010110100111000.0","Success","0.00137"
"6AMT","16","1011101101000001","1011101101000001.0","Success","0.00072"
"7YS6","16","1101011011011011","1101011011011011.0","Success","0.00056"
"3G27","16","110111110000000","110111110000000.0","Success","0.00214"
"1C6G","16","110010111001110","110010111001110.0","Success","0.00153"
"7SYZ","16","10010010010101","10010010010101.0","Success","0.00065"
"7S42","16","1010101100111010","1010101100111010.0","Success","0.00152"
"8HCS","16","1011011100110001","1011011100110001.0","Success","0.00204"
"6E42","16","1110111100101011","1110111100101011.0","Success","0.00052"
"8PRG","16","10010101111000","10010101111000.0","Success","0.00217"
"1NEW","16","111110111100","111110111100.0","Success","0.0004"
"7NBI","16","1010010111011","1010010111011.0","Success","0.00117"
"7B9B","16","1100111000011001","1100111000011001.0","Success","0.00111"
"6G81","16","100001011100100","100001011100100.0","Success","0.0004"
"8RSD","16","1100011101101101","1100011101101101.0","Success","0.00132"
"3SFC","16","10011100001001","10011100001001.0","Success","0.00074"
"4XOL","16","100000110100000","100000110100000.0","Success","0.00161"
"8AOI","16","111011100111001","111011100111001.0","Success","0.00101"
"5OCK","16","10101101100101","10101101100101.0","Success","0.00089"
"1GX1","16","1011111110110100","1011111110110100.0","Success","0.00089"
"2ZP8","16","1001100011101011","1001100011101011.0","Success","0.0008"
"5BSZ","16","1110101010101000","1110101010101000.0","Success","0.00124"
"4QJ7","16","1111110101101001","1111110101101001.0","Success","0.00093"
"7TYJ","16","1110001101000011","1110001101000011.0","Success","0.00068"
"6P5F","16","1111101010101110","1111101010101110.0","Success","0.00175"
"7RNX","16","1101011111001011","1101011111001011.0","Success","0.00065"
"5LD1","16","1101011000101111","1101011000101111.0","Success","0.00058"
"1OM5","16","1111110001011111","1111110001011111.0","Success","0.00068"
"2NTZ","16","111000101010001","111000101010001.0","Success","0.00104"
"6Y0B","16","1111000000101110","1111000000101110.0","Success","0.001"
"8ECI","16","1101000100011111","1101000100011111.0","Success","0.00039"
"2Y9H","16","10001001110010","10001001110010.0","Success","0.00049"
"4ISF","16","10010110100101","10010110100101.0","Success","0.00094"
"7FTO","16","110101101100101","110101101100101.0","Success","0.00104"
"3AJR","16","101010001001001","101010001001001.0","Success","0.00078"
"7ECY","16","1100111010111000","1100111010111000.0","Success","0.00066"
"5X6K","16","1111111100010001","1111111100010001.0","Success","0.00099"
"1BQT","16","1111100110100001","1111100110100001.0","Success","0.00094"
"3S67","16","10100101101001","10100101101001.0","Success","0.00179"
"8JZY","16","1111111011101111","1111111011101111.0","Success","0.0017"
"5I9I","16","10011101101100","10011101101100.0","Success","0.00071"
"3IOP","16","1000101010101010","1000101010101010.0","Success","0.0012"
"2PVI","16","111101101000","111101101000.0","Success","0.00111"
"7B56","16","11000001100010","11000001100010.0","Success","0.00099"
"7TFI","16","1111000110000100","1111000110000100.0","Success","0.00039"
"7QI0","16","111100000101111","111100000101111.0","Success","0.00092"
"8IZZ","16","1011111001001101","1011111001001101.0","Success","0.00157"
"1ACM","16","11110011000101","11110011000101.0","Success","0.00063"
"4UWE","16","100110001100010","100110001100010.0","Success","0.00017"
"8X2I","16","1100111010000","1100111010000.0","Success","0.00039"
"4EDR","16","111000000100100","111000000100100.0","Success","0.0011"
"5PAX","16","111000011100101","111000011100101.0","Success","0.0011"
"4YSK","16","10110001011000","10110001011000.0","Success","0.00079"
"6BZF","16","111111100101011","111111100101011.0","Success","0.00049"
"3KXQ","16","1100001011000111","1100001011000111.0","Success","0.00089"
"9QB5","16","10011011010100","10011011010100.0","Success","0.00077"
"7RXP","16","110010001110","110010001110.0","Success","0.00082"
"2FLT","16","1011011011010100","1011011011010100.0","Success","0.0018"
"5BRO","16","1001010101101000","1001010101101000.0","Success","0.00086"
"2A94","16","1110101100010100","1110101100010100.0","Success","0.00109"
"3M08","16","1100010001000010","1100010001000010.0","Success","0.00147"
"3T1O","16","1000011110011010","1000011110011010.0","Success","0.00097"
"1M4R","16","110110011110110","110110011110110.0","Success","0.00116"
"5K0M","16","100100110110110","100100110110110.0","Success","0.00103"
"1QZ3","16","1001001000001010","1001001000001010.0","Success","0.0011"
"5O0R","16","1001110111011100","1001110111011100.0","Success","0.00082"
"1YHS","16","1000110010111111","1000110010111111.0","Success","0.0012"
"7C6H","16","1010111000100100","1010111000100100.0","Success","0.00067"
"4BBY","16","1111011000100000","1111011000100000.0","Success","0.00042"
"6U4Y","16","1001010101111111","1001010101111111.0","Success","0.0005"
"2A49","16","101100001111011","101100001111011.0","Success","0.00117"
"7BDH","16","101001100101000","101001100101000.0","Success","0.00104"
"7PMY","16","1010100010001110","1010100010001110.0","Success","0.00076"
"1CE0","16","1110011011010100","1110011011010100.0","Success","0.00187"
"1TLV","16","1001101010101000","1001101010101000.0","Success","0.00136"
"3NCE","16","111101000001110","111101000001110.0","Success","0.00096"
"2LRK","16","1101010110010","1101010110010.0","Success","0.00022"
"3DRG","16","101010101011011","101010101011011.0","Success","0.0008"
"5TM0","16","1000000100110111","1000000100110111.0","Success","0.00024"
"2E93","16","1100111010111000","1100111010111000.0","Success","0.00078"
"7R88","16","1111100111010000","1111100111010000.0","Success","0.00052"
"6YYM","16","10001001001011","10001001001011.0","Success","0.00164"
"5W6U","16","1000001","1000001.0","Success","0.00085"
"6LQD","16","1100010011101000","1100010011101000.0","Success","0.00067"
"4UP0","16","101000100110110","101000100110110.0","Success","0.00202"
"3O86","16","1110111011000110","1110111011000110.0","Success","0.0007"
"9KYV","16","11011111000110","11011111000110.0","Success","0.00123"
"6QPU","16","101101101011100","101101101011100.0","Success","0.00045"
"2FQM","16","1110000001001100","1110000001001100.0","Success","0.00097"
"1IX1","16","111101111000011","111101111000011.0","Success","0.00104"
"3S1D","16","100110100011000","100110100011000.0","Success","0.00086"
"1ETK","16","11001011100101","11001011100101.0","Success","0.00158"
"7BIM","16","1111011110100100","1111011110100100.0","Success","0.00056"
"1M5D","16","11001001000100","11001001000100.0","Success","0.00118"
"8F02","16","10111111001110","10111111001110.0","Success","0.00109"
"8GE7","16","1101000001001011","1101000001001011.0","Success","0.00064"
"2H8P","16","1111010011101110","1111010011101110.0","Success","0.00083"
"3HIZ","16","111000100101011","111000100101011.0","Success","0.00055"
"7P7K","16","1100110011011001","1100110011011001.0","Success","0.00029"
"7UFT","16","1000111001111010","1000111001111010.0","Success","0.0003"
"4O3P","16","1101001010001110","1101001010001110.0","Success","0.00091"
"1PT9","16","1011010011100","1011010011100.0","Success","0.00101"
"1T6T","16","11011001100001","11011001100001.0","Success","0.00134"
"8S9N","16","1111001110101110","1111001110101110.0","Success","0.00128"
"4MKK","16","1100001101100010","1100001101100010.0","Success","0.00098"
"2LJZ","16","1010100010110101","1010100010110101.0","Success","0.0005"
"8JPS","16","11101000001010","11101000001010.0","Success","0.00076"
"3OAB","16","1111000011101010","1111000011101010.0","Success","0.00059"
"1FTQ","16","1100011111010101","1100011111010101.0","Success","0.00066"
"2H1F","16","1001001100011001","1001001100011001.0","Success","0.00079"
"3WU2","16","10010000010010","10010000010010.0","Success","0.00027"
"7NS7","16","111011111001","111011111001.0","Success","0.00075"
"6VAJ","16","10100101011100","10100101011100.0","Success","0.00157"
"5WWS","16","1000110000111011","1000110000111011.0","Success","0.00063"
"2IK9","16","101111111101","101111111101.0","Success","0.00085"
"5QMR","16","100101010100100","100101010100100.0","Success","0.00099"
"9D6A","16","1100001100010","1100001100010.0","Success","0.00098"
"3GRO","16","1110111111000","1110111111000.0","Success","0.00083"
"4XDD","16","1110101100111010","1110101100111010.0","Success","0.00058"
"4RJF","16","100011101000001","100011101000001.0","Success","0.0007"
"4KEU","16","1010110011110","1010110011110.0","Success","0.00055"
"3ZBP","16","1010001101000011","1010001101000011.0","Success","0.0011"
"5G4R","16","1100001010100001","1100001010100001.0","Success","0.00091"
"9BPS","16","11110000011100","11110000011100.0","Success","0.00058"
"5EDR","16","1011001000110110","1011001000110110.0","Success","0.00113"
"5Y5R","16","1011001011101011","1011001011101011.0","Success","0.0005"
"1DS6","16","1101110001100011","1101110001100011.0","Success","0.00101"
"6NEM","16","11111011111000","11111011111000.0","Success","0.00133"
"7G41","16","1011011010000001","1011011010000001.0","Success","0.00066"
"1F9R","16","1111100100000","1111100100000.0","Success","0.00119"
"4KMC","16","1110100111001001","1110100111001001.0","Success","0.00216"
"5V5G","16","1100010001001000","1100010001001000.0","Success","0.00086"
"8TCF","16","1011110110111110","1011110110111110.0","Success","0.00065"
"2QGX","16","100100100111110","100100100111110.0","Success","0.00077"
"5XD6","16","100011110110000","100011110110000.0","Success","0.0008"
"7Z3T","16","1011011000011011","1011011000011011.0","Success","0.00064"
"4WJW","16","111010001011001","111010001011001.0","Success","0.00069"
"6LVR","16","101001100010011","101001100010011.0","Success","0.00097"
"4A2J","16","1011000101011001","1011000101011001.0","Success","0.00085"
"4OHH","16","11111000110000","11111000110000.0","Success","0.00086"
"1Z8C","16","1111010101010","1111010101010.0","Success","0.00137"
"5LR1","16","1110110011101010","1110110011101010.0","Success","0.00131"
"1V91","16","11111100111010","11111100111010.0","Success","0.00071"
"2WM1","16","1011110100101111","1011110100101111.0","Success","0.0011"
"2ZBG","16","1011101100000011","1011101100000011.0","Success","0.0006"
"8BEA","16","10111001100010","10111001100010.0","Success","0.0008"
"3GD4","16","1101100111110","1101100111110.0","Success","0.00064"
"7EAZ","16","1011111111001111","1011111111001111.0","Success","0.00035"
"6NY6","16","1000110101101000","1000110101101000.0","Success","0.00038"
"3ITQ","16","11010111011010","11010111011010.0","Success","0.00097"
"4H3B","16","1110101010010110","1110101010010110.0","Success","0.00072"
"3BJ2","16","11101001101101","11101001101101.0","Success","0.0008"
"4H8A","16","11111000001110","11111000001110.0","Success","0.00076"
"2MJ8","16","1111100000000110","1111100000000110.0","Success","0.00054"
"8JVC","16","1111011000111010","1111011000111010.0","Success","0.00148"
"1FQF","16","1110001011001111","1110001011001111.0","Success","0.00105"
"2GM3","16","110110010101001","110110010101001.0","Success","0.00065"
"4Y24","16","1110111101011011","1110111101011011.0","Success","0.00121"
"3NSD","16","1001110011101110","1001110011101110.0","Success","0.00092"
"1W3I","16","1100111001010101","1100111001010101.0","Success","0.00055"
"3K8X","16","1010101110","1010101110.0","Success","0.00043"
"6H3W","16","1110100010110101","1110100010110101.0","Success","0.00123"
"6P72","16","100000110011101","100000110011101.0","Success","0.00065"
"6CP5","16","1101100000000000","1101100000000000.0","Success","0.00055"
"5DZY","16","1100001101001001","1100001101001001.0","Success","0.00039"
"6WWH","16","1101011011010","1101011011010.0","Success","0.00039"
"6K2N","16","111010100001101","111010100001101.0","Success","0.00063"
"4Z7A","16","1011100100111110","1011100100111110.0","Success","0.00101"
"7AK7","16","1000101010111001","1000101010111001.0","Success","0.00077"
"2E26","16","1011001000010000","1011001000010000.0","Success","0.00073"
"1EZO","16","1100011001000100","1100011001000100.0","Success","0.00032"
"2O3I","16","1101111001110100","1101111001110100.0","Success","0.00073"
"6AYC","16","1111101000010100","1111101000010100.0","Success","0.00088"
"1X7D","16","1001011001010101","1001011001010101.0","Success","0.00075"
"6M6C","16","1001000001110000","1001000001110000.0","Success","0.00035"
"3I6M","16","1011110010010111","1011110010010111.0","Success","0.0008"
"1KJI","16","1101010110101","1101010110101.0","Success","0.00069"
"4GVH","16","111101100011100","111101100011100.0","Success","0.00076"
"2ME0","16","101011111101110","101011111101110.0","Success","0.00052"
"8OP6","16","101010100011010","101010100011010.0","Success","0.00055"
"3V64","16","1110001111011001","1110001111011001.0","Success","0.00061"
"7X9P","16","1111000001101100","1111000001101100.0","Success","0.00145"
"7LT0","16","1000010111100100","1000010111100100.0","Success","0.00133"
"4F2R","16","1111000110000111","1111000110000111.0","Success","0.00055"
"4A71","16","1011111011110101","1011111011110101.0","Success","0.00113"
"8SU1","16","1010010000010110","1010010000010110.0","Success","0.00105"
"5KDV","16","11000001001110","11000001001110.0","Success","0.00064"
"6DLK","16","11101011110000","11101011110000.0","Success","0.0007"
"5IMM","16","11111000001010","11111000001010.0","Success","0.00122"
"4NJD","16","101001000101101","101001000101101.0","Success","0.00115"
"6D07","16","1001001011010100","1001001011010100.0","Success","0.00173"
"1DNU","16","111011111010011","111011111010011.0","Success","0.00057"
"4A78","16","1001010000111010","1001010000111010.0","Success","0.00114"
"4X8F","16","100101000011001","100101000011001.0","Success","0.00028"
"9B2E","16","110110100001001","110110100001001.0","Success","0.00122"
"4QYY","16","1000010100101","1000010100101.0","Success","0.00105"
"2OZ3","16","101000111110111","101000111110111.0","Success","0.00035"
"7SQA","16","1101101011100010","1101101011100010.0","Success","0.00083"
"4X0P","16","1100010000100010","1100010000100010.0","Success","0.00038"
"6IN0","16","11010110110100","11010110110100.0","Success","0.00116"
"3Q2E","16","1111100010000","1111100010000.0","Success","0.00189"
"3KK2","16","1111000000010000","1111000000010000.0","Success","0.00062"
"2FYM","16","1000110001111010","1000110001111010.0","Success","0.00047"
"6FUF","16","1000100111010010","1000100111010010.0","Success","0.00088"
"1XCD","16","1010001000111011","1010001000111011.0","Success","0.00112"
"4FG7","16","11001111111110","11001111111110.0","Success","0.00125"
"1KKU","16","100111101000010","100111101000010.0","Success","0.00133"
"4YFF","16","100001001000011","100001001000011.0","Success","0.00061"
"4Y8Q","16","111000111100","111000111100.0","Success","0.00024"
"3H0W","16","1110110000110111","1110110000110111.0","Success","0.00111"
"4UUA","16","1010011001010101","1010011001010101.0","Success","0.00081"
"6Z8L","16","111101111111","111101111111.0","Success","0.00089"
"5YGC","16","1000011110110010","1000011110110010.0","Success","0.00135"
"4WYY","16","10101111000001","10101111000001.0","Success","0.00101"
"4NTW","16","1111110011001110","1111110011001110.0","Success","0.0008"
"4J6R","16","1110001010101000","1110001010101000.0","Success","0.0007"
"7CFY","16","1101101100111000","1101101100111000.0","Success","0.00079"
"4ODB","16","1100101111000","1100101111000.0","Success","0.00067"
"5V1G","16","11000111111111","11000111111111.0","Success","0.00106"
"2CSL","16","1000000000110100","1000000000110100.0","Success","0.00072"
"4N6O","16","1000100110100100","1000100110100100.0","Success","0.00097"
"6E3M","16","1001101011100010","1001101011100010.0","Success","0.00147"
"7WDQ","16","1000011010100101","1000011010100101.0","Success","0.00053"
"5VRG","16","1000001001101100","1000001001101100.0","Success","0.00085"
"5ZEO","16","1010110111110000","1010110111110000.0","Success","0.00157"
"3I9Z","16","1001110010110010","1001110010110010.0","Success","0.00234"
"3NKF","16","100010100010110","100010100010110.0","Success","0.00065"
"5YJO","16","1110011010001100","1110011010001100.0","Success","0.00093"
"3DBO","16","1100001100110010","1100001100110010.0","Success","0.00155"
"8ULF","16","1100000101010000","1100000101010000.0","Success","0.00042"
"7L0Q","16","1000001001011001","1000001001011001.0","Success","0.00061"
"2X14","16","111110100100011","111110100100011.0","Success","0.00098"
"6VS8","16","1001111110010110","1001111110010110.0","Success","0.00107"
"7HH5","16","100101001110100","100101001110100.0","Success","0.0012"
"7FEM","16","110111011","110111011.0","Success","0.00032"
"4HIK","16","10011101010111","10011101010111.0","Success","0.00169"
"2J3K","16","10011011100000","10011011100000.0","Success","0.00074"
"3PAB","16","1110011011111011","1110011011111011.0","Success","0.00068"
"5GV1","16","10010101101011","10010101101011.0","Success","0.00119"
"3DFM","16","1100110111101011","1100110111101011.0","Success","0.00117"
"3SII","16","1011110000101011","1011110000101011.0","Success","0.00118"
"6HFR","16","110011111100110","110011111100110.0","Success","0.001"
"3SBO","16","1100110001000010","1100110001000010.0","Success","0.00038"
"3KT7","16","1110010111110001","1110010111110001.0","Success","0.0008"
"3FB6","16","1011101110001011","1011101110001011.0","Success","0.00086"
"7G76","16","1110010110010101","1110010110010101.0","Success","0.00068"
"8QY5","16","1000010100100111","1000010100100111.0","Success","0.00045"
"8DB4","16","1011000010110011","1011000010110011.0","Success","0.00044"
"2IB6","16","10100000110011","10100000110011.0","Success","0.00047"
"1X86","16","110001001100011","110001001100011.0","Success","0.00044"
"6NQF","16","1111000000000","1111000000000.0","Success","0.00087"
"8WFA","16","1111111000110000","1111111000110000.0","Success","0.00067"
"6GXA","16","1001011011101011","1001011011101011.0","Success","0.00049"
"6NVD","16","1010000111010000","1010000111010000.0","Success","0.00064"
"5I4N","16","1011001001110010","1011001001110010.0","Success","0.00119"
"1R2G","16","110110001101","110110001101.0","Success","0.00163"
"8KHR","16","1011111000100101","1011111000100101.0","Success","0.00057"
"4CO1","16","1000111001110111","1000111001110111.0","Success","0.0013"
"7D65","16","1000001000101","1000001000101.0","Success","0.00034"
"4G8W","16","11110111011110","11110111011110.0","Success","0.00134"
"1Y2C","16","10000001101","10000001101.0","Success","0.00074"
"8P7Q","16","1010010111001","1010010111001.0","Success","0.00103"
"6SYA","16","1011011010000","1011011010000.0","Success","0.00075"
"1L4I","16","111001100000001","111001100000001.0","Success","0.00099"
"6XP2","16","11001111101000","11001111101000.0","Success","0.00052"
"3SUC","16","1110101000000101","1110101000000101.0","Success","0.0007"
"3KE1","16","110100001111111","110100001111111.0","Success","0.00091"
"9IJ1","16","1011101001011100","1011101001011100.0","Success","0.00072"
"8HUZ","16","11111000110010","11111000110010.0","Success","0.00064"
"2WZD","16","10100101110011","10100101110011.0","Success","0.00098"
"1SD8","16","1000000000110001","1000000000110001.0","Success","0.00164"
"6JHT","16","1101101100111","1101101100111.0","Success","0.00058"
"2X4N","16","101110110100111","101110110100111.0","Success","0.00071"
"3LMA","16","1101110101111000","1101110101111000.0","Success","0.00055"
"4WXD","16","101000011000100","101000011000100.0","Success","0.00148"
"4JEQ","16","100011010111101","100011010111101.0","Success","0.00035"
"5FGB","16","1000101111010011","1000101111010011.0","Success","0.00064"
"9MC1","16","101011100101","101011100101.0","Success","0.00102"
"9QU3","16","10110100000110","10110100000110.0","Success","0.00102"
"4BEG","16","101110011101000","101110011101000.0","Success","0.00104"
"2D6N","16","111011101011010","111011101011010.0","Success","0.00111"
"4NBG","16","1001110001100010","1001110001100010.0","Success","0.0005"
"2HST","16","101011100110","101011100110.0","Success","0.00032"
"8OUJ","16","1010000111100011","1010000111100011.0","Success","0.00052"
"4NMQ","16","1001011111100110","1001011111100110.0","Success","0.00136"
"5BR8","16","1101101010001010","1101101010001010.0","Success","0.00039"
"2OSW","16","1011000010101","1011000010101.0","Success","0.00063"
"7DQ4","16","101001010011011","101001010011011.0","Success","0.00073"
"4ZGV","16","1110001101111010","1110001101111010.0","Success","0.00048"
"3SAR","16","11110000010100","11110000010100.0","Success","0.00122"
"1K9C","16","1110100011100111","1110100011100111.0","Success","0.00051"
"1QCW","16","101011011110011","101011011110011.0","Success","0.00069"
"1VQ6","16","101010100100","101010100100.0","Success","0.00032"
"4Z62","16","1101110110000001","1101110110000001.0","Success","0.00082"
"4WV4","16","110100110110001","110100110110001.0","Success","0.00146"
"1I5I","16","111001011100010","111001011100010.0","Success","0.00145"
"8S6U","16","1010110011000111","1010110011000111.0","Success","0.00152"
"1WKK","16","1100001010011101","1100001010011101.0","Success","0.00119"
"1JQ6","16","1011110000010000","1011110000010000.0","Success","0.00149"
"8BM3","16","10100100100","10100100100.0","Success","0.00064"
"7Q3H","16","11011100010000","11011100010000.0","Success","0.00037"
"8IBU","16","10000110111011","10000110111011.0","Success","0.00058"
"2MEI","16","101110101000010","101110101000010.0","Success","0.00169"
"3BQJ","16","1011010011011011","1011010011011011.0","Success","0.00112"
"5AA8","16","11110101001010","11110101001010.0","Success","0.00112"
"2NY4","16","1100011011","1100011011.0","Success","0.00065"
"1IRY","16","110101011111101","110101011111101.0","Success","0.00028"
"4NKS","16","111100000001","111100000001.0","Success","0.00084"
"8GUJ","16","11101101010001","11101101010001.0","Success","0.00064"
"3IR3","16","11011101100010","11011101100010.0","Success","0.00119"
"1QF7","16","1110101010011010","1110101010011010.0","Success","0.00036"
"7MBH","16","100001110111111","100001110111111.0","Success","0.00065"
"3NK1","16","110100101011000","110100101011000.0","Success","0.00095"
"6Q9R","16","11110110001011","11110110001011.0","Success","0.00052"
"1C99","16","1101011111101101","1101011111101101.0","Success","0.00072"
"5K6Z","16","1001011000001111","1001011000001111.0","Success","0.00069"
"1UJ1","16","10010100101","10010100101.0","Success","0.0008"
"2JHH","16","1110011000110011","1110011000110011.0","Success","0.00093"
"7Y9Z","16","100100100000000","100100100000000.0","Success","0.00032"
"6H4S","16","100101000101001","100101000101001.0","Success","0.00052"
"1K6Y","16","1010011010011110","1010011010011110.0","Success","0.0007"
"7E5M","16","1101011000101000","1101011000101000.0","Success","0.00086"
"2EHC","16","1010111011101100","1010111011101100.0","Success","0.00084"
"8BHD","16","111000011111111","111000011111111.0","Success","0.00063"
"3WCP","16","1110110010011","1110110010011.0","Success","0.00081"
"4LFN","16","11110111011010","11110111011010.0","Success","0.00078"
"6FCB","16","111000111000001","111000111000001.0","Success","0.00098"
"4L8U","16","1110000011011011","1110000011011011.0","Success","0.00079"
"3GND","16","1011011100011","1011011100011.0","Success","0.00026"
"4DZB","16","1010100000100","1010100000100.0","Success","0.00091"
"4FEQ","16","1100111010100111","1100111010100111.0","Success","0.0013"
"8H39","16","110010110100000","110010110100000.0","Success","0.00083"
"1T10","16","1000000010111101","1000000010111101.0","Success","0.00081"
"7U6H","16","1100000000001010","1100000000001010.0","Success","0.00061"
"7E14","16","1011010001100001","1011010001100001.0","Success","0.0006"
"1T2T","16","10111000000110","10111000000110.0","Success","0.00202"
"4ERK","16","11111000101101","11111000101101.0","Success","0.00103"
"5MFM","16","1010100001001000","1010100001001000.0","Success","0.00041"
"2E2F","16","101011001111010","101011001111010.0","Success","0.00308"
"2EKX","16","1111110000011111","1111110000011111.0","Success","0.00041"
"3F1Z","16","1001001100101101","1001001100101101.0","Success","0.00056"
"7FUA","16","110011110100000","110011110100000.0","Success","0.00104"
"8U30","16","1101001111010100","1101001111010100.0","Success","0.00043"
"4QT1","16","1010110101000100","1010110101000100.0","Success","0.00116"
"5VBX","16","101111100100100","101111100100100.0","Success","0.001"
"8UUS","16","1001001111110001","1001001111110001.0","Success","0.00088"
"8GUL","16","1100000110001111","1100000110001111.0","Success","0.00066"
"6JTP","16","1101001110010100","1101001110010100.0","Success","0.00099"
"4TOE","16","1000111101001111","1000111101001111.0","Success","0.00032"
"4BDH","16","101111011010101","101111011010101.0","Success","0.00118"
"4XWS","16","110100010011100","110100010011100.0","Success","0.00069"
"6HTR","16","1111100101101010","1111100101101010.0","Success","0.00024"
"8W37","16","1010011000011101","1010011000011101.0","Success","0.00231"
"2YU7","16","11110100111111","11110100111111.0","Success","0.00038"
"7BAQ","16","11000101111000","11000101111000.0","Success","0.00099"
"4R1T","16","1101111101000100","1101111101000100.0","Success","0.00111"
"3DNG","16","1011100000110100","1011100000110100.0","Success","0.00108"
"3SBU","16","1100011001111110","1100011001111110.0","Success","0.00092"
"8EGR","16","111101011001110","111101011001110.0","Success","0.00027"
"2DQ7","16","101000100010111","101000100010111.0","Success","0.00118"
"2B81","16","1010010010001010","1010010010001010.0","Success","0.00055"
"6HH4","16","1001100110110010","1001100110110010.0","Success","0.00074"
"5W2I","16","111110000101001","111110000101001.0","Success","0.00122"
"8GMR","16","1010011001101111","1010011001101111.0","Success","0.00047"
"2JBF","16","1110111000011011","1110111000011011.0","Success","0.00058"
"3SRA","16","1111001010001000","1111001010001000.0","Success","0.00071"
"1D8C","16","1010101001001000","1010101001001000.0","Success","0.00074"
"5ALS","16","1001100001110000","1001100001110000.0","Success","0.00083"
"7UCE","16","1111110010011101","1111110010011101.0","Success","0.00093"
"8BI9","16","1010110011010100","1010110011010100.0","Success","0.00204"
"6GGB","16","101101011011000","101101011011000.0","Success","0.00097"
"8ZFB","16","1010111111100","1010111111100.0","Success","0.00115"
"6HPP","16","1010010010101111","1010010010101111.0","Success","0.0005"
"6UTD","16","1111001000111000","1111001000111000.0","Success","0.00103"
"9AU7","16","1001010100000000","1001010100000000.0","Success","0.00058"
"8UH6","16","1001001000111011","1001001000111011.0","Success","0.0005"
"3PJ3","16","1100101110001000","1100101110001000.0","Success","0.00123"
"1V6O","16","1111011011000100","1111011011000100.0","Success","0.00046"
"3MMD","16","100001001111","100001001111.0","Success","0.00101"
"4YY4","16","110101011001100","110101011001100.0","Success","0.00193"
"5Y31","16","100010001001110","100010001001110.0","Success","0.00043"
"5V00","16","111101000001110","111101000001110.0","Success","0.001"
"2GTI","16","101110010111010","101110010111010.0","Success","0.00104"
"3PVT","16","1000111111010101","1000111111010101.0","Success","0.00068"
"4CD1","16","1100001111101","1100001111101.0","Success","0.00096"
"3DFZ","16","1111110100100010","1111110100100010.0","Success","0.00098"
"8PRF","16","1000111101011110","1000111101011110.0","Success","0.00212"
"4C3C","16","1010011110110100","1010011110110100.0","Success","0.00133"
"3OCP","16","1011001000011010","1011001000011010.0","Success","0.00122"
"5P9H","16","101000110001011","101000110001011.0","Success","0.00118"
"5NZB","16","11110101100011","11110101100011.0","Success","0.00166"
"7YKL","16","1011001101000101","1011001101000101.0","Success","0.0003"
"8HRS","16","1010110010010100","1010110010010100.0","Success","0.00053"
"1RXE","16","1101010001111011","1101010001111011.0","Success","0.00169"
"6MG7","16","11110111111010","11110111111010.0","Success","0.00069"
"2HOQ","16","1011010000000","1011010000000.0","Success","0.00126"
"7YXD","16","10100110011011","10100110011011.0","Success","0.0006"
"7TOT","16","1011011110011001","1011011110011001.0","Success","0.00078"
"4X27","16","10000111101001","10000111101001.0","Success","0.00111"
"4YGZ","16","1110001011000111","1110001011000111.0","Success","0.00165"
"4YKB","16","101001101101000","101001101101000.0","Success","0.00064"
"1IJE","16","1011010110111101","1011010110111101.0","Success","0.00083"
"7N1L","16","1100101001001011","1100101001001011.0","Success","0.0004"
"7G8V","16","11010001101011","11010001101011.0","Success","0.00091"
"7O3L","16","100011001001","100011001001.0","Success","0.00024"
"6L18","16","1111100001100101","1111100001100101.0","Success","0.00123"
"3UQ2","16","111111100000111","111111100000111.0","Success","0.00111"
"2H30","16","101011010010111","101011010010111.0","Success","0.00158"
"5OA0","16","111101000010001","111101000010001.0","Success","0.00061"
"5OT2","16","1000111110001111","1000111110001111.0","Success","0.00031"
"3CTL","16","1101101110100","1101101110100.0","Success","0.00053"
"6LIP","16","11011101111111","11011101111111.0","Success","0.00127"
"7VIZ","16","110111100110100","110111100110100.0","Success","0.00091"
"6SBK","16","1101101000100110","1101101000100110.0","Success","0.00109"
"7V61","16","1111001110001011","1111001110001011.0","Success","0.00034"
"1XKR","16","111001010000101","111001010000101.0","Success","0.00138"
"7H5H","16","1110011000111000","1110011000111000.0","Success","0.00108"
"9JSB","16","100011010100011","100011010100011.0","Success","0.00052"
"1L4V","16","100101000011101","100101000011101.0","Success","0.00071"
"1BXV","16","1010010010000011","1010010010000011.0","Success","0.00202"
"4EZ4","16","1000110001100","1000110001100.0","Success","0.00065"
"8JJW","16","100010010011010","100010010011010.0","Success","0.00095"
"1STE","16","1111111010100000","1111111010100000.0","Success","0.00124"
"3SIQ","16","11110110110101","11110110110101.0","Success","0.00081"
"7RWM","16","10000010101101","10000010101101.0","Success","0.0005"
"1ACP","16","1001100111000000","1001100111000000.0","Success","0.00159"
"2AD5","16","1111010011010011","1111010011010011.0","Success","0.00059"
"6VHS","16","1111011001110101","1111011001110101.0","Success","0.00083"
"3A83","16","1111000000001101","1111000000001101.0","Success","0.00129"
"5IKW","16","1110000101000110","1110000101000110.0","Success","0.00115"
"6O0F","16","1000000001100","1000000001100.0","Success","0.00048"
"7VUN","16","100001001100101","100001001100101.0","Success","0.0006"
"3TGO","16","110011100110101","110011100110101.0","Success","0.00069"
"4RQR","16","1111110010001000","1111110010001000.0","Success","0.00182"
"2OER","16","100000010010101","100000010010101.0","Success","0.00098"
"8W3F","16","1011011111011100","1011011111011100.0","Success","0.00093"
"4DFU","16","110111111110110","110111111110110.0","Success","0.00082"
"4JYA","16","11111010001101","11111010001101.0","Success","0.00041"
"5US6","16","100011001010011","100011001010011.0","Success","0.00034"
"5NTY","16","100100110110111","100100110110111.0","Success","0.00145"
"3QFR","16","1100101100010110","1100101100010110.0","Success","0.00055"
"1CWR","16","1100001101100110","1100001101100110.0","Success","0.00145"
"8P7J","16","1110000010010110","1110000010010110.0","Success","0.00081"
"3IF5","16","11011110000100","11011110000100.0","Success","0.00097"
"5RL0","16","1101011101010","1101011101010.0","Success","0.0011"
"3MKT","16","111000111000011","111000111000011.0","Success","0.00064"
"213L","16","11010111000001","11010111000001.0","Success","0.00155"
"6ID6","16","11000000000111","11000000000111.0","Success","0.00112"
"3UIL","16","1101010001000","1101010001000.0","Success","0.00074"
"2CXV","16","110001011011110","110001011011110.0","Success","0.00134"
"1HUG","16","11010110010101","11010110010101.0","Success","0.00119"
"4UAE","16","1101001101000","1101001101000.0","Success","0.00089"
"8ZLD","16","11010111111011","11010111111011.0","Success","0.00102"
"3GEN","16","1011111011110111","1011111011110111.0","Success","0.00118"
"4XMN","16","1001110010100010","1001110010100010.0","Success","0.00038"
"8PUY","16","10010010011000","10010010011000.0","Success","0.00095"
"5OAE","16","101101100100","101101100100.0","Success","0.00082"
"3CAO","16","101011011111111","101011011111111.0","Success","0.00189"
"1J59","16","100001010000111","100001010000111.0","Success","0.00099"
"5KIU","16","101011111001","101011111001.0","Success","0.00218"
"5ISZ","16","110010001110010","110010001110010.0","Success","0.00069"
"6N7R","16","10100111000100","10100111000100.0","Success","0.00036"
"4CE6","16","1111110011000010","1111110011000010.0","Success","0.0009"
"4OMR","16","1101101110001000","1101101110001000.0","Success","0.0012"
"2UZ1","16","1111101010111000","1111101010111000.0","Success","0.0004"
"1C3W","16","1000100001000011","1000100001000011.0","Success","0.00129"
"1L72","16","1100101101100001","1100101101100001.0","Success","0.00151"
"6K9G","16","111110011110001","111110011110001.0","Success","0.00064"
"7N2T","16","100011110001110","100011110001110.0","Success","0.00105"
"5KFA","16","1111101101011000","1111101101011000.0","Success","0.00093"
"7OWP","16","1100010111111010","1100010111111010.0","Success","0.00069"
"5QZA","16","101110010001100","101110010001100.0","Success","0.00081"
"6YPK","16","100111000100001","100111000100001.0","Success","0.00105"
"8CPN","16","111101010011100","111101010011100.0","Success","0.00152"
"5HHK","16","111111010010","111111010010.0","Success","0.00079"
"3VVX","16","111111110100110","111111110100110.0","Success","0.00101"
"5ZMD","16","1110000000000101","1110000000000101.0","Success","0.00049"
"9ELF","16","101100101001001","101100101001001.0","Success","0.0003"
"5Q59","16","1111011101101010","1111011101101010.0","Success","0.00105"
"6L94","16","101000101100110","101000101100110.0","Success","0.00108"
"1W3O","16","1010100001110110","1010100001110110.0","Success","0.00137"
"6ZER","16","110001100000110","110001100000110.0","Success","0.00044"
"2M7U","16","1001010110110100","1001010110110100.0","Success","0.00047"
"3RM0","16","11010101111110","11010101111110.0","Success","0.00109"
"3EHG","16","1011101111010100","1011101111010100.0","Success","0.00168"
"8JIY","16","1010011001010110","1010011001010110.0","Success","0.00134"
"5X1L","16","1110101111000","1110101111000.0","Success","0.00053"
"2GS6","16","110000000000010","110000000000010.0","Success","0.00109"
"6MZB","16","1101101111010010","1101101111010010.0","Success","0.00046"
"4RJV","16","111110101001","111110101001.0","Success","0.00107"
"3SZO","16","10110101110100","10110101110100.0","Success","0.00077"
"8P56","16","1101000000001011","1101000000001011.0","Success","0.00077"
"7XLL","16","1100011100111000","1100011100111000.0","Success","0.00071"
"3MO2","16","101010100111","101010100111.0","Success","0.00062"
"6S7T","16","1000011111100111","1000011111100111.0","Success","0.00041"
"1TN4","16","111000011000111","111000011000111.0","Success","0.00152"
"6K0N","16","111001000001110","111001000001110.0","Success","0.00079"
"8QCX","16","1001011010111","1001011010111.0","Success","0.00095"
"6NCU","16","1010000011101100","1010000011101100.0","Success","0.0011"
"1TH6","16","1001011011000","1001011011000.0","Success","0.00178"
"7BG1","16","1011100111011000","1011100111011000.0","Success","0.00096"
"2EX0","16","1001111110110011","1001111110110011.0","Success","0.0007"
"2X0L","16","10011100100101","10011100100101.0","Success","0.00068"
"4RQM","16","1001110001010011","1001110001010011.0","Success","0.00139"
"5CCV","16","1111111011000","1111111011000.0","Success","0.00024"
"5L0Y","16","10001101010100","10001101010100.0","Success","0.00056"
"8DDU","16","10011000101000","10011000101000.0","Success","0.00031"
"1L75","16","11011011110011","11011011110011.0","Success","0.00154"
"8HOY","16","1010011111010110","1010011111010110.0","Success","0.00049"
"2YVY","16","101000101100000","101000101100000.0","Success","0.00122"
"7N2A","16","1100101000111100","1100101000111100.0","Success","0.00118"
"6PJF","16","1110101101110","1110101101110.0","Success","0.00135"
"7GSQ","16","1101000110010010","1101000110010010.0","Success","0.00111"
"1ISV","16","1100100101","1100100101.0","Success","0.00064"
"1PF3","16","1110101010001010","1110101010001010.0","Success","0.00089"
"6ANP","16","10110110111001","10110110111001.0","Success","0.00066"
"3V69","16","1111111110010110","1111111110010110.0","Success","0.00127"
"8FHU","16","100011011000101","100011011000101.0","Success","0.00072"
"2YBP","16","1011111010110","1011111010110.0","Success","0.00074"
"2P1U","16","101100001001001","101100001001001.0","Success","0.00134"
"3QB7","16","1110000000000110","1110000000000110.0","Success","0.00079"
"5WPS","16","1010000011010101","1010000011010101.0","Success","0.00136"
"8A44","16","1101100001111011","1101100001111011.0","Success","0.0007"
"4KBI","16","1011011000111111","1011011000111111.0","Success","0.00059"
"7MKD","16","1010000100001011","1010000100001011.0","Success","0.00031"
"6PPY","16","1011100010010110","1011100010010110.0","Success","0.00103"
"3H4V","16","1011010001011101","1011010001011101.0","Success","0.00041"
"5SG7","16","1001000110110001","1001000110110001.0","Success","0.00055"
"2A6P","16","111110110110100","111110110110100.0","Success","0.00099"
"6TDG","16","11101001100010","11101001100010.0","Success","0.00147"
"7S20","16","1111011011010110","1111011011010110.0","Success","0.00068"
"1MH9","16","100000100111100","100000100111100.0","Success","0.00139"
"5KFQ","16","100000011110100","100000011110100.0","Success","0.00093"
"6DVW","16","1001010100011010","1001010100011010.0","Success","0.00038"
"6MIK","16","1010101000101100","1010101000101100.0","Success","0.00119"
"2GMX","16","110100101000110","110100101000110.0","Success","0.0007"
"6ANG","16","10101111010001","10101111010001.0","Success","0.00114"
"4FTQ","16","1101101010001","1101101010001.0","Success","0.00122"
"1GK4","16","1001100101010011","1001100101010011.0","Success","0.00093"
"4NW5","16","1001000111111011","1001000111111011.0","Success","0.00108"
"3K4U","16","10100000111001","10100000111001.0","Success","0.00051"
"6P50","16","1011010111111","1011010111111.0","Success","0.00086"
"2FHK","16","101110111000","101110111000.0","Success","0.00056"
"1ZOQ","16","1011011010001011","1011011010001011.0","Success","0.00086"
"5IWO","16","1100101001101100","1100101001101100.0","Success","0.00082"
"1T9P","16","1000110111100111","1000110111100111.0","Success","0.00153"
"2B8A","16","10111011011","10111011011.0","Success","0.00037"
"5Z2Q","16","101011000000111","101011000000111.0","Success","0.00085"
"4X1D","16","1010011100010010","1010011100010010.0","Success","0.00052"
"6WTQ","16","10011110000000","10011110000000.0","Success","0.00118"
"5SK6","16","110001001011100","110001001011100.0","Success","0.00054"
"1K9K","16","10110100010111","10110100010111.0","Success","0.00142"
"2HI2","16","1100111000010001","1100111000010001.0","Success","0.00156"
"6OYW","16","1000111101000","1000111101000.0","Success","0.00061"
"3MDC","16","1110000100000011","1110000100000011.0","Success","0.00109"
"6OKW","16","1000010101101101","1000010101101101.0","Success","0.00086"
"3I0J","16","110100000010101","110100000010101.0","Success","0.00119"
"5OGJ","16","11000011100101","11000011100101.0","Success","0.00082"
"3MUN","16","1100101101010110","1100101101010110.0","Success","0.00075"
"5XWM","16","1100000101010100","1100000101010100.0","Success","0.00052"
"1TQ5","16","101111000011","101111000011.0","Success","0.00129"
"2FO3","16","1001110001110011","1001110001110011.0","Success","0.00184"
"6UYZ","16","101100001010110","101100001010110.0","Success","0.00148"
"3K8H","16","11011100010010","11011100010010.0","Success","0.00086"
"4CEJ","16","1110101000111101","1110101000111101.0","Success","0.00041"
"3BSW","16","1110110001011111","1110110001011111.0","Success","0.00138"
"7WK2","16","10111110111100","10111110111100.0","Success","0.00035"
"6XQ2","16","1111001100100011","1111001100100011.0","Success","0.00051"
"8A4I","16","1100111011100100","1100111011100100.0","Success","0.00134"
"4CLD","16","100000100010101","100000100010101.0","Success","0.00062"
"6B6U","16","1101011001110111","1101011001110111.0","Success","0.00059"
"2KTD","16","10110101110010","10110101110010.0","Success","0.00039"
"4R8M","16","100011100101100","100011100101100.0","Success","0.00079"
"1SHM","16","100110001001000","100110001001000.0","Success","0.00087"
"7AJP","16","111101000011100","111101000011100.0","Success","0.00039"
"4HJK","16","1010101000111000","1010101000111000.0","Success","0.00224"
"7R2H","16","10011010100100","10011010100100.0","Success","0.00151"
"1CK0","16","10011100001111","10011100001111.0","Success","0.00094"
"7E85","16","10011000100100","10011000100100.0","Success","0.00107"
"7B42","16","1000100100100100","1000100100100100.0","Success","0.00117"
"8U6E","16","1001000001000111","1001000001000111.0","Success","0.00066"
"5IM3","16","1011111001010111","1011111001010111.0","Success","0.00047"
"2AHI","16","10011001111110","10011001111110.0","Success","0.00068"
"6M5T","16","10010110010","10010110010.0","Success","0.00125"
"9J5C","16","1111100011111111","1111100011111111.0","Success","0.00112"
"2O4L","16","1100110111010110","1100110111010110.0","Success","0.00134"
"2ICA","16","110100110110000","110100110110000.0","Success","0.00142"
"5KN0","16","101010111100011","101010111100011.0","Success","0.00052"
"1NKV","16","1010100100011100","1010100100011100.0","Success","0.00075"
"4V3Y","16","111110001111010","111110001111010.0","Success","0.00067"
"3B6I","16","11110001011","11110001011.0","Success","0.00096"
"7KBK","16","101010000100001","101010000100001.0","Success","0.00076"
"3K7P","16","101000110000011","101000110000011.0","Success","0.00108"
"3CJT","16","101111110010","101111110010.0","Success","0.00036"
"8BVJ","16","100000011101010","100000011101010.0","Success","0.0004"
"3EPN","16","1111111000010001","1111111000010001.0","Success","0.0006"
"6HPZ","16","1101001001010011","1101001001010011.0","Success","0.00163"
"2AE0","16","110010000101101","110010000101101.0","Success","0.00103"
"4D4Q","16","10100010110010","10100010110010.0","Success","0.00078"
"5LV3","16","1000000111","1000000111.0","Success","0.00052"
"6UCD","16","1110100100000101","1110100100000101.0","Success","0.00106"
"8GF2","16","110011010010011","110011010010011.0","Success","0.00042"
"7KA0","16","10111111001","10111111001.0","Success","0.0004"
"8DD8","16","111110110011101","111110110011101.0","Success","0.00055"
"7ALK","16","1001110111111010","1001110111111010.0","Success","0.00125"
"4KNX","16","1111001110010110","1111001110010110.0","Success","0.00093"
"1L0F","16","1011000101000100","1011000101000100.0","Success","0.0007"
"3VB4","16","110101001100101","110101001100101.0","Success","0.00081"
"3FNE","16","10111100010010","10111100010010.0","Success","0.0006"
"9KPF","16","10000010110001","10000010110001.0","Success","0.00059"
"3PCM","16","1111010010101100","1111010010101100.0","Success","0.00038"
"7DGK","16","1000011101111011","1000011101111011.0","Success","0.00111"
"2N2L","16","111110011001111","111110011001111.0","Success","0.00049"
"2E6H","16","1111111100110000","1111111100110000.0","Success","0.00064"
"7BBD","16","10100101001","10100101001.0","Success","0.00085"
"3Q0V","16","11000111001","11000111001.0","Success","0.00101"
"4FTV","16","1010011111101101","1010011111101101.0","Success","0.00068"
"3GA3","16","1110010101001001","1110010101001001.0","Success","0.00168"
"3K52","16","111100101111001","111100101111001.0","Success","0.00085"
"2WDQ","16","1100000011010110","1100000011010110.0","Success","0.00035"
"6SOC","16","1000111010","1000111010.0","Success","0.00049"
"1O1V","16","101111111","101111111.0","Success","0.00055"
"5I6I","16","100111011110110","100111011110110.0","Success","0.00037"
"1UN9","16","1001011111001100","1001011111001100.0","Success","0.00059"
"1UW6","16","1111010101100","1111010101100.0","Success","0.0003"
"7SEO","16","110001100000100","110001100000100.0","Success","0.00087"
"5FLX","16","1011111111000","1011111111000.0","Success","0.00027"
"8B2O","16","100111010101101","100111010101101.0","Success","0.00121"
"8OTE","16","1010010101101011","1010010101101011.0","Success","0.00059"
"3MAM","16","1011010000010100","1011010000010100.0","Success","0.00117"
"6D3L","16","1110011100001101","1110011100001101.0","Success","0.00122"
"8F72","16","101111100110101","101111100110101.0","Success","0.00057"
"5CH6","16","1111110000100101","1111110000100101.0","Success","0.00066"
"4JML","16","111001101110111","111001101110111.0","Success","0.00095"
"4QWX","16","10010001100000","10010001100000.0","Success","0.00024"
"6M4R","16","1110001110010","1110001110010.0","Success","0.00058"
"2PR0","16","101101011111","101101011111.0","Success","0.00142"
"4V32","16","1010011111111010","1010011111111010.0","Success","0.00108"
"2EJ4","16","11111111111000","11111111111000.0","Success","0.00043"
"1LJ9","16","110111000001111","110111000001111.0","Success","0.00113"
"8YVJ","16","1111000000100","1111000000100.0","Success","0.00126"
"5SGT","16","1001111101100100","1001111101100100.0","Success","0.00054"
"5G43","16","100101101110000","100101101110000.0","Success","0.00115"
"8R98","16","1001101011001101","1001101011001101.0","Success","0.00036"
"4PS3","16","1110010111010100","1110010111010100.0","Success","0.00067"
"7MAC","16","100011100011000","100011100011000.0","Success","0.00138"
"3LNO","16","100101010111100","100101010111100.0","Success","0.0008"
"2Z6V","16","111001111110011","111001111110011.0","Success","0.00099"
"1HPL","16","1001000011011011","1001000011011011.0","Success","0.00065"
"2KKY","16","110011110001100","110011110001100.0","Success","0.00043"
"3TD3","16","1101100000100010","1101100000100010.0","Success","0.00062"
"9D79","16","10101101100010","10101101100010.0","Success","0.00063"
"1Q4R","16","1011101000000010","1011101000000010.0","Success","0.00193"
"6ZE1","16","101010110000101","101010110000101.0","Success","0.00105"
"7AOO","16","100011101110001","100011101110001.0","Success","0.00076"
"1V30","16","10011000101010","10011000101010.0","Success","0.00172"
"1VJW","16","1111001011100001","1111001011100001.0","Success","0.00251"
"6MYQ","16","1100101010001011","1100101010001011.0","Success","0.00059"
"8GFV","16","1101011001110110","1101011001110110.0","Success","0.00064"
"8I23","16","1010000001","1010000001.0","Success","0.00035"
"5B35","16","1111011100001111","1111011100001111.0","Success","0.00131"
"3O8P","16","1010011000100100","1010011000100100.0","Success","0.00105"
"8J8X","16","1000110110001","1000110110001.0","Success","0.001"
"6LU9","16","1010000010010110","1010000010010110.0","Success","0.00037"
"3AJX","16","10100010011100","10100010011100.0","Success","0.00068"
"8YXS","16","1101101100001101","1101101100001101.0","Success","0.00042"
"1T3K","16","101011110011110","101011110011110.0","Success","0.00038"
"2NOB","16","111011011100101","111011011100101.0","Success","0.00109"
"3JWU","16","1000110000010001","1000110000010001.0","Success","0.00067"
"5NI3","16","1010111000100","1010111000100.0","Success","0.00063"
"1WFH","16","101001110","101001110.0","Success","0.00054"
"5H19","16","110010001010011","110010001010011.0","Success","0.00099"
"4I88","16","1001000111111001","1001000111111001.0","Success","0.00065"
"8UXW","16","1001110001011","1001110001011.0","Success","0.00027"
"5RMK","16","1001001001001101","1001001001001101.0","Success","0.00056"
"6VJF","16","1100111110110001","1100111110110001.0","Success","0.0005"
"8HU7","16","1000000011100001","1000000011100001.0","Success","0.00163"
"5AW9","16","11011100000111","11011100000111.0","Success","0.00054"
"1A7M","16","1010100100101110","1010100100101110.0","Success","0.00032"
"6MMQ","16","1011011000011011","1011011000011011.0","Success","0.00085"
"8K8S","16","100001010000110","100001010000110.0","Success","0.00048"
"5TH6","16","111000011011011","111000011011011.0","Success","0.00067"
"3FDG","16","1100000111000","1100000111000.0","Success","0.00074"
"5B7Q","16","1011100100001000","1011100100001000.0","Success","0.00084"
"4OQ6","16","1100011001110001","1100011001110001.0","Success","0.00118"
"6U7H","16","1100011001110011","1100011001110011.0","Success","0.00036"
"7R69","16","1000101110101110","1000101110101110.0","Success","0.00054"
"5COL","16","1110110100110101","1110110100110101.0","Success","0.0011"
"4NL8","16","1101010101001","1101010101001.0","Success","0.00047"
"2PXI","16","1101010100001001","1101010100001001.0","Success","0.00105"
"7Z42","16","1110101010011001","1110101010011001.0","Success","0.0003"
"7Q28","16","1011101001110101","1011101001110101.0","Success","0.00081"
"2F3T","16","100100000110111","100100000110111.0","Success","0.00056"
"6FE8","16","100110000001","100110000001.0","Success","0.00049"
"5FS4","16","1111100110001","1111100110001.0","Success","0.00122"
"1LV5","16","1001100010011010","1001100010011010.0","Success","0.00057"
"2VN0","16","1010000111100101","1010000111100101.0","Success","0.0009"
"7EQX","16","110111111101010","110111111101010.0","Success","0.0007"
"6S1R","16","11110100010111","11110100010111.0","Success","0.00097"
"3THE","16","1001100000111110","1001100000111110.0","Success","0.00075"
"5IDO","16","1111011100110111","1111011100110111.0","Success","0.00089"
"7LPC","16","111100101100101","111100101100101.0","Success","0.00045"
"8KB8","16","100101111101010","100101111101010.0","Success","0.00061"
"5I1H","16","1001100010101011","1001100010101011.0","Success","0.00091"
"6CZ3","16","11010110101000","11010110101000.0","Success","0.00119"
"3TE1","16","100010011111000","100010011111000.0","Success","0.00054"
"6O2B","16","1110101111100011","1110101111100011.0","Success","0.00041"
"2CWH","16","1111100100001000","1111100100001000.0","Success","0.00074"
"1Q0L","16","11001011001","11001011001.0","Success","0.00098"
"4CCT","16","11001010111111","11001010111111.0","Success","0.00046"
"1E7K","16","100101100010000","100101100010000.0","Success","0.0012"
"2V0V","16","1110010110111","1110010110111.0","Success","0.00074"
"7THX","16","1011101010100010","1011101010100010.0","Success","0.00069"
"8TLY","16","1110111011110011","1110111011110011.0","Success","0.00092"
"1P1C","16","1011110111010110","1011110111010110.0","Success","0.00099"
"8FXJ","16","111111000100100","111111000100100.0","Success","0.00092"
"9DBO","16","101010111100100","101010111100100.0","Success","0.00084"
"1OEZ","16","1011010010011","1011010010011.0","Success","0.00089"
"4LPH","16","1111000100111000","1111000100111000.0","Success","0.00103"
"4IJ9","16","1101001101011111","1101001101011111.0","Success","0.00102"
"8DVX","16","1100100000001","1100100000001.0","Success","0.00097"
"6SIN","16","1011000110111110","1011000110111110.0","Success","0.00117"
"5MX4","16","111111110011100","111111110011100.0","Success","0.00052"
"6AVW","16","1110111100100001","1110111100100001.0","Success","0.00133"
"1G6L","16","1100000011011011","1100000011011011.0","Success","0.00136"
"7L27","16","110000000011100","110000000011100.0","Success","0.00051"
"7MCM","16","101110100000101","101110100000101.0","Success","0.00092"
"6LP2","16","1101101100110010","1101101100110010.0","Success","0.00076"
"4EU8","16","1010100011101000","1010100011101000.0","Success","0.00061"
"3AZB","16","100010011101010","100010011101010.0","Success","0.00034"
"4UW1","16","11101011001111","11101011001111.0","Success","0.00047"
"5C1R","16","1110101100110000","1110101100110000.0","Success","0.00074"
"2E49","16","100001011011100","100001011011100.0","Success","0.00053"
"4AUB","16","10001110111111","10001110111111.0","Success","0.00039"
"5EXV","16","11000100101100","11000100101100.0","Success","0.00061"
"3QBM","16","1001100100100100","1001100100100100.0","Success","0.00094"
"3I9J","16","1100110100001100","1100110100001100.0","Success","0.00088"
"1VBM","16","1001111100000100","1001111100000100.0","Success","0.00077"
"4WRV","16","1100010111111111","1100010111111111.0","Success","0.00126"
"1FEZ","16","100111000101011","100111000101011.0","Success","0.00061"
"9BMU","16","101101001000110","101101001000110.0","Success","0.00037"
"3UN1","16","1001000111101","1001000111101.0","Success","0.00063"
"4WHR","16","1101011001100","1101011001100.0","Success","0.00053"
"6R5D","16","1010000100110011","1010000100110011.0","Success","0.00071"
"5ZTO","16","1000100101101110","1000100101101110.0","Success","0.00114"
"2XXJ","16","1110110011110111","1110110011110111.0","Success","0.00055"
"2VZE","16","111000110100100","111000110100100.0","Success","0.00048"
"6NAS","16","111011101010101","111011101010101.0","Success","0.00074"
"5VR5","16","1000001101001101","1000001101001101.0","Success","0.00128"
"6DJD","16","10111011110111","10111011110111.0","Success","0.00066"
"7ST4","16","1111111010001010","1111111010001010.0","Success","0.00099"
"3GFG","16","10111011001101","10111011001101.0","Success","0.0003"
"4R1J","16","100110100000010","100110100000010.0","Success","0.00148"
"3JUH","16","1010001101","1010001101.0","Success","0.00073"
"3RH0","16","1111100011010","1111100011010.0","Success","0.00118"
"5K48","16","11011000001100","11011000001100.0","Success","0.00087"
"8R56","16","111010111100100","111010111100100.0","Success","0.00037"
"5HZS","16","1110001011100001","1110001011100001.0","Success","0.00039"
"3ZJQ","16","1111001011100010","1111001011100010.0","Success","0.001"
"4DC6","16","1100001001011","1100001001011.0","Success","0.00131"
"7ZGS","16","1010111111010111","1010111111010111.0","Success","0.00062"
"8PNO","16","101110101110100","101110101110100.0","Success","0.00097"
"1X1G","16","1000101101011100","1000101101011100.0","Success","0.00038"
"7KBJ","16","1110000111110010","1110000111110010.0","Success","0.00044"
"4YZD","16","1110010010101","1110010010101.0","Success","0.00058"
"4N9Y","16","1111001101110000","1111001101110000.0","Success","0.00086"
"4IG0","16","1100100111010111","1100100111010111.0","Success","0.00061"
"5DNK","16","1001110010110","1001110010110.0","Success","0.00062"
"5BW9","16","1101011010101000","1101011010101000.0","Success","0.0002"
"6ON8","16","1010010100000111","1010010100000111.0","Success","0.00168"
"4BDU","16","1111100111010000","1111100111010000.0","Success","0.00056"
"7E89","16","1000001101111","1000001101111.0","Success","0.00036"
"5XL1","16","100001100111000","100001100111000.0","Success","0.00061"
"7DTV","16","1110100100010110","1110100100010110.0","Success","0.00049"
"7UUI","16","100001101111001","100001101111001.0","Success","0.0009"
"2CZR","16","1010001001100001","1010001001100001.0","Success","0.00131"
"8X79","16","1101100000010111","1101100000010111.0","Success","0.0006"
"8GI7","16","1101010010101011","1101010010101011.0","Success","0.00049"
"1LL2","16","1100101000011000","1100101000011000.0","Success","0.00125"
"2P70","16","1110100111010010","1110100111010010.0","Success","0.00171"
"2H9G","16","101101101000","101101101000.0","Success","0.0006"
"6TAB","16","101000100000000","101000100000000.0","Success","0.00145"
"5U7R","16","10001010111100","10001010111100.0","Success","0.00049"
"5JEY","16","100000111001","100000111001.0","Success","0.00135"
"9EUZ","16","1100101101110010","1100101101110010.0","Success","0.00047"
"6L6J","16","1111011101010000","1111011101010000.0","Success","0.00073"
"6QKX","16","1011001010110","1011001010110.0","Success","0.00077"
"4ICR","16","1010001111111","1010001111111.0","Success","0.00068"
"4RCE","16","111101110110101","111101110110101.0","Success","0.00101"
"4K50","16","1111010100001011","1111010100001011.0","Success","0.00045"
"7RBS","16","1111010010001011","1111010010001011.0","Success","0.0004"
"9BZ7","16","1011101001110100","1011101001110100.0","Success","0.00042"
"5VLC","16","1101101000101001","1101101000101001.0","Success","0.00037"
"6L1T","16","110111111110110","110111111110110.0","Success","0.00061"
"5OHS","16","101100111100001","101100111100001.0","Success","0.00026"
"4J4M","16","1010110110011110","1010110110011110.0","Success","0.00096"
"2W4I","16","100000111100010","100000111100010.0","Success","0.00059"
"4BML","16","1111100110100100","1111100110100100.0","Success","0.00041"
"3CTM","16","1010110001010010","1010110001010010.0","Success","0.00042"
"8J7P","16","111011011010001","111011011010001.0","Success","0.00095"
"4BQA","16","101100101011111","101100101011111.0","Success","0.00111"
"1EGD","16","1000110001","1000110001.0","Success","0.00049"
"2OTH","16","1011100000101000","1011100000101000.0","Success","0.00176"
"6SE7","16","111101111101001","111101111101001.0","Success","0.00064"
"4C3K","16","1110001101011011","1110001101011011.0","Success","0.00079"
"3SYR","16","100100101110110","100100101110110.0","Success","0.00069"
"2Q5I","16","1010011011110101","1010011011110101.0","Success","0.00085"
"3PZR","16","1000101100000","1000101100000.0","Success","0.00073"
"2JZC","16","101010001100010","101010001100010.0","Success","0.00044"
"3SD6","16","11000101000000","11000101000000.0","Success","0.00216"
"4GCH","16","1000010000111011","1000010000111011.0","Success","0.00125"
"4M9P","16","1000111100100110","1000111100100110.0","Success","0.00114"
"2F26","16","110100100000","110100100000.0","Success","0.00103"
"1NTP","16","111010000111111","111010000111111.0","Success","0.00128"
"4XWK","16","1101110111101101","1101110111101101.0","Success","0.00057"
"1JMC","16","1110011001011101","1110011001011101.0","Success","0.00125"
"1PRH","16","11110010001010","11110010001010.0","Success","0.00057"
"2FU7","16","111100011001011","111100011001011.0","Success","0.00083"
"3U1V","16","1000011111011000","1000011111011000.0","Success","0.00056"
"8UHI","16","1011110111010001","1011110111010001.0","Success","0.00028"
"6E69","16","1110101111010111","1110101111010111.0","Success","0.00066"
"6C3I","16","11001111010000","11001111010000.0","Success","0.00068"
"6LBR","16","1011010000001111","1011010000001111.0","Success","0.0007"
"2ECM","16","1101000100100111","1101000100100111.0","Success","0.00057"
"7CX6","16","1100001000010001","1100001000010001.0","Success","0.00062"
"4B21","16","11010111100010","11010111100010.0","Success","0.00134"
"3QQQ","16","10010010000001","10010010000001.0","Success","0.0011"
"6OBF","16","1001000101011110","1001000101011110.0","Success","0.00119"
"6OHO","16","10010000000110","10010000000110.0","Success","0.00057"
"6KY1","16","10110101001100","10110101001100.0","Success","0.00084"
"3GPA","16","1001100100001000","1001100100001000.0","Success","0.00072"
"4R6P","16","101001101100","101001101100.0","Success","0.00077"
"5BJ3","16","10001011110010","10001011110010.0","Success","0.00051"
"5JQW","16","1101110111111010","1101110111111010.0","Success","0.00101"
"4XNV","16","111100101","111100101.0","Success","0.00107"
"4BJB","16","10000000110011","10000000110011.0","Success","0.00135"
"8ZF9","16","101011110100101","101011110100101.0","Success","0.00054"
"6RXP","16","101010101000100","101010101000100.0","Success","0.00089"
"9DP5","16","111110000000011","111110000000011.0","Success","0.00074"
"4JSG","16","1011110001100111","1011110001100111.0","Success","0.00066"
"4QQW","16","1010000110111000","1010000110111000.0","Success","0.00032"
"1P35","16","1100001000110000","1100001000110000.0","Success","0.00065"
"1AUS","16","111001001101100","111001001101100.0","Success","0.00041"
"2RSP","16","1100010010110000","1100010010110000.0","Success","0.00129"
"3J8D","16","1011110010110101","1011110010110101.0","Success","0.00044"
"6I3U","16","111010101101110","111010101101110.0","Success","0.00082"
"5SWG","16","10100111100010","10100111100010.0","Success","0.00055"
"6YID","16","1100111100110111","1100111100110111.0","Success","0.0006"
"4XL9","16","1100011100110001","1100011100110001.0","Success","0.00081"
"2AIU","16","1000101011000111","1000101011000111.0","Success","0.00192"
"8W5P","16","101011101101111","101011101101111.0","Success","0.0009"
"5Y7G","16","1010001000101000","1010001000101000.0","Success","0.00049"
"8OVB","16","1101000101000101","1101000101000101.0","Success","0.00049"
"4RAO","16","1000110000011110","1000110000011110.0","Success","0.00066"
"8OI9","16","111001000101011","111001000101011.0","Success","0.00075"
"5N7X","16","100111100100110","100111100100110.0","Success","0.00059"
"6GBD","16","1110110101010010","1110110101010010.0","Success","0.0004"
"9I62","16","110111100010001","110111100010001.0","Success","0.00036"
"4DQP","16","11000001011111","11000001011111.0","Success","0.00055"
"1ZK9","16","11011101011011","11011101011011.0","Success","0.00186"
"1RG2","16","1010001101001011","1010001101001011.0","Success","0.00067"
"2IV9","16","1111100011111011","1111100011111011.0","Success","0.00088"
"1Y1J","16","1100101100100101","1100101100100101.0","Success","0.00118"
"2WE6","16","110000100100110","110000100100110.0","Success","0.00094"
"2XU7","16","1101111011011","1101111011011.0","Success","0.00071"
"6PQX","16","101100011011101","101100011011101.0","Success","0.00062"
"8PLU","16","100001100100110","100001100100110.0","Success","0.00056"
"2C4M","16","110101111100100","110101111100100.0","Success","0.00034"
"4BIV","16","1011011010111100","1011011010111100.0","Success","0.00084"
"2PL7","16","110001011101101","110001011101101.0","Success","0.00168"
"4Z2T","16","110110101010001","110110101010001.0","Success","0.00057"
"4I37","16","1001111011111111","1001111011111111.0","Success","0.00088"
"2WIN","16","10101001111011","10101001111011.0","Success","0.00021"
"3EYB","16","110110011100110","110110011100110.0","Success","0.0007"
"6TWA","16","10010101111010","10010101111010.0","Success","0.00083"
"8QKG","16","111001011001001","111001011001001.0","Success","0.00074"
"4XXH","16","1000101010100","1000101010100.0","Success","0.00084"
"6NYH","16","1010001110101110","1010001110101110.0","Success","0.00086"
"7QRT","16","1001001100110110","1001001100110110.0","Success","0.00142"
"5KXB","16","10101011110111","10101011110111.0","Success","0.00061"
"1DJB","16","101101100011110","101101100011110.0","Success","0.0012"
"8HT1","16","1000010011101001","1000010011101001.0","Success","0.00099"
"6MV3","16","110101010110101","110101010110101.0","Success","0.00038"
"6RHK","16","1011000010110110","1011000010110110.0","Success","0.00121"
"7YP8","16","1001100000111110","1001100000111110.0","Success","0.00065"
"7RT5","16","11011011101000","11011011101000.0","Success","0.00148"
"7XKE","16","111111101101111","111111101101111.0","Success","0.00061"
"7MBP","16","10100010111","10100010111.0","Success","0.00031"
"2NPK","16","1101101010010000","1101101010010000.0","Success","0.001"
"9RCQ","16","1001000100110111","1001000100110111.0","Success","0.00035"
"3TQ7","16","1100001110100000","1100001110100000.0","Success","0.00122"
"8B9X","16","1000000001000011","1000000001000011.0","Success","0.00087"
"3UKG","16","1110110111000","1110110111000.0","Success","0.00132"
"7WD8","16","1101100111010","1101100111010.0","Success","0.00084"
"1DX0","16","1001000010101001","1001000010101001.0","Success","0.0019"
"6XMF","16","1000101111001101","1000101111001101.0","Success","0.00077"
"5Z23","16","1001100111010100","1001100111010100.0","Success","0.00071"
"4IN6","16","1000010010111010","1000010010111010.0","Success","0.00067"
"3UDX","16","1010010000011","1010010000011.0","Success","0.00056"
"6VY2","16","110100110101000","110100110101000.0","Success","0.00039"
"8Q3Z","16","1111000100110111","1111000100110111.0","Success","0.00067"
"1H7F","16","1000110101001011","1000110101001011.0","Success","0.00088"
"7T8W","16","1110000001100011","1110000001100011.0","Success","0.0009"
"6Z8R","16","10011110111010","10011110111010.0","Success","0.00054"
"1NJG","16","1111110100100111","1111110100100111.0","Success","0.00087"
"5PUQ","16","1100011100101101","1100011100101101.0","Success","0.00123"
"8K4W","16","11100011101101","11100011101101.0","Success","0.00113"
"7YKQ","16","1011000100000","1011000100000.0","Success","0.00059"
"1YJG","16","1000111101011101","1000111101011101.0","Success","0.00078"
"5LW8","16","1100110000101010","1100110000101010.0","Success","0.00046"
"3PU9","16","1100000001001000","1100000001001000.0","Success","0.0009"
"6N8B","16","11111110100111","11111110100111.0","Success","0.00097"
"1PR4","16","10000001100101","10000001100101.0","Success","0.00073"
"1V2I","16","1111000100101110","1111000100101110.0","Success","0.00065"
"8U0Q","16","111110010000111","111110010000111.0","Success","0.00064"
"7F1E","16","1001000001111011","1001000001111011.0","Success","0.00088"
"8GR8","16","1111011011100000","1111011011100000.0","Success","0.00065"
"1D2H","16","111001111100101","111001111100101.0","Success","0.00062"
"4FWY","16","1100110100100001","1100110100100001.0","Success","0.00163"
"6NVZ","16","100000101010011","100000101010011.0","Success","0.00056"
"1Q62","16","1101000001100","1101000001100.0","Success","0.00101"
"2DT8","16","110010100110111","110010100110111.0","Success","0.00117"
"8ZPE","16","11100110101100","11100110101100.0","Success","0.00049"
"1J8C","16","1101000010000110","1101000010000110.0","Success","0.00042"
"8IK7","16","101110000100111","101110000100111.0","Success","0.00129"
"2YXH","16","111010010101","111010010101.0","Success","0.00126"
"6LZX","16","110011110010001","110011110010001.0","Success","0.00065"
"5QMV","16","11110110101011","11110110101011.0","Success","0.001"
"3PSK","16","1111100101111010","1111100101111010.0","Success","0.00068"
"5H6G","16","1011111100010100","1011111100010100.0","Success","0.0007"
"8DKG","16","100101111101001","100101111101001.0","Success","0.00052"
"4GP7","16","11111001100111","11111001100111.0","Success","0.00104"
"7HOL","16","1111100110101101","1111100110101101.0","Success","0.00138"
"9IIR","16","100001011100000","100001011100000.0","Success","0.00043"
"5TCF","16","110110100001010","110110100001010.0","Success","0.00037"
"4FLU","16","110010101000000","110010101000000.0","Success","0.00071"
"4C8X","16","1100011101101100","1100011101101100.0","Success","0.00081"
"9N58","16","10010110110111","10010110110111.0","Success","0.00058"
"6N7Z","16","111101100100100","111101100100100.0","Success","0.00103"
"1IBL","16","1011111100000","1011111100000.0","Success","0.00039"
"7TZJ","16","11110110110000","11110110110000.0","Success","0.00079"
"7PHI","16","111000111010011","111000111010011.0","Success","0.00049"
"2EQG","16","10100111011001","10100111011001.0","Success","0.00062"
"2DLO","16","10101110000","10101110000.0","Success","0.00048"
"3TVV","16","1010110010110100","1010110010110100.0","Success","0.0009"
"1DOR","16","100110011000010","100110011000010.0","Success","0.00079"
"6WX1","16","110101001101","110101001101.0","Success","0.00093"
"3DBM","16","1101111000011100","1101111000011100.0","Success","0.00087"
"7KH4","16","101100001111000","101100001111000.0","Success","0.00046"
"3SIY","16","1001100010100010","1001100010100010.0","Success","0.00063"
"1P2D","16","11111001010010","11111001010010.0","Success","0.00068"
"1RJX","16","1101000110111111","1101000110111111.0","Success","0.00122"
"6HCU","16","1011001000010111","1011001000010111.0","Success","0.00062"
"5F58","16","1010010100100","1010010100100.0","Success","0.00117"
"6JEP","16","1011010100101111","1011010100101111.0","Success","0.00057"
"8UCJ","16","1010001101010001","1010001101010001.0","Success","0.00043"
"3THW","16","10000000110000","10000000110000.0","Success","0.00046"
"1L32","16","1001000010110110","1001000010110110.0","Success","0.00149"
"5OU9","16","1000100011111100","1000100011111100.0","Success","0.00099"
"7CAZ","16","100010010101001","100010010101001.0","Success","0.00062"
"8ZXC","16","10010101110000","10010101110000.0","Success","0.0003"
"4URY","16","1100110001010000","1100110001010000.0","Success","0.00078"
"2W76","16","1101010110100011","1101010110100011.0","Success","0.0005"
"4Q0P","16","10000011100","10000011100.0","Success","0.0012"
"6ZHE","16","100110101010101","100110101010101.0","Success","0.00019"
"5VI7","16","1000001010111000","1000001010111000.0","Success","0.00094"
"2V6T","16","11011000","11011000.0","Success","0.00137"
"6G77","16","1010011011111111","1010011011111111.0","Success","0.0008"
"8J56","16","1001111101000011","1001111101000011.0","Success","0.00076"
"4XIK","16","1001100100110011","1001100100110011.0","Success","0.00074"
"1VHK","16","111000010010001","111000010010001.0","Success","0.00067"
"7JVX","16","1011010101000110","1011010101000110.0","Success","0.00109"
"8YNN","16","111110111111110","111110111111110.0","Success","0.00054"
"4M3Q","16","101101100001011","101101100001011.0","Success","0.00088"
"3GIQ","16","10010111100000","10010111100000.0","Success","0.00063"
"1FNF","16","1011001010010000","1011001010010000.0","Success","0.00102"
"4X0L","16","1010111101001101","1010111101001101.0","Success","0.00085"
"7Q6D","16","1001110011111101","1001110011111101.0","Success","0.001"
"4N36","16","1000101000110111","1000101000110111.0","Success","0.00085"
"5AC9","16","1000110000100010","1000110000100010.0","Success","0.00074"
"9FQO","16","1001011110111101","1001011110111101.0","Success","0.00089"
"3U6M","16","11101000000100","11101000000100.0","Success","0.00126"
"1P68","16","1011111000111010","1011111000111010.0","Success","0.00049"
"9G00","16","11000010111110","11000010111110.0","Success","0.00034"
"8HIG","16","1010010110111001","1010010110111001.0","Success","0.0014"
"1LP3","16","110111010111000","110111010111000.0","Success","0.00086"
"7G9F","16","111001110000100","111001110000100.0","Success","0.00094"
"1R09","16","1000111000100000","1000111000100000.0","Success","0.00069"
"4L1Z","16","1000101111000111","1000101111000111.0","Success","0.00116"
"5QY3","16","101111101000101","101111101000101.0","Success","0.00074"
"5WPR","16","111011101001100","111011101001100.0","Success","0.00138"
"2JVN","16","1111011110101010","1111011110101010.0","Success","0.00055"
"3QKP","16","11000001101","11000001101.0","Success","0.00115"
"3AZM","16","110011010101111","110011010101111.0","Success","0.0007"
"6MJX","16","1010011001001100","1010011001001100.0","Success","0.00103"
"9B67","16","11000010111101","11000010111101.0","Success","0.0004"
"5WBW","16","1111101001110110","1111101001110110.0","Success","0.0006"
"2RHD","16","1101110000001100","1101110000001100.0","Success","0.00149"
"7NCA","16","1001100110001000","1001100110001000.0","Success","0.00071"
"8G1T","16","11010011101011","11010011101011.0","Success","0.00081"
"3GV6","16","1000110111000101","1000110111000101.0","Success","0.00249"
"8Y9C","16","1010001001110001","1010001001110001.0","Success","0.00048"
"2BKR","16","1000000000111100","1000000000111100.0","Success","0.00115"
"5HJK","16","1000100000101001","1000100000101001.0","Success","0.00105"
"6LH8","16","101100111101","101100111101.0","Success","0.00159"
"3MM8","16","1011101110000101","1011101110000101.0","Success","0.00049"
"2G6W","16","111001001010101","111001001010101.0","Success","0.00098"
"4QWJ","16","110110111111101","110110111111101.0","Success","0.00024"
"3OE8","16","1111011011001111","1111011011001111.0","Success","0.00055"
"7RL6","16","11110010000001","11110010000001.0","Success","0.00029"
"6BRT","16","10001001011010","10001001011010.0","Success","0.00041"
"5V2V","16","11101000","11101000.0","Success","0.00117"
"6VSS","16","1011111011000100","1011111011000100.0","Success","0.00045"
"3FSG","16","11101110111010","11101110111010.0","Success","0.00059"
"2BXC","16","1111111100100","1111111100100.0","Success","0.00056"
"3UIC","16","11110101111101","11110101111101.0","Success","0.0003"
"5XEO","16","111010101001010","111010101001010.0","Success","0.00078"
"8FRI","16","10011111","10011111.0","Success","0.00066"
"6RJK","16","11010101111001","11010101111001.0","Success","0.00064"
"3OXR","16","1110010111110011","1110010111110011.0","Success","0.00098"
"8IJZ","16","111001011001","111001011001.0","Success","0.00176"
"6FL2","16","1100010000000001","1100010000000001.0","Success","0.00076"
"3ZPV","16","1100100001010111","1100100001010111.0","Success","0.00046"
"6ALZ","16","101001011100","101001011100.0","Success","0.00077"
"6I4H","16","11101000000010","11101000000010.0","Success","0.00082"
"3X22","16","1101100101111011","1101100101111011.0","Success","0.00092"
"3QLJ","16","1110010110110110","1110010110110110.0","Success","0.00046"
"6E9T","16","100100001000111","100100001000111.0","Success","0.00026"
"5Y4H","16","1100100000011111","1100100000011111.0","Success","0.00119"
"4UH6","16","100001011010","100001011010.0","Success","0.00068"
"7BUX","16","1001000111101","1001000111101.0","Success","0.00076"
"5W5A","16","11101110100001","11101110100001.0","Success","0.00089"
"3B6G","16","1110100000000010","1110100000000010.0","Success","0.0007"
"1XIA","16","1011000001001","1011000001001.0","Success","0.00069"
"8GEZ","16","1011011001111100","1011011001111100.0","Success","0.00087"
"7MZT","16","110111101010000","110111101010000.0","Success","0.00084"
"6B6F","16","1010010010001010","1010010010001010.0","Success","0.00118"
"1KCA","16","1110000000000011","1110000000000011.0","Success","0.00066"
"5LYF","16","1001000001011101","1001000001011101.0","Success","0.00111"
"6FF9","16","1101011001001111","1101011001001111.0","Success","0.00069"
"6XJZ","16","100001111011101","100001111011101.0","Success","0.00065"
"5K53","16","1101101110101100","1101101110101100.0","Success","0.00093"
"8D5C","16","110100000","110100000.0","Success","0.00037"
"1KRF","16","111111001100000","111111001100000.0","Success","0.00062"
"3M24","16","1011011111000011","1011011111000011.0","Success","0.00064"
"8A1B","16","1001011010010001","1001011010010001.0","Success","0.00111"
"4DFC","16","1110100011000100","1110100011000100.0","Success","0.00096"
"3B9J","16","110100011110001","110100011110001.0","Success","0.00038"
"3ON0","16","110001100000111","110001100000111.0","Success","0.0009"
"5CJ7","16","1000100100000010","1000100100000010.0","Success","0.00086"
"2OUY","16","100110001000110","100110001000110.0","Success","0.00077"
"8QFJ","16","1001111001011111","1001111001011111.0","Success","0.00105"
"4WI8","16","1000000001101000","1000000001101000.0","Success","0.00094"
"3B74","16","1001000010000010","1001000010000010.0","Success","0.00112"
"4K8V","16","100011100","100011100.0","Success","0.0005"
"7W34","16","11001011000100","11001011000100.0","Success","0.00131"
"8WK3","16","1110001001110011","1110001001110011.0","Success","0.00028"
"3M6F","16","1001110101100110","1001110101100110.0","Success","0.00144"
"1NWC","16","1011110000001","1011110000001.0","Success","0.00073"
"4YMA","16","101011001111111","101011001111111.0","Success","0.00085"
"8K3D","16","1001110000101101","1001110000101101.0","Success","0.00194"
"5Q8Z","16","1010111111011011","1010111111011011.0","Success","0.00105"
"9LSA","16","10001010100100","10001010100100.0","Success","0.00093"
"6QI0","16","11101111001010","11101111001010.0","Success","0.00078"
"4HOT","16","110000001000111","110000001000111.0","Success","0.0009"
"2EJG","16","111111110101111","111111110101111.0","Success","0.0008"
"1PPK","16","1110101110001110","1110101110001110.0","Success","0.00111"
"7H77","16","10100010011110","10100010011110.0","Success","0.00076"
"5RWN","16","101111111111110","101111111111110.0","Success","0.00085"
"6EDZ","16","10100010111110","10100010111110.0","Success","0.00036"
"6J6A","16","110011101111011","110011101111011.0","Success","0.00065"
"3L4B","16","1011100111000111","1011100111000111.0","Success","0.00052"
"7AF5","16","1010001110110111","1010001110110111.0","Success","0.00056"
"1WKJ","16","1001110101111","1001110101111.0","Success","0.00115"
"2ISH","16","1011011111001101","1011011111001101.0","Success","0.00066"
"8AMS","16","1000010011001000","1000010011001000.0","Success","0.00081"
"2YZQ","16","1010100111000100","1010100111000100.0","Success","0.0013"
"4M2L","16","1100001010011101","1100001010011101.0","Success","0.00098"
"8BKY","16","1100111101101100","1100111101101100.0","Success","0.00021"
"4HYF","16","1111010111101010","1111010111101010.0","Success","0.00073"
"7AK3","16","11000011","11000011.0","Success","0.00104"
"1G9J","16","11111001101100","11111001101100.0","Success","0.00077"
"4CMU","16","1001010101000010","1001010101000010.0","Success","0.00113"
"2FYG","16","1110010101010111","1110010101010111.0","Success","0.00172"
"8HJ0","16","110101111101000","110101111101000.0","Success","0.0006"
"4WJM","16","1111110100001","1111110100001.0","Success","0.00106"
"6G8W","16","1101111011011000","1101111011011000.0","Success","0.00142"
"5KGL","16","1111010010111110","1111010010111110.0","Success","0.00059"
"8S90","16","110101000110010","110101000110010.0","Success","0.00042"
"7W72","16","10011001100","10011001100.0","Success","0.0004"
"2Q0B","16","1110100111010001","1110100111010001.0","Success","0.00082"
"6CPA","16","1001000001010010","1001000001010010.0","Success","0.00108"
"7NME","16","1001100000000001","1001100000000001.0","Success","0.00067"
"7U0D","16","1100101110101000","1100101110101000.0","Success","0.00059"
"5RXL","16","1101110110100110","1101110110100110.0","Success","0.00086"
"3C3C","16","101010110101100","101010110101100.0","Success","0.00068"
"2G3J","16","10110000101","10110000101.0","Success","0.00111"
"4E3E","16","110001110001011","110001110001011.0","Success","0.00074"
"3SWA","16","1100101011","1100101011.0","Success","0.00067"
"9CQJ","16","111000001001101","111000001001101.0","Success","0.00064"
"3Q9S","16","1000011100000010","1000011100000010.0","Success","0.00134"
"1S3N","16","1001001001010100","1001001001010100.0","Success","0.00104"
"1PDR","16","110110000100101","110110000100101.0","Success","0.00193"
"7Y8U","16","100101011110000","100101011110000.0","Success","0.00073"
"3EBQ","16","110011001011001","110011001011001.0","Success","0.00163"
"7E7I","16","1000111110","1000111110.0","Success","0.00045"
"6ALV","16","11001000101010","11001000101010.0","Success","0.00111"
"6NM8","16","1000001110110","1000001110110.0","Success","0.00121"
"3JUJ","16","1110110011010100","1110110011010100.0","Success","0.00057"
"3KBG","16","1010111010111001","1010111010111001.0","Success","0.00146"
"2KRE","16","10010011000111","10010011000111.0","Success","0.00043"
"6T9Q","16","1010011100010011","1010011100010011.0","Success","0.00241"
"1B72","16","11010100111000","11010100111000.0","Success","0.00162"
"6L6E","16","1101000100001001","1101000100001001.0","Success","0.00104"
"7QOM","16","10001011111110","10001011111110.0","Success","0.0009"
"8VIF","16","100100000001111","100100000001111.0","Success","0.00093"
"2RUU","16","1011001000010011","1011001000010011.0","Success","0.00071"
"3B62","16","1001010111011111","1001010111011111.0","Success","0.00101"
"5V7W","16","1001110101110001","1001110101110001.0","Success","0.00105"
"7RBV","16","1010110011101001","1010110011101001.0","Success","0.00033"
"7SV9","16","10100001111","10100001111.0","Success","0.001"
"6PZG","16","1111011110011000","1111011110011000.0","Success","0.00089"
"3DPS","16","101010101101011","101010101101011.0","Success","0.00088"
"2ZGG","16","11100100000011","11100100000011.0","Success","0.00209"
"7L8Y","16","1111011111101111","1111011111101111.0","Success","0.00044"
"8XBM","16","111000001000111","111000001000111.0","Success","0.00038"
"2R4R","16","1110010001010011","1110010001010011.0","Success","0.00077"
"8U4O","16","1101011110011010","1101011110011010.0","Success","0.00063"
"2HBC","16","11010000001001","11010000001001.0","Success","0.00115"
"7GDI","16","11101100011010","11101100011010.0","Success","0.00114"
"5NK3","16","101101001011111","101101001011111.0","Success","0.00116"
"6I4F","16","10101111010","10101111010.0","Success","0.00084"
"4DDV","16","10001000001110","10001000001110.0","Success","0.00042"
"1TDC","16","10001011100011","10001011100011.0","Success","0.00108"
"6YZZ","16","1100110101111100","1100110101111100.0","Success","0.00156"
"7MRD","16","101011101011011","101011101011011.0","Success","0.00126"
"2ZDG","16","110010111101110","110010111101110.0","Success","0.00056"
"5IDP","16","110111011110111","110111011110111.0","Success","0.0008"
"4P14","16","1110000100100010","1110000100100010.0","Success","0.00124"
"4AKC","16","1110011011000","1110011011000.0","Success","0.00079"
"6ZUI","16","110101101100110","110101101100110.0","Success","0.00093"
"8A9T","16","111010001110000","111010001110000.0","Success","0.00042"
"7CRS","16","101100100111","101100100111.0","Success","0.00114"
"8TZQ","16","1011001010000110","1011001010000110.0","Success","0.00059"
"5DAQ","16","1110101110011110","1110101110011110.0","Success","0.00115"
"3Q1I","16","1011101010010100","1011101010010100.0","Success","0.00127"
"1ZAG","16","1000010000111111","1000010000111111.0","Success","0.00059"
"3DDT","16","1011011110011010","1011011110011010.0","Success","0.00167"
"5L3Q","16","10000000010001","10000000010001.0","Success","0.00058"
"1UES","16","1100101100001110","1100101100001110.0","Success","0.00071"
"3G0Q","16","1010101100000000","1010101100000000.0","Success","0.00106"
"5F0S","16","1011001110011111","1011001110011111.0","Success","0.001"
"8RWY","16","10001101111001","10001101111001.0","Success","0.00044"
"6NVW","16","110011011010100","110011011010100.0","Success","0.00073"
"1VDX","16","1111011111110111","1111011111110111.0","Success","0.00143"
"8Q6X","16","110011001011000","110011001011000.0","Success","0.0007"
"2ZDX","16","1010100000000110","1010100000000110.0","Success","0.00076"
"7BJD","16","10001010000","10001010000.0","Success","0.00119"
"5WR4","16","1100100111101001","1100100111101001.0","Success","0.00108"
"1T1Q","16","1100000001100111","1100000001100111.0","Success","0.0007"
"4HMT","16","1100010101","1100010101.0","Success","0.00092"
"6EVK","16","110100111100011","110100111100011.0","Success","0.00041"
"1JJA","16","1010111111111001","1010111111111001.0","Success","0.00046"
"1PTT","16","101101001111101","101101001111101.0","Success","0.00116"
"3VT5","16","1010100110010110","1010100110010110.0","Success","0.00125"
"8J8O","16","1110001010011001","1110001010011001.0","Success","0.00083"
"6QD5","16","11010100111101","11010100111101.0","Success","0.00101"
"5HYG","16","101100101110101","101100101110101.0","Success","0.00113"
"1CZ4","16","1110101111010101","1110101111010101.0","Success","0.00144"
"1XZ6","16","10001001011111","10001001011111.0","Success","0.00121"
"3AKI","16","10001110011100","10001110011100.0","Success","0.00092"
"2H68","16","1111000001111010","1111000001111010.0","Success","0.00076"
"8GGS","16","1010100011111101","1010100011111101.0","Success","0.00117"
"8EVO","16","101010010111000","101010010111000.0","Success","0.00063"
"6SBE","16","11101011100","11101011100.0","Success","0.001"
"3IJ2","16","11111100000010","11111100000010.0","Success","0.00084"
"5J94","16","110001001110","110001001110.0","Success","0.00128"
"5DWU","16","110011000110111","110011000110111.0","Success","0.00071"
"7ZY8","16","1101000100011","1101000100011.0","Success","0.00076"
"8AY1","16","1101110011110000","1101110011110000.0","Success","0.00068"
"5F8L","16","1001111110101101","1001111110101101.0","Success","0.0009"
"2G8U","16","1010110110011110","1010110110011110.0","Success","0.00168"
"6LAD","16","1111110010111010","1111110010111010.0","Success","0.00058"
"6Q5P","16","11010100101010","11010100101010.0","Success","0.00137"
"5V4S","16","11001001101010","11001001101010.0","Success","0.00048"
"5QR6","16","1111000100100110","1111000100100110.0","Success","0.00067"
"6T87","16","1000011100101","1000011100101.0","Success","0.00089"
"5MZF","16","110011001101111","110011001101111.0","Success","0.00075"
"8QUU","16","1001010101000001","1001010101000001.0","Success","0.00102"
"7RLA","16","10111001110111","10111001110111.0","Success","0.0003"
"8FYN","16","1010000001111111","1010000001111111.0","Success","0.00101"
"2USN","16","1000001110101010","1000001110101010.0","Success","0.00151"
"1W98","16","1010010101010010","1010010101010010.0","Success","0.0008"
"4W6F","16","1000111011100000","1000111011100000.0","Success","0.00092"
"8F2F","16","1011000010011100","1011000010011100.0","Success","0.0007"
"4GW0","16","1011011111101100","1011011111101100.0","Success","0.00102"
"7APZ","16","1011001001100100","1011001001100100.0","Success","0.00098"
"4K2N","16","101011001001111","101011001001111.0","Success","0.00119"
"9F2A","16","1101000011011001","1101000011011001.0","Success","0.00047"
"1YS3","16","1011111010010110","1011111010010110.0","Success","0.00096"
"4AT5","16","1001110001111","1001110001111.0","Success","0.00111"
"5EPD","16","1000010001111011","1000010001111011.0","Success","0.00102"
"1EQN","16","1111001001101101","1111001001101101.0","Success","0.0005"
"2JM2","16","10101100111","10101100111.0","Success","0.00066"
"8ADD","16","1000000100011001","1000000100011001.0","Success","0.00134"
"1O2D","16","100010110111101","100010110111101.0","Success","0.00075"
"2C67","16","1001001100010111","1001001100010111.0","Success","0.00061"
"3OZQ","16","1000001011111001","1000001011111001.0","Success","0.00102"
"9GL0","16","11010111100110","11010111100110.0","Success","0.00048"
"5FFW","16","1111011110100110","1111011110100110.0","Success","0.00126"
"7K1F","16","1110100100000","1110100100000.0","Success","0.00044"
"1Q7Z","16","1000101011","1000101011.0","Success","0.00057"
"8HER","16","110010101110111","110010101110111.0","Success","0.00032"
"6GXL","16","110000000000101","110000000000101.0","Success","0.00078"
"8YVO","16","1010011000001000","1010011000001000.0","Success","0.00098"
"6Z6V","16","100010011101","100010011101.0","Success","0.00059"
"4U23","16","1100011100011001","1100011100011001.0","Success","0.00121"
"7WAH","16","111001011101001","111001011101001.0","Success","0.0005"
"8A11","16","111000000000001","111000000000001.0","Success","0.00045"
"4RHC","16","100000011101110","100000011101110.0","Success","0.00046"
"4D8O","16","111000001110101","111000001110101.0","Success","0.00086"
"4E0U","16","1100111011011001","1100111011011001.0","Success","0.00067"
"3FXM","16","1001000110000100","1001000110000100.0","Success","0.00102"
"5HLO","16","1111001000110000","1111001000110000.0","Success","0.001"
"7VBI","16","10000100011","10000100011.0","Success","0.00057"
"1UY1","16","11100000011101","11100000011101.0","Success","0.00171"
"5MPT","16","100000011000011","100000011000011.0","Success","0.00098"
"7BSO","16","100010100010101","100010100010101.0","Success","0.00204"
"5O3L","16","1110000100111100","1110000100111100.0","Success","0.00071"
"6TVP","16","100001101001001","100001101001001.0","Success","0.00069"
"8OZD","16","1001110011111","1001110011111.0","Success","0.00046"
"2R35","16","10100011000010","10100011000010.0","Success","0.00192"
"4Z18","16","1000110110010110","1000110110010110.0","Success","0.00093"
"7D1E","16","1001110110101011","1001110110101011.0","Success","0.00116"
"1JUO","16","1001000000000111","1001000000000111.0","Success","0.001"
"7RED","16","100011100111101","100011100111101.0","Success","0.00123"
"8Z9B","16","1100101010001100","1100101010001100.0","Success","0.00127"
"6KRN","16","1010010011010011","1010010011010011.0","Success","0.0009"
"6WB7","16","1000100000001110","1000100000001110.0","Success","0.00055"
"4P13","16","1011100010110011","1011100010110011.0","Success","0.00049"
"7A1H","16","101011100010000","101011100010000.0","Success","0.00242"
"8EB2","16","1110001111100111","1110001111100111.0","Success","0.00038"
"9EIS","16","100101100100111","100101100100111.0","Success","0.00054"
"4ZMJ","16","1001011010110000","1001011010110000.0","Success","0.0008"
"7FPF","16","1001100110000000","1001100110000000.0","Success","0.00082"
"9CUF","16","110110011111100","110110011111100.0","Success","0.00065"
"1JC7","16","101110100010111","101110100010111.0","Success","0.00166"
"3W28","16","1000101000010000","1000101000010000.0","Success","0.00107"
"5A34","16","1100101101011001","1100101101011001.0","Success","0.00051"
"2XWH","16","111010001000010","111010001000010.0","Success","0.00081"
"4I06","16","1000101100110111","1000101100110111.0","Success","0.00063"
"9UEQ","16","11101100000","11101100000.0","Success","0.00053"
"2K9M","16","1011111110010010","1011111110010010.0","Success","0.00038"
"3HR6","16","10011110000110","10011110000110.0","Success","0.00093"
"8VBK","16","1111010100100111","1111010100100111.0","Success","0.00089"
"8DWA","16","1000001011010110","1000001011010110.0","Success","0.00079"
"6F2X","16","1011101111011","1011101111011.0","Success","0.00029"
"6K2G","16","11101010100100","11101010100100.0","Success","0.00103"
"5GXG","16","100000000111101","100000000111101.0","Success","0.00085"
"2ZOD","16","101110001011101","101110001011101.0","Success","0.00076"
"2W3O","16","1001010010000110","1001010010000110.0","Success","0.00132"
"4ICH","16","1111100100011","1111100100011.0","Success","0.00098"
"7PCR","16","1010100000010001","1010100000010001.0","Success","0.00084"
"5YK2","16","1011001100000011","1011001100000011.0","Success","0.00096"
"2Q0J","16","110101111110101","110101111110101.0","Success","0.00079"
"3VKD","16","101000110110","101000110110.0","Success","0.00087"
"9EO9","16","1110101000100111","1110101000100111.0","Success","0.00153"
"6AYZ","16","1100010011111110","1100010011111110.0","Success","0.00056"
"8HV9","16","11010111101111","11010111101111.0","Success","0.00107"
"3RW8","16","1010000010110011","1010000010110011.0","Success","0.00169"
"1EOK","16","100110010001110","100110010001110.0","Success","0.00116"
"4CMO","16","1101001000010110","1101001000010110.0","Success","0.00109"
"5VLD","16","111111110000101","111111110000101.0","Success","0.00038"
"7VED","16","1000100000100","1000100000100.0","Success","0.00118"
"2N6A","16","111000000001010","111000000001010.0","Success","0.00036"
"6WHQ","16","1110000100100011","1110000100100011.0","Success","0.00059"
"3V2J","16","1011000101111111","1011000101111111.0","Success","0.00122"
"1F0V","16","1100100011001100","1100100011001100.0","Success","0.00086"
"3JSK","16","1100110111010011","1100110111010011.0","Success","0.00029"
"6X0Q","16","1100011010010","1100011010010.0","Success","0.0004"
"2J4M","16","10101111010110","10101111010110.0","Success","0.0008"
"3IDF","16","100101101011010","100101101011010.0","Success","0.00116"
"4CM0","16","100010100111001","100010100111001.0","Success","0.00086"
"5E14","16","1110010001101011","1110010001101011.0","Success","0.00087"
"1AJH","16","101100100100100","101100100100100.0","Success","0.00156"
"5EZY","16","1110000010010100","1110000010010100.0","Success","0.00041"
"4YFX","16","1001111010000110","1001111010000110.0","Success","0.00023"
"6P6F","16","1010000010011100","1010000010011100.0","Success","0.00103"
"9JRL","16","1010001101010010","1010001101010010.0","Success","0.00098"
"1LRT","16","11011011111000","11011011111000.0","Success","0.00053"
"8CZU","16","110111001101100","110111001101100.0","Success","0.00111"
"2IQ7","16","110111111101100","110111111101100.0","Success","0.00039"
"6TZB","16","1111011111000000","1111011111000000.0","Success","0.00052"
"5LGJ","16","1111110100011001","1111110100011001.0","Success","0.00078"
"9C5S","16","1111101011101000","1111101011101000.0","Success","0.00256"
"2DVI","16","11001000101000","11001000101000.0","Success","0.00094"
"6POE","16","1101100001000001","1101100001000001.0","Success","0.0003"
"1MHT","16","1001110100101111","1001110100101111.0","Success","0.00106"
"6H7W","16","1110010101000001","1110010101000001.0","Success","0.00025"
"4BAC","16","1111011111001100","1111011111001100.0","Success","0.00084"
"8ZQB","16","111101000111","111101000111.0","Success","0.00067"
"6YQI","16","1100000010101010","1100000010101010.0","Success","0.00103"
"4FT7","16","111011010","111011010.0","Success","0.00122"
"1Y9T","16","111101010000000","111101010000000.0","Success","0.00174"
"7Q34","16","1111001100000001","1111001100000001.0","Success","0.00096"
"1L1E","16","1000101110001100","1000101110001100.0","Success","0.00086"
"8K7E","16","1100110110001111","1100110110001111.0","Success","0.00069"
"7RI1","16","10111111110100","10111111110100.0","Success","0.00089"
"3GTX","16","1110001111100001","1110001111100001.0","Success","0.00104"
"2HH7","16","101100111000110","101100111000110.0","Success","0.0021"
"1OTH","16","101010001101100","101010001101100.0","Success","0.00111"
"7T8K","16","1101110100001110","1101110100001110.0","Success","0.00081"
"6J86","16","111000111011111","111000111011111.0","Success","0.00069"
"7GJA","16","1110110011010110","1110110011010110.0","Success","0.00079"
"6YHE","16","101101011","101101011.0","Success","0.00103"
"2L1D","16","111001010101100","111001010101100.0","Success","0.00041"
"7R8L","16","1001100001000011","1001100001000011.0","Success","0.00059"
"8CHE","16","1011111110000","1011111110000.0","Success","0.00064"
"5REL","16","1000011110111","1000011110111.0","Success","0.0011"
"6NLJ","16","1100100010101111","1100100010101111.0","Success","0.00044"
"6PTE","16","10010010110110","10010010110110.0","Success","0.00049"
"6MHR","16","1111110011001110","1111110011001110.0","Success","0.00057"
"8W5D","16","1111000001101","1111000001101.0","Success","0.00091"
"6FHH","16","110011100000011","110011100000011.0","Success","0.00042"
"1JIV","16","1011110010001110","1011110010001110.0","Success","0.00103"
"1E87","16","101001100000100","101001100000100.0","Success","0.00176"
"8F0E","16","110101110010011","110101110010011.0","Success","0.00057"
"3HPK","16","1111111001110110","1111111001110110.0","Success","0.00131"
"2D0I","16","1011011000110100","1011011000110100.0","Success","0.00052"
"4NSD","16","10011111110000","10011111110000.0","Success","0.00082"
"6FG9","16","1110001010011011","1110001010011011.0","Success","0.00045"
"1DXJ","16","1001010101101010","1001010101101010.0","Success","0.00124"
"2IK1","16","11111001101100","11111001101100.0","Success","0.00083"
"1O8X","16","1101001111100001","1101001111100001.0","Success","0.00162"
"1A00","16","1101000011100111","1101000011100111.0","Success","0.0008"
"7EJT","16","1110101100101100","1110101100101100.0","Success","0.00035"
"3UIW","16","11111101100111","11111101100111.0","Success","0.0013"
"6D39","16","1111010101011000","1111010101011000.0","Success","0.00135"
"2UZ3","16","1011000100110010","1011000100110010.0","Success","0.00068"
"6ZUY","16","1010011001101111","1010011001101111.0","Success","0.00034"
"1LT5","16","1110010011001100","1110010011001100.0","Success","0.00084"
"8TN6","16","100010010101000","100010010101000.0","Success","0.00091"
"5S62","16","10100101110110","10100101110110.0","Success","0.00042"
"7TKH","16","1111111001101011","1111111001101011.0","Success","0.00027"
"6G14","16","1101011000000011","1101011000000011.0","Success","0.0008"
"4R7R","16","1000111101100110","1000111101100110.0","Success","0.00173"
"4MQX","16","111111011110111","111111011110111.0","Success","0.00047"
"6L1Q","16","110010001011101","110010001011101.0","Success","0.00067"
"3J7X","16","1000101000000001","1000101000000001.0","Success","0.00041"
"5UTM","16","1010100100110111","1010100100110111.0","Success","0.00051"
"5TGS","16","1010001101111110","1010001101111110.0","Success","0.00091"
"1QJO","16","10011010110011","10011010110011.0","Success","0.00039"
"2O3G","16","110000110011101","110000110011101.0","Success","0.00227"
"4B5S","16","1100010001101100","1100010001101100.0","Success","0.00083"
"2MCM","16","1100011111011101","1100011111011101.0","Success","0.00182"
"7BPS","16","1110000101101100","1110000101101100.0","Success","0.00102"
"3WTB","16","11000000010001","11000000010001.0","Success","0.00044"
"8IDA","16","1010110001100100","1010110001100100.0","Success","0.00063"
"6LU0","16","1010110100011110","1010110100011110.0","Success","0.00063"
"6KLU","16","1010110111000111","1010110111000111.0","Success","0.00102"
"8QUG","16","100001111000000","100001111000000.0","Success","0.00146"
"7LXJ","16","110001101101000","110001101101000.0","Success","0.00129"
"1FFM","16","10001101001100","10001101001100.0","Success","0.00284"
"7CMU","16","1100101111111011","1100101111111011.0","Success","0.00058"
"2CGH","16","1111100100110011","1111100100110011.0","Success","0.00088"
"7R6Y","16","100000000101111","100000000101111.0","Success","0.00044"
"6J43","16","100000110000001","100000110000001.0","Success","0.00115"
"7OXN","16","110011010110100","110011010110100.0","Success","0.00091"
"8F4B","16","1001000110010011","1001000110010011.0","Success","0.00056"
"6K5W","16","100011001110000","100011001110000.0","Success","0.00039"
"6ADR","16","1111001001001011","1111001001001011.0","Success","0.00062"
"4NLP","16","1001000100011010","1001000100011010.0","Success","0.0009"
"7UR1","16","110111001001110","110111001001110.0","Success","0.00099"
"9BS3","16","1010101101000011","1010101101000011.0","Success","0.00058"
"2WOO","16","1101111111111110","1101111111111110.0","Success","0.00044"
"4KCG","16","1100000010011010","1100000010011010.0","Success","0.0009"
"8HGL","16","1001010010111111","1001010010111111.0","Success","0.00029"
"4R5N","16","1111000100101000","1111000100101000.0","Success","0.00097"
"6E9W","16","1101011101011100","1101011101011100.0","Success","0.00068"
"9FTJ","16","1011010111100001","1011010111100001.0","Success","0.00049"
"4P1O","16","1001000011110","1001000011110.0","Success","0.00112"
"2BGH","16","110000101011100","110000101011100.0","Success","0.00067"
"5XYV","16","101101010110","101101010110.0","Success","0.00133"
"7FVP","16","1111001100011011","1111001100011011.0","Success","0.00169"
"5MTQ","16","1101010011010111","1101010011010111.0","Success","0.00042"
"8WBQ","16","10111000101101","10111000101101.0","Success","0.00088"
"7CPZ","16","1110100000000001","1110100000000001.0","Success","0.00177"
"5DJO","16","110000001001101","110000001001101.0","Success","0.00105"
"1ZP7","16","100100110000111","100100110000111.0","Success","0.00113"
"5H7O","16","10000001011011","10000001011011.0","Success","0.00041"
"4QAV","16","100000001111011","100000001111011.0","Success","0.00069"
"2VC2","16","1101110101010100","1101110101010100.0","Success","0.00051"
"5YUP","16","1001111101010010","1001111101010010.0","Success","0.00093"
"3WBQ","16","1100010101101","1100010101101.0","Success","0.00125"
"1PL0","16","111110001110100","111110001110100.0","Success","0.00039"
"8ZT4","16","100001000011110","100001000011110.0","Success","0.00087"
"6R8B","16","1100100000100110","1100100000100110.0","Success","0.00047"
"4N4F","16","101110110010111","101110110010111.0","Success","0.00136"
"1VPI","16","101101010111111","101101010111111.0","Success","0.00174"
"7ZRV","16","1010110010101110","1010110010101110.0","Success","0.00033"
"5MPN","16","1011010100011100","1011010100011100.0","Success","0.00178"
"1EOC","16","1101011011110101","1101011011110101.0","Success","0.00091"
"5O2Z","16","10011011000111","10011011000111.0","Success","0.00129"
"3KV4","16","110000001000","110000001000.0","Success","0.00091"
"6KGE","16","1101010100001101","1101010100001101.0","Success","0.00099"
"1CDM","16","100111111011110","100111111011110.0","Success","0.00156"
"6H4B","16","1010100111011110","1010100111011110.0","Success","0.00127"
"1GLB","16","1100000000011001","1100000000011001.0","Success","0.00079"
"1WGN","16","110010011010100","110010011010100.0","Success","0.00054"
"3FWL","16","1000110010000","1000110010000.0","Success","0.00075"
"6E2N","16","1000011011111001","1000011011111001.0","Success","0.00084"
"8AVM","16","1000111011010000","1000111011010000.0","Success","0.00057"
"8UC5","16","111010011100101","111010011100101.0","Success","0.00085"
"5KSO","16","1010010110001101","1010010110001101.0","Success","0.00153"
"2V1D","16","1111100101001010","1111100101001010.0","Success","0.00067"
"8VMY","16","1001111000011001","1001111000011001.0","Success","0.00108"
"5Z9G","16","1110110111101001","1110110111101001.0","Success","0.00117"
"1VFV","16","100111000000111","100111000000111.0","Success","0.00109"
"4FU4","16","100100110111011","100100110111011.0","Success","0.0007"
"2CH5","16","110100011010111","110100011010111.0","Success","0.00052"
"8J5I","16","111010100010000","111010100010000.0","Success","0.00198"
"4OG5","16","111110010001010","111110010001010.0","Success","0.0009"
"6FAX","16","111010110001101","111010110001101.0","Success","0.00085"
"3N7W","16","110100010110001","110100010110001.0","Success","0.00118"
"2H3O","16","1001111010111011","1001111010111011.0","Success","0.00295"
"9JOB","16","1010101110111100","1010101110111100.0","Success","0.00067"
"9JNW","16","101110111111010","101110111111010.0","Success","0.00052"
"2WPL","16","1001011101101100","1001011101101100.0","Success","0.00116"
"4DEH","16","100111011110010","100111011110010.0","Success","0.00116"
"7ZI0","16","1010001111111001","1010001111111001.0","Success","0.00056"
"1C9D","16","1101010000001101","1101010000001101.0","Success","0.00074"
"6F9D","16","111110110010111","111110110010111.0","Success","0.00029"
"1KLQ","16","1010010100100","1010010100100.0","Success","0.00131"
"2WSC","16","111100001011001","111100001011001.0","Success","0.00034"
"7EPZ","16","1001011001111100","1001011001111100.0","Success","0.00063"
"6JX2","16","1001110010010010","1001110010010010.0","Success","0.00055"
"3Q68","16","1111101001011101","1111101001011101.0","Success","0.00065"
"1GEJ","16","111110100011011","111110100011011.0","Success","0.00096"
"4NFN","16","101010111011000","101010111011000.0","Success","0.00114"
"4KF3","16","1001110111011101","1001110111011101.0","Success","0.00124"
"7FUL","16","1110110110000111","1110110110000111.0","Success","0.00104"
"4RXS","16","1111100110111010","1111100110111010.0","Success","0.00061"
"7LIV","16","111111010011111","111111010011111.0","Success","0.00025"
"9B7P","16","1001110110100001","1001110110100001.0","Success","0.00045"
"7LE6","16","11110000001110","11110000001110.0","Success","0.00142"
"5CDO","16","11101010100001","11101010100001.0","Success","0.00038"
"2FJA","16","1000101010110000","1000101010110000.0","Success","0.00048"
"1EPZ","16","1100101001000","1100101001000.0","Success","0.00143"
"5KJA","16","10110100011000","10110100011000.0","Success","0.0004"
"6ED7","16","100000100100011","100000100100011.0","Success","0.00033"
"7CLL","16","100001101100001","100001101100001.0","Success","0.00046"
"3RFS","16","1011001010101111","1011001010101111.0","Success","0.00081"
"6Z4E","16","111101010000111","111101010000111.0","Success","0.00132"
"8GLL","16","1001100010100110","1001100010100110.0","Success","0.00036"
"7D5V","16","10000111101000","10000111101000.0","Success","0.00056"
"1B67","16","1011111000101","1011111000101.0","Success","0.00168"
"5CCC","16","100001010100100","100001010100100.0","Success","0.00147"
"8YAF","16","101010101000011","101010101000011.0","Success","0.0004"
"2AM1","16","1101100010101","1101100010101.0","Success","0.00094"
"4NXR","16","1101011110010011","1101011110010011.0","Success","0.00191"
"1PRE","16","1111101000111000","1111101000111000.0","Success","0.00065"
"2XMF","16","10001110001000","10001110001000.0","Success","0.00248"
"6GUC","16","1100110110101111","1100110110101111.0","Success","0.0006"
"7ALF","16","1110011100010110","1110011100010110.0","Success","0.00148"
"7LC0","16","11011010111001","11011010111001.0","Success","0.00036"
"8XKX","16","1011100000101011","1011100000101011.0","Success","0.00063"
"4BLK","16","111010011010","111010011010.0","Success","0.00106"
"4S2N","16","110010101101101","110010101101101.0","Success","0.00062"
"3D40","16","110110111101001","110110111101001.0","Success","0.0012"
"7MW1","16","1000000100111","1000000100111.0","Success","0.00055"
"6U2Z","16","110010101011011","110010101011011.0","Success","0.00117"
"8K0C","16","1100101100011011","1100101100011011.0","Success","0.00043"
"3ASE","16","11100101010000","11100101010000.0","Success","0.00155"
"4L7J","16","1010010111100010","1010010111100010.0","Success","0.00099"
"4MOD","16","1111100011110110","1111100011110110.0","Success","0.00157"
"6QTG","16","110001010101000","110001010101000.0","Success","0.00078"
"7LSS","16","1000100011111011","1000100011111011.0","Success","0.00037"
"2KP7","16","10001110101110","10001110101110.0","Success","0.00048"
"1I3Z","16","1000010111","1000010111.0","Success","0.00182"
"7QL5","16","100111100001111","100111100001111.0","Success","0.00044"
"4AEE","16","101111001000111","101111001000111.0","Success","0.00053"
"1JN0","16","10111100001100","10111100001100.0","Success","0.0006"
"6LX3","16","101001101000","101001101000.0","Success","0.00051"
"2FYZ","16","1111010011000001","1111010011000001.0","Success","0.00116"
"2FKJ","16","1000101110000111","1000101110000111.0","Success","0.00059"
"3N3G","16","10011101100100","10011101100100.0","Success","0.00091"
"4L4G","16","11011101000","11011101000.0","Success","0.00098"
"3DD0","16","101010110010010","101010110010010.0","Success","0.00123"
"4CIL","16","110011101011100","110011101011100.0","Success","0.00117"
"9B3T","16","1000111010110","1000111010110.0","Success","0.00042"
"7MKU","16","1000101001100011","1000101001100011.0","Success","0.00078"
"6XTN","16","110001100001001","110001100001001.0","Success","0.00105"
"5G57","16","1001111010001000","1001111010001000.0","Success","0.00074"
"3IYZ","16","110011000011010","110011000011010.0","Success","0.00126"
"1ZAP","16","10110001011011","10110001011011.0","Success","0.00103"
"6VC9","16","1011111011000111","1011111011000111.0","Success","0.00071"
"5KCX","16","1101000000100100","1101000000100100.0","Success","0.00116"
"3VZP","16","101110000101100","101110000101100.0","Success","0.00061"
"2YFY","16","1000000011110000","1000000011110000.0","Success","0.00061"
"6HSW","16","10111100011110","10111100011110.0","Success","0.00054"
"1ZKD","16","10110101101001","10110101101001.0","Success","0.00073"
"7NGS","16","1101011001000010","1101011001000010.0","Success","0.00145"
"5VX9","16","1101110010001011","1101110010001011.0","Success","0.00148"
"9MYL","16","1111011000001111","1111011000001111.0","Success","0.00054"
"2VBM","16","10000111111010","10000111111010.0","Success","0.00086"
"5QM8","16","100100101010100","100100101010100.0","Success","0.00098"
"8VSL","16","1101110011100111","1101110011100111.0","Success","0.00124"
"5ZLP","16","110000000010100","110000000010100.0","Success","0.00026"
"8FCQ","16","1011010010101001","1011010010101001.0","Success","0.00029"
"5JY1","16","101101001","101101001.0","Success","0.00058"
"7DGX","16","1010100000001001","1010100000001001.0","Success","0.00195"
"5IIU","16","1000100100111001","1000100100111001.0","Success","0.00081"
"8BVR","16","1001000101000101","1001000101000101.0","Success","0.00076"
"3MW3","16","1000111001110011","1000111001110011.0","Success","0.00141"
"1OYW","16","10110111100010","10110111100010.0","Success","0.00087"
"2XS0","16","1110001101001","1110001101001.0","Success","0.00102"
"8KHQ","16","1000000011111110","1000000011111110.0","Success","0.00037"
"2EKU","16","110010001110111","110010001110111.0","Success","0.00154"
"2KZ4","16","1000110011110","1000110011110.0","Success","0.00041"
"5YP6","16","1001010110001101","1001010110001101.0","Success","0.00121"
"2E8P","16","11011000111001","11011000111001.0","Success","0.00045"
"2BXW","16","100001101101010","100001101101010.0","Success","0.00116"
"3NPR","16","1001001101011011","1001001101011011.0","Success","0.00114"
"8ZAO","16","1000111001010000","1000111001010000.0","Success","0.00069"
"2EEG","16","110001000101100","110001000101100.0","Success","0.00045"
"6B3P","16","1100110100111110","1100110100111110.0","Success","0.00095"
"6PSR","16","1111010011110","1111010011110.0","Success","0.00031"
"7BEG","16","1110001110001110","1110001110001110.0","Success","0.0003"
"8AQD","16","100110000011010","100110000011010.0","Success","0.00173"
"2ZHH","16","1010110010100","1010110010100.0","Success","0.00177"
"7YK8","16","100001101111011","100001101111011.0","Success","0.0009"
"8TUR","16","1101000001011111","1101000001011111.0","Success","0.00093"
"6ESB","16","1110000011110101","1110000011110101.0","Success","0.00042"
"7MPU","16","1000011101011000","1000011101011000.0","Success","0.00094"
"8DI7","16","1011101011000","1011101011000.0","Success","0.00051"
"2GZA","16","1110011011111101","1110011011111101.0","Success","0.00062"
"8K9G","16","1001010011110000","1001010011110000.0","Success","0.00046"
"4WLB","16","110010000011000","110010000011000.0","Success","0.00085"
"8GV6","16","110101110010101","110101110010101.0","Success","0.00044"
"8HMS","16","1001000010101011","1001000010101011.0","Success","0.00043"
"6PDB","16","1011011111110110","1011011111110110.0","Success","0.0012"
"6FS0","16","1000000100011010","1000000100011010.0","Success","0.00081"
"7TLW","16","10110100110001","10110100110001.0","Success","0.00171"
"1XZF","16","1111001011011","1111001011011.0","Success","0.00139"
"8VMC","16","111100011001011","111100011001011.0","Success","0.00029"
"4DWI","16","100011111111","100011111111.0","Success","0.00081"
"7ZDV","16","1110111010000110","1110111010000110.0","Success","0.00057"
"7DFH","16","11010010001010","11010010001010.0","Success","0.00056"
"1GCV","16","1111100000001001","1111100000001001.0","Success","0.00084"
"1G2L","16","1100100101101000","1100100101101000.0","Success","0.00116"
"4Z5C","16","100101000011011","100101000011011.0","Success","0.00163"
"1SLY","16","1111011110001101","1111011110001101.0","Success","0.00078"
"4ZGX","16","1010111100110110","1010111100110110.0","Success","0.00026"
"5YPL","16","1100001000011000","1100001000011000.0","Success","0.0009"
"5C85","16","1011000000011010","1011000000011010.0","Success","0.00184"
"6K4V","16","11111100010100","11111100010100.0","Success","0.00096"
"8C99","16","1101101000010011","1101101000010011.0","Success","0.00061"
"1KS7","16","1011001100111111","1011001100111111.0","Success","0.00107"
"1KMM","16","1111111010000111","1111111010000111.0","Success","0.0005"
"4NH6","16","100111100110101","100111100110101.0","Success","0.00116"
"1TLI","16","1011011011100","1011011011100.0","Success","0.0011"
"6RGL","16","101010000010101","101010000010101.0","Success","0.00051"
"5FXF","16","1001010011110100","1001010011110100.0","Success","0.0006"
"5MM1","16","10011011000001","10011011000001.0","Success","0.00103"
"6LI5","16","110001000110","110001000110.0","Success","0.00074"
"1XWN","16","11111001110101","11111001110101.0","Success","0.00033"
"2CG1","16","1000100000100110","1000100000100110.0","Success","0.00078"
"1JK0","16","1000011010010111","1000011010010111.0","Success","0.00081"
"4R5Z","16","1011101010100","1011101010100.0","Success","0.00051"
"4YAR","16","1000110111111001","1000110111111001.0","Success","0.00093"
"6D03","16","100010001011100","100010001011100.0","Success","0.00035"
"7XBX","16","111110001010001","111110001010001.0","Success","0.00066"
"8BLL","16","11001111010101","11001111010101.0","Success","0.00033"
"6Q9O","16","1100101110","1100101110.0","Success","0.00144"
"5EAL","16","1110100000100100","1110100000100100.0","Success","0.00078"
"6Z6U","16","1011110010","1011110010.0","Success","0.00031"
"3SXE","16","1000001110011001","1000001110011001.0","Success","0.00114"
"3ZTC","16","101101000010001","101101000010001.0","Success","0.00054"
"1HG8","16","1010000100000010","1010000100000010.0","Success","0.00104"
"2BST","16","1101100011011100","1101100011011100.0","Success","0.001"
"8G45","16","11111110000101","11111110000101.0","Success","0.00198"
"5K3F","16","110001010010010","110001010010010.0","Success","0.00079"
"4ZNZ","16","1100101000011001","1100101000011001.0","Success","0.0013"
"2BOY","16","1010111011011111","1010111011011111.0","Success","0.00044"
"2BMB","16","1110110111001001","1110110111001001.0","Success","0.00085"
"2FRK","16","1101010100100001","1101010100100001.0","Success","0.00157"
"110M","16","101001001010111","101001001010111.0","Success","0.00155"
"8DBO","16","1010010101001011","1010010101001011.0","Success","0.00044"
"8BC9","16","1101010100101010","1101010100101010.0","Success","0.00043"
"6A2K","16","1100111001011001","1100111001011001.0","Success","0.00059"
"5Z4W","16","110000101001000","110000101001000.0","Success","0.00103"
"4G7H","16","10101110101111","10101110101111.0","Success","0.00023"
"5H7Q","16","1000000100100001","1000000100100001.0","Success","0.00089"
"7TD6","16","1111110010011100","1111110010011100.0","Success","0.00072"
"6AL6","16","101101011111111","101101011111111.0","Success","0.00098"
"1BV9","16","1101011101111000","1101011101111000.0","Success","0.00139"
"8JEK","16","1000000101000","1000000101000.0","Success","0.00059"
"1QQU","16","101011010110110","101011010110110.0","Success","0.00133"
"6AZJ","16","11111100000011","11111100000011.0","Success","0.00063"
"1DQU","16","1110111110001001","1110111110001001.0","Success","0.00085"
"6T23","16","1110010111000110","1110010111000110.0","Success","0.00044"
"8QC6","16","1000100110101011","1000100110101011.0","Success","0.00072"
"5HZC","16","1110100010111101","1110100010111101.0","Success","0.00086"
"5DLV","16","10100000010000","10100000010000.0","Success","0.0005"
"4E6R","16","1001111001111000","1001111001111000.0","Success","0.00182"
"1JC5","16","1001100011000","1001100011000.0","Success","0.00067"
"6PQ4","16","111110101011","111110101011.0","Success","0.00117"
"2W9D","16","100101011011101","100101011011101.0","Success","0.00092"
"3BY5","16","11110000011110","11110000011110.0","Success","0.00177"
"1JJ1","16","100100100110011","100100100110011.0","Success","0.00167"
"6YX6","16","1001011101011100","1001011101011100.0","Success","0.0013"
"3MJD","16","111100000101000","111100000101000.0","Success","0.00066"
"8VW9","16","1111000010111011","1111000010111011.0","Success","0.00094"
"2HTQ","16","101111011100000","101111011100000.0","Success","0.00098"
"5TYS","16","1010000110010011","1010000110010011.0","Success","0.0014"
"6UZQ","16","111001100011","111001100011.0","Success","0.00098"
"9FW9","16","1000100110011001","1000100110011001.0","Success","0.00056"
"3WMR","16","101111","101111.0","Success","0.00067"
"7Q06","16","1111001010010101","1111001010010101.0","Success","0.00045"
"6YKD","16","100101110000111","100101110000111.0","Success","0.00115"
"3F1K","16","1010111100100010","1010111100100010.0","Success","0.00122"
"5OM7","16","101111010100","101111010100.0","Success","0.00101"
"7RX3","16","1101011111011011","1101011111011011.0","Success","0.00056"
"6ZJP","16","10111100001100","10111100001100.0","Success","0.00062"
"3E27","16","1101001011110001","1101001011110001.0","Success","0.00069"
"8BSH","16","1000110101100101","1000110101100101.0","Success","0.00046"
"2JH8","16","1101001001011001","1101001001011001.0","Success","0.00079"
"4USP","16","1110001101001100","1110001101001100.0","Success","0.00118"
"2PGV","16","10001100110100","10001100110100.0","Success","0.00115"
"6TI5","16","10111000110000","10111000110000.0","Success","0.00044"
"7JXG","16","110100100110001","110100100110001.0","Success","0.00059"
"4U76","16","10011101011100","10011101011100.0","Success","0.00111"
"1JE0","16","11101111010110","11101111010110.0","Success","0.00076"
"1WPR","16","1011010011111110","1011010011111110.0","Success","0.00083"
"8F6T","16","1000000100100000","1000000100100000.0","Success","0.00094"
"1CP3","16","111101111000","111101111000.0","Success","0.00087"
"2CU0","16","11101110010","11101110010.0","Success","0.00074"
"5L9Z","16","1101011100000000","1101011100000000.0","Success","0.00088"
"2RSL","16","1110001100001110","1110001100001110.0","Success","0.00102"
"6Q2L","16","11101001000001","11101001000001.0","Success","0.00113"
"7JV1","16","110101010010","110101010010.0","Success","0.00079"
"1U0F","16","111101000110011","111101000110011.0","Success","0.00055"
"8ET3","16","1010101000001011","1010101000001011.0","Success","0.00033"
"4PSD","16","111110110000000","111110110000000.0","Success","0.00134"
"4J6S","16","100111011100010","100111011100010.0","Success","0.00061"
"9H6A","16","10000010110010","10000010110010.0","Success","0.00096"
"5POG","16","100010011110000","100010011110000.0","Success","0.00121"
"2YBG","16","11011011101100","11011011101100.0","Success","0.00071"
"4CBH","16","1101111110010","1101111110010.0","Success","0.00052"
"7B9L","16","1001101001000111","1001101001000111.0","Success","0.00079"
"6QEC","16","1000110010010000","1000110010010000.0","Success","0.00242"
"3KZZ","16","1010100000110110","1010100000110110.0","Success","0.00152"
"5WIR","16","110100101011111","110100101011111.0","Success","0.00093"
"7ZCM","16","11000110001110","11000110001110.0","Success","0.00117"
"1BLI","16","1011111110011001","1011111110011001.0","Success","0.00089"
"1DCN","16","101001100011100","101001100011100.0","Success","0.00046"
"8A06","16","110010011101111","110010011101111.0","Success","0.00162"
"7O9P","16","1000101001001101","1000101001001101.0","Success","0.00111"
"2PZB","16","1001011011010011","1001011011010011.0","Success","0.0006"
"7U47","16","101101100101111","101101100101111.0","Success","0.00045"
"3OMA","16","100010011101011","100010011101011.0","Success","0.0005"
"3TAE","16","1111110000111101","1111110000111101.0","Success","0.00033"
"5HAP","16","1011111101100011","1011111101100011.0","Success","0.00086"
"8YSH","16","1001101101","1001101101.0","Success","0.00107"
"6CTI","16","1111011111100000","1111011111100000.0","Success","0.00107"
"6H5L","16","101111011111110","101111011111110.0","Success","0.00071"
"1KEI","16","1010110111000001","1010110111000001.0","Success","0.00107"
"2AFV","16","1111100001101100","1111100001101100.0","Success","0.00093"
"3TIH","16","1111010001110000","1111010001110000.0","Success","0.00052"
"6IV6","16","1100010101110100","1100010101110100.0","Success","0.00056"
"6WM2","16","1011000000101110","1011000000101110.0","Success","0.0002"
"1DM8","16","101011100111110","101011100111110.0","Success","0.00067"
"3JBW","16","1101110011110","1101110011110.0","Success","0.00044"
"4O71","16","11100011011101","11100011011101.0","Success","0.00119"
"4K1G","16","1111010000001001","1111010000001001.0","Success","0.00079"
"5BRU","16","1000000101100","1000000101100.0","Success","0.00123"
"5PAO","16","1011100011101110","1011100011101110.0","Success","0.00111"
"6X14","16","1111100001000011","1111100001000011.0","Success","0.00053"
"6Z6A","16","10111111111000","10111111111000.0","Success","0.00083"
"1F42","16","1100111011101110","1100111011101110.0","Success","0.00111"
"8R4V","16","1110010111011001","1110010111011001.0","Success","0.00063"
"5ZVE","16","101111010100010","101111010100010.0","Success","0.0007"
"4ZEJ","16","10101111100100","10101111100100.0","Success","0.00093"
"4W6N","16","1011011100000000","1011011100000000.0","Success","0.00054"
"6KGO","16","1100010001001010","1100010001001010.0","Success","0.00075"
"8P2V","16","1010010010001111","1010010010001111.0","Success","0.00154"
"6MSU","16","1000001000111111","1000001000111111.0","Success","0.00047"
"2CLY","16","110100010101111","110100010101111.0","Success","0.00081"
"8WLV","16","100111101101100","100111101101100.0","Success","0.00078"
"2I4P","16","110101110110000","110101110110000.0","Success","0.00083"
"2QXU","16","1111000000010010","1111000000010010.0","Success","0.00052"
"4ZFJ","16","11111011010010","11111011010010.0","Success","0.00038"
"3UU1","16","1010110011000100","1010110011000100.0","Success","0.00053"
"1RBN","16","10111001010000","10111001010000.0","Success","0.00175"
"2IF9","16","111101110010001","111101110010001.0","Success","0.00119"
"1PIE","16","111111011011011","111111011011011.0","Success","0.00099"
"8J5P","16","1101110110001001","1101110110001001.0","Success","0.0004"
"7VE5","16","1100000001010001","1100000001010001.0","Success","0.00169"
"5MAL","16","1011100011011100","1011100011011100.0","Success","0.00088"
"7VFC","16","111101111100000","111101111100000.0","Success","0.00125"
"3WY2","16","1011101001010011","1011101001010011.0","Success","0.0006"
"4L9N","16","11010110100110","11010110100110.0","Success","0.00111"
"8HKB","16","1010001111110111","1010001111110111.0","Success","0.00111"
"6DHA","16","10110011001011","10110011001011.0","Success","0.00083"
"4TPM","16","1000010100011010","1000010100011010.0","Success","0.00078"
"9DL7","16","1111000101001100","1111000101001100.0","Success","0.00037"
"7KP3","16","1001111101","1001111101.0","Success","0.00086"
"5OS8","16","110100010001101","110100010001101.0","Success","0.00106"
"5AJP","16","111100100011101","111100100011101.0","Success","0.00084"
"4ZSQ","16","1100110010110011","1100110010110011.0","Success","0.00071"
"4URK","16","11011011000100","11011011000100.0","Success","0.00067"
"4WUV","16","1101111111111111","1101111111111111.0","Success","0.00082"
"9BOG","16","1101100001101000","1101100001101000.0","Success","0.00051"
"6I91","16","1010010001100001","1010010001100001.0","Success","0.00071"
"4Z3L","16","1110000100111010","1110000100111010.0","Success","0.00063"
"1U31","16","1000000110011000","1000000110011000.0","Success","0.00099"
"7RDV","16","11101001011000","11101001011000.0","Success","0.00071"
"2C4A","16","100010101011000","100010101011000.0","Success","0.00097"
"6VJ4","16","1000011000101","1000011000101.0","Success","0.00128"
"8E6J","16","11000110100001","11000110100001.0","Success","0.00038"
"3ZDI","16","1100101001011000","1100101001011000.0","Success","0.00102"
"5W5D","16","100000101010","100000101010.0","Success","0.00097"
"3QE6","16","11100111001000","11100111001000.0","Success","0.0008"
"9FK5","16","101010111011","101010111011.0","Success","0.0007"
"6L6L","16","1111111111100110","1111111111100110.0","Success","0.00146"
"4ABV","16","110101010001001","110101010001001.0","Success","0.00128"
"1QJZ","16","101000101001110","101000101001110.0","Success","0.00082"
"3GSL","16","1011111100110","1011111100110.0","Success","0.00097"
"1YDK","16","100111001100100","100111001100100.0","Success","0.00095"
"7SNK","16","1111101101101110","1111101101101110.0","Success","0.00082"
"4YKR","16","1100011001010001","1100011001010001.0","Success","0.00133"
"2ZGD","16","1100001011001101","1100001011001101.0","Success","0.00197"
"4IGY","16","100100011101101","100100011101101.0","Success","0.0008"
"1O5M","16","111011111001001","111011111001001.0","Success","0.00071"
"7M4J","16","11111101110101","11111101110101.0","Success","0.0011"
"7C4K","16","1110110001001111","1110110001001111.0","Success","0.00077"
"8Q8W","16","1000111100100000","1000111100100000.0","Success","0.00092"
"7P57","16","1010011111101000","1010011111101000.0","Success","0.00103"
"7ODX","16","1000101001111001","1000101001111001.0","Success","0.00103"
"6KIK","16","101001010100100","101001010100100.0","Success","0.00118"
"5K3H","16","1000100011001001","1000100011001001.0","Success","0.00027"
"6M09","16","100011001001010","100011001001010.0","Success","0.0006"
"4YJR","16","110111000101110","110111000101110.0","Success","0.00117"
"3GPH","16","1010111011000111","1010111011000111.0","Success","0.00063"
"5XRB","16","1000100110000","1000100110000.0","Success","0.00132"
"1J1D","16","1010101001111001","1010101001111001.0","Success","0.00072"
"8DTD","16","110010110011011","110010110011011.0","Success","0.00113"
"6O8N","16","100010011010110","100010011010110.0","Success","0.00144"
"4H4Y","16","1110010111010100","1110010111010100.0","Success","0.00098"
"6WQA","16","11011000000011","11011000000011.0","Success","0.00097"
"3NF1","16","1010010111100","1010010111100.0","Success","0.00116"
"2KJW","16","10011110100010","10011110100010.0","Success","0.00043"
"9QH3","16","1111111010100010","1111111010100010.0","Success","0.00046"
"5DF0","16","1010011000010010","1010011000010010.0","Success","0.00059"
"6YXH","16","110001100000","110001100000.0","Success","0.00104"
"8A35","16","110011011101001","110011011101001.0","Success","0.00145"
"5V3Y","16","111110100110011","111110100110011.0","Success","0.00082"
"7RS7","16","100100000011100","100100000011100.0","Success","0.00064"
"4C2B","16","110111110100111","110111110100111.0","Success","0.00045"
"7XP9","16","100110010101001","100110010101001.0","Success","0.0022"
"1TUW","16","1011010100100001","1011010100100001.0","Success","0.00186"
"4NXS","16","101111111110100","101111111110100.0","Success","0.0007"
"4I13","16","101001000001000","101001000001000.0","Success","0.00113"
"3SBQ","16","1110001011100110","1110001011100110.0","Success","0.00057"
"6EKB","16","11000000","11000000.0","Success","0.00245"
"3D3K","16","1010100000110100","1010100000110100.0","Success","0.00064"
"4CYJ","16","1000000001000010","1000000001000010.0","Success","0.00045"
"6YAS","16","111011011101011","111011011101011.0","Success","0.00117"
"1L08","16","10001110111000","10001110111000.0","Success","0.00152"
"4F0R","16","1010010011011000","1010010011011000.0","Success","0.00093"
"7DBN","16","1101000101011101","1101000101011101.0","Success","0.00043"
"6XVO","16","1110000101000101","1110000101000101.0","Success","0.00252"
"7FGI","16","11001010110000","11001010110000.0","Success","0.00027"
"1UU8","16","110001001111001","110001001111001.0","Success","0.00117"
"2HMN","16","1001101110010101","1001101110010101.0","Success","0.00077"
"6TZO","16","1101000110011010","1101000110011010.0","Success","0.00129"
"3WYX","16","1001111110101001","1001111110101001.0","Success","0.0012"
"1LLZ","16","10111100000000","10111100000000.0","Success","0.0005"
"1ZXG","16","10011111100011","10011111100011.0","Success","0.00057"
"5TBS","16","110011011001110","110011011001110.0","Success","0.00118"
"5U20","16","110111001010","110111001010.0","Success","0.0005"
"2GBQ","16","110001110100110","110001110100110.0","Success","0.0006"
"1QA7","16","111010110100111","111010110100111.0","Success","0.00068"
"4BPR","16","110000010011111","110000010011111.0","Success","0.00113"
"3C6R","16","101110111001","101110111001.0","Success","0.00052"
"2G2U","16","1011010101100000","1011010101100000.0","Success","0.00094"
"1V1Q","16","100101001011000","100101001011000.0","Success","0.00127"
"5TRF","16","1110010110100","1110010110100.0","Success","0.00086"
"3GMB","16","100100110100","100100110100.0","Success","0.00072"
"7XZ8","16","1000101011111111","1000101011111111.0","Success","0.00091"
"6A7D","16","1001110100100110","1001110100100110.0","Success","0.00152"
"6J4A","16","1011100110011011","1011100110011011.0","Success","0.00041"
"8TQ0","16","111111000011","111111000011.0","Success","0.00075"
"6S2P","16","110101101110","110101101110.0","Success","0.00121"
"1LWL","16","101100110100110","101100110100110.0","Success","0.00096"
"3RT0","16","101000101000101","101000101000101.0","Success","0.00061"
"4JVC","16","11101010000001","11101010000001.0","Success","0.00139"
"1R0Y","16","1111100011000","1111100011000.0","Success","0.00059"
"8IN4","16","110100101111000","110100101111000.0","Success","0.00135"
"6OOS","16","1010100010110111","1010100010110111.0","Success","0.00097"
"7LS3","16","1001001100100001","1001001100100001.0","Success","0.00093"
"7C1A","16","1100011010011010","1100011010011010.0","Success","0.00045"
"1L7Z","16","111111110101100","111111110101100.0","Success","0.00162"
"7EIM","16","1000001011011001","1000001011011001.0","Success","0.00034"
"2GJ3","16","1100000111101111","1100000111101111.0","Success","0.00121"
"3WJM","16","101000110100011","101000110100011.0","Success","0.0003"
"7GIY","16","101110110100101","101110110100101.0","Success","0.00077"
"1YPV","16","111011100110111","111011100110111.0","Success","0.0012"
"5SFD","16","1001011101010100","1001011101010100.0","Success","0.00056"
"7WWR","16","100101110110000","100101110110000.0","Success","0.00227"
"1GYN","16","111001111110000","111001111110000.0","Success","0.00105"
"4FH0","16","1100100010001001","1100100010001001.0","Success","0.00141"
"4JWK","16","110011101000010","110011101000010.0","Success","0.00139"
"1E52","16","1011100000110011","1011100000110011.0","Success","0.0004"
"3OJG","16","1110000000100100","1110000000100100.0","Success","0.00108"
"7NLT","16","10011011110101","10011011110101.0","Success","0.00114"
"5JCT","16","110011000011111","110011000011111.0","Success","0.00113"
"8UG2","16","100001100110100","100001100110100.0","Success","0.00185"
"2VT7","16","100100111001","100100111001.0","Success","0.00058"
"1I3L","16","1010110110111101","1010110110111101.0","Success","0.00074"
"6VUM","16","11010100010110","11010100010110.0","Success","0.00047"
"3RKE","16","1011100100011101","1011100100011101.0","Success","0.00081"
"5JCF","16","100111101010110","100111101010110.0","Success","0.00053"
"8FF2","16","1001110110010010","1001110110010010.0","Success","0.00101"
"7O3D","16","1101010000100110","1101010000100110.0","Success","0.00074"
"3KPT","16","111011011110111","111011011110111.0","Success","0.00072"
"5PU2","16","111001111011111","111001111011111.0","Success","0.00121"
"3RRA","16","101010110111001","101010110111001.0","Success","0.00068"
"8T9B","16","10001010000000","10001010000000.0","Success","0.00042"
"2HEL","16","1000110011101101","1000110011101101.0","Success","0.00123"
"7CAP","16","11111010110000","11111010110000.0","Success","0.00126"
"3HIM","16","1000101110000","1000101110000.0","Success","0.00098"
"5MBQ","16","100010011100110","100010011100110.0","Success","0.00064"
"3LMI","16","10001000101100","10001000101100.0","Success","0.0006"
"4A8O","16","1000111101010011","1000111101010011.0","Success","0.00043"
"5ZCO","16","1101101110110001","1101101110110001.0","Success","0.00032"
"4WXZ","16","1100100000001111","1100100000001111.0","Success","0.00051"
"7K40","16","1001111011110111","1001111011110111.0","Success","0.00111"
"1I6J","16","1001000001001000","1001000001001000.0","Success","0.00121"
"3WCY","16","1100100011111100","1100100011111100.0","Success","0.0009"
"6E3Y","16","1011000111000000","1011000111000000.0","Success","0.00054"
"7X8J","16","1111111000111110","1111111000111110.0","Success","0.00075"
"4PNF","16","1011000101100001","1011000101100001.0","Success","0.00046"
"4IF4","16","111001001100111","111001001100111.0","Success","0.00068"
"3F11","16","1010010010111010","1010010010111010.0","Success","0.0011"
"2P46","16","111101001011101","111101001011101.0","Success","0.00089"
"4CHC","16","1000001111010111","1000001111010111.0","Success","0.00063"
"4XRS","16","1010001100101011","1010001100101011.0","Success","0.0013"
"6VXT","16","1011011011010110","1011011011010110.0","Success","0.00045"
"8BJ7","16","10000111100011","10000111100011.0","Success","0.00087"
"6NWP","16","1101100001000111","1101100001000111.0","Success","0.00084"
"6L3X","16","1010111011011000","1010111011011000.0","Success","0.00039"
"7GFC","16","11001010111010","11001010111010.0","Success","0.0011"
"7TAS","16","1110000001010101","1110000001010101.0","Success","0.00095"
"6QB5","16","1011101010010","1011101010010.0","Success","0.00055"
"1BZZ","16","11101100010111","11101100010111.0","Success","0.00081"
"1IAJ","16","1101010111000011","1101010111000011.0","Success","0.00085"
"7TQW","16","11011100110101","11011100110101.0","Success","0.00071"
"1SA1","16","1000111011111100","1000111011111100.0","Success","0.00045"
"1HUP","16","111100110100000","111100110100000.0","Success","0.00163"
"3K07","16","1010010001100101","1010010001100101.0","Success","0.00058"
"6QGL","16","1111111110001011","1111111110001011.0","Success","0.00072"
"4X2W","16","1100100001011011","1100100001011011.0","Success","0.00108"
"2V8Q","16","111000101101111","111000101101111.0","Success","0.00089"
"2YRH","16","1111110000011100","1111110000011100.0","Success","0.00065"
"3EKD","16","110110110100100","110110110100100.0","Success","0.00064"
"5JXZ","16","1111101100001000","1111101100001000.0","Success","0.00069"
"6ECN","16","110011110110010","110011110110010.0","Success","0.00058"
"7OLE","16","1101010011101001","1101010011101001.0","Success","0.00031"
"1L70","16","1011011100111010","1011011100111010.0","Success","0.00155"
"4HKC","16","10000011010011","10000011010011.0","Success","0.00128"
"4EQR","16","1101111111110111","1101111111110111.0","Success","0.00065"
"7PW4","16","1110101011001111","1110101011001111.0","Success","0.00038"
"8P1B","16","1010010110001110","1010010110001110.0","Success","0.00169"
"6KX7","16","1001001100011","1001001100011.0","Success","0.00088"
"3LWG","16","100111011001011","100111011001011.0","Success","0.00121"
"3E1P","16","1110010010010101","1110010010010101.0","Success","0.00042"
"6ME1","16","101001011010100","101001011010100.0","Success","0.00064"
"2GSP","16","1110001000010111","1110001000010111.0","Success","0.00189"
"8JUT","16","11011111010010","11011111010010.0","Success","0.0002"
"6EI3","16","11110110111111","11110110111111.0","Success","0.00087"
"5FO3","16","111011000000100","111011000000100.0","Success","0.0011"
"7V0B","16","1110100110111","1110100110111.0","Success","0.00043"
"6TH1","16","10000111111110","10000111111110.0","Success","0.00104"
"1PZ1","16","11001011111001","11001011111001.0","Success","0.00075"
"1QI8","16","110101000010000","110101000010000.0","Success","0.0008"
"1R0J","16","1101110011010111","1101110011010111.0","Success","0.00267"
"4K91","16","1101010010000","1101010010000.0","Success","0.00073"
"4M9X","16","101001100111000","101001100111000.0","Success","0.0006"
"6VZO","16","1001101101100110","1001101101100110.0","Success","0.00085"
"4E3F","16","10100111011110","10100111011110.0","Success","0.0012"
"3SXV","16","100100001000110","100100001000110.0","Success","0.0008"
"4O51","16","1000010101110110","1000010101110110.0","Success","0.00046"
"7V3S","16","111011001101010","111011001101010.0","Success","0.00116"
"6LL5","16","110101010001101","110101010001101.0","Success","0.00111"
"8IQ9","16","1100100100101011","1100100100101011.0","Success","0.00046"
"4ECO","16","1101000110101000","1101000110101000.0","Success","0.00055"
"7BBL","16","11110000111001","11110000111001.0","Success","0.00095"
"5FIV","16","1011011100101010","1011011100101010.0","Success","0.00182"
"5HZR","16","101011100010000","101011100010000.0","Success","0.00082"
"1BQU","16","110110010101110","110110010101110.0","Success","0.00096"
"4Y8H","16","10100100100000","10100100100000.0","Success","0.00024"
"4E7H","16","1001100011101101","1001100011101101.0","Success","0.00081"
"7OSV","16","1001001010100001","1001001010100001.0","Success","0.00146"
"1WP9","16","10110011000111","10110011000111.0","Success","0.00036"
"8R6M","16","111000011000100","111000011000100.0","Success","0.00092"
"4AZ4","16","110101010001011","110101010001011.0","Success","0.0015"
"5R5U","16","1000011101011010","1000011101011010.0","Success","0.00134"
"2WGL","16","101011011011011","101011011011011.0","Success","0.00078"
"2D66","16","101111111110110","101111111110110.0","Success","0.00098"
"1MZV","16","1100111010000101","1100111010000101.0","Success","0.00132"
"7BS2","16","111011110011101","111011110011101.0","Success","0.0013"
"8YVB","16","1011011001000011","1011011001000011.0","Success","0.00189"
"4ODM","16","1000111100100010","1000111100100010.0","Success","0.00072"
"5Y66","16","1111101101100000","1111101101100000.0","Success","0.00095"
"1QMF","16","1100100100010011","1100100100010011.0","Success","0.00081"
"1Y6L","16","101001110000","101001110000.0","Success","0.00091"
"3KNX","16","10010111100110","10010111100110.0","Success","0.00101"
"1WK8","16","110101110111101","110101110111101.0","Success","0.00101"
"3HR8","16","1111001110100011","1111001110100011.0","Success","0.00104"
"9EX8","16","1011100011000000","1011100011000000.0","Success","0.0011"
"7V49","16","1001101110001100","1001101110001100.0","Success","0.00145"
"1N7K","16","101001011100","101001011100.0","Success","0.00089"
"5H53","16","1100001011000010","1100001011000010.0","Success","0.00046"
"6XF9","16","1100100110100001","1100100110100001.0","Success","0.00043"
"6MGP","16","11010111010000","11010111010000.0","Success","0.00065"
"7VL7","16","1111001010110010","1111001010110010.0","Success","0.00051"
"7Y54","16","1110010100100110","1110010100100110.0","Success","0.00196"
"2XCN","16","100101111000110","100101111000110.0","Success","0.00101"
"5RW8","16","1000100000101001","1000100000101001.0","Success","0.00084"
"2ENV","16","111011101100001","111011101100001.0","Success","0.00046"
"4UPQ","16","1100011101100101","1100011101100101.0","Success","0.00067"
"4HYM","16","1110001110101100","1110001110101100.0","Success","0.00081"
"3GY8","16","1101100010001111","1101100010001111.0","Success","0.00131"
"4OYF","16","1110111000011010","1110111000011010.0","Success","0.0004"
"2EPS","16","1011010000010001","1011010000010001.0","Success","0.00058"
"6M4Y","16","101101111001100","101101111001100.0","Success","0.00097"
"3VE6","16","1000111001001010","1000111001001010.0","Success","0.00093"
"1QGK","16","10110110100","10110110100.0","Success","0.00064"
"6K9Q","16","1001101111001","1001101111001.0","Success","0.00019"
"1M2X","16","1010011011111001","1010011011111001.0","Success","0.00064"
"1B2X","16","1111001000001000","1111001000001000.0","Success","0.00109"
"3KQA","16","1010100110110010","1010100110110010.0","Success","0.00048"
"2KC5","16","1001110100001000","1001110100001000.0","Success","0.00034"
"8YWG","16","1111000101111001","1111000101111001.0","Success","0.00064"
"6XV1","16","1011110011100010","1011110011100010.0","Success","0.00081"
"3X1Z","16","1100111100000000","1100111100000000.0","Success","0.00104"
"5IIR","16","10001000110101","10001000110101.0","Success","0.00052"
"7TPC","16","1011101011100100","1011101011100100.0","Success","0.00035"
"6MEK","16","100001111100011","100001111100011.0","Success","0.00042"
"4J3J","16","1111000101100110","1111000101100110.0","Success","0.00051"
"1TII","16","1001011110111000","1001011110111000.0","Success","0.00071"
"1HDJ","16","1010100010110011","1010100010110011.0","Success","0.00049"
"2DOC","16","101011010101110","101011010101110.0","Success","0.0004"
"4ODL","16","11011110111100","11011110111100.0","Success","0.00104"
"8RH1","16","1111011011010101","1111011011010101.0","Success","0.00039"
"1U49","16","1100010011101101","1100010011101101.0","Success","0.00078"
"6S1I","16","111110101011010","111110101011010.0","Success","0.00052"
"5T17","16","101100101100000","101100101100000.0","Success","0.00038"
"7Q1G","16","1110010111000010","1110010111000010.0","Success","0.00082"
"2OA0","16","100100011110","100100011110.0","Success","0.00061"
"5FYU","16","1110011101110","1110011101110.0","Success","0.0009"
"1Y94","16","11011001010110","11011001010110.0","Success","0.00121"
"1EIQ","16","101100101111001","101100101111001.0","Success","0.00112"
"6KTN","16","11011000000001","11011000000001.0","Success","0.00118"
"1W7D","16","1111100100111110","1111100100111110.0","Success","0.00164"
"2DIB","16","1100001100100001","1100001100100001.0","Success","0.00038"
"5Y82","16","110110010110011","110110010110011.0","Success","0.00068"
"4QA3","16","1000001111101001","1000001111101001.0","Success","0.00072"
"1Q86","16","1100010011111001","1100010011111001.0","Success","0.00031"
"1SLX","16","101100001111100","101100001111100.0","Success","0.00105"
"9HGS","16","1110001110010010","1110001110010010.0","Success","0.00224"
"6AGY","16","1110101001010101","1110101001010101.0","Success","0.00163"
"8ABF","16","1111000000010101","1111000000010101.0","Success","0.0003"
"2P0L","16","111100100000110","111100100000110.0","Success","0.00118"
"3LR6","16","100010110100101","100010110100101.0","Success","0.0012"
"2V3M","16","1111011111000100","1111011111000100.0","Success","0.00081"
"7TNL","16","1010101110","1010101110.0","Success","0.00039"
"5B19","16","1011010001001110","1011010001001110.0","Success","0.00101"
"1LSY","16","1100011110101110","1100011110101110.0","Success","0.00171"
"1ES8","16","1001011110010110","1001011110010110.0","Success","0.00139"
"7CR2","16","1011100000100","1011100000100.0","Success","0.00061"
"4IYN","16","111010111101100","111010111101100.0","Success","0.00055"
"2JLZ","16","1010001110000000","1010001110000000.0","Success","0.00062"
"2PX4","16","100111010000001","100111010000001.0","Success","0.00121"
"2IMR","16","1101011","1101011.0","Success","0.00099"
"4XXV","16","1110011101010010","1110011101010010.0","Success","0.00071"
"1F0U","16","10000011111000","10000011111000.0","Success","0.00129"
"3W29","16","1011110100001011","1011110100001011.0","Success","0.00108"
"6YIY","16","100110011001101","100110011001101.0","Success","0.00127"
"7FPA","16","1100000111001011","1100000111001011.0","Success","0.00081"
"1HB4","16","1011110000110100","1011110000110100.0","Success","0.00103"
"5DV5","16","1010001010111111","1010001010111111.0","Success","0.00085"
"5BR0","16","1110101111111011","1110101111111011.0","Success","0.00062"
"1E0J","16","1000101011011011","1000101011011011.0","Success","0.00048"
"6CRI","16","100001110111111","100001110111111.0","Success","0.00023"
"7LCO","16","1100001011011000","1100001011011000.0","Success","0.0011"
"1NB8","16","1110100010111011","1110100010111011.0","Success","0.00077"
"6B5D","16","1001001100100111","1001001100100111.0","Success","0.00115"
"1A6U","16","101101111110111","101101111110111.0","Success","0.0013"
"7WUH","16","110110110010000","110110110010000.0","Success","0.00029"
"8JAF","16","100101011100001","100101011100001.0","Success","0.00083"
"3TFM","16","1000101011111111","1000101011111111.0","Success","0.00132"
"1K6S","16","1110101000000001","1110101000000001.0","Success","0.00086"
"6UUI","16","1111001100010011","1111001100010011.0","Success","0.00131"
"6X6X","16","110111000111100","110111000111100.0","Success","0.00066"
"8W4B","16","1000111101011100","1000111101011100.0","Success","0.0013"
"4GBV","16","1100001110101001","1100001110101001.0","Success","0.00106"
"5EVH","16","110111001100100","110111001100100.0","Success","0.0018"
"8C19","16","1010011111001100","1010011111001100.0","Success","0.00105"
"2V75","16","1011110110010","1011110110010.0","Success","0.00205"
"8BRS","16","110011100000100","110011100000100.0","Success","0.0007"
"8XV6","16","100111000100000","100111000100000.0","Success","0.0014"
"6CRL","16","10100111101011","10100111101011.0","Success","0.00029"
"6YMU","16","110010100","110010100.0","Success","0.00053"
"3FR2","16","1110100000100110","1110100000100110.0","Success","0.00165"
"1KO3","16","1101111000100001","1101111000100001.0","Success","0.00126"
"9BLI","16","1111001010110111","1111001010110111.0","Success","0.00082"
"3TZG","16","1100011110111111","1100011110111111.0","Success","0.00091"
"5UJJ","16","1100001100100010","1100001100100010.0","Success","0.00067"
"1JA2","16","100001010100111","100001010100111.0","Success","0.00169"
"1UMB","16","1110000111101011","1110000111101011.0","Success","0.00053"
"3N83","16","1000100111001011","1000100111001011.0","Success","0.00031"
"6CGU","16","11100101011110","11100101011110.0","Success","0.00068"
"4GHW","16","100101001010001","100101001010001.0","Success","0.00083"
"7THG","16","11110111110100","11110111110100.0","Success","0.00115"
"7SZA","16","1110101111111100","1110101111111100.0","Success","0.0007"
"4J8B","16","111011110001100","111011110001100.0","Success","0.00109"
"2EM9","16","1111010011010010","1111010011010010.0","Success","0.00062"
"7PNA","16","1101001101011111","1101001101011111.0","Success","0.00106"
"7RZV","16","1111010110100110","1111010110100110.0","Success","0.00105"
"5AVY","16","100100111101011","100100111101011.0","Success","0.00055"
"4NZ3","16","10010001010000","10010001010000.0","Success","0.00068"
"4PEF","16","100100101001010","100100101001010.0","Success","0.00047"
"1CEA","16","1001001110000000","1001001110000000.0","Success","0.0015"
"4CBA","16","10001101101110","10001101101110.0","Success","0.00088"
"5ZIE","16","10101100101","10101100101.0","Success","0.00047"
"3EYO","16","100110100101001","100110100101001.0","Success","0.00068"
"7VYA","16","1110010100001011","1110010100001011.0","Success","0.00033"
"7QCU","16","1111001100111011","1111001100111011.0","Success","0.00066"
"5NUH","16","101001110110001","101001110110001.0","Success","0.00101"
"4Y1Z","16","1001000110100110","1001000110100110.0","Success","0.00123"
"2Z8O","16","1000010100","1000010100.0","Success","0.00097"
"6A18","16","101101001111010","101101001111010.0","Success","0.00091"
"3M65","16","10001110111111","10001110111111.0","Success","0.00094"
"4P3N","16","1000011110100","1000011110100.0","Success","0.00048"
"2H2T","16","1001111111100100","1001111111100100.0","Success","0.00173"
"3DH4","16","1100011101000011","1100011101000011.0","Success","0.00042"
"5QPQ","16","1100110011001","1100110011001.0","Success","0.00103"
"5EBG","16","1000101100011010","1000101100011010.0","Success","0.00129"
"8Y2E","16","101111110011011","101111110011011.0","Success","0.00084"
"4LPK","16","1101000001010111","1101000001010111.0","Success","0.00109"
"5QRU","16","101001101001110","101001101001110.0","Success","0.00149"
"3O07","16","110101000011011","110101000011011.0","Success","0.0007"
"7QCG","16","1001110110111101","1001110110111101.0","Success","0.00106"
"1AWF","16","100010111000000","100010111000000.0","Success","0.00111"
"7E27","16","1000111010000","1000111010000.0","Success","0.00051"
"5D5H","16","11011011010010","11011011010010.0","Success","0.00073"
"4PX2","16","1111111011111011","1111111011111011.0","Success","0.00058"
"3WRZ","16","11100101110100","11100101110100.0","Success","0.0006"
"7Q4W","16","1101111111111111","1101111111111111.0","Success","0.00039"
"2A6W","16","110110110001110","110110110001110.0","Success","0.00092"
"8SCS","16","1011001110101000","1011001110101000.0","Success","0.00058"
"1AJD","16","110111101000101","110111101000101.0","Success","0.00065"
"5POY","16","1011111010011010","1011111010011010.0","Success","0.00119"
"5B1N","16","1011111001110010","1011111001110010.0","Success","0.0025"
"5JEO","16","100001010101111","100001010101111.0","Success","0.00121"
"7X3T","16","1111100100000101","1111100100000101.0","Success","0.00036"
"2PKX","16","1011001011101101","1011001011101101.0","Success","0.00124"
"1HO8","16","1111011100111101","1111011100111101.0","Success","0.00091"
"4O1M","16","1101001100111","1101001100111.0","Success","0.00046"
"3OW8","16","1101001110010110","1101001110010110.0","Success","0.00055"
"4LHK","16","101111000000011","101111000000011.0","Success","0.00094"
"2CGV","16","1100100001100010","1100100001100010.0","Success","0.00118"
"2HX2","16","111011100001011","111011100001011.0","Success","0.00069"
"1KL3","16","1101000001101100","1101000001101100.0","Success","0.00085"
"2ZHC","16","100000000011111","100000000011111.0","Success","0.00108"
"4QWT","16","110011010111","110011010111.0","Success","0.00037"
"3OPS","16","10011100111111","10011100111111.0","Success","0.0005"
"3QL9","16","1011110010110","1011110010110.0","Success","0.00169"
"1OFF","16","1000010010101100","1000010010101100.0","Success","0.00197"
"2PS1","16","1011010110010111","1011010110010111.0","Success","0.00092"
"1HN4","16","10001110101011","10001110101011.0","Success","0.00119"
"7UQW","16","1111011101111110","1111011101111110.0","Success","0.0007"
"8IKH","16","1111110111111110","1111110111111110.0","Success","0.00059"
"6A5G","16","11001111110100","11001111110100.0","Success","0.00078"
"6LFZ","16","1011101101111101","1011101101111101.0","Success","0.00066"
"6HHH","16","1101111000100010","1101111000100010.0","Success","0.00099"
"4WND","16","1111001001100010","1111001001100010.0","Success","0.00097"
"4PXO","16","1001000111100010","1001000111100010.0","Success","0.00093"
"6W03","16","1011011000110001","1011011000110001.0","Success","0.00055"
"7HKN","16","1011010000011110","1011010000011110.0","Success","0.00081"
"2XNH","16","10011111011001","10011111011001.0","Success","0.00116"
"5V28","16","1001111000110011","1001111000110011.0","Success","0.00148"
"2YYK","16","1001100101001011","1001100101001011.0","Success","0.00089"
"7OXB","16","110000100101","110000100101.0","Success","0.00112"
"1I13","16","1010111001100","1010111001100.0","Success","0.001"
"6TJE","16","111111000000100","111111000000100.0","Success","0.001"
"7QXV","16","110011011100010","110011011100010.0","Success","0.00104"
"3ICA","16","1111111000100111","1111111000100111.0","Success","0.00096"
"7DDZ","16","1110000110101","1110000110101.0","Success","0.00092"
"3DGC","16","1101010100010000","1101010100010000.0","Success","0.00072"
"3WXG","16","11001010000001","11001010000001.0","Success","0.00064"
"6UN7","16","1001101101100101","1001101101100101.0","Success","0.00087"
"8ECZ","16","111101110010010","111101110010010.0","Success","0.00061"
"3EDV","16","1101000010","1101000010.0","Success","0.00074"
"4HMN","16","101110111111000","101110111111000.0","Success","0.00106"
"5LQM","16","1000110000111111","1000110000111111.0","Success","0.00111"
"3HJO","16","11100001101101","11100001101101.0","Success","0.00094"
"1E24","16","11100011111000","11100011111000.0","Success","0.00089"
"4XT4","16","1010011100101101","1010011100101101.0","Success","0.00126"
"8APQ","16","1010100111111001","1010100111111001.0","Success","0.00039"
"3NNE","16","110101101010000","110101101010000.0","Success","0.0003"
"1ML2","16","1010000000010","1010000000010.0","Success","0.00111"
"1QR6","16","1100011000000100","1100011000000100.0","Success","0.0006"
"6B22","16","1011100001110001","1011100001110001.0","Success","0.00123"
"6P8X","16","110000001010110","110000001010110.0","Success","0.00075"
"2EWH","16","1010011111110011","1010011111110011.0","Success","0.00205"
"6BW4","16","100000100101011","100000100101011.0","Success","0.00072"
"6VT4","16","1101000011101000","1101000011101000.0","Success","0.00107"
"8TQ9","16","111111111010111","111111111010111.0","Success","0.00069"
"5CHG","16","10110000101011","10110000101011.0","Success","0.00088"
"3KR6","16","1010000111101110","1010000111101110.0","Success","0.00094"
"5N6M","16","101001010011010","101001010011010.0","Success","0.00088"
"6MYD","16","101010000011111","101010000011111.0","Success","0.00106"
"8ZJG","16","11011110000101","11011110000101.0","Success","0.00055"
"3C7F","16","1100101101010101","1100101101010101.0","Success","0.00087"
"5E03","16","10110111010100","10110111010100.0","Success","0.00184"
"5EPL","16","10011001100100","10011001100100.0","Success","0.00173"
"4HIR","16","1001001010110","1001001010110.0","Success","0.00049"
"5J1H","16","10110000000010","10110000000010.0","Success","0.00102"
"2Y69","16","1001111110110111","1001111110110111.0","Success","0.00033"
"5VS1","16","111011111100","111011111100.0","Success","0.00106"
"6CBV","16","1111110001001011","1111110001001011.0","Success","0.00081"
"5HVE","16","1010000101000001","1010000101000001.0","Success","0.00132"
"3BOA","16","1110010001100","1110010001100.0","Success","0.00088"
"2DN6","16","1000011000101000","1000011000101000.0","Success","0.0004"
"5ABW","16","1010000110110111","1010000110110111.0","Success","0.00131"
"1B9K","16","110000010011101","110000010011101.0","Success","0.00125"
"1SDM","16","1101000111000010","1101000111000010.0","Success","0.00104"
"5AIP","16","11100110010100","11100110010100.0","Success","0.00119"
"2G8R","16","1001001001101010","1001001001101010.0","Success","0.00123"
"3AGC","16","1000100001","1000100001.0","Success","0.00081"
"6R78","16","1101100001110","1101100001110.0","Success","0.00088"
"7N5S","16","1001011001011001","1001011001011001.0","Success","0.00185"
"5GHC","16","110001001000011","110001001000011.0","Success","0.00045"
"5VQ5","16","1111010010011001","1111010010011001.0","Success","0.00101"
"4CJR","16","1110010010100","1110010010100.0","Success","0.00108"
"7WSS","16","11100011110110","11100011110110.0","Success","0.00061"
"5RVE","16","101110000110110","101110000110110.0","Success","0.00103"
"2L4E","16","1011110100110000","1011110100110000.0","Success","0.00058"
"1B3T","16","1101001010001111","1101001010001111.0","Success","0.00108"
"7MLC","16","1101101010001011","1101101010001011.0","Success","0.00155"
"7GJ8","16","1110100010101111","1110100010101111.0","Success","0.00078"
"8F3P","16","10001100101000","10001100101000.0","Success","0.00078"
"1NMK","16","1111011010100011","1111011010100011.0","Success","0.00107"
"7QWA","16","111111001001","111111001001.0","Success","0.00176"
"9EBK","16","1001010110001101","1001010110001101.0","Success","0.00094"
"9FGM","16","1110100111010100","1110100111010100.0","Success","0.00058"
"2XIR","16","1111111110111110","1111111110111110.0","Success","0.00113"
"3E6V","16","111100101000110","111100101000110.0","Success","0.00077"
"8FK9","16","1100000011110000","1100000011110000.0","Success","0.00111"
"2L7E","16","1000111010100","1000111010100.0","Success","0.0004"
"4INS","16","111011011100011","111011011100011.0","Success","0.00193"
"2COS","16","1110000101110111","1110000101110111.0","Success","0.00059"
"4XG4","16","1110101011110000","1110101011110000.0","Success","0.0012"
"2B6A","16","1000111100011101","1000111100011101.0","Success","0.00062"
"1NID","16","1000001011100110","1000001011100110.0","Success","0.00108"
"8EK4","16","1000010111000","1000010111000.0","Success","0.0012"
"3I65","16","111010100110110","111010100110110.0","Success","0.00102"
"1ENO","16","1010100011001101","1010100011001101.0","Success","0.0011"
"6WG4","16","111100100100011","111100100100011.0","Success","0.00103"
"2R73","16","111101001010111","111101001010111.0","Success","0.0008"
"6P9Z","16","1001000000111","1001000000111.0","Success","0.00155"
"6G5Q","16","1001101100001110","1001101100001110.0","Success","0.00072"
"3K3E","16","100000011110","100000011110.0","Success","0.00076"
"3CXV","16","1010001000001010","1010001000001010.0","Success","0.00099"
"7LHI","16","11101110100001","11101110100001.0","Success","0.00049"
"2Y4U","16","1100010100001110","1100010100001110.0","Success","0.00095"
"2WGZ","16","111101100110010","111101100110010.0","Success","0.00081"
"2L84","16","1111110011101110","1111110011101110.0","Success","0.00038"
"3P3H","16","10101011101000","10101011101000.0","Success","0.00118"
"5AIV","16","1000001101100010","1000001101100010.0","Success","0.00066"
"2Q5Y","16","110101110001110","110101110001110.0","Success","0.00113"
"1G6B","16","1001111101011001","1001111101011001.0","Success","0.00188"
"6MPS","16","1101111010000110","1101111010000110.0","Success","0.00122"
"4CQP","16","1011001011111001","1011001011111001.0","Success","0.00088"
"7VH6","16","101110101110","101110101110.0","Success","0.00028"
"8R0S","16","1010110000000000","1010110000000000.0","Success","0.00092"
"1BK7","16","1100101000001111","1100101000001111.0","Success","0.00143"
"1SR5","16","101111111011100","101111111011100.0","Success","0.00072"
"5KDQ","16","1010111111000","1010111111000.0","Success","0.0008"
"2Z32","16","1000101011010110","1000101011010110.0","Success","0.00113"
"1KWQ","16","110001001100110","110001001100110.0","Success","0.00121"
"6CU2","16","100000001001001","100000001001001.0","Success","0.00123"
"1QBT","16","1101110110111001","1101110110111001.0","Success","0.00136"
"8GHZ","16","1000110010101100","1000110010101100.0","Success","0.00046"
"5V2L","16","1011111011000100","1011111011000100.0","Success","0.00108"
"7EHN","16","1011010110110100","1011010110110100.0","Success","0.0008"
"1DSS","16","1101100000001001","1101100000001001.0","Success","0.00073"
"7SR5","16","11000001001101","11000001001101.0","Success","0.00061"
"7M17","16","1110010101110011","1110010101110011.0","Success","0.00044"
"2ZDT","16","1011110110001011","1011110110001011.0","Success","0.00106"
"3VLJ","16","1101110101100","1101110101100.0","Success","0.00052"
"6P1Q","16","1100011010101110","1100011010101110.0","Success","0.00106"
"7AXS","16","11001100001001","11001100001001.0","Success","0.00109"
"6XQB","16","1000110001001010","1000110001001010.0","Success","0.00061"
"8UZ6","16","110100101001010","110100101001010.0","Success","0.00053"
"7F4X","16","10010110000010","10010110000010.0","Success","0.00101"
"5SNS","16","101001110111100","101001110111100.0","Success","0.00066"
"7UPN","16","1011111101010","1011111101010.0","Success","0.00058"
"2YR3","16","1110100000101000","1110100000101000.0","Success","0.00043"
"2QKU","16","1000111000111010","1000111000111010.0","Success","0.00123"
"5AAN","16","11000001000110","11000001000110.0","Success","0.0014"
"5QR8","16","10010010101001","10010010101001.0","Success","0.00067"
"6B7U","16","1011010101101111","1011010101101111.0","Success","0.0017"
"8PCH","16","110100111","110100111.0","Success","0.00127"
"5OUG","16","1110111000111000","1110111000111000.0","Success","0.00061"
"7CAI","16","1001101110000000","1001101110000000.0","Success","0.00031"
"3LOG","16","1100010110011110","1100010110011110.0","Success","0.00045"
"7YOB","16","111100000000000","111100000000000.0","Success","0.00031"
"4HYJ","16","111010111001001","111010111001001.0","Success","0.00089"
"1Y5B","16","1101000101011","1101000101011.0","Success","0.00129"
"6DNW","16","100010001000001","100010001000001.0","Success","0.00126"
"2PMZ","16","10000011110101","10000011110101.0","Success","0.00025"
"8ZDX","16","1111101110100011","1111101110100011.0","Success","0.00045"
"7CDV","16","1100000101011100","1100000101011100.0","Success","0.00082"
"8BUJ","16","101011110011011","101011110011011.0","Success","0.0003"
"1P2I","16","1100011010101011","1100011010101011.0","Success","0.00115"
"2LE8","16","1111001110011","1111001110011.0","Success","0.00037"
"4W5W","16","11001011111001","11001011111001.0","Success","0.00118"
"2B4E","16","1010111110000100","1010111110000100.0","Success","0.001"
"1BDX","16","11001010000010","11001010000010.0","Success","0.00071"
"3QNK","16","1101010001110","1101010001110.0","Success","0.00043"
"6AC4","16","1000101111110","1000101111110.0","Success","0.00038"
"7YHH","16","1011101011001101","1011101011001101.0","Success","0.0007"
"6I1R","16","1000111000100001","1000111000100001.0","Success","0.00078"
"5WSK","16","1000111100110010","1000111100110010.0","Success","0.00041"
"5RHQ","16","1010000001001111","1010000001001111.0","Success","0.00092"
"8Z5H","16","1001011001100001","1001011001100001.0","Success","0.00063"
"8ONI","16","1110101000101010","1110101000101010.0","Success","0.00063"
"2JNZ","16","111000110110","111000110110.0","Success","0.00041"
"6J5A","16","1001100101000101","1001100101000101.0","Success","0.00054"
"6KC2","16","100110011011010","100110011011010.0","Success","0.00106"
"8HX1","16","1001100101111101","1001100101111101.0","Success","0.00043"
"1D02","16","1011100011100100","1011100011100100.0","Success","0.00096"
"8HHA","16","1101010001010100","1101010001010100.0","Success","0.00035"
"5JC6","16","1011101010010111","1011101010010111.0","Success","0.00113"
"7M3K","16","1000010101000001","1000010101000001.0","Success","0.00079"
"1XQ5","16","111100110110110","111100110110110.0","Success","0.00079"
"5FJZ","16","101100001111","101100001111.0","Success","0.0006"
"6CPE","16","10110100001100","10110100001100.0","Success","0.00119"
"4PSJ","16","10011010110010","10011010110010.0","Success","0.00121"
"7ERU","16","110000100000101","110000100000101.0","Success","0.00101"
"1VHH","16","10101010001010","10101010001010.0","Success","0.00154"
"8EEQ","16","1011100000000100","1011100000000100.0","Success","0.00051"
"5ZDQ","16","110011101110101","110011101110101.0","Success","0.00059"
"4NBA","16","1111101110001100","1111101110001100.0","Success","0.0005"
"4KXZ","16","1111111100010001","1111111100010001.0","Success","0.00041"
"3EEQ","16","111101111110111","111101111110111.0","Success","0.00076"
"2DXC","16","1001010100100110","1001010100100110.0","Success","0.00043"
"2JG5","16","111000001001","111000001001.0","Success","0.00077"
"5NIZ","16","1001100111001110","1001100111001110.0","Success","0.00139"
"7M4A","16","1001100101001110","1001100101001110.0","Success","0.00106"
"3OZ1","16","110101101101011","110101101101011.0","Success","0.00095"
"3L0X","16","1110001000000011","1110001000000011.0","Success","0.00124"
"1LYA","16","101111111100001","101111111100001.0","Success","0.00075"
"8PLL","16","100001111000","100001111000.0","Success","0.00081"
"7O6L","16","1000100010101111","1000100010101111.0","Success","0.00146"
"2GJF","16","1110100111101110","1110100111101110.0","Success","0.00036"
"7N6R","16","111001101110011","111001101110011.0","Success","0.00051"
"5AR3","16","11101100111010","11101100111010.0","Success","0.0008"
"1EHB","16","1000000000110","1000000000110.0","Success","0.00214"
"7JY6","16","110010111101000","110010111101000.0","Success","0.00035"
"3VU4","16","1000000010000101","1000000010000101.0","Success","0.0008"
"7R27","16","1111011000011011","1111011000011011.0","Success","0.00071"
"5MHL","16","1101110111","1101110111.0","Success","0.00051"
"1HZE","16","1111000000101101","1111000000101101.0","Success","0.00137"
"8ETB","16","111010001011010","111010001011010.0","Success","0.001"
"7XBU","16","1101010110000001","1101010110000001.0","Success","0.00089"
"7PKP","16","10100010100010","10100010100010.0","Success","0.00039"
"9D8M","16","1010110111110110","1010110111110110.0","Success","0.00116"
"4M3K","16","11000111011001","11000111011001.0","Success","0.00099"
"6JOO","16","10100101111100","10100101111100.0","Success","0.00067"
"1ZZ2","16","1001100001100","1001100001100.0","Success","0.00104"
"2C4Z","16","1000111101110110","1000111101110110.0","Success","0.00099"
"3RSR","16","1010011000101","1010011000101.0","Success","0.00077"
"8Z7W","16","1101010111000010","1101010111000010.0","Success","0.00099"
"9BDI","16","1111010101000111","1111010101000111.0","Success","0.00056"
"7OZV","16","11001111110000","11001111110000.0","Success","0.00062"
"5FRP","16","1100010001000110","1100010001000110.0","Success","0.00053"
"3WSI","16","1100111010111","1100111010111.0","Success","0.00048"
"1RUC","16","1111110001000100","1111110001000100.0","Success","0.00068"
"3SEZ","16","1100000000100001","1100000000100001.0","Success","0.00038"
"7R73","16","1100001110110100","1100001110110100.0","Success","0.00094"
"3ZJU","16","1011110010001011","1011110010001011.0","Success","0.00068"
"7XIZ","16","11000111110000","11000111110000.0","Success","0.00117"
"1NOK","16","111110110100000","111110110100000.0","Success","0.00067"
"6AUC","16","1110111001000","1110111001000.0","Success","0.00172"
"6LN2","16","1010110110111101","1010110110111101.0","Success","0.00067"
"4YZK","16","100001011001111","100001011001111.0","Success","0.00105"
"3QGG","16","111110011110111","111110011110111.0","Success","0.00059"
"7SYU","16","10011001101100","10011001101100.0","Success","0.00028"
"7ICJ","16","101000011001101","101000011001101.0","Success","0.00104"
"1KIT","16","1110101001000100","1110101001000100.0","Success","0.00069"
"2IAB","16","1001001001111010","1001001001111010.0","Success","0.0011"
"4H3X","16","110010000001","110010000001.0","Success","0.00105"
"1DQO","16","100110100110","100110100110.0","Success","0.00169"
"8VZJ","16","111000000110010","111000000110010.0","Success","0.0003"
"7P6K","16","101000010100000","101000010100000.0","Success","0.00028"
"1VKD","16","1110110101110111","1110110101110111.0","Success","0.00044"
"5QGY","16","1111100111000010","1111100111000010.0","Success","0.00143"
"8DTM","16","11101110","11101110.0","Success","0.00067"
"8Q67","16","111101100101111","111101100101111.0","Success","0.00033"
"2WKM","16","1011101000100111","1011101000100111.0","Success","0.00113"
"3NVN","16","10001011101000","10001011101000.0","Success","0.00067"
"7Y5V","16","1100101101101100","1100101101101100.0","Success","0.00041"
"2DUE","16","1101101111000001","1101101111000001.0","Success","0.00129"
"7X4E","16","101011000010000","101011000010000.0","Success","0.00182"
"4MOY","16","1011110010001111","1011110010001111.0","Success","0.00109"
"8SSK","16","1100010010111","1100010010111.0","Success","0.00056"
"8A4G","16","1011000000010110","1011000000010110.0","Success","0.00105"
"7Y9V","16","1101111000100","1101111000100.0","Success","0.0006"
"1I3K","16","101010010101011","101010010101011.0","Success","0.00072"
"5M5V","16","100100011011001","100100011011001.0","Success","0.00069"
"5SDP","16","111000011111111","111000011111111.0","Success","0.00053"
"5I50","16","101010000010110","101010000010110.0","Success","0.00141"
"4OF1","16","10000100011100","10000100011100.0","Success","0.00126"
"8AC2","16","1010100101011011","1010100101011011.0","Success","0.00035"
"5FZO","16","110000101110011","110000101110011.0","Success","0.00074"
"7O49","16","1110111011110001","1110111011110001.0","Success","0.00024"
"3KYH","16","101000110000001","101000110000001.0","Success","0.00054"
"8QDI","16","1110110001100001","1110110001100001.0","Success","0.00107"
"3NY4","16","100100001001000","100100001001000.0","Success","0.00117"
"4ROU","16","110000111000101","110000111000101.0","Success","0.00086"
"3B4W","16","1010111001000000","1010111001000000.0","Success","0.00088"
"6HUI","16","1110000000010","1110000000010.0","Success","0.00065"
"4MZ5","16","110001000001001","110001000001001.0","Success","0.00093"
"215L","16","11010000100001","11010000100001.0","Success","0.00152"
"4EMK","16","1111010111100011","1111010111100011.0","Success","0.00136"
"8JML","16","1011111111111111","1011111111111111.0","Success","0.00085"
"2FR5","16","11101100100101","11101100100101.0","Success","0.00084"
"1M9T","16","1010011111101101","1010011111101101.0","Success","0.00066"
"9DHS","16","110101111000100","110101111000100.0","Success","0.0004"
"4OJJ","16","101101100101111","101101100101111.0","Success","0.00064"
"4X1O","16","1101001101100010","1101001101100010.0","Success","0.00133"
"5AIK","16","11100110101101","11100110101101.0","Success","0.00052"
"5GYD","16","1100000010001011","1100000010001011.0","Success","0.00065"
"7DKH","16","1010001110011011","1010001110011011.0","Success","0.00034"
"8EMW","16","101110101000101","101110101000101.0","Success","0.00049"
"7WI8","16","1110000100111010","1110000100111010.0","Success","0.00051"
"6PTM","16","101110001101010","101110001101010.0","Success","0.00073"
"5ZBK","16","1010001110110110","1010001110110110.0","Success","0.00145"
"2YVQ","16","100101100001111","100101100001111.0","Success","0.00166"
"5GIR","16","1001011010","1001011010.0","Success","0.00064"
"7BQY","16","1010001010100100","1010001010100100.0","Success","0.00112"
"3RID","16","1010000110001","1010000110001.0","Success","0.00087"
"9QYY","16","1001100101101100","1001100101101100.0","Success","0.00068"
"3NQO","16","101000111101101","101000111101101.0","Success","0.00098"
"3SL9","16","101001000111010","101001000111010.0","Success","0.0007"
"6ONU","16","100000011010000","100000011010000.0","Success","0.00083"
"3VRV","16","111001011001001","111001011001001.0","Success","0.00121"
"2KTB","16","1100111101010110","1100111101010110.0","Success","0.00036"
"5FKA","16","1100110101000110","1100110101000110.0","Success","0.00075"
"8SPG","16","1110101000101010","1110101000101010.0","Success","0.00066"
"8DMH","16","1101100101000101","1101100101000101.0","Success","0.00048"
"4XUI","16","101001011001100","101001011001100.0","Success","0.00077"
"2G5N","16","1110110100101001","1110110100101001.0","Success","0.00128"
"5S5H","16","1110010111110101","1110010111110101.0","Success","0.00042"
"4RQB","16","10101110001","10101110001.0","Success","0.00101"
"3AS2","16","1010100011","1010100011.0","Success","0.0008"
"7B3M","16","111010010101001","111010010101001.0","Success","0.0008"
"7NU6","16","111110001111111","111110001111111.0","Success","0.00068"
"2VL6","16","1000111100010","1000111100010.0","Success","0.0007"
"3VIF","16","111011001110001","111011001110001.0","Success","0.0009"
"6J0T","16","1010111010110010","1010111010110010.0","Success","0.0006"
"2RF4","16","110101110001010","110101110001010.0","Success","0.00075"
"3BCS","16","110101100000101","110101100000101.0","Success","0.00067"
"4ZW7","16","1001100011000000","1001100011000000.0","Success","0.00064"
"6A0P","16","1100111000011","1100111000011.0","Success","0.00096"
"1SKM","16","111001100011001","111001100011001.0","Success","0.00109"
"8OFS","16","1001010001011011","1001010001011011.0","Success","0.00077"
"6W1D","16","1110010101111001","1110010101111001.0","Success","0.00073"
"7KM1","16","1111011001000001","1111011001000001.0","Success","0.00045"
"3WFI","16","1100001111001001","1100001111001001.0","Success","0.00078"
"2Q07","16","111011000100001","111011000100001.0","Success","0.00121"
"3TI7","16","1100011101010","1100011101010.0","Success","0.00107"
"8XQD","16","110100101001001","110100101001001.0","Success","0.0008"
"3LNF","16","1110011111100011","1110011111100011.0","Success","0.00095"
"8QUO","16","1101111010011101","1101111010011101.0","Success","0.00055"
"8HN8","16","1010100010011111","1010100010011111.0","Success","0.00057"
"5LEE","16","11110010111000","11110010111000.0","Success","0.00087"
"2W8G","16","11111010101101","11111010101101.0","Success","0.0006"
"3AHU","16","110101110111000","110101110111000.0","Success","0.0014"
"6LJ5","16","11000000010100","11000000010100.0","Success","0.00124"
"3U48","16","101101010110","101101010110.0","Success","0.00051"
"2HU6","16","1110011000111010","1110011000111010.0","Success","0.00152"
"1ZDF","16","101111000110010","101111000110010.0","Success","0.00119"
"3RRD","16","1100010011011","1100010011011.0","Success","0.0013"
"2GVW","16","11011000101111","11011000101111.0","Success","0.00109"
"2KB6","16","101001011010111","101001011010111.0","Success","0.0006"
"3UOL","16","1100111011000011","1100111011000011.0","Success","0.00085"
"8RI1","16","101011011000001","101011011000001.0","Success","0.00058"
"4BLO","16","100110001000101","100110001000101.0","Success","0.00034"
"2XSO","16","101111010100001","101111010100001.0","Success","0.00023"
"4OM2","16","110101011010101","110101011010101.0","Success","0.00091"
"8IVH","16","1111101001101101","1111101001101101.0","Success","0.00073"
"6SQU","16","1010111110011101","1010111110011101.0","Success","0.00083"
"8JUK","16","1001101101000010","1001101101000010.0","Success","0.00091"
"5T7Z","16","1011101001111111","1011101001111111.0","Success","0.00084"
"3R0O","16","1100001001110111","1100001001110111.0","Success","0.00071"
"4IC6","16","111110010011010","111110010011010.0","Success","0.00061"
"3FW6","16","1001001100111101","1001001100111101.0","Success","0.00084"
"4OUG","16","1001010001011001","1001010001011001.0","Success","0.00073"
"8SAD","16","110010110100","110010110100.0","Success","0.00068"
"6G0Q","16","110011110","110011110.0","Success","0.00164"
"6IMB","16","100101111000","100101111000.0","Success","0.00075"
"2NY7","16","111000011011100","111000011011100.0","Success","0.00073"
"2KTM","16","110110111110110","110110111110110.0","Success","0.00066"
"5N09","16","1001111100110010","1001111100110010.0","Success","0.00047"
"6J0G","16","1110111101111101","1110111101111101.0","Success","0.0007"
"6EXZ","16","1010011011011111","1010011011011111.0","Success","0.00228"
"5A43","16","1110010100","1110010100.0","Success","0.00091"
"8QGZ","16","110010011101110","110010011101110.0","Success","0.00085"
"4U66","16","1000011010010","1000011010010.0","Success","0.00078"
"1SZS","16","1000111010001001","1000111010001001.0","Success","0.00046"
"4TXD","16","1000000001001001","1000000001001001.0","Success","0.00106"
"3P1U","16","10010011101110","10010011101110.0","Success","0.00062"
"1IDT","16","1110001010011011","1110001010011011.0","Success","0.00094"
"8T3P","16","1101001011010001","1101001011010001.0","Success","0.00063"
"3TYD","16","1111100101001010","1111100101001010.0","Success","0.00086"
"7FOQ","16","100100100110001","100100100110001.0","Success","0.00082"
"7SEE","16","1010110011101110","1010110011101110.0","Success","0.0003"
"7F7C","16","1111000100011001","1111000100011001.0","Success","0.00124"
"5DTL","16","11110111000010","11110111000010.0","Success","0.00038"
"5HUG","16","1101100110110011","1101100110110011.0","Success","0.00099"
"5QLM","16","10110011110110","10110011110110.0","Success","0.00098"
"6IH0","16","1001110100011011","1001110100011011.0","Success","0.00116"
"2DQ6","16","101100101100011","101100101100011.0","Success","0.00066"
"6YOA","16","111001011000101","111001011000101.0","Success","0.00116"
"4X2N","16","110000011000000","110000011000000.0","Success","0.00112"
"5MUQ","16","101011100010100","101011100010100.0","Success","0.00064"
"7TQ4","16","100001101100100","100001101100100.0","Success","0.00108"
"2EF9","16","101101011011000","101101011011000.0","Success","0.00084"
"1UJK","16","1001010011010010","1001010011010010.0","Success","0.00111"
"1T1V","16","10010010111101","10010010111101.0","Success","0.00146"
"7DCY","16","100001101001001","100001101001001.0","Success","0.00076"
"4GXS","16","11110100110","11110100110.0","Success","0.00085"
"4Z3D","16","1000001001011011","1000001001011011.0","Success","0.0006"
"7AV7","16","1001001100100001","1001001100100001.0","Success","0.0004"
"7E1D","16","1011001010000000","1011001010000000.0","Success","0.00145"
"5KEV","16","101100111101001","101100111101001.0","Success","0.0013"
"1SKR","16","1010111000011","1010111000011.0","Success","0.00071"
"8W71","16","111100101001011","111100101001011.0","Success","0.00062"
"8IPK","16","1100000001101011","1100000001101011.0","Success","0.00111"
"2YKQ","16","1110111001100010","1110111001100010.0","Success","0.0008"
"3T7R","16","1100111110101","1100111110101.0","Success","0.00088"
"1MPW","16","101110101100111","101110101100111.0","Success","0.00068"
"5V5J","16","11010110001100","11010110001100.0","Success","0.00112"
"7BTO","16","100001001010011","100001001010011.0","Success","0.00038"
"4KFQ","16","101010001001011","101010001001011.0","Success","0.0008"
"7KO0","16","111110001000100","111110001000100.0","Success","0.00184"
"5LSW","16","1000001010111010","1000001010111010.0","Success","0.00079"
"7URA","16","1100100101101110","1100100101101110.0","Success","0.00075"
"2OV7","16","1010000111110011","1010000111110011.0","Success","0.001"
"6DOE","16","110011011010011","110011011010011.0","Success","0.00166"
"6VC5","16","1111101010100100","1111101010100100.0","Success","0.0011"
"3KEF","16","1001000100000010","1001000100000010.0","Success","0.00078"
"8FZ5","16","1011111010010101","1011111010010101.0","Success","0.00024"
"3SL1","16","1011111111010000","1011111111010000.0","Success","0.00109"
"5LU7","16","111111001111011","111111001111011.0","Success","0.00068"
"5VMC","16","1110111010010","1110111010010.0","Success","0.0005"
"5KS2","16","1000101000101100","1000101000101100.0","Success","0.0013"
"6DID","16","101101011100","101101011100.0","Success","0.00035"
"4TUY","16","11001010000101","11001010000101.0","Success","0.0004"
"6PXF","16","1001110010000110","1001110010000110.0","Success","0.00131"
"2RF1","16","101011010011010","101011010011010.0","Success","0.00079"
"8A4U","16","11001010000010","11001010000010.0","Success","0.00067"
"7W0B","16","1110101111011001","1110101111011001.0","Success","0.00049"
"1CDW","16","1111001011001010","1111001011001010.0","Success","0.00144"
"2XTQ","16","1100001110111110","1100001110111110.0","Success","0.00043"
"5QST","16","100010101001110","100010101001110.0","Success","0.00054"
"4WXH","16","110111110111000","110111110111000.0","Success","0.00074"
"6RS0","16","1010000111100101","1010000111100101.0","Success","0.00062"
"5I4R","16","101110111011010","101110111011010.0","Success","0.00057"
"7VQX","16","10101000110","10101000110.0","Success","0.00057"
"2APJ","16","101111001010110","101111001010110.0","Success","0.00061"
"8VEH","16","1110101000101000","1110101000101000.0","Success","0.0007"
"6SD4","16","10100100101010","10100100101010.0","Success","0.00027"
"6APR","16","11000111101111","11000111101111.0","Success","0.00104"
"4FOC","16","110111010011","110111010011.0","Success","0.0011"
"8AAM","16","1111101010100011","1111101010100011.0","Success","0.0011"
"4JLU","16","101101100011111","101101100011111.0","Success","0.00129"
"3QL2","16","110001111100100","110001111100100.0","Success","0.0012"
"6NUC","16","1101111101100010","1101111101100010.0","Success","0.00082"
"1KSO","16","1010111010000000","1010111010000000.0","Success","0.00145"
"5XSS","16","1100100100111010","1100100100111010.0","Success","0.00059"
"3HKL","16","1001000111000001","1001000111000001.0","Success","0.00114"
"2CA1","16","1111010101101","1111010101101.0","Success","0.00134"
"1PJT","16","1010010110011001","1010010110011001.0","Success","0.00064"
"3DZF","16","11000100001000","11000100001000.0","Success","0.00049"
"7XX1","16","1100100011101","1100100011101.0","Success","0.00087"
"1BNV","16","1110111110000110","1110111110000110.0","Success","0.00122"
"4PN9","16","1001011101111011","1001011101111011.0","Success","0.00145"
"8JSF","16","111000100010111","111000100010111.0","Success","0.00087"
"8I83","16","1011101110001100","1011101110001100.0","Success","0.0004"
"7XNE","16","1010001100100000","1010001100100000.0","Success","0.00126"
"3MK6","16","1010011111100110","1010011111100110.0","Success","0.00051"
"7XNV","16","100110001111","100110001111.0","Success","0.00042"
"5WWD","16","1100111111010100","1100111111010100.0","Success","0.00117"
"7G6C","16","111111001111011","111111001111011.0","Success","0.0007"
"8IHV","16","11010010100","11010010100.0","Success","0.00134"
"6J4Q","16","1000011010100010","1000011010100010.0","Success","0.00059"
"2LGI","16","1100011001011110","1100011001011110.0","Success","0.00083"
"4X1W","16","10010001010010","10010001010010.0","Success","0.00053"
"1BG3","16","1110010110100","1110010110100.0","Success","0.00046"
"3L1S","16","1100011001100000","1100011001100000.0","Success","0.00076"
"2EDJ","16","1000111100011110","1000111100011110.0","Success","0.00044"
"3L70","16","10110000010100","10110000010100.0","Success","0.00031"
"4X0Y","16","1010100111111","1010100111111.0","Success","0.00053"
"5ZVV","16","1010101111000100","1010101111000100.0","Success","0.0007"
"2J1X","16","1110100110000111","1110100110000111.0","Success","0.00095"
"6RWI","16","1001110101000011","1001110101000011.0","Success","0.00121"
"3V5T","16","1011001101111111","1011001101111111.0","Success","0.00091"
"8WZQ","16","1111111101010100","1111111101010100.0","Success","0.0008"
"5HGK","16","110111000000110","110111000000110.0","Success","0.00111"
"4CP0","16","110111000110100","110111000110100.0","Success","0.00131"
"7DNB","16","1010111001110111","1010111001110111.0","Success","0.00075"
"8WE3","16","100110110101000","100110110101000.0","Success","0.00163"
"3UY4","16","1101010100100011","1101010100100011.0","Success","0.00115"
"3TM6","16","100011100001110","100011100001110.0","Success","0.0007"
"4Y8C","16","110000011000001","110000011000001.0","Success","0.00075"
"4ZAO","16","101001011010110","101001011010110.0","Success","0.00118"
"2WWB","16","10101111101101","10101111101101.0","Success","0.0005"
"8CJC","16","1000011101001111","1000011101001111.0","Success","0.00052"
"4UA1","16","1011010100100010","1011010100100010.0","Success","0.0012"
"8H14","16","1001111110011101","1001111110011101.0","Success","0.00034"
"4RRO","16","110011011100001","110011011100001.0","Success","0.00098"
"3ED8","16","1011010111011110","1011010111011110.0","Success","0.00058"
"8T5E","16","1100100011101011","1100100011101011.0","Success","0.00157"
"8OIJ","16","1010101100011000","1010101100011000.0","Success","0.00102"
"3OB0","16","10011110000111","10011110000111.0","Success","0.00066"
"3FIT","16","1010010101100101","1010010101100101.0","Success","0.00175"
"5X2Y","16","101111101101110","101111101101110.0","Success","0.00049"
"1XGP","16","1001000100100100","1001000100100100.0","Success","0.00083"
"8KAI","16","110000101011101","110000101011101.0","Success","0.00038"
"4P4P","16","1000000000000100","1000000000000100.0","Success","0.00117"
"2LHE","16","110010001000100","110010001000100.0","Success","0.00058"
"6MH6","16","1100100010100000","1100100010100000.0","Success","0.00117"
"5A6W","16","1000000011010000","1000000011010000.0","Success","0.00129"
"5HVD","16","11001110101101","11001110101101.0","Success","0.00118"
"4K25","16","1111100000011111","1111100000011111.0","Success","0.00102"
"6BJ5","16","101101000010110","101101000010110.0","Success","0.00061"
"6B20","16","1001111011001001","1001111011001001.0","Success","0.00059"
"3BAF","16","10000011100110","10000011100110.0","Success","0.00149"
"4WV1","16","1011101110101111","1011101110101111.0","Success","0.0006"
"1BMK","16","1101001000101100","1101001000101100.0","Success","0.00104"
"8TKQ","16","10011011111001","10011011111001.0","Success","0.00043"
"6IOC","16","101011101110011","101011101110011.0","Success","0.00132"
"2N1G","16","110110101000000","110110101000000.0","Success","0.00042"
"5PDQ","16","1001010101110011","1001010101110011.0","Success","0.00178"
"3BFJ","16","10001111011000","10001111011000.0","Success","0.00022"
"7JQ7","16","101100011110001","101100011110001.0","Success","0.00046"
"2BFN","16","10010011111","10010011111.0","Success","0.00113"
"6IWF","16","1100010100110010","1100010100110010.0","Success","0.00079"
"1A2B","16","111010000001101","111010000001101.0","Success","0.00142"
"5DDQ","16","111010011110","111010011110.0","Success","0.00143"
"1LTV","16","1111001110100011","1111001110100011.0","Success","0.00116"
"2VEY","16","1100100101111","1100100101111.0","Success","0.00114"
"8T68","16","1011000010100101","1011000010100101.0","Success","0.00125"
"7A8C","16","1010110001011000","1010110001011000.0","Success","0.00128"
"6EVJ","16","10110101000000","10110101000000.0","Success","0.00029"
"3TEA","16","11000010111110","11000010111110.0","Success","0.00118"
"5E4Q","16","1011011010101000","1011011010101000.0","Success","0.00116"
"1YPE","16","100111100111011","100111100111011.0","Success","0.00113"
"5HKF","16","100011100101110","100011100101110.0","Success","0.00107"
"2M3D","16","100110000111000","100110000111000.0","Success","0.00045"
"1CA7","16","11101010010110","11101010010110.0","Success","0.00104"
"2B9D","16","101010111101010","101010111101010.0","Success","0.00184"
"6TVV","16","1011110000100101","1011110000100101.0","Success","0.00064"
"1JJ2","16","100011101100011","100011101100011.0","Success","0.00032"
"7YZ2","16","111000100101","111000100101.0","Success","0.00062"
"2P1B","16","1101001011000110","1101001011000110.0","Success","0.0006"
"6POI","16","101101111110110","101101111110110.0","Success","0.00099"
"7R9N","16","11010010011101","11010010011101.0","Success","0.00079"
"3O1Q","16","111011000000110","111011000000110.0","Success","0.00077"
"1G2E","16","100001001011110","100001001011110.0","Success","0.00148"
"8QG5","16","1101101110101","1101101110101.0","Success","0.00119"
"8AIM","16","1011110000100110","1011110000100110.0","Success","0.0008"
"3NMS","16","11100000011000","11100000011000.0","Success","0.00056"
"7VH9","16","111110000101","111110000101.0","Success","0.00041"
"4ZWL","16","1001011001100110","1001011001100110.0","Success","0.0003"
"8ZME","16","1010001100011000","1010001100011000.0","Success","0.00058"
"3QYX","16","1010100001010001","1010100001010001.0","Success","0.00084"
"8Q88","16","1101010111011101","1101010111011101.0","Success","0.0009"
"5S85","16","110100001010000","110100001010000.0","Success","0.0008"
"1EB9","16","1100100011001111","1100100011001111.0","Success","0.00086"
"8P3M","16","1110011001011001","1110011001011001.0","Success","0.00023"
"5WXG","16","1100011011010111","1100011011010111.0","Success","0.00232"
"2RGM","16","1110000101110011","1110000101110011.0","Success","0.00062"
"5I11","16","1111011100001010","1111011100001010.0","Success","0.0026"
"3G3T","16","1111101010000111","1111101010000111.0","Success","0.00113"
"2BXL","16","100001100011000","100001100011000.0","Success","0.00081"
"8P79","16","1101000100010010","1101000100010010.0","Success","0.00075"
"4RM3","16","1100010000110000","1100010000110000.0","Success","0.00059"
"4U95","16","11101100100","11101100100.0","Success","0.00033"
"8ZT2","16","101010011100110","101010011100110.0","Success","0.00062"
"6S3V","16","1110001010010100","1110001010010100.0","Success","0.00097"
"8YH0","16","100001000110001","100001000110001.0","Success","0.00058"
"3FTY","16","1100111110111","1100111110111.0","Success","0.00078"
"4TTQ","16","101101010101","101101010101.0","Success","0.00135"
"4BGZ","16","111101100001110","111101100001110.0","Success","0.00052"
"2CT2","16","100100101001010","100100101001010.0","Success","0.00046"
"6DRE","16","100110110001111","100110110001111.0","Success","0.00084"
"8RJF","16","100001110100101","100001110100101.0","Success","0.00038"
"7KSC","16","111000100010101","111000100010101.0","Success","0.00101"
"6MZO","16","1111111100001100","1111111100001100.0","Success","0.00104"
"5DAA","16","1110111001101010","1110111001101010.0","Success","0.00083"
"6CRV","16","1100100111100101","1100100111100101.0","Success","0.00037"
"6F3R","16","11011111011010","11011111011010.0","Success","0.00068"
"1UL1","16","101011001110011","101011001110011.0","Success","0.00046"
"6NHW","16","11111111101100","11111111101100.0","Success","0.00033"
"5WC9","16","10100000000","10100000000.0","Success","0.00084"
"4PZL","16","110001100111001","110001100111001.0","Success","0.00065"
"1VQB","16","1000101010011001","1000101010011001.0","Success","0.00216"
"6MV0","16","1111101111010","1111101111010.0","Success","0.00156"
"4BXF","16","1100101110000","1100101110000.0","Success","0.00065"
"4LZZ","16","1011111100001011","1011111100001011.0","Success","0.00025"
"6GEP","16","11000000110000","11000000110000.0","Success","0.00088"
"8JCH","16","10001010110010","10001010110010.0","Success","0.00027"
"1LRM","16","111011111010110","111011111010110.0","Success","0.0011"
"3ZKB","16","1100000111001000","1100000111001000.0","Success","0.00024"
"5Z00","16","10111010010001","10111010010001.0","Success","0.00093"
"1JNW","16","1111010010010000","1111010010010000.0","Success","0.00133"
"3T59","16","10111001110110","10111001110110.0","Success","0.00043"
"2CV2","16","100011001010110","100011001010110.0","Success","0.00064"
"2I37","16","11001111010010","11001111010010.0","Success","0.00062"
"1VFW","16","1110101001101101","1110101001101101.0","Success","0.00108"
"6DQQ","16","1101010001101010","1101010001101010.0","Success","0.00084"
"7XET","16","100000011010010","100000011010010.0","Success","0.00094"
"1IHP","16","11000010101101","11000010101101.0","Success","0.00092"
"9LJ2","16","1010000000111","1010000000111.0","Success","0.00045"
"6SPI","16","1101111010110011","1101111010110011.0","Success","0.00046"
"7YRB","16","1000110001","1000110001.0","Success","0.00215"
"7T5X","16","1001011101011010","1001011101011010.0","Success","0.0005"
"5LNG","16","110101011100010","110101011100010.0","Success","0.0008"
"7N7R","16","101010011001110","101010011001110.0","Success","0.00074"
"5I2D","16","1001000100110010","1001000100110010.0","Success","0.00022"
"1Q8F","16","1011011011100110","1011011011100110.0","Success","0.00055"
"6GGR","16","1000000011010000","1000000011010000.0","Success","0.001"
"5GVJ","16","1001110100100010","1001110100100010.0","Success","0.00081"
"2LEO","16","1111000110011000","1111000110011000.0","Success","0.00053"
"3QAY","16","1011000001011011","1011000001011011.0","Success","0.00071"
"3AGY","16","100101000110111","100101000110111.0","Success","0.00104"
"9HZE","16","100011001011000","100011001011000.0","Success","0.00041"
"7NC6","16","1001110101111101","1001110101111101.0","Success","0.00052"
"5Q97","16","10100010111001","10100010111001.0","Success","0.00103"
"7ZRQ","16","1111110001101001","1111110001101001.0","Success","0.0015"
"5YDD","16","1100011100011111","1100011100011111.0","Success","0.00119"
"8VKO","16","1100010000110001","1100010000110001.0","Success","0.00027"
"6CNB","16","1011110110000111","1011110110000111.0","Success","0.00025"
"5AH3","16","100100010101101","100100010101101.0","Success","0.00092"
"8EAX","16","1101000100010001","1101000100010001.0","Success","0.0004"
"1P1T","16","101110001001011","101110001001011.0","Success","0.00043"
"8U7C","16","1001011000010010","1001011000010010.0","Success","0.0012"
"9D81","16","1011101000000001","1011101000000001.0","Success","0.00077"
"8AQA","16","1011110100101","1011110100101.0","Success","0.00136"
"5QPS","16","10110011101011","10110011101011.0","Success","0.00099"
"4RHH","16","1100100101000010","1100100101000010.0","Success","0.00037"
"3OIX","16","11101001111010","11101001111010.0","Success","0.00056"
"2BPR","16","1101101001111000","1101101001111000.0","Success","0.00029"
"6MX3","16","1100111010001101","1100111010001101.0","Success","0.00105"
"6GEJ","16","110100011110111","110100011110111.0","Success","0.00028"
"7UJN","16","11000111001011","11000111001011.0","Success","0.00044"
"8XMJ","16","1101111110111100","1101111110111100.0","Success","0.00074"
"2HQV","16","11011111110","11011111110.0","Success","0.0015"
"7RC9","16","1011011001010","1011011001010.0","Success","0.0005"
"5VMG","16","101001111111101","101001111111101.0","Success","0.00049"
"3JX1","16","1100111011100101","1100111011100101.0","Success","0.00067"
"3PQ5","16","1110011000101001","1110011000101001.0","Success","0.00036"
"8ARR","16","111011101010101","111011101010101.0","Success","0.0013"
"2EQS","16","1011001010010100","1011001010010100.0","Success","0.00042"
"2CFV","16","1100110011100101","1100110011100101.0","Success","0.00118"
"1XPU","16","1110011001001010","1110011001001010.0","Success","0.00039"
"3FXZ","16","101000111000110","101000111000110.0","Success","0.00111"
"7VL0","16","101000110110101","101000110110101.0","Success","0.0005"
"1F1C","16","1000001111000011","1000001111000011.0","Success","0.00123"
"6GIP","16","100010110001110","100010110001110.0","Success","0.00112"
"1K47","16","1000001011101101","1000001011101101.0","Success","0.00044"
"7L5S","16","1001111000010110","1001111000010110.0","Success","0.0007"
"4NFT","16","100101010111000","100101010111000.0","Success","0.00071"
"2GJP","16","1111011010111100","1111011010111100.0","Success","0.00087"
"1STS","16","1100111000110001","1100111000110001.0","Success","0.00121"
"6IF1","16","1111101110010010","1111101110010010.0","Success","0.00082"
"8K7O","16","1000111011100011","1000111011100011.0","Success","0.00128"
"8QDY","16","110111010011110","110111010011110.0","Success","0.00099"
"4LD3","16","110001101010111","110001101010111.0","Success","0.00143"
"5ZM0","16","1001101000101","1001101000101.0","Success","0.00085"
"7A4Y","16","1011001010101010","1011001010101010.0","Success","0.00098"
"6EED","16","101110000010111","101110000010111.0","Success","0.00062"
"3ZUF","16","100101010110","100101010110.0","Success","0.00053"
"5FQ0","16","1111000001011000","1111000001011000.0","Success","0.00091"
"1J22","16","10101000100110","10101000100110.0","Success","0.00171"
"4NY3","16","111111111000011","111111111000011.0","Success","0.00078"
"3B49","16","1101010011000110","1101010011000110.0","Success","0.00133"
"5J46","16","1010000111101010","1010000111101010.0","Success","0.00152"
"1L5V","16","1000010100110001","1000010100110001.0","Success","0.00049"
"1KSV","16","1010010011110011","1010010011110011.0","Success","0.00124"
"6SNI","16","1000111010001011","1000111010001011.0","Success","0.00065"
"7ZIC","16","1110011100101100","1110011100101100.0","Success","0.00054"
"6C8F","16","1001101101110110","1001101101110110.0","Success","0.00077"
"2C5B","16","1000011100000000","1000011100000000.0","Success","0.00067"
"5XKA","16","1001001111101011","1001001111101011.0","Success","0.00088"
"7C9I","16","110000100111000","110000100111000.0","Success","0.00054"
"1S98","16","1011011110100111","1011011110100111.0","Success","0.00143"
"7GSX","16","1000010111100000","1000010111100000.0","Success","0.00115"
"4TRR","16","1110010001101000","1110010001101000.0","Success","0.00043"
"8QNG","16","1010101010000101","1010101010000101.0","Success","0.00099"
"4JS8","16","1111100000000000","1111100000000000.0","Success","0.0012"
"4V2G","16","10110001111110","10110001111110.0","Success","0.00097"
"7OKW","16","1010000000100110","1010000000100110.0","Success","0.00134"
"3K2X","16","1000101100110011","1000101100110011.0","Success","0.00091"
"1HKH","16","100001001110111","100001001110111.0","Success","0.00086"
"6QVF","16","1000111010001000","1000111010001000.0","Success","0.00074"
"8CLG","16","1010011111111","1010011111111.0","Success","0.0004"
"8ZTK","16","11100001000","11100001000.0","Success","0.0007"
"9DYN","16","1011000010011","1011000010011.0","Success","0.00046"
"3O0D","16","1100100110011100","1100100110011100.0","Success","0.00041"
"6D0S","16","111100110110","111100110110.0","Success","0.00113"
"6U39","16","1001011111111011","1001011111111011.0","Success","0.0005"
"6N2J","16","1010100001011110","1010100001011110.0","Success","0.00152"
"6HPR","16","1000111001000111","1000111001000111.0","Success","0.00102"
"8WYC","16","110001100011010","110001100011010.0","Success","0.00038"
"6LA5","16","1100000011010001","1100000011010001.0","Success","0.00064"
"3UD8","16","1100101110011000","1100101110011000.0","Success","0.00099"
"2YXL","16","10001011011000","10001011011000.0","Success","0.00093"
"1SS4","16","100100001001110","100100001001110.0","Success","0.00117"
"6NOS","16","111100100001101","111100100001101.0","Success","0.00123"
"1Y2K","16","1011110000001100","1011110000001100.0","Success","0.00078"
"7PBQ","16","1101111100010010","1101111100010010.0","Success","0.00044"
"8DX0","16","110001010001011","110001010001011.0","Success","0.00112"
"2Z9L","16","110001111110101","110001111110101.0","Success","0.00077"
"5PF0","16","110111100100010","110111100100010.0","Success","0.00181"
"5HWF","16","111000011110011","111000011110011.0","Success","0.0015"
"9F7X","16","1011101001111001","1011101001111001.0","Success","0.00118"
"7R7Y","16","1110000000101110","1110000000101110.0","Success","0.00097"
"8VH0","16","1100000101010001","1100000101010001.0","Success","0.00055"
"5AIS","16","1100011001001001","1100011001001001.0","Success","0.00072"
"3NLP","16","10101100000001","10101100000001.0","Success","0.00066"
"7V46","16","100110011001110","100110011001110.0","Success","0.00094"
"1B0O","16","110101000011101","110101000011101.0","Success","0.00155"
"4ZZU","16","1010110101111001","1010110101111001.0","Success","0.0009"
"6N12","16","11011000010111","11011000010111.0","Success","0.00088"
"2F2V","16","1111101001110000","1111101001110000.0","Success","0.00245"
"7WD9","16","11010101010100","11010101010100.0","Success","0.00028"
"4EJQ","16","1110101100000101","1110101100000101.0","Success","0.00056"
"7GEV","16","1011110010111011","1011110010111011.0","Success","0.00109"
"5Z79","16","11100101010010","11100101010010.0","Success","0.00032"
"7MIM","16","0","0.0","Success","0.00038"
"6R5C","16","1111101001100100","1111101001100100.0","Success","0.00095"
"6I41","16","10100001010101","10100001010101.0","Success","0.00159"
"5CDY","16","1001101011010100","1001101011010100.0","Success","0.00068"
"7WU1","16","1100111100100010","1100111100100010.0","Success","0.00034"
"3ZDZ","16","1111110111101011","1111110111101011.0","Success","0.00037"
"5MH0","16","111000010010101","111000010010101.0","Success","0.00163"
"6TM2","16","101001111101100","101001111101100.0","Success","0.00039"
"3KKB","16","1000010111000100","1000010111000100.0","Success","0.00124"
"8JYB","16","1100101011001000","1100101011001000.0","Success","0.00097"
"5XBN","16","11011011100101","11011011100101.0","Success","0.00176"
"9BGS","16","110001100011","110001100011.0","Success","0.00063"
"8OJS","16","11111111110100","11111111110100.0","Success","0.00064"
"1EXD","16","10010010000001","10010010000001.0","Success","0.00083"
"5FY0","16","1110100110111011","1110100110111011.0","Success","0.00065"
"5US1","16","111011000101111","111011000101111.0","Success","0.00042"
"5Y7Y","16","1000000001001111","1000000001001111.0","Success","0.0009"
"8OFJ","16","11111100001011","11111100001011.0","Success","0.00113"
"3R2T","16","11011010100010","11011010100010.0","Success","0.00096"
"5NCB","16","1100110010111000","1100110010111000.0","Success","0.00095"
"8Q9E","16","1001111110010","1001111110010.0","Success","0.00094"
"1L66","16","1100001100011101","1100001100011101.0","Success","0.00153"
"4MZA","16","10000011110100","10000011110100.0","Success","0.00066"
"6WE1","16","100001000000000","100001000000000.0","Success","0.00129"
"1Y1Z","16","100101011001011","100101011001011.0","Success","0.00115"
"1DHR","16","1111111110101100","1111111110101100.0","Success","0.00131"
"8VM8","16","1101000010110100","1101000010110100.0","Success","0.00091"
"1OPB","16","1101100111010000","1101100111010000.0","Success","0.00086"
"8ZJA","16","1111101011011111","1111101011011111.0","Success","0.00129"
"3LHP","16","1010001101100","1010001101100.0","Success","0.00072"
"8C0L","16","1111111110011","1111111110011.0","Success","0.00125"
"1RQ8","16","1010110000110100","1010110000110100.0","Success","0.00063"
"7JY7","16","1010001000111001","1010001000111001.0","Success","0.00035"
"7V6N","16","110010011000101","110010011000101.0","Success","0.00028"
"1TYS","16","1111000000010100","1111000000010100.0","Success","0.00118"
"6YN9","16","1110101010101110","1110101010101110.0","Success","0.00099"
"8YGN","16","100000101010100","100000101010100.0","Success","0.00037"
"1EGE","16","10101101000001","10101101000001.0","Success","0.00049"
"9ET1","16","11101101010110","11101101010110.0","Success","0.00057"
"4B8J","16","10100010110110","10100010110110.0","Success","0.00092"
"5P3X","16","1011111111001100","1011111111001100.0","Success","0.00102"
"3A3E","16","100000111001111","100000111001111.0","Success","0.00064"
"1WMU","16","1010101000011001","1010101000011001.0","Success","0.00111"
"5XHN","16","111101000000100","111101000000100.0","Success","0.00138"
"1RGQ","16","1111011000110000","1111011000110000.0","Success","0.001"
"7E0D","16","101001101011011","101001101011011.0","Success","0.00076"
"4Q84","16","10100011111101","10100011111101.0","Success","0.00059"
"3I60","16","1101110110111011","1101110110111011.0","Success","0.00107"
"4MAL","16","1100110101011","1100110101011.0","Success","0.00175"
"2NTM","16","110111000101011","110111000101011.0","Success","0.0007"
"5HTL","16","1000100110010","1000100110010.0","Success","0.00121"
"5W31","16","100111110000010","100111110000010.0","Success","0.00149"
"7YQQ","16","11100010011001","11100010011001.0","Success","0.00065"
"5N4F","16","1100101110001000","1100101110001000.0","Success","0.00073"
"8JQP","16","10011111101000","10011111101000.0","Success","0.0007"
"3II5","16","101010110010111","101010110010111.0","Success","0.00084"
"1CIZ","16","101110110111110","101110110111110.0","Success","0.0015"
"7XGQ","16","1011000001100011","1011000001100011.0","Success","0.00069"
"7M0Q","16","1111100111110110","1111100111110110.0","Success","0.00139"
"3WI0","16","111111111011001","111111111011001.0","Success","0.00148"
"9B83","16","1101111010011001","1101111010011001.0","Success","0.00072"
"7D79","16","1011110111110011","1011110111110011.0","Success","0.00056"
"2O84","16","1000001011101","1000001011101.0","Success","0.00106"
"8H9D","16","110001100011110","110001100011110.0","Success","0.00043"
"7DCX","16","1000111100001","1000111100001.0","Success","0.00029"
"2YC2","16","1101111111000001","1101111111000001.0","Success","0.00081"
"5MRW","16","1011000111111000","1011000111111000.0","Success","0.0003"
"6Y92","16","100010110011101","100010110011101.0","Success","0.00056"
"5VMS","16","1000011000101100","1000011000101100.0","Success","0.00088"
"5L46","16","1011001101111110","1011001101111110.0","Success","0.00048"
"5HR3","16","1101110001000100","1101110001000100.0","Success","0.00131"
"3SSX","16","1011000011110100","1011000011110100.0","Success","0.00134"
"8K97","16","1010110110011101","1010110110011101.0","Success","0.00029"
"3DCY","16","1001000010010000","1001000010010000.0","Success","0.00123"
"4P45","16","110101101001101","110101101001101.0","Success","0.0007"
"8EHI","16","1011010100010101","1011010100010101.0","Success","0.00034"
"4QYX","16","1010001110100","1010001110100.0","Success","0.00129"
"3D31","16","110110110110001","110110110110001.0","Success","0.00055"
"2CJ3","16","1101101001111101","1101101001111101.0","Success","0.00132"
"6MPK","16","101110000010100","101110000010100.0","Success","0.00156"
"5N67","16","1101011000101101","1101011000101101.0","Success","0.00108"
"5MDS","16","11010101010111","11010101010111.0","Success","0.00062"
"2RBU","16","10010110111101","10010110111101.0","Success","0.00109"
"5G4N","16","1101100100011000","1101100100011000.0","Success","0.00094"
"4QZ7","16","1011011001010111","1011011001010111.0","Success","0.00024"
"6ZQ8","16","1010011000001101","1010011000001101.0","Success","0.00059"
"2M6L","16","110100111100010","110100111100010.0","Success","0.00021"
"5XEU","16","1010111001110110","1010111001110110.0","Success","0.0007"
"7EHK","16","101011010000010","101011010000010.0","Success","0.00131"
"5Z2I","16","1011100100101011","1011100100101011.0","Success","0.00098"
"4UDI","16","1101100100001000","1101100100001000.0","Success","0.00043"
"7NOJ","16","1111001011010000","1111001011010000.0","Success","0.00053"
"7T4Z","16","101110111000011","101110111000011.0","Success","0.00091"
"4YCO","16","100011111010111","100011111010111.0","Success","0.00063"
"5MD3","16","110100111001000","110100111001000.0","Success","0.00049"
"2V07","16","10110111011000","10110111011000.0","Success","0.00193"
"1Y1P","16","1010100110011011","1010100110011011.0","Success","0.00075"
"4R6J","16","1111101110001100","1111101110001100.0","Success","0.00061"
"8Y94","16","1011100110111000","1011100110111000.0","Success","0.00057"
"8JSR","16","1000000101011100","1000000101011100.0","Success","0.00054"
"5A69","16","11001011101000","11001011101000.0","Success","0.0008"
"7YD6","16","1000110001011001","1000110001011001.0","Success","0.00063"
"3L25","16","1100101101010011","1100101101010011.0","Success","0.00088"
"4FCV","16","10001011011000","10001011011000.0","Success","0.00065"
"1MEU","16","11001111111011","11001111111011.0","Success","0.00142"
"1YNW","16","11111010111101","11111010111101.0","Success","0.00147"
"4GNQ","16","100001001110100","100001001110100.0","Success","0.00077"
"6Y8S","16","1011011000001110","1011011000001110.0","Success","0.00104"
"7DE5","16","10001111011101","10001111011101.0","Success","0.00078"
"2H8Q","16","111001011100000","111001011100000.0","Success","0.00066"
"1EM7","16","1001110000111010","1001110000111010.0","Success","0.00262"
"5TF0","16","1001101100100000","1001101100100000.0","Success","0.00051"
"3E41","16","1101100110100000","1101100110100000.0","Success","0.00089"
"7O73","16","111000001000111","111000001000111.0","Success","0.00021"
"4REC","16","1011000011110100","1011000011110100.0","Success","0.00079"
"8D0Y","16","1100001001011001","1100001001011001.0","Success","0.00054"
"7E2S","16","1100010110110","1100010110110.0","Success","0.00125"
"6YTF","16","111100010001011","111100010001011.0","Success","0.00066"
"6NLZ","16","1010001000010","1010001000010.0","Success","0.00064"
"6GWC","16","101110010101111","101110010101111.0","Success","0.0006"
"7WDD","16","1000010010100010","1000010010100010.0","Success","0.00065"
"9CEA","16","110111111111011","110111111111011.0","Success","0.00123"
"8R1D","16","1011000001010101","1011000001010101.0","Success","0.00031"
"3DQM","16","101110000001100","101110000001100.0","Success","0.00127"
"6AVV","16","1011000000100000","1011000000100000.0","Success","0.0013"
"6KHF","16","1001111110001","1001111110001.0","Success","0.00106"
"7QR6","16","1000101111100","1000101111100.0","Success","0.00052"
"4HA0","16","111110101000000","111110101000000.0","Success","0.00075"
"5W16","16","1001001010110110","1001001010110110.0","Success","0.0006"
"5W5O","16","1110011100101110","1110011100101110.0","Success","0.00029"
"8I2K","16","101101000010011","101101000010011.0","Success","0.00098"
"2XQW","16","1001001011000101","1001001011000101.0","Success","0.00073"
"8P2P","16","101110001001001","101110001001001.0","Success","0.00063"
"5LUZ","16","1011010111000000","1011010111000000.0","Success","0.00052"
"8PE3","16","1100110111001010","1100110111001010.0","Success","0.0007"
"2JY6","16","1101110110010111","1101110110010111.0","Success","0.00054"
"8J2M","16","111001111111011","111001111111011.0","Success","0.00066"
"6WM8","16","110111100001111","110111100001111.0","Success","0.00059"
"8WZ2","16","1111101111010011","1111101111010011.0","Success","0.00055"
"2G1H","16","1011111110101011","1011111110101011.0","Success","0.00112"
"8XCZ","16","111001110110111","111001110110111.0","Success","0.00095"
"4APL","16","1111101000000001","1111101000000001.0","Success","0.00049"
"4RDI","16","111100101000100","111100101000100.0","Success","0.00063"
"5N8H","16","1011001000011110","1011001000011110.0","Success","0.00102"
"5CCF","16","11010101011001","11010101011001.0","Success","0.00094"
"4HTB","16","111101110110","111101110110.0","Success","0.00098"
"3R3C","16","1100001101010","1100001101010.0","Success","0.00114"
"1HTR","16","1111000000010111","1111000000010111.0","Success","0.001"
"8HE7","16","101111100101001","101111100101001.0","Success","0.00075"
"3LYB","16","110001010111110","110001010111110.0","Success","0.00083"
"1BY5","16","110000101110110","110000101110110.0","Success","0.00074"
"7VO4","16","1011100000110111","1011100000110111.0","Success","0.00088"
"2R9G","16","1000000110110011","1000000110110011.0","Success","0.00035"
"4TSZ","16","1000011000101100","1000011000101100.0","Success","0.00025"
"9ETN","16","1011100100","1011100100.0","Success","0.0008"
"8IJR","16","111011101011000","111011101011000.0","Success","0.00048"
"7ZLH","16","111011101010001","111011101010001.0","Success","0.00056"
"3OSZ","16","1100101101011","1100101101011.0","Success","0.00116"
"6P6B","16","1001011100011111","1001011100011111.0","Success","0.00065"
"3RJO","16","10001010101100","10001010101100.0","Success","0.00097"
"3CCF","16","10110111000110","10110111000110.0","Success","0.00089"
"1NBC","16","1000110101101111","1000110101101111.0","Success","0.00108"
"4RXH","16","1001100001101001","1001100001101001.0","Success","0.00093"
"1JKS","16","110000001010000","110000001010000.0","Success","0.00116"
"1GS3","16","1011001011111001","1011001011111001.0","Success","0.00168"
"1UFI","16","100000011111","100000011111.0","Success","0.0014"
"8DEA","16","1001111010000111","1001111010000111.0","Success","0.00067"
"7C3Q","16","1011001101111010","1011001101111010.0","Success","0.00201"
"2NOA","16","1111000010100111","1111000010100111.0","Success","0.0009"
"9BXI","16","1010110111110010","1010110111110010.0","Success","0.00089"
"1AS4","16","111111100001000","111111100001000.0","Success","0.00101"
"7AUP","16","1000111001011011","1000111001011011.0","Success","0.00151"
"7BCK","16","11111101101001","11111101101001.0","Success","0.00104"
"4DQZ","16","1000001111111001","1000001111111001.0","Success","0.00103"
"6KOR","16","1000101001001010","1000101001001010.0","Success","0.0015"
"8XBH","16","1100111001100110","1100111001100110.0","Success","0.00058"
"8XLR","16","1010011100011000","1010011100011000.0","Success","0.00049"
"4ES5","16","1101010111111111","1101010111111111.0","Success","0.00076"
"3U2J","16","110111001101101","110111001101101.0","Success","0.00128"
"4HV5","16","111010001100010","111010001100010.0","Success","0.00119"
"8GD0","16","111001011010","111001011010.0","Success","0.00101"
"4EB8","16","1100011010101001","1100011010101001.0","Success","0.00066"
"4IOJ","16","111111101111111","111111101111111.0","Success","0.00058"
"3GMN","16","1111111110110011","1111111110110011.0","Success","0.00104"
"6UGW","16","1001110010110000","1001110010110000.0","Success","0.00134"
"3TLT","16","1100111010100011","1100111010100011.0","Success","0.00049"
"4GVY","16","1000111110010010","1000111110010010.0","Success","0.00103"
"8ECK","16","11001000011100","11001000011100.0","Success","0.00042"
"1X0O","16","11100111100001","11100111100001.0","Success","0.0004"
"1H3G","16","1001100011000101","1001100011000101.0","Success","0.00057"
"3KL5","16","101011001011000","101011001011000.0","Success","0.00049"
"4N8V","16","1001111001001100","1001111001001100.0","Success","0.00058"
"2VA2","16","110111010000010","110111010000010.0","Success","0.00072"
"6CXA","16","11101000000110","11101000000110.0","Success","0.00068"
"6WBE","16","1000001001100000","1000001001100000.0","Success","0.00184"
"3N33","16","1011001001010101","1011001001010101.0","Success","0.0005"
"1GD1","16","101011001111","101011001111.0","Success","0.00053"
"2FXO","16","1010000100110010","1010000100110010.0","Success","0.00084"
"7NJL","16","110011010101100","110011010101100.0","Success","0.00027"
"6WUU","16","110100110110101","110100110110101.0","Success","0.00054"
"7BKC","16","110100101000101","110100101000101.0","Success","0.00022"
"8VE4","16","100010000011000","100010000011000.0","Success","0.00087"
"1PB3","16","10000101100101","10000101100101.0","Success","0.00096"
"8HV4","16","1101011111110010","1101011111110010.0","Success","0.00111"
"3U2F","16","11101001101100","11101001101100.0","Success","0.00098"
"2EUR","16","1010010100101100","1010010100101100.0","Success","0.00112"
"6U3V","16","110111111110011","110111111110011.0","Success","0.00056"
"4GG4","16","110100001100100","110100001100100.0","Success","0.00087"
"7P72","16","111001111011100","111001111011100.0","Success","0.00097"
"6JXG","16","11000011110000","11000011110000.0","Success","0.00073"
"4D2W","16","11111111001010","11111111001010.0","Success","0.00053"
"8FI5","16","1111100111001101","1111100111001101.0","Success","0.00097"
"5I2Q","16","101011010001000","101011010001000.0","Success","0.00186"
"2IW0","16","1110111010001111","1110111010001111.0","Success","0.00131"
"2D8C","16","100100110111101","100100110111101.0","Success","0.00044"
"6ZY9","16","1111110111010001","1111110111010001.0","Success","0.00043"
"1EBD","16","111110000101110","111110000101110.0","Success","0.00063"
"6S1N","16","1001010000000011","1001010000000011.0","Success","0.0004"
"1H2W","16","1111010111110010","1111010111110010.0","Success","0.00074"
"2L34","16","1010111111100","1010111111100.0","Success","0.00062"
"3GEU","16","111111100100","111111100100.0","Success","0.00072"
"1XJM","16","1111001100100111","1111001100100111.0","Success","0.00056"
"1JFQ","16","110101001100111","110101001100111.0","Success","0.00092"
"2REM","16","1111010010100010","1111010010100010.0","Success","0.00083"
"5QJG","16","1101001100101111","1101001100101111.0","Success","0.00069"
"7S9D","16","110111001101100","110111001101100.0","Success","0.00052"
"1LME","16","1001001001100111","1001001001100111.0","Success","0.00111"
"9BWJ","16","1100110011101011","1100110011101011.0","Success","0.00046"
"3H1Q","16","1101101110101011","1101101110101011.0","Success","0.00084"
"1WJ5","16","110111101000110","110111101000110.0","Success","0.00039"
"2WEQ","16","101000001101110","101000001101110.0","Success","0.00132"
"4UXJ","16","1001010010100","1001010010100.0","Success","0.00053"
"6F2I","16","110010101001011","110010101001011.0","Success","0.00168"
"5M5U","16","1000001110110100","1000001110110100.0","Success","0.00071"
"1GMB","16","101011101110100","101011101110100.0","Success","0.00183"
"6TAQ","16","100110001101000","100110001101000.0","Success","0.00077"
"8AU3","16","101111111110000","101111111110000.0","Success","0.0008"
"9KQF","16","1011000100111001","1011000100111001.0","Success","0.00071"
"8XK3","16","11110110101000","11110110101000.0","Success","0.00073"
"8CCZ","16","10100111000001","10100111000001.0","Success","0.00081"
"6GWD","16","1100001100001","1100001100001.0","Success","0.00034"
"5O2W","16","1010000111100001","1010000111100001.0","Success","0.00119"
"3EPA","16","10000010110110","10000010110110.0","Success","0.0011"
"7DEY","16","110000000101000","110000000101000.0","Success","0.00068"
"7TBV","16","1001110110001110","1001110110001110.0","Success","0.00037"
"6S5I","16","1111100111001000","1111100111001000.0","Success","0.0015"
"1GVS","16","11000000000011","11000000000011.0","Success","0.001"
"2C4R","16","1110001010100110","1110001010100110.0","Success","0.00085"
"6AWF","16","100101111","100101111.0","Success","0.00043"
"8JI7","16","1110011100001001","1110011100001001.0","Success","0.00091"
"6J19","16","10111011010101","10111011010101.0","Success","0.00114"
"4GF2","16","111010011110011","111010011110011.0","Success","0.00078"
"3LTO","16","10000000100111","10000000100111.0","Success","0.00078"
"5UEX","16","100101000110010","100101000110010.0","Success","0.00183"
"4PAV","16","1010000111000010","1010000111000010.0","Success","0.0007"
"6CZ9","16","1001001111110110","1001001111110110.0","Success","0.00043"
"8ZYW","16","1010011011110","1010011011110.0","Success","0.00057"
"8ATC","16","1001001100110001","1001001100110001.0","Success","0.00064"
"2CV5","16","10110100011110","10110100011110.0","Success","0.00071"
"1REZ","16","10010011011100","10010011011100.0","Success","0.00166"
"4O2Z","16","1110111010101","1110111010101.0","Success","0.00104"
"8Q4A","16","1101010100110010","1101010100110010.0","Success","0.00022"
"3LKW","16","1001001001001","1001001001001.0","Success","0.00133"
"2QF6","16","1101100110001011","1101100110001011.0","Success","0.00066"
"2DGV","16","1100001001000000","1100001001000000.0","Success","0.00045"
"7AJQ","16","1000010110010100","1000010110010100.0","Success","0.00055"
"6W3H","16","11110010110","11110010110.0","Success","0.00076"
"5WY5","16","1010001010101011","1010001010101011.0","Success","0.00094"
"4L8H","16","1001110110011001","1001110110011001.0","Success","0.00121"
"4Z1L","16","11010011111001","11010011111001.0","Success","0.00024"
"8HNL","16","1011101001011001","1011101001011001.0","Success","0.00057"
"8P3N","16","10110011010111","10110011010111.0","Success","0.00104"
"3KP5","16","100011010110000","100011010110000.0","Success","0.00116"
"1MEY","16","10000011011","10000011011.0","Success","0.00141"
"6ZR2","16","10111110001","10111110001.0","Success","0.00021"
"3BD8","16","1010100110011110","1010100110011110.0","Success","0.00067"
"4WKZ","16","11111001110011","11111001110011.0","Success","0.00092"
"3QEC","16","1010101010100111","1010101010100111.0","Success","0.00159"
"6CQ9","16","11111010110000","11111010110000.0","Success","0.00085"
"1RW0","16","1110111000011010","1110111000011010.0","Success","0.00087"
"6KP2","16","1110000010111100","1110000010111100.0","Success","0.00059"
"6VJX","16","1100010011011001","1100010011011001.0","Success","0.00096"
"7AOP","16","110111011001100","110111011001100.0","Success","0.00153"
"7NXD","16","100101011101000","100101011101000.0","Success","0.00048"
"2F7S","16","110111101110001","110111101110001.0","Success","0.00103"
"7UAV","16","1000010111111010","1000010111111010.0","Success","0.00082"
"6ACH","16","1101001000110110","1101001000110110.0","Success","0.00035"
"4JOC","16","10010000100","10010000100.0","Success","0.00103"
"3GW4","16","1111010011001010","1111010011001010.0","Success","0.00101"
"9F2D","16","10100111101000","10100111101000.0","Success","0.0004"
"6TFW","16","1111101100001100","1111101100001100.0","Success","0.00083"
"6X99","16","1001010000000111","1001010000000111.0","Success","0.00039"
"6XTR","16","1101111010010010","1101111010010010.0","Success","0.00106"
"3KTG","16","101100001011","101100001011.0","Success","0.00054"
"5BSM","16","110100011010011","110100011010011.0","Success","0.00059"
"6MS7","16","1001110000111000","1001110000111000.0","Success","0.00115"
"8DCX","16","1010100010110101","1010100010110101.0","Success","0.00056"
"4UNZ","16","1111110101001100","1111110101001100.0","Success","0.00052"
"6WVV","16","1111100001100110","1111100001100110.0","Success","0.00025"
"2LR1","16","1000111100101101","1000111100101101.0","Success","0.0003"
"1K8K","16","1011010011010100","1011010011010100.0","Success","0.00047"
"1H5R","16","1000100110001001","1000100110001001.0","Success","0.00058"
"9G8U","16","10111001101111","10111001101111.0","Success","0.00083"
"8EKP","16","101110100001110","101110100001110.0","Success","0.00039"
"8HNC","16","11110110000111","11110110000111.0","Success","0.00081"
"6YUD","16","1010101001010110","1010101001010110.0","Success","0.0006"
"4N3B","16","1011101001011001","1011101001011001.0","Success","0.00071"
"7P23","16","10111111111111","10111111111111.0","Success","0.00089"
"6UIA","16","101101000011111","101101000011111.0","Success","0.0003"
"3D03","16","1111110110110011","1111110110110011.0","Success","0.00047"
"4FQN","16","1101100111110110","1101100111110110.0","Success","0.001"
"6U85","16","1111101111111111","1111101111111111.0","Success","0.00091"
"7YNQ","16","10100110010101","10100110010101.0","Success","0.00103"
"7AKD","16","1001000001011110","1001000001011110.0","Success","0.00034"
"1GQS","16","111011111001000","111011111001000.0","Success","0.00083"
"4RI2","16","1110001001000111","1110001001000111.0","Success","0.00106"
"8RD0","16","1001110110101101","1001110110101101.0","Success","0.00112"
"2EBN","16","1111101100000001","1111101100000001.0","Success","0.00115"
"6LHZ","16","101001000010000","101001000010000.0","Success","0.00155"
"8GCY","16","110111001101110","110111001101110.0","Success","0.00099"
"5IN5","16","10010100001100","10010100001100.0","Success","0.00051"
"3GKE","16","110100010100110","110100010100110.0","Success","0.00061"
"7PPT","16","11110101010101","11110101010101.0","Success","0.0011"
"3VY9","16","1011011001010101","1011011001010101.0","Success","0.00104"
"5NAM","16","110011000111111","110011000111111.0","Success","0.00088"
"7P4U","16","1010110111100010","1010110111100010.0","Success","0.00133"
"1NPC","16","1000110001101100","1000110001101100.0","Success","0.00109"
"6O72","16","11010111000000","11010111000000.0","Success","0.00032"
"5V8G","16","1110101001101101","1110101001101101.0","Success","0.00169"
"1TTW","16","100111000100111","100111000100111.0","Success","0.00166"
"3CS3","16","10000000010001","10000000010001.0","Success","0.00118"
"7EO3","16","111110100100000","111110100100000.0","Success","0.00116"
"7CDM","16","10100110100000","10100110100000.0","Success","0.00174"
"4REJ","16","1011010101100011","1011010101100011.0","Success","0.00154"
"5X4X","16","110011001100001","110011001100001.0","Success","0.00117"
"4WE4","16","100111110100011","100111110100011.0","Success","0.00089"
"8C0C","16","100100001000000","100100001000000.0","Success","0.00091"
"7TKA","16","100110011010011","100110011010011.0","Success","0.00027"
"8Y2Z","16","11100001101011","11100001101011.0","Success","0.0008"
"5IVY","16","1100111010001000","1100111010001000.0","Success","0.0011"
"7LC5","16","100100001101001","100100001101001.0","Success","0.00145"
"1UZB","16","1111110111111010","1111110111111010.0","Success","0.00059"
"7DBP","16","1001001010011010","1001001010011010.0","Success","0.00066"
"4GX5","16","11110001101011","11110001101011.0","Success","0.00045"
"4B4S","16","101111110000100","101111110000100.0","Success","0.00147"
"7ZOG","16","1010010001001110","1010010001001110.0","Success","0.00043"
"8BJE","16","101011101001100","101011101001100.0","Success","0.00162"
"5V8W","16","111011100100000","111011100100000.0","Success","0.00072"
"4YZF","16","110110111100110","110110111100110.0","Success","0.00032"
"4H0E","16","1001110010100101","1001110010100101.0","Success","0.00153"
"6FML","16","111010110010010","111010110010010.0","Success","0.00027"
"5FN4","16","1100001111111010","1100001111111010.0","Success","0.00055"
"3KIP","16","1001100111101110","1001100111101110.0","Success","0.00033"
"2RDY","16","10110101000110","10110101000110.0","Success","0.0005"
"4YMT","16","1001001001010101","1001001001010101.0","Success","0.00064"
"4FWD","16","1011011101111100","1011011101111100.0","Success","0.0008"
"4W5S","16","1000111110111110","1000111110111110.0","Success","0.00131"
"1CKJ","16","10001111100000","10001111100000.0","Success","0.00081"
"7ZK9","16","1000101000001000","1000101000001000.0","Success","0.00056"
"3POS","16","1100000100101011","1100000100101011.0","Success","0.0007"
"2O0P","16","111000011001011","111000011001011.0","Success","0.00186"
"1UX8","16","1100001000111","1100001000111.0","Success","0.00181"
"2N9W","16","1011010010100110","1011010010100110.0","Success","0.00046"
"6H6G","16","1111110011110","1111110011110.0","Success","0.00042"
"9BI4","16","11001000111101","11001000111101.0","Success","0.00045"
"1QAJ","16","1111000100100001","1111000100100001.0","Success","0.00086"
"5O4M","16","11001111010000","11001111010000.0","Success","0.00059"
"5LRF","16","111011011110010","111011011110010.0","Success","0.00068"
"5H6R","16","1011111111010","1011111111010.0","Success","0.00069"
"7B7I","16","1110000101110001","1110000101110001.0","Success","0.00184"
"6MX5","16","1011000011010101","1011000011010101.0","Success","0.00143"
"8QEM","16","111111000001110","111111000001110.0","Success","0.00021"
"4RLU","16","1011010101000100","1011010101000100.0","Success","0.00113"
"3LY3","16","111011000100001","111011000100001.0","Success","0.00122"
"7S6B","16","111001000100111","111001000100111.0","Success","0.00036"
"8ENM","16","11010011101011","11010011101011.0","Success","0.00043"
"9JUJ","16","1110011101111000","1110011101111000.0","Success","0.00058"
"3HLF","16","1101011101100010","1101011101100010.0","Success","0.00092"
"2OI5","16","1010101011001010","1010101011001010.0","Success","0.00066"
"4E3G","16","1110000000110110","1110000000110110.0","Success","0.00121"
"8XCM","16","110010000000100","110010000000100.0","Success","0.00061"
"1S53","16","100000111011111","100000111011111.0","Success","0.00089"
"7S0Z","16","1101000010101110","1101000010101110.0","Success","0.00051"
"7RC6","16","1101101111011110","1101101111011110.0","Success","0.00098"
"4DZO","16","1100100110101110","1100100110101110.0","Success","0.00128"
"7O9F","16","1111001101010111","1111001101010111.0","Success","0.00064"
"7F8B","16","11010011010100","11010011010100.0","Success","0.00123"
"3AR4","16","1000100111110010","1000100111110010.0","Success","0.00063"
"4ADI","16","100011010111001","100011010111001.0","Success","0.00055"
"2RJF","16","1001001110001000","1001001110001000.0","Success","0.00061"
"2CVO","16","1111110100010110","1111110100010110.0","Success","0.00051"
"8BQL","16","111110101100","111110101100.0","Success","0.00056"
"3LFJ","16","1100001100100111","1100001100100111.0","Success","0.00104"
"9MNX","16","1010010010111111","1010010010111111.0","Success","0.00077"
"3U7U","16","1101001011011111","1101001011011111.0","Success","0.00031"
"2YH3","16","1101111001100101","1101111001100101.0","Success","0.00104"
"3AB7","16","1101001011101100","1101001011101100.0","Success","0.00087"
"2OC7","16","1010110110101010","1010110110101010.0","Success","0.00098"
"5LLH","16","1001011001010100","1001011001010100.0","Success","0.00121"
"5RT3","16","101101010111101","101101010111101.0","Success","0.00103"
"5Q3V","16","1100001000110101","1100001000110101.0","Success","0.00105"
"3OUI","16","1001111111010000","1001111111010000.0","Success","0.00138"
"5V6A","16","1101001000100010","1101001000100010.0","Success","0.00099"
"9CYT","16","1111100010101","1111100010101.0","Success","0.00028"
"7I2A","16","1101000100000110","1101000100000110.0","Success","0.0008"
"1ZVJ","16","1001001111110","1001001111110.0","Success","0.00104"
"1FF5","16","11101111","11101111.0","Success","0.00093"
"8XSO","16","11001011101000","11001011101000.0","Success","0.00032"
"8ZFV","16","11001100110111","11001100110111.0","Success","0.00093"
"3BO8","16","1100011110011001","1100011110011001.0","Success","0.00098"
"4FP9","16","10100011101101","10100011101101.0","Success","0.00041"
"7RO0","16","1010011010110","1010011010110.0","Success","0.00065"
"3QBL","16","11001001000000","11001001000000.0","Success","0.00069"
"2J6G","16","1010110100100100","1010110100100100.0","Success","0.00123"
"2NWW","16","100010111010110","100010111010110.0","Success","0.00055"
"6MJJ","16","100101000000101","100101000000101.0","Success","0.00069"
"8TA4","16","1110011010000111","1110011010000111.0","Success","0.00056"
"5E51","16","100111011011100","100111011011100.0","Success","0.00069"
"3RU0","16","1101011100100","1101011100100.0","Success","0.00064"
"5NCJ","16","101111110001101","101111110001101.0","Success","0.00084"
"1NMT","16","1000111011101010","1000111011101010.0","Success","0.00056"
"6TT3","16","1010110111101110","1010110111101110.0","Success","0.00054"
"8C60","16","1100100111010110","1100100111010110.0","Success","0.00055"
"3Q94","16","1001010101011101","1001010101011101.0","Success","0.00082"
"7XY7","16","100010000110111","100010000110111.0","Success","0.00065"
"6Y3U","16","1010001011010001","1010001011010001.0","Success","0.00119"
"1A3K","16","10001110010101","10001110010101.0","Success","0.00165"
"4XM8","16","1000001000011000","1000001000011000.0","Success","0.00087"
"1GE4","16","1111011110000","1111011110000.0","Success","0.00174"
"7S0N","16","1001001111110011","1001001111110011.0","Success","0.00056"
"1BG6","16","1111001100000","1111001100000.0","Success","0.00105"
"4BBN","16","1000110111001100","1000110111001100.0","Success","0.00083"
"8KCL","16","1100100001101110","1100100001101110.0","Success","0.00122"
"4KQ0","16","1001000001110100","1001000001110100.0","Success","0.00123"
"5BXQ","16","110101010001101","110101010001101.0","Success","0.00066"
"1VLQ","16","101110110101011","101110110101011.0","Success","0.00031"
"2SQC","16","1001010101010","1001010101010.0","Success","0.00055"
"9ENV","16","1001110011000110","1001110011000110.0","Success","0.00083"
"2BAS","16","11000101101001","11000101101001.0","Success","0.00071"
"1EYE","16","100111100001101","100111100001101.0","Success","0.00123"
"1SWG","16","1101000100010110","1101000100010110.0","Success","0.00089"
"1SCE","16","1101101010000","1101101010000.0","Success","0.00097"
"2BUV","16","101000111001110","101000111001110.0","Success","0.00093"
"6N2U","16","11100000111101","11100000111101.0","Success","0.00235"
"6GES","16","1111001110010011","1111001110010011.0","Success","0.00072"
"8QAF","16","1111000101111001","1111000101111001.0","Success","0.0025"
"8UAC","16","1101001001000101","1101001001000101.0","Success","0.00093"
"5N5A","16","1011001010010001","1011001010010001.0","Success","0.00071"
"1VDN","16","101111001110011","101111001110011.0","Success","0.00153"
"2AOX","16","1001001100100011","1001001100100011.0","Success","0.00081"
"6TXJ","16","1001100111001110","1001100111001110.0","Success","0.00054"
"3S0Z","16","1101110110000101","1101110110000101.0","Success","0.00093"
"5FSU","16","1010101111100110","1010101111100110.0","Success","0.00087"
"5VNE","16","10101001000100","10101001000100.0","Success","0.0005"
"4DFR","16","1110010011011110","1110010011011110.0","Success","0.00106"
"5G6I","16","1001110001111000","1001110001111000.0","Success","0.001"
"3DWP","16","1110001101111110","1110001101111110.0","Success","0.00081"
"6KIX","16","1010011111110011","1010011111110011.0","Success","0.00046"
"2NVV","16","101110011001000","101110011001000.0","Success","0.00035"
"1G7S","16","111101100001110","111101100001110.0","Success","0.00081"
"3TZ0","16","101101100001110","101101100001110.0","Success","0.00112"
"2Q1M","16","1111000101000","1111000101000.0","Success","0.00176"
"2XTM","16","1110111011111100","1110111011111100.0","Success","0.00095"
"6YFI","16","11110000001","11110000001.0","Success","0.00078"
"8IRD","16","1101011101000","1101011101000.0","Success","0.00025"
"1C92","16","110001110000","110001110000.0","Success","0.00121"
"4WRS","16","11111111101100","11111111101100.0","Success","0.00116"
"4B7U","16","1100001000110010","1100001000110010.0","Success","0.00054"
"5XPL","16","1101010100001111","1101010100001111.0","Success","0.00123"
"6KWC","16","11110011100000","11110011100000.0","Success","0.00138"
"4C5J","16","111100001100110","111100001100110.0","Success","0.00059"
"1MC3","16","111000110011100","111000110011100.0","Success","0.00082"
"6QES","16","100001011111101","100001011111101.0","Success","0.00096"
"7XK2","16","1111010100100010","1111010100100010.0","Success","0.00057"
"2MY3","16","1011000111010110","1011000111010110.0","Success","0.00036"
"7X4A","16","1011001001000111","1011001001000111.0","Success","0.00109"
"4KAJ","16","110001111010101","110001111010101.0","Success","0.00113"
"8JP2","16","11000011011010","11000011011010.0","Success","0.00105"
"5CNB","16","10100110101011","10100110101011.0","Success","0.00156"
"1ZNZ","16","11011011001011","11011011001011.0","Success","0.00141"
"9KHZ","16","100100001000101","100100001000101.0","Success","0.0004"
"2AGL","16","10011110001111","10011110001111.0","Success","0.00063"
"1YFB","16","1011010010101000","1011010010101000.0","Success","0.00186"
"1EXJ","16","11101001011000","11101001011000.0","Success","0.00116"
"8CMV","16","1010001010101100","1010001010101100.0","Success","0.00117"
"1YA8","16","1100001001100011","1100001001100011.0","Success","0.00048"
"9JO2","16","100010000010010","100010000010010.0","Success","0.00054"
"5OIX","16","1010100100000011","1010100100000011.0","Success","0.00131"
"5C0R","16","1011011111011000","1011011111011000.0","Success","0.00074"
"6KE0","16","1101111010110011","1101111010110011.0","Success","0.00074"
"5BQZ","16","1101001101001000","1101001101001000.0","Success","0.00051"
"1MEC","16","1100111010100101","1100111010100101.0","Success","0.00068"
"4JIM","16","11011101001101","11011101001101.0","Success","0.00057"
"7UFX","16","110110011010001","110110011010001.0","Success","0.00136"
"6D3F","16","1100000111010101","1100000111010101.0","Success","0.00083"
"2KKU","16","1011000001011111","1011000001011111.0","Success","0.00037"
"5AP8","16","1000111001100011","1000111001100011.0","Success","0.0009"
"8GXR","16","1100110101101000","1100110101101000.0","Success","0.00058"
"3E6D","16","1110111110000000","1110111110000000.0","Success","0.00097"
"2A59","16","1101001100001001","1101001100001001.0","Success","0.00071"
"1FND","16","110100001","110100001.0","Success","0.00112"
"4AH9","16","111111111110010","111111111110010.0","Success","0.00106"
"5SVW","16","1011010100000","1011010100000.0","Success","0.00087"
"6FIV","16","101001101001001","101001101001001.0","Success","0.0018"
"9AZP","16","1100110010011100","1100110010011100.0","Success","0.00033"
"3SCX","16","11011110011000","11011110011000.0","Success","0.00065"
"1W7U","16","1011110010","1011110010.0","Success","0.00065"
"3PGD","16","1001000000011111","1001000000011111.0","Success","0.0007"
"8CA1","16","1100011100110101","1100011100110101.0","Success","0.00056"
"5IJJ","16","110100111000001","110100111000001.0","Success","0.00106"
"1ANE","16","100000010011100","100000010011100.0","Success","0.00128"
"4Y0R","16","110110000010011","110110000010011.0","Success","0.00151"
"6XKL","16","1000000001000101","1000000001000101.0","Success","0.00036"
"2Z3Y","16","1001101111101101","1001101111101101.0","Success","0.00075"
"1STF","16","101000101010010","101000101010010.0","Success","0.00111"
"9FSM","16","1011111101000101","1011111101000101.0","Success","0.00041"
"1NW6","16","1001101001100011","1001101001100011.0","Success","0.00116"
"3C8V","16","11001110111011","11001110111011.0","Success","0.00046"
"3CRP","16","1110101100110011","1110101100110011.0","Success","0.00152"
"3MB3","16","1000001101011111","1000001101011111.0","Success","0.00182"
"7TPE","16","1111101010010111","1111101010010111.0","Success","0.00035"
"1N1G","16","100100000111","100100000111.0","Success","0.00102"
"1EH4","16","11100111001","11100111001.0","Success","0.00079"
"2EFC","16","10110011011011","10110011011011.0","Success","0.00067"
"9EMM","16","101111111111110","101111111111110.0","Success","0.00041"
"6IJU","16","101000000101000","101000000101000.0","Success","0.00196"
"8QNN","16","1110101001110010","1110101001110010.0","Success","0.00122"
"4DPO","16","10011011011010","10011011011010.0","Success","0.00136"
"4FH5","16","1001100110110010","1001100110110010.0","Success","0.00109"
"8POC","16","100001010111001","100001010111001.0","Success","0.0008"
"5N9E","16","1000011000100010","1000011000100010.0","Success","0.00047"
"2Y3X","16","1111001000011","1111001000011.0","Success","0.00077"
"7YII","16","1111011101011","1111011101011.0","Success","0.00081"
"5QUR","16","11011101011011","11011101011011.0","Success","0.00132"
"7L6R","16","1010000110011011","1010000110011011.0","Success","0.00093"
"4JAL","16","1101001111110110","1101001111110110.0","Success","0.0011"
"5VAG","16","1001001111001001","1001001111001001.0","Success","0.00075"
"5M69","16","11101001100","11101001100.0","Success","0.00111"
"8PBI","16","1000101010111110","1000101010111110.0","Success","0.00099"
"2BZD","16","1100100110100000","1100100110100000.0","Success","0.00046"
"8A2N","16","1001100110101010","1001100110101010.0","Success","0.0008"
"3V5E","16","100100011000101","100100011000101.0","Success","0.00038"
"6LEU","16","1100001111010011","1100001111010011.0","Success","0.00059"
"6RVF","16","1100001001111101","1100001001111101.0","Success","0.0012"
"2VU2","16","101111100111011","101111100111011.0","Success","0.00048"
"5K41","16","1011111111000100","1011111111000100.0","Success","0.00088"
"1XK7","16","1000110001101001","1000110001101001.0","Success","0.00057"
"7ZYT","16","100010010110100","100010010110100.0","Success","0.00064"
"7DLU","16","1111101101100101","1111101101100101.0","Success","0.00045"
"1QX3","16","110010101110100","110010101110100.0","Success","0.00127"
"3VCL","16","101110000110100","101110000110100.0","Success","0.00097"
"8FYY","16","101001110010011","101001110010011.0","Success","0.00122"
"2B91","16","1010110111110110","1010110111110110.0","Success","0.00173"
"3SP1","16","100101110110111","100101110110111.0","Success","0.00065"
"1VJD","16","101111001","101111001.0","Success","0.00095"
"4F0J","16","1101111000100","1101111000100.0","Success","0.00111"
"8BUZ","16","1011001010011101","1011001010011101.0","Success","0.00055"
"1RZQ","16","111101011110110","111101011110110.0","Success","0.00063"
"4N2E","16","11100110110100","11100110110100.0","Success","0.00074"
"4NG2","16","10100000100000","10100000100000.0","Success","0.00052"
"2YRX","16","110011110101011","110011110101011.0","Success","0.00096"
"5ZL5","16","1100011101101110","1100011101101110.0","Success","0.00038"
"1RCB","16","110101000110000","110101000110000.0","Success","0.00172"
"2KSU","16","1100110111111101","1100110111111101.0","Success","0.00042"
"2UW0","16","1111100011101011","1111100011101011.0","Success","0.00103"
"7R19","16","1001111001001111","1001111001001111.0","Success","0.00034"
"7DGJ","16","111010100011110","111010100011110.0","Success","0.00109"
"2WW0","16","1110010001110011","1110010001110011.0","Success","0.00026"
"1T70","16","1111000010001011","1111000010001011.0","Success","0.00042"
"4KIQ","16","1111001001010100","1111001001010100.0","Success","0.00053"
"7DXE","16","1001110000000010","1001110000000010.0","Success","0.00036"
"1IB5","16","1111100110001111","1111100110001111.0","Success","0.00158"
"2J62","16","101011111100101","101011111100101.0","Success","0.00057"
"1RH0","16","1110100100111111","1110100100111111.0","Success","0.00067"
"4ECX","16","1110011001110101","1110011001110101.0","Success","0.00094"
"5ZY9","16","1101111110000000","1101111110000000.0","Success","0.00055"
"3U9U","16","1011001101100001","1011001101100001.0","Success","0.00044"
"7TY2","16","1011101001000011","1011101001000011.0","Success","0.00131"
"2KMG","16","1010001011000","1010001011000.0","Success","0.00037"
"6YCD","16","110110100111111","110110100111111.0","Success","0.00095"
"5MIO","16","1110000011011100","1110000011011100.0","Success","0.00054"
"1K3M","16","1010010001001101","1010010001001101.0","Success","0.0007"
"2EEB","16","111100111011111","111100111011111.0","Success","0.00042"
"3THC","16","1111100001100011","1111100001100011.0","Success","0.0004"
"4D3K","16","10100010111110","10100010111110.0","Success","0.00075"
"1KS9","16","111001101010000","111001101010000.0","Success","0.00115"
"6HVH","16","1010000100001001","1010000100001001.0","Success","0.00094"
"7XOO","16","1011001010000011","1011001010000011.0","Success","0.00085"
"2R3K","16","1100001001000100","1100001001000100.0","Success","0.00116"
"4Y06","16","1000110000000111","1000110000000111.0","Success","0.00052"
"9CW2","16","1001100000000001","1001100000000001.0","Success","0.00048"
"7X5S","16","1111011110001011","1111011110001011.0","Success","0.00098"
"5Q1N","16","110110001110","110110001110.0","Success","0.00103"
"3CQK","16","1101101100110000","1101101100110000.0","Success","0.00081"
"6QU7","16","110101100111110","110101100111110.0","Success","0.00099"
"3NZU","16","1110100011011","1110100011011.0","Success","0.00067"
"6KB4","16","1011000110110011","1011000110110011.0","Success","0.0012"
"8URB","16","1100010011010100","1100010011010100.0","Success","0.00052"
"1LIB","16","1110011100101010","1110011100101010.0","Success","0.00171"
"7U19","16","101010110111100","101010110111100.0","Success","0.00037"
"1MP3","16","1010001011010101","1010001011010101.0","Success","0.00082"
"4QJL","16","1110101110101","1110101110101.0","Success","0.00128"
"2ZLY","16","110100001000010","110100001000010.0","Success","0.001"
"5GAQ","16","110101000111101","110101000111101.0","Success","0.00038"
"1MV3","16","1101011111000001","1101011111000001.0","Success","0.0003"
"8HYL","16","110100100100101","110100100100101.0","Success","0.00076"
"8YJZ","16","111010110100011","111010110100011.0","Success","0.00046"
"3Q6N","16","101101001011011","101101001011011.0","Success","0.00041"
"7DTU","16","1001100100101100","1001100100101100.0","Success","0.00048"
"4ZXW","16","1001001001000000","1001001001000000.0","Success","0.00065"
"1USL","16","1101110111010001","1101110111010001.0","Success","0.00069"
"1AR1","16","11011001","11011001.0","Success","0.0006"
"5MIU","16","1011111011101011","1011111011101011.0","Success","0.00065"
"3A12","16","111111111000101","111111111000101.0","Success","0.00029"
"1BWD","16","1011100111101000","1011100111101000.0","Success","0.00073"
"6RMB","16","1110101101101000","1110101101101000.0","Success","0.00075"
"2HRW","16","1001001110110010","1001001110110010.0","Success","0.00112"
"2Y82","16","1101000001011011","1101000001011011.0","Success","0.00117"
"3ZN0","16","1100010011001100","1100010011001100.0","Success","0.00069"
"7SOR","16","111011110000111","111011110000111.0","Success","0.00143"
"4I5J","16","1011010111111101","1011010111111101.0","Success","0.0012"
"6F06","16","111010010010000","111010010010000.0","Success","0.0009"
"4A5N","16","1010001110010000","1010001110010000.0","Success","0.00097"
"7BYF","16","1010101101100010","1010101101100010.0","Success","0.00048"
"9AVH","16","110001001111110","110001001111110.0","Success","0.00078"
"1G79","16","10010111011110","10010111011110.0","Success","0.00136"
"6FV9","16","111001110100110","111001110100110.0","Success","0.00075"
"6HLA","16","1010011000001010","1010011000001010.0","Success","0.00058"
"8TZO","16","101010001100111","101010001100111.0","Success","0.00059"
"6BJU","16","1010100100100010","1010100100100010.0","Success","0.00084"
"3ZDT","16","10010001101001","10010001101001.0","Success","0.00078"
"4QCF","16","1110111100110","1110111100110.0","Success","0.00105"
"8CFJ","16","1101010011011001","1101010011011001.0","Success","0.00044"
"1XDW","16","110110001111000","110110001111000.0","Success","0.00106"
"8Y9B","16","1111011010","1111011010.0","Success","0.00048"
"1IFW","16","1101010111110","1101010111110.0","Success","0.00036"
"4R4J","16","1110010111101101","1110010111101101.0","Success","0.0007"
"1B0L","16","110111010101110","110111010101110.0","Success","0.00074"
"5IER","16","1001000011000110","1001000011000110.0","Success","0.00083"
"1ERN","16","1011010101001100","1011010101001100.0","Success","0.00096"
"7EHL","16","1100000001010","1100000001010.0","Success","0.00058"
"5KYM","16","1110001010001010","1110001010001010.0","Success","0.00089"
"4G70","16","1101011111111100","1101011111111100.0","Success","0.0007"
"1E2B","16","1010011100010011","1010011100010011.0","Success","0.00046"
"6J6X","16","101101000100000","101101000100000.0","Success","0.0008"
"4DVD","16","1110011100110010","1110011100110010.0","Success","0.00139"
"1ZHZ","16","11111001000010","11111001000010.0","Success","0.00091"
"5ZK5","16","1000001110111001","1000001110111001.0","Success","0.00144"
"1SD4","16","1001011111111111","1001011111111111.0","Success","0.00125"
"4YP6","16","101110100100111","101110100100111.0","Success","0.00085"
"2E2G","16","100101111011","100101111011.0","Success","0.00039"
"1R10","16","1100100110","1100100110.0","Success","0.00084"
"2P39","16","1111111011001100","1111111011001100.0","Success","0.00161"
"4AQ2","16","111010000010001","111010000010001.0","Success","0.00027"
"6DJK","16","110101100011110","110101100011110.0","Success","0.00099"
"1EPQ","16","10111101110000","10111101110000.0","Success","0.00106"
"6H99","16","110101010110010","110101010110010.0","Success","0.00094"
"2CYZ","16","1001010101111010","1001010101111010.0","Success","0.00096"
"4QCK","16","10101011001100","10101011001100.0","Success","0.00101"
"9FJL","16","1100001011110","1100001011110.0","Success","0.00155"
"1J2Y","16","10100001101101","10100001101101.0","Success","0.00152"
"7M4K","16","111110101010010","111110101010010.0","Success","0.00105"
"8GFS","16","1100100001111100","1100100001111100.0","Success","0.00085"
"7SY3","16","1010000001000","1010000001000.0","Success","0.00034"
"6CBF","16","1111110101101100","1111110101101100.0","Success","0.00104"
"3WFQ","16","11110110110011","11110110110011.0","Success","0.00048"
"3EG1","16","110100010100111","110100010100111.0","Success","0.00167"
"4RZA","16","1000000101100111","1000000101100111.0","Success","0.00141"
"1IQC","16","111101111001110","111101111001110.0","Success","0.00054"
"1XYI","16","1001100101110010","1001100101110010.0","Success","0.00229"
"3ERF","16","1111001100110000","1111001100110000.0","Success","0.00134"
"3MH2","16","110010100011110","110010100011110.0","Success","0.00107"
"2TBV","16","1111111110110111","1111111110110111.0","Success","0.00063"
"7MBU","16","1000000101111010","1000000101111010.0","Success","0.00031"
"3JYZ","16","1110001110000110","1110001110000110.0","Success","0.00161"
"1ZQ7","16","1100101110000","1100101110000.0","Success","0.00068"
"3DLL","16","1010000101011010","1010000101011010.0","Success","0.00035"
"2HS0","16","10011010101100","10011010101100.0","Success","0.00079"
"3B8M","16","11111101111101","11111101111101.0","Success","0.00072"
"6S6L","16","1000101110010001","1000101110010001.0","Success","0.0005"
"8IUG","16","1001000010010111","1001000010010111.0","Success","0.0004"
"5KGN","16","1010010111011001","1010010111011001.0","Success","0.00059"
"6W4R","16","111100011100000","111100011100000.0","Success","0.00065"
"8W6W","16","1111011000110011","1111011000110011.0","Success","0.00133"
"6Q4G","16","1111111001101100","1111111001101100.0","Success","0.00116"
"2OE2","16","1010110011100010","1010110011100010.0","Success","0.00104"
"1A4K","16","1010000100111011","1010000100111011.0","Success","0.00066"
"1W9Y","16","101000101111101","101000101111101.0","Success","0.00117"
"3G36","16","10010000011110","10010000011110.0","Success","0.00135"
"7FEF","16","100110010010000","100110010010000.0","Success","0.00285"
"2YXW","16","1100000111000011","1100000111000011.0","Success","0.00065"
"4L0T","16","111100000100000","111100000100000.0","Success","0.00095"
"5YTF","16","111001101111010","111001101111010.0","Success","0.00083"
"3GA5","16","100010011001","100010011001.0","Success","0.00076"
"8BGW","16","1110111011001011","1110111011001011.0","Success","0.00049"
"8ABU","16","11111100110110","11111100110110.0","Success","0.00074"
"8OFV","16","1110010110101000","1110010110101000.0","Success","0.0004"
"2YS8","16","111010010010111","111010010010111.0","Success","0.00046"
"1WBF","16","1110010101100011","1110010101100011.0","Success","0.00089"
"7V53","16","1111100001000001","1111100001000001.0","Success","0.00062"
"8XCG","16","1010001111011011","1010001111011011.0","Success","0.00035"
"2ESN","16","1110010011011011","1110010011011011.0","Success","0.00057"
"7VJL","16","10011100110110","10011100110110.0","Success","0.00085"
"3VFB","16","1011111100000011","1011111100000011.0","Success","0.00133"
"3KA0","16","110000011111110","110000011111110.0","Success","0.00118"
"2GNJ","16","1010110100111101","1010110100111101.0","Success","0.00104"
"2RS9","16","111000101111100","111000101111100.0","Success","0.00037"
"8EY0","16","1110000000001110","1110000000001110.0","Success","0.00089"
"5WNM","16","1001001100100011","1001001100100011.0","Success","0.00121"
"9CQI","16","10000010100110","10000010100110.0","Success","0.00087"
"1H6Q","16","111101010111000","111101010111000.0","Success","0.0015"
"6KHT","16","100111100000111","100111100000111.0","Success","0.00051"
"7SMI","16","100101000101001","100101000101001.0","Success","0.00108"
"2QQK","16","10010000100101","10010000100101.0","Success","0.00061"
"3M0V","16","11110100111110","11110100111110.0","Success","0.00047"
"4C4I","16","1101001110001011","1101001110001011.0","Success","0.00124"
"3ZMT","16","1111100011011111","1111100011011111.0","Success","0.00068"
"5UQ0","16","1000011001110010","1000011001110010.0","Success","0.00085"
"2Z81","16","1001011010111010","1001011010111010.0","Success","0.00081"
"4NMF","16","1101001001110001","1101001001110001.0","Success","0.00044"
"5A3E","16","100101100001111","100101100001111.0","Success","0.00169"
"6RO1","16","1010010110001111","1010010110001111.0","Success","0.00062"
"1O9E","16","100100100000","100100100000.0","Success","0.00127"
"2BZ0","16","1001011111100111","1001011111100111.0","Success","0.00107"
"6DGU","16","110110101000110","110110101000110.0","Success","0.0006"
"6E2P","16","1011000001110111","1011000001110111.0","Success","0.00062"
"2BLP","16","1100010001010010","1100010001010010.0","Success","0.0017"
"1ULT","16","110110000011000","110110000011000.0","Success","0.0006"
"8X55","16","1100111100011011","1100111100011011.0","Success","0.00035"
"5WWE","16","110101111100000","110101111100000.0","Success","0.00144"
"6UPZ","16","10100101110000","10100101110000.0","Success","0.00032"
"8ZRV","16","1101110001001101","1101110001001101.0","Success","0.00049"
"7UE1","16","1101100100110001","1101100100110001.0","Success","0.00113"
"8XES","16","1001100011111111","1001100011111111.0","Success","0.00098"
"2E5K","16","101100000101110","101100000101110.0","Success","0.00045"
"2C83","16","1010100100111","1010100100111.0","Success","0.001"
"7RYV","16","101111101011110","101111101011110.0","Success","0.00045"
"2YZ8","16","11011110110100","11011110110100.0","Success","0.00208"
"6P8E","16","10001110000100","10001110000100.0","Success","0.00085"
"5XTM","16","111010110110010","111010110110010.0","Success","0.00126"
"1DCZ","16","1011110111111","1011110111111.0","Success","0.00222"
"6DL9","16","1001011110010011","1001011110010011.0","Success","0.00071"
"5M2Z","16","1100010011111110","1100010011111110.0","Success","0.00027"
"6OQ6","16","1010110101111010","1010110101111010.0","Success","0.00089"
"4HXP","16","10001000011110","10001000011110.0","Success","0.00169"
"1SOQ","16","1110101110110011","1110101110110011.0","Success","0.0009"
"7VBN","16","1101000111101110","1101000111101110.0","Success","0.00033"
"6YL9","16","1011101000000011","1011101000000011.0","Success","0.00104"
"1S3I","16","111001000100","111001000100.0","Success","0.00111"
"9GG2","16","11001100011111","11001100011111.0","Success","0.00026"
"6W9I","16","1010000110001000","1010000110001000.0","Success","0.00121"
"6EO4","16","1010001110001001","1010001110001001.0","Success","0.00065"
"4BDY","16","100000111111101","100000111111101.0","Success","0.00084"
"1B5S","16","1110000011101","1110000011101.0","Success","0.00056"
"7NWL","16","1010110101101001","1010110101101001.0","Success","0.00047"
"2WKU","16","1010011101010011","1010011101010011.0","Success","0.0005"
"7SN3","16","11111000111101","11111000111101.0","Success","0.00033"
"3AP4","16","101101110101","101101110101.0","Success","0.00082"
"2WBC","16","1001010111010111","1001010111010111.0","Success","0.00146"
"2KXN","16","1010010001110111","1010010001110111.0","Success","0.00056"
"6GT6","16","1101001111001","1101001111001.0","Success","0.00125"
"4MTJ","16","1010101001010110","1010101001010110.0","Success","0.00049"
"8SG4","16","100011101111101","100011101111101.0","Success","0.00052"
"5D4A","16","1010100100010100","1010100100010100.0","Success","0.00166"
"7JP1","16","101101101001010","101101101001010.0","Success","0.00111"
"3FWI","16","1100111011111010","1100111011111010.0","Success","0.00095"
"3M9H","16","11011100110000","11011100110000.0","Success","0.00121"
"3FI2","16","1101001110001100","1101001110001100.0","Success","0.00106"
"3EPL","16","1001010111000101","1001010111000101.0","Success","0.00069"
"7OI9","16","1110010110000101","1110010110000101.0","Success","0.00022"
"5KGW","16","10101111000","10101111000.0","Success","0.00167"
"6L8I","16","1100101011","1100101011.0","Success","0.00093"
"8WJ1","16","1101100101001010","1101100101001010.0","Success","0.00116"
"3U9S","16","1010000101110010","1010000101110010.0","Success","0.00024"
"1J5O","16","1010111000101111","1010111000101111.0","Success","0.00052"
"7DLY","16","1000000001","1000000001.0","Success","0.00067"
"3TVI","16","1100010010110000","1100010010110000.0","Success","0.00027"
"8UXQ","16","1110100010001010","1110100010001010.0","Success","0.00059"
"5VEG","16","1000011100111101","1000011100111101.0","Success","0.00092"
"3GHY","16","1110110010100010","1110110010100010.0","Success","0.00076"
"6FU3","16","1011110100110011","1011110100110011.0","Success","0.00074"
"8BLQ","16","1111001001000000","1111001001000000.0","Success","0.00056"
"6SDF","16","1000101000101011","1000101000101011.0","Success","0.0018"
"7L89","16","1011000011011100","1011000011011100.0","Success","0.00044"
"5ZKZ","16","1111000110011001","1111000110011001.0","Success","0.00138"
"8XOG","16","1001011010001101","1001011010001101.0","Success","0.00059"
"7BOF","16","1111110001001","1111110001001.0","Success","0.00055"
"4G3P","16","1010110100011101","1010110100011101.0","Success","0.00091"
"5S7P","16","1010011110011110","1010011110011110.0","Success","0.00081"
"6AX0","16","1101101101111001","1101101101111001.0","Success","0.00112"
"4MSG","16","1000101001011000","1000101001011000.0","Success","0.00096"
"7TEO","16","1001011010110111","1001011010110111.0","Success","0.00024"
"5IBG","16","1000001101001000","1000001101001000.0","Success","0.00099"
"8HPS","16","1000101011010110","1000101011010110.0","Success","0.00046"
"1MS8","16","1000111010001100","1000111010001100.0","Success","0.00053"
"6Z1I","16","101110000101111","101110000101111.0","Success","0.00088"
"1BP3","16","111110000101011","111110000101011.0","Success","0.00101"
"7SND","16","10100111111100","10100111111100.0","Success","0.00166"
"3PYK","16","10000100110111","10000100110111.0","Success","0.00115"
"7OE0","16","10001001100011","10001001100011.0","Success","0.00041"
"8FIP","16","1100110101011010","1100110101011010.0","Success","0.00075"
"7XRL","16","1010010000111000","1010010000111000.0","Success","0.00047"
"5I9W","16","1001111001101110","1001111001101110.0","Success","0.00116"
"1KNW","16","101000111001010","101000111001010.0","Success","0.00092"
"5W3E","16","11011001000","11011001000.0","Success","0.0006"
"8C76","16","10001010100010","10001010100010.0","Success","0.00067"
"5YMY","16","101000011111100","101000011111100.0","Success","0.00027"
"3ILG","16","101101111000101","101101111000101.0","Success","0.00187"
"6LX2","16","111101101100111","111101101100111.0","Success","0.00082"
"3J4B","16","1110101000111001","1110101000111001.0","Success","0.0004"
"1FBK","16","1100100101011111","1100100101011111.0","Success","0.00129"
"7LTO","16","110000000111011","110000000111011.0","Success","0.00079"
"7E5C","16","10110100001011","10110100001011.0","Success","0.00046"
"8UZW","16","10000101000","10000101000.0","Success","0.00032"
"5B5K","16","1110000010000101","1110000010000101.0","Success","0.00126"
"7DJ2","16","1101111100000111","1101111100000111.0","Success","0.00061"
"8IF3","16","1101001001110110","1101001001110110.0","Success","0.00065"
"4AT7","16","1000101011110101","1000101011110101.0","Success","0.00073"
"1K9R","16","111001100100001","111001100100001.0","Success","0.00065"
"7W3U","16","110000101010101","110000101010101.0","Success","0.00055"
"1Q5I","16","10001011011101","10001011011101.0","Success","0.00092"
"7TMD","16","1110001110100001","1110001110100001.0","Success","0.00043"
"9OFH","16","1001001011110000","1001001011110000.0","Success","0.00037"
"2H39","16","1100110111010111","1100110111010111.0","Success","0.00076"
"3IVT","16","1110100101011001","1110100101011001.0","Success","0.00067"
"8J1J","16","1000101001101010","1000101001101010.0","Success","0.00067"
"1MB8","16","1000011010101","1000011010101.0","Success","0.00124"
"1E4I","16","1011111110000111","1011111110000111.0","Success","0.00092"
"8GIU","16","100011100010011","100011100010011.0","Success","0.00029"
"6AMO","16","11010010000101","11010010000101.0","Success","0.00044"
"4C2M","16","100000111","100000111.0","Success","0.0002"
"1Z8S","16","1000100111101111","1000100111101111.0","Success","0.0005"
"6WBT","16","111010111111001","111010111111001.0","Success","0.00046"
"6ZCZ","16","1101010011101100","1101010011101100.0","Success","0.00071"
"7C75","16","110010001011110","110010001011110.0","Success","0.0008"
"5CFB","16","10101101110000","10101101110000.0","Success","0.00047"
"5H48","16","1100110110011100","1100110110011100.0","Success","0.00168"
"7CS8","16","10011010101110","10011010101110.0","Success","0.00047"
"4UNQ","16","1010111100100110","1010111100100110.0","Success","0.00099"
"7NK9","16","111111111111010","111111111111010.0","Success","0.00055"
"1ZYJ","16","1111010000001010","1111010000001010.0","Success","0.00105"
"5AJX","16","1110111101011001","1110111101011001.0","Success","0.00093"
"3HEM","16","1100100010101101","1100100010101101.0","Success","0.00112"
"6IHL","16","10111001111111","10111001111111.0","Success","0.00125"
"1Z6F","16","1100101000101000","1100101000101000.0","Success","0.00103"
"5CUX","16","100000000011001","100000000011001.0","Success","0.00086"
"3RCY","16","1111001100","1111001100.0","Success","0.00034"
"3MJV","16","1111101000011001","1111101000011001.0","Success","0.00063"
"5OWG","16","1011011100001001","1011011100001001.0","Success","0.00143"
"4QBF","16","101000111011100","101000111011100.0","Success","0.0013"
"1QYB","16","111111100111110","111111100111110.0","Success","0.00142"
"4BQI","16","1100001000101001","1100001000101001.0","Success","0.00048"
"4RDK","16","1101111010100010","1101111010100010.0","Success","0.00082"
"4MXK","16","1111100000101111","1111100000101111.0","Success","0.00153"
"7U25","16","1100010001010110","1100010001010110.0","Success","0.00081"
"4H4E","16","11110110100000","11110110100000.0","Success","0.00078"
"8P9V","16","1110010100000011","1110010100000011.0","Success","0.00047"
"1JR2","16","1011010110010101","1011010110010101.0","Success","0.00086"
"7EDD","16","1000101011110111","1000101011110111.0","Success","0.00051"
"5G55","16","10001010010110","10001010010110.0","Success","0.00067"
"5HT4","16","11111100100010","11111100100010.0","Success","0.00135"
"7RGF","16","1111110000000100","1111110000000100.0","Success","0.00067"
"3A9B","16","11010001101111","11010001101111.0","Success","0.00099"
"6SLU","16","1101001001001000","1101001001001000.0","Success","0.00055"
"4WJG","16","1000010011000","1000010011000.0","Success","0.00025"
"3R5H","16","10111100110001","10111100110001.0","Success","0.00071"
"1IWI","16","1111110010111000","1111110010111000.0","Success","0.00097"
"4EO8","16","1111111000110","1111111000110.0","Success","0.0006"
"5CRZ","16","110100010010100","110100010010100.0","Success","0.00162"
"7NF1","16","11110011010011","11110011010011.0","Success","0.00063"
"1EUC","16","100011111101100","100011111101100.0","Success","0.00074"
"6MDV","16","111000010001100","111000010001100.0","Success","0.0005"
"5K6X","16","1001001110110100","1001001110110100.0","Success","0.0007"
"8QLM","16","1100011111100001","1100011111100001.0","Success","0.00053"
"5EJZ","16","100100001001011","100100001001011.0","Success","0.00052"
"2QGM","16","1001000100010010","1001000100010010.0","Success","0.00098"
"5PXP","16","1100010000001001","1100010000001001.0","Success","0.001"
"1QQA","16","1100111001110101","1100111001110101.0","Success","0.00106"
"6DWJ","16","100101011110100","100101011110100.0","Success","0.00044"
"1H5V","16","101110101001","101110101001.0","Success","0.00112"
"1H1W","16","1111101001111","1111101001111.0","Success","0.00116"
"9DA9","16","1111010010011001","1111010010011001.0","Success","0.00079"
"8YQA","16","1101111001011110","1101111001011110.0","Success","0.00162"
"1RHL","16","1000100010100110","1000100010100110.0","Success","0.00182"
"6JUA","16","1000001101110100","1000001101110100.0","Success","0.00059"
"2DXL","16","1100011001000101","1100011001000101.0","Success","0.00082"
"2ONF","16","110010000111101","110010000111101.0","Success","0.00114"
"6HGV","16","1011111011011010","1011111011011010.0","Success","0.00105"
"2O68","16","1111000100100100","1111000100100100.0","Success","0.00109"
"1O1T","16","110100111000000","110100111000000.0","Success","0.00073"
"9DH9","16","1001000110001010","1001000110001010.0","Success","0.00037"
"3NT7","16","110001111010110","110001111010110.0","Success","0.00093"
"3MN5","16","1111010110100101","1111010110100101.0","Success","0.00101"
"4NFZ","16","11100000001110","11100000001110.0","Success","0.00081"
"5RTS","16","101100101110110","101100101110110.0","Success","0.00106"
"3QQM","16","111110000111","111110000111.0","Success","0.00048"
"2R1G","16","1011101111111101","1011101111111101.0","Success","0.00101"
"1U8H","16","1100010100001001","1100010100001001.0","Success","0.00092"
"6U3K","16","1110000011001111","1110000011001111.0","Success","0.00097"
"6XJ6","16","1101000011001110","1101000011001110.0","Success","0.0011"
"3IS6","16","10110101110001","10110101110001.0","Success","0.00093"
"5VXI","16","1111011100010011","1111011100010011.0","Success","0.00108"
"8S2Y","16","10100001110111","10100001110111.0","Success","0.00061"
"3LI1","16","1001101101111011","1001101101111011.0","Success","0.00094"
"2W1I","16","1111101100011000","1111101100011000.0","Success","0.00082"
"7YSI","16","110001011101101","110001011101101.0","Success","0.00162"
"1O84","16","101101000010110","101101000010110.0","Success","0.00165"
"9BH6","16","110001101110110","110001101110110.0","Success","0.00035"
"7JOA","16","11101100110111","11101100110111.0","Success","0.00057"
"6PGA","16","100010110000001","100010110000001.0","Success","0.00107"
"4ZT6","16","1110001101000","1110001101000.0","Success","0.00058"
"7H4G","16","1000111110010001","1000111110010001.0","Success","0.00163"
"1ZUE","16","1010000001000110","1010000001000110.0","Success","0.00068"
"4II8","16","1110001110010110","1110001110010110.0","Success","0.00169"
"3RAQ","16","1001001001100011","1001001001100011.0","Success","0.00074"
"5L7R","16","1001110101001111","1001110101001111.0","Success","0.00058"
"8RH9","16","1101110111000000","1101110111000000.0","Success","0.00047"
"5AKZ","16","111101100100001","111101100100001.0","Success","0.00083"
"5U41","16","1110011011000110","1110011011000110.0","Success","0.00084"
"2P0H","16","111000001111101","111000001111101.0","Success","0.00181"
"1LI6","16","1101010000110001","1101010000110001.0","Success","0.0015"
"3RXT","16","1010100010001110","1010100010001110.0","Success","0.00125"
"8W45","16","1011110110111000","1011110110111000.0","Success","0.00125"
"1PRY","16","1101100000001101","1101100000001101.0","Success","0.00131"
"2NPQ","16","1001100001010101","1001100001010101.0","Success","0.00108"
"4O77","16","1100100010010","1100100010010.0","Success","0.0012"
"5AX6","16","110100010001111","110100010001111.0","Success","0.00088"
"6J9C","16","110000100100011","110000100100011.0","Success","0.00131"
"4Q7D","16","1110111011011","1110111011011.0","Success","0.00096"
"1DQY","16","1101011101100001","1101011101100001.0","Success","0.00115"
"6G47","16","1011111101111111","1011111101111111.0","Success","0.00086"
"1OLZ","16","100001101010010","100001101010010.0","Success","0.00055"
"8GBB","16","1010101010000101","1010101010000101.0","Success","0.00084"
"3D4K","16","1001110001010000","1001110001010000.0","Success","0.00063"
"6UNP","16","1101001100010100","1101001100010100.0","Success","0.00079"
"5LDE","16","10000100000101","10000100000101.0","Success","0.00088"
"3N78","16","1101000110110110","1101000110110110.0","Success","0.00075"
"5E5G","16","11101101000111","11101101000111.0","Success","0.00065"
"2GP7","16","100001010111011","100001010111011.0","Success","0.00064"
"7X7N","16","11110101001111","11110101001111.0","Success","0.00033"
"3QRQ","16","10001010001011","10001010001011.0","Success","0.00135"
"3GO8","16","1111100111010","1111100111010.0","Success","0.00123"
"2Y1M","16","110001110001100","110001110001100.0","Success","0.0004"
"6VPZ","16","101110101100001","101110101100001.0","Success","0.00096"
"2ZBH","16","1010100100101","1010100100101.0","Success","0.00178"
"8RCB","16","1010011011001001","1010011011001001.0","Success","0.00056"
"6WB9","16","1111101010001000","1111101010001000.0","Success","0.00045"
"2P8R","16","10100110010100","10100110010100.0","Success","0.00121"
"3IKO","16","100001110000111","100001110000111.0","Success","0.00033"
"5O4O","16","110100111111100","110100111111100.0","Success","0.0007"
"1N19","16","1010100010011110","1010100010011110.0","Success","0.00113"
"4WXB","16","1110111111000000","1110111111000000.0","Success","0.00048"
"2A97","16","11000101001011","11000101001011.0","Success","0.0007"
"2LMG","16","10000001100000","10000001100000.0","Success","0.00049"
"9L3W","16","1000010010101101","1000010010101101.0","Success","0.00061"
"3RVD","16","1001011000001011","1001011000001011.0","Success","0.00032"
"1YQQ","16","1001111000110000","1001111000110000.0","Success","0.00068"
"2Y4V","16","1010010101010010","1010010101010010.0","Success","0.00153"
"2YRU","16","1100110110001100","1100110110001100.0","Success","0.0004"
"1YRF","16","1010011011101010","1010011011101010.0","Success","0.00333"
"4EZ1","16","11101101110","11101101110.0","Success","0.00059"
"5Q2I","16","1000111010100000","1000111010100000.0","Success","0.00102"
"1TZ2","16","100010011100111","100010011100111.0","Success","0.00053"
"1K97","16","1101011001000101","1101011001000101.0","Success","0.00094"
"2O25","16","11010110001000","11010110001000.0","Success","0.00072"
"5HHI","16","1110011110100001","1110011110100001.0","Success","0.00106"
"6CID","16","1100010000111100","1100010000111100.0","Success","0.00065"
"4HS3","16","10110011110110","10110011110110.0","Success","0.00097"
"8BA5","16","1010011111111100","1010011111111100.0","Success","0.00163"
"1D1M","16","1101111111010111","1101111111010111.0","Success","0.00168"
"7G2E","16","1000000000000101","1000000000000101.0","Success","0.00066"
"3HVD","16","10010100","10010100.0","Success","0.0003"
"2ZBF","16","111010110110100","111010110110100.0","Success","0.0006"
"5HIZ","16","11010011110101","11010011110101.0","Success","0.00137"
"7HKM","16","101101011011","101101011011.0","Success","0.00079"
"7P2T","16","111001111011000","111001111011000.0","Success","0.00049"
"2L0C","16","1000101011101100","1000101011101100.0","Success","0.00045"
"5HOU","16","111110100110","111110100110.0","Success","0.00032"
"8Y4A","16","100000010110","100000010110.0","Success","0.00032"
"1WAC","16","1010001100010111","1010001100010111.0","Success","0.00044"
"2XP0","16","1010110000001010","1010110000001010.0","Success","0.00095"
"5C1Q","16","1101010000100100","1101010000100100.0","Success","0.00118"
"8P7N","16","111000000010011","111000000010011.0","Success","0.00053"
"1FMU","16","1101010010001100","1101010010001100.0","Success","0.00109"
"7XVX","16","1101111001000101","1101111001000101.0","Success","0.00102"
"6VUJ","16","111010010101101","111010010101101.0","Success","0.00169"
"3RG6","16","1010111101101110","1010111101101110.0","Success","0.00053"
"2NB1","16","1100000100110010","1100000100110010.0","Success","0.00029"
"4NA8","16","1110000010010011","1110000010010011.0","Success","0.00125"
"4IC1","16","110100000100100","110100000100100.0","Success","0.00043"
"5PWF","16","1101010101100011","1101010101100011.0","Success","0.00101"
"3EK7","16","1010101101010111","1010101101010111.0","Success","0.00099"
"2ZCO","16","100100010010100","100100010010100.0","Success","0.00114"
"8TE4","16","110100010110101","110100010110101.0","Success","0.00046"
"2YCK","16","1100101000101011","1100101000101011.0","Success","0.00114"
"5FLV","16","1110110100100110","1110110100100110.0","Success","0.00063"
"8R11","16","11110100110111","11110100110111.0","Success","0.00078"
"7NVQ","16","1010111100101010","1010111100101010.0","Success","0.00113"
"8BQW","16","1101110001000100","1101110001000100.0","Success","0.00144"
"4C5L","16","1010110110111100","1010110110111100.0","Success","0.00057"
"6ZDJ","16","101100001010011","101100001010011.0","Success","0.00039"
"1GL3","16","1000111101010101","1000111101010101.0","Success","0.00072"
"6LTK","16","110001011111100","110001011111100.0","Success","0.00136"
"6Q7F","16","1101011011100000","1101011011100000.0","Success","0.00117"
"8EE7","16","1100111110111011","1100111110111011.0","Success","0.00057"
"1DS3","16","1000110100111","1000110100111.0","Success","0.00276"
"8TUQ","16","111101001010011","111101001010011.0","Success","0.00091"
"3FRY","16","110100101011100","110100101011100.0","Success","0.00165"
"2VW7","16","1011011001010011","1011011001010011.0","Success","0.00074"
"4QXZ","16","1111110001010000","1111110001010000.0","Success","0.00113"
"1DKL","16","111101111100","111101111100.0","Success","0.00069"
"5HP8","16","1110111000000110","1110111000000110.0","Success","0.00108"
"4G4R","16","1101101110000111","1101101110000111.0","Success","0.00119"
"7YCN","16","1011101100000111","1011101100000111.0","Success","0.0004"
"3SOH","16","111101001110100","111101001110100.0","Success","0.00082"
"8PXL","16","10100100000000","10100100000000.0","Success","0.00097"
"1OGC","16","10110111010110","10110111010110.0","Success","0.00077"
"8UD0","16","1110100001001000","1110100001001000.0","Success","0.00171"
"5MVR","16","100011011000101","100011011000101.0","Success","0.00158"
"3FUN","16","1111111101000100","1111111101000100.0","Success","0.00077"
"6G2U","16","1010010101001011","1010010101001011.0","Success","0.00035"
"1XJZ","16","100010011011001","100010011011001.0","Success","0.00092"
"3VHJ","16","10000101110101","10000101110101.0","Success","0.00152"
"9AUV","16","1100011100100100","1100011100100100.0","Success","0.00036"
"7TJ8","16","1100100101110111","1100100101110111.0","Success","0.00054"
"1VLP","16","1000100010000111","1000100010000111.0","Success","0.00048"
"2B8L","16","1000000100010000","1000000100010000.0","Success","0.00101"
"7H3Y","16","111001000101101","111001000101101.0","Success","0.00163"
"1HJM","16","101001011101001","101001011101001.0","Success","0.00189"
"4GN3","16","1111100011111100","1111100011111100.0","Success","0.00043"
"1TF6","16","1100000001001","1100000001001.0","Success","0.00102"
"1BBW","16","10000010010111","10000010010111.0","Success","0.00088"
"5C0Y","16","1011110100110100","1011110100110100.0","Success","0.0007"
"6HHJ","16","1010000101000110","1010000101000110.0","Success","0.00096"
"7P62","16","111101110011110","111101110011110.0","Success","0.00028"
"6GUV","16","11110110110010","11110110110010.0","Success","0.00165"
"3ZOF","16","11001011101010","11001011101010.0","Success","0.00101"
"8X5D","16","110100011100111","110100011100111.0","Success","0.00042"
"5B32","16","100010100110100","100010100110100.0","Success","0.00071"
"7OX9","16","1100010000010111","1100010000010111.0","Success","0.00053"
"6TK3","16","1000110011010010","1000110011010010.0","Success","0.00118"
"1XMT","16","1001000011011110","1001000011011110.0","Success","0.00202"
"7MLS","16","1110000001010110","1110000001010110.0","Success","0.0017"
"7PKQ","16","101011001","101011001.0","Success","0.00024"
"1D1A","16","1010110001100100","1010110001100100.0","Success","0.00071"
"2E8C","16","1011011001011100","1011011001011100.0","Success","0.00168"
"5LB3","16","1100101110101000","1100101110101000.0","Success","0.00064"
"6FL9","16","1000010111110001","1000010111110001.0","Success","0.00049"
"5IA3","16","11110100110110","11110100110110.0","Success","0.00113"
"1SFC","16","1010000001001010","1010000001001010.0","Success","0.00066"
"1HJV","16","1001011011110110","1001011011110110.0","Success","0.0005"
"4YS6","16","101010110110010","101010110110010.0","Success","0.00109"
"2AL2","16","1101011111111010","1101011111111010.0","Success","0.00066"
"4DLK","16","1000111011011111","1000111011011111.0","Success","0.00069"
"1RVT","16","111001100011001","111001100011001.0","Success","0.00052"
"8ZY1","16","1000001100010","1000001100010.0","Success","0.00033"
"9EJ4","16","1100000001001000","1100000001001000.0","Success","0.00077"
"3EDY","16","1100101011101001","1100101011101001.0","Success","0.00084"
"1OJ4","16","1011000100100101","1011000100100101.0","Success","0.00081"
"3H5K","16","1101101110111101","1101101110111101.0","Success","0.00083"
"3ZBI","16","11000001100001","11000001100001.0","Success","0.00027"
"4M20","16","11101000001001","11101000001001.0","Success","0.00087"
"5O0M","16","1001001000010111","1001001000010111.0","Success","0.00079"
"7B2M","16","101110110001101","101110110001101.0","Success","0.00049"
"8CYT","16","1001000001110","1001000001110.0","Success","0.00062"
"6CV7","16","1001100000101010","1001100000101010.0","Success","0.00099"
"3PUT","16","11100100011011","11100100011011.0","Success","0.00109"
"3C9C","16","1001110111100100","1001110111100100.0","Success","0.00096"
"8PPD","16","1100101011100011","1100101011100011.0","Success","0.00084"
"8VOD","16","1100001010100","1100001010100.0","Success","0.00136"
"4MCO","16","1001100000110001","1001100000110001.0","Success","0.00063"
"1M18","16","1010010100011","1010010100011.0","Success","0.0007"
"5B0W","16","1100101100101001","1100101100101001.0","Success","0.00049"
"1T33","16","1111010011101010","1111010011101010.0","Success","0.00093"
"8B35","16","110000001100000","110000001100000.0","Success","0.00069"
"4IG9","16","1101010100100110","1101010100100110.0","Success","0.00055"
"8W20","16","1101100001100111","1101100001100111.0","Success","0.00037"
"8U14","16","110101001110110","110101001110110.0","Success","0.00061"
"6WU4","16","1001000010101","1001000010101.0","Success","0.00061"
"5UYG","16","101100110000100","101100110000100.0","Success","0.00119"
"5E0S","16","1001001001","1001001001.0","Success","0.00027"
"5UKZ","16","1001101001011001","1001101001011001.0","Success","0.00093"
"8VBO","16","1011111011110111","1011111011110111.0","Success","0.00089"
"8T31","16","1010110101001110","1010110101001110.0","Success","0.00077"
"2ITH","16","1010111010100111","1010111010100111.0","Success","0.00035"
"8Q2Z","16","1100101001011110","1100101001011110.0","Success","0.00068"
"1C7Y","16","101000000001011","101000000001011.0","Success","0.00133"
"2YOC","16","1111100110110111","1111100110110111.0","Success","0.00042"
"3RFV","16","1001010011011101","1001010011011101.0","Success","0.00068"
"4AUU","16","100010110100011","100010110100011.0","Success","0.00109"
"9EJ0","16","1010001000000110","1010001000000110.0","Success","0.00078"
"6PAS","16","10001010011101","10001010011101.0","Success","0.00057"
"7VLD","16","101011111111000","101011111111000.0","Success","0.00057"
"3IKT","16","1010010101010010","1010010101010010.0","Success","0.00097"
"3ENG","16","1011011011111001","1011011011111001.0","Success","0.00131"
"5WXC","16","101100010010010","101100010010010.0","Success","0.00071"
"8SZZ","16","1111011110001010","1111011110001010.0","Success","0.00024"
"5A2R","16","110100010001011","110100010001011.0","Success","0.0008"
"3D7M","16","1001111100000000","1001111100000000.0","Success","0.00109"
"8W0Z","16","100011101101","100011101101.0","Success","0.00035"
"8GOL","16","1000011011001111","1000011011001111.0","Success","0.00052"
"7Q21","16","101111110110001","101111110110001.0","Success","0.00026"
"6WR4","16","1101110011001100","1101110011001100.0","Success","0.00051"
"6S3X","16","1000011000010001","1000011000010001.0","Success","0.00062"
"2W6P","16","11110111100011","11110111100011.0","Success","0.00068"
"2Q79","16","1100110100111011","1100110100111011.0","Success","0.00221"
"6JPB","16","100010010111110","100010010111110.0","Success","0.00038"
"8VUC","16","110000111000111","110000111000111.0","Success","0.00067"
"6CC6","16","111001000011010","111001000011010.0","Success","0.00052"
"6O1P","16","10110111010011","10110111010011.0","Success","0.0004"
"7PY9","16","110001010110000","110001010110000.0","Success","0.00169"
"8I90","16","111011101110000","111011101110000.0","Success","0.00064"
"3W95","16","1011000001011000","1011000001011000.0","Success","0.00159"
"3MI7","16","1110111101100011","1110111101100011.0","Success","0.00213"
"1T8B","16","11110111001000","11110111001000.0","Success","0.00095"
"6GPT","16","111010111100010","111010111100010.0","Success","0.00128"
"8AG1","16","10010001011011","10010001011011.0","Success","0.00058"
"6OHJ","16","1000100101000110","1000100101000110.0","Success","0.00098"
"2CIG","16","1001100000001","1001100000001.0","Success","0.00156"
"8SHC","16","1101100010100110","1101100010100110.0","Success","0.00055"
"2O8G","16","100110000000001","100110000000001.0","Success","0.00073"
"2L9W","16","11000111010101","11000111010101.0","Success","0.00042"
"8J3G","16","101000111111011","101000111111011.0","Success","0.00113"
"4V35","16","100101011101111","100101011101111.0","Success","0.00107"
"2R5R","16","100111010000101","100111010000101.0","Success","0.00125"
"6N5D","16","1010001101011","1010001101011.0","Success","0.00042"
"6ZFS","16","1001101100011111","1001101100011111.0","Success","0.00044"
"1P3H","16","10101110110101","10101110110101.0","Success","0.00052"
"1FKW","16","11100001010001","11100001010001.0","Success","0.00102"
"6PVE","16","10111011111","10111011111.0","Success","0.00061"
"3LWS","16","101001000100010","101001000100010.0","Success","0.00045"
"6DMU","16","110111111000101","110111111000101.0","Success","0.00039"
"7OO0","16","1110100101111010","1110100101111010.0","Success","0.00046"
"1DFU","16","11100101100110","11100101100110.0","Success","0.00199"
"7Y1T","16","1011110111000001","1011110111000001.0","Success","0.00062"
"3F3T","16","10010111111010","10010111111010.0","Success","0.00085"
"4N5A","16","1010110100110111","1010110100110111.0","Success","0.00085"
"3I79","16","1110000011001","1110000011001.0","Success","0.00092"
"9FMZ","16","100110101010010","100110101010010.0","Success","0.00054"
"1OYR","16","10010101100010","10010101100010.0","Success","0.00052"
"7F17","16","1101010011010010","1101010011010010.0","Success","0.00078"
"2XTK","16","1000001001001011","1000001001001011.0","Success","0.00078"
"4QV3","16","1100001111010101","1100001111010101.0","Success","0.00025"
"8E6I","16","1000100111001111","1000100111001111.0","Success","0.00099"
"1UH3","16","101001101110000","101001101110000.0","Success","0.00078"
"6XQG","16","110000110011001","110000110011001.0","Success","0.00122"
"5MQG","16","1101010010100101","1101010010100101.0","Success","0.00124"
"3WWS","16","1001010000111","1001010000111.0","Success","0.00142"
"4JX5","16","101110101110011","101110101110011.0","Success","0.00038"
"8GDL","16","1000110100101000","1000110100101000.0","Success","0.00073"
"4DF8","16","1000101011101010","1000101011101010.0","Success","0.00082"
"7WT0","16","1011100111010001","1011100111010001.0","Success","0.00101"
"7LJL","16","110110110100111","110110110100111.0","Success","0.00074"
"7DKD","16","11100101110110","11100101110110.0","Success","0.0005"
"5ZQE","16","101000010100100","101000010100100.0","Success","0.00044"
"8BEV","16","1010001011001","1010001011001.0","Success","0.00084"
"4N7W","16","110010101001000","110010101001000.0","Success","0.00078"
"3QZ0","16","1110001010101111","1110001010101111.0","Success","0.00158"
"6EYC","16","1000101011100001","1000101011100001.0","Success","0.00031"
"2G2O","16","100000111000010","100000111000010.0","Success","0.0011"
"1SSC","16","1100101111000101","1100101111000101.0","Success","0.00176"
"2XLC","16","1001110110110","1001110110110.0","Success","0.00046"
"9GKG","16","1100100110010110","1100100110010110.0","Success","0.00062"
"8FVL","16","1110010001101100","1110010001101100.0","Success","0.00081"
"7VFF","16","11101000000110","11101000000110.0","Success","0.00048"
"5ZSZ","16","111111100100001","111111100100001.0","Success","0.00113"
"3WDW","16","1010100100010101","1010100100010101.0","Success","0.00079"
"3EQG","16","1011110101001000","1011110101001000.0","Success","0.0011"
"2W2Q","16","1101101100101101","1101101100101101.0","Success","0.00095"
"9QXY","16","111111010011111","111111010011111.0","Success","0.00128"
"1D7M","16","1010001001111010","1010001001111010.0","Success","0.00138"
"1GKR","16","111000111111","111000111111.0","Success","0.00046"
"2E32","16","1101111011000101","1101111011000101.0","Success","0.00071"
"1VG3","16","1100100011110101","1100100011110101.0","Success","0.00114"
"4H1L","16","1100011010001010","1100011010001010.0","Success","0.00056"
"5USN","16","1110110011000","1110110011000.0","Success","0.00164"
"2EAP","16","1000011110101111","1000011110101111.0","Success","0.00044"
"8DUK","16","1101000010000010","1101000010000010.0","Success","0.00063"
"7MLO","16","10110001011001","10110001011001.0","Success","0.00085"
"5IUB","16","1100011000001","1100011000001.0","Success","0.00096"
"6WCE","16","1100011010011111","1100011010011111.0","Success","0.00109"
"5GO5","16","1110011010010000","1110011010010000.0","Success","0.00156"
"5W6G","16","1101110010110101","1101110010110101.0","Success","0.00064"
"7SME","16","111100100101100","111100100101100.0","Success","0.00101"
"7ZDB","16","1001010100111000","1001010100111000.0","Success","0.00057"
"6I7J","16","111010101001010","111010101001010.0","Success","0.00104"
"6MGK","16","1001101111011111","1001101111011111.0","Success","0.00036"
"8AG3","16","1111110001000001","1111110001000001.0","Success","0.00105"
"3QBH","16","1101101000100011","1101101000100011.0","Success","0.00057"
"1BPY","16","1101101000101110","1101101000101110.0","Success","0.00107"
"4R8D","16","111111001010011","111111001010011.0","Success","0.00074"
"1G6O","16","1110001000110010","1110001000110010.0","Success","0.00077"
"5FNX","16","1100101101001100","1100101101001100.0","Success","0.00141"
"3MSY","16","1110101101001001","1110101101001001.0","Success","0.00043"
"8JDF","16","101000000100","101000000100.0","Success","0.0009"
"8GKZ","16","1000000001011100","1000000001011100.0","Success","0.00064"
"6BFF","16","111100001001100","111100001001100.0","Success","0.00103"
"8FPR","16","1100010110011100","1100010110011100.0","Success","0.00168"
"6NE0","16","1000011001001110","1000011001001110.0","Success","0.00037"
"8KEO","16","1100110000000100","1100110000000100.0","Success","0.0003"
"7BC5","16","1001010001110101","1001010001110101.0","Success","0.0015"
"8R0G","16","1001000100111111","1001000100111111.0","Success","0.00046"
"7RN7","16","11101100100001","11101100100001.0","Success","0.0009"
"4GPG","16","1101101110110","1101101110110.0","Success","0.00115"
"6NQ4","16","1101011110000100","1101011110000100.0","Success","0.00082"
"6BQU","16","1011110001000111","1011110001000111.0","Success","0.00164"
"7PPI","16","1000011101001","1000011101001.0","Success","0.00045"
"1K91","16","1000000111111","1000000111111.0","Success","0.0007"
"6LTB","16","100110100010011","100110100010011.0","Success","0.00065"
"4F21","16","1010010011010111","1010010011010111.0","Success","0.00046"
"7BIK","16","1010010000100101","1010010000100101.0","Success","0.00113"
"9CET","16","110110001011110","110110001011110.0","Success","0.00078"
"7Q1C","16","110100100100110","110100100100110.0","Success","0.00065"
"4JQ3","16","1111011111110001","1111011111110001.0","Success","0.00075"
"2DY0","16","1011001011000011","1011001011000011.0","Success","0.00102"
"6SJP","16","1110010011101010","1110010011101010.0","Success","0.00078"
"5XPI","16","10010001101101","10010001101101.0","Success","0.00164"
"5XXF","16","100010101001110","100010101001110.0","Success","0.00083"
"4I9Z","16","1011101101010110","1011101101010110.0","Success","0.00111"
"2XAS","16","1111110010100000","1111110010100000.0","Success","0.00067"
"1HCE","16","1000111000101111","1000111000101111.0","Success","0.00181"
"8U5X","16","100010111110001","100010111110001.0","Success","0.00084"
"3H7N","16","1000001110010","1000001110010.0","Success","0.00037"
"5VKY","16","101101000111010","101101000111010.0","Success","0.00131"
"6LLF","16","1010001001000100","1010001001000100.0","Success","0.00049"
"4BSF","16","1011001000000110","1011001000000110.0","Success","0.00087"
"1PWW","16","101101101111010","101101101111010.0","Success","0.00051"
"7XZI","16","1101011111000001","1101011111000001.0","Success","0.00028"
"2Y37","16","10100111100100","10100111100100.0","Success","0.00067"
"3AMH","16","100111001000001","100111001000001.0","Success","0.00085"
"5KEC","16","111101001111","111101001111.0","Success","0.00093"
"4EQ3","16","11110011111100","11110011111100.0","Success","0.00136"
"6JLZ","16","111001101011101","111001101011101.0","Success","0.0003"
"7XJM","16","1011110001000100","1011110001000100.0","Success","0.00054"
"4BWF","16","1111011110010001","1111011110010001.0","Success","0.00115"
"1DD1","16","101110101001110","101110101001110.0","Success","0.00071"
"8XNR","16","1011010010001011","1011010010001011.0","Success","0.0003"
"7SUG","16","1111110101111","1111110101111.0","Success","0.00119"
"4BLG","16","1011011110001001","1011011110001001.0","Success","0.00123"
"8BXB","16","1111001010010111","1111001010010111.0","Success","0.00047"
"1JYK","16","1001110001001011","1001110001001011.0","Success","0.00128"
"6J62","16","1100100001000011","1100100001000011.0","Success","0.00125"
"5GL3","16","1010000100001000","1010000100001000.0","Success","0.00048"
"4XMM","16","11111110001","11111110001.0","Success","0.00034"
"8UMH","16","101001110000011","101001110000011.0","Success","0.00021"
"1UVZ","16","110010010011","110010010011.0","Success","0.00075"
"9IP0","16","10001101110001","10001101110001.0","Success","0.0003"
"8IVE","16","10110001011000","10110001011000.0","Success","0.00072"
"2VTR","16","100001001010101","100001001010101.0","Success","0.00112"
"5V79","16","101100011101001","101100011101001.0","Success","0.00084"
"4OAP","16","1001010001000","1001010001000.0","Success","0.00091"
"1XN8","16","1101111010100101","1101111010100101.0","Success","0.00037"
"8HAO","16","111010101101111","111010101101111.0","Success","0.00041"
"3IU9","16","1001110010011111","1001110010011111.0","Success","0.00117"
"4K4V","16","110001011110000","110001011110000.0","Success","0.00063"
"5H6B","16","1000000101100110","1000000101100110.0","Success","0.00123"
"5XPN","16","1011000001101011","1011000001101011.0","Success","0.00121"
"1IZL","16","11011110101001","11011110101001.0","Success","0.0003"
"8BUM","16","1101101101111011","1101101101111011.0","Success","0.0003"
"6FFZ","16","11010001101111","11010001101111.0","Success","0.00053"
"5OQV","16","11011011101010","11011011101010.0","Success","0.00096"
"6D7F","16","1011110111111000","1011110111111000.0","Success","0.00033"
"1QMP","16","1101001100001101","1101001100001101.0","Success","0.00087"
"8UTN","16","11100011100111","11100011100111.0","Success","0.00036"
"3DNV","16","1101111001101010","1101111001101010.0","Success","0.00087"
"6PPM","16","110101101000011","110101101000011.0","Success","0.00061"
"4DLU","16","1011110100011111","1011110100011111.0","Success","0.00146"
"7RW4","16","1011101011000","1011101011000.0","Success","0.00107"
"7VUK","16","11111110001000","11111110001000.0","Success","0.00065"
"8SZV","16","1001111001111110","1001111001111110.0","Success","0.00116"
"7NQ4","16","1111000001101000","1111000001101000.0","Success","0.00069"
"2XXL","16","1000011000001011","1000011000001011.0","Success","0.00071"
"4X3G","16","100100111011001","100100111011001.0","Success","0.00095"
"7R8D","16","111001011101011","111001011101011.0","Success","0.00059"
"6YE0","16","1010101111110101","1010101111110101.0","Success","0.00073"
"4NF7","16","1011011110000001","1011011110000001.0","Success","0.00102"
"2BYS","16","1110010011010011","1110010011010011.0","Success","0.00042"
"7B37","16","1100110100011110","1100110100011110.0","Success","0.00103"
"2L4I","16","1111101010100","1111101010100.0","Success","0.0005"
"8S89","16","1001000100010001","1001000100010001.0","Success","0.00097"
"2J7M","16","1000100111000100","1000100111000100.0","Success","0.00162"
"8TSB","16","1000001101100010","1000001101100010.0","Success","0.00054"
"2YSL","16","10110110","10110110.0","Success","0.00051"
"1YX5","16","101110010111100","101110010111100.0","Success","0.00033"
"7SWS","16","101100011110","101100011110.0","Success","0.00046"
"1AEB","16","100001011111100","100001011111100.0","Success","0.00114"
"1IR6","16","111010101011101","111010101011101.0","Success","0.00098"
"3K1P","16","1001100111000011","1001100111000011.0","Success","0.00077"
"7C8Z","16","1001010010101010","1001010010101010.0","Success","0.00041"
"6OXN","16","10100000101111","10100000101111.0","Success","0.0011"
"7MGM","16","100000110101100","100000110101100.0","Success","0.00036"
"6LJ9","16","1101110001011110","1101110001011110.0","Success","0.00086"
"6CIB","16","110111010001111","110111010001111.0","Success","0.00042"
"7BJY","16","101010000111001","101010000111001.0","Success","0.0013"
"7DE7","16","1011001111100","1011001111100.0","Success","0.00141"
"1JNJ","16","1001110001010","1001110001010.0","Success","0.00042"
"3HAD","16","1101000110110","1101000110110.0","Success","0.00079"
"8QU8","16","1100100001111001","1100100001111001.0","Success","0.00053"
"5NPA","16","1100001000111","1100001000111.0","Success","0.00075"
"5AGJ","16","1011100000000000","1011100000000000.0","Success","0.00119"
"2QK1","16","100100010011110","100100010011110.0","Success","0.00128"
"5O3O","16","1011101101001111","1011101101001111.0","Success","0.00071"
"6UZM","16","1101100001111","1101100001111.0","Success","0.00099"
"3RD6","16","1100100110001001","1100100110001001.0","Success","0.00112"
"1DE2","16","100001100110011","100001100110011.0","Success","0.00039"
"6W5I","16","100110111010001","100110111010001.0","Success","0.00047"
"6HQ1","16","1110110000011001","1110110000011001.0","Success","0.0005"
"8DOV","16","1011110111110011","1011110111110011.0","Success","0.0005"
"3EQ9","16","1011011110110111","1011011110110111.0","Success","0.00075"
"5D9P","16","10001001111010","10001001111010.0","Success","0.00075"
"5SJP","16","1010001101110001","1010001101110001.0","Success","0.00054"
"2JKC","16","1101100011110111","1101100011110111.0","Success","0.00085"
"8V5P","16","1100001011101110","1100001011101110.0","Success","0.0004"
"1CNW","16","101011000011111","101011000011111.0","Success","0.00122"
"4M6A","16","1010001010010001","1010001010010001.0","Success","0.00064"
"1S95","16","1010110111011100","1010110111011100.0","Success","0.00076"
"6PE8","16","1000011100111010","1000011100111010.0","Success","0.00057"
"8CMA","16","101011111111010","101011111111010.0","Success","0.00078"
"5P4O","16","1101101110011110","1101101110011110.0","Success","0.00105"
"4ZKP","16","1001111001110","1001111001110.0","Success","0.001"
"3F9A","16","1100111001011100","1100111001011100.0","Success","0.00115"
"1RQF","16","1111111000001011","1111111000001011.0","Success","0.00051"
"3O05","16","1101110110000000","1101110110000000.0","Success","0.0007"
"6FX2","16","1010110010000001","1010110010000001.0","Success","0.00213"
"6FIE","16","1101111011100011","1101111011100011.0","Success","0.0012"
"8G40","16","1100011010000010","1100011010000010.0","Success","0.00041"
"2ARX","16","10100011110111","10100011110111.0","Success","0.00088"
"1YPQ","16","110110110001010","110110110001010.0","Success","0.00118"
"8G1M","16","11001100000011","11001100000011.0","Success","0.00117"
"8RLD","16","1111100101000010","1111100101000010.0","Success","0.00094"
"3SR2","16","110101111100100","110101111100100.0","Success","0.00051"
"7CJU","16","1001101111111100","1001101111111100.0","Success","0.0007"
"8CWJ","16","101000100010100","101000100010100.0","Success","0.00042"
"2NNL","16","11110011000010","11110011000010.0","Success","0.00077"
"9ERT","16","1101101100111000","1101101100111000.0","Success","0.00103"
"3I40","16","1101101111111010","1101101111111010.0","Success","0.0027"
"3LNE","16","101100011110111","101100011110111.0","Success","0.00132"
"231L","16","1100101111011","1100101111011.0","Success","0.00152"
"3HHK","16","1111010100010111","1111010100010111.0","Success","0.00059"
"6UHR","16","1110111011000010","1110111011000010.0","Success","0.00094"
"4FC0","16","1010000011101111","1010000011101111.0","Success","0.00087"
"7M7V","16","100100100011001","100100100011001.0","Success","0.00085"
"3F6I","16","1010100011100110","1010100011100110.0","Success","0.001"
"4DC2","16","10111000001110","10111000001110.0","Success","0.00103"
"1RFZ","16","1100110100000100","1100110100000100.0","Success","0.00075"
"4R16","16","10000010010010","10000010010010.0","Success","0.00069"
"6ERB","16","1111000010001001","1111000010001001.0","Success","0.0007"
"6SRH","16","110101011111011","110101011111011.0","Success","0.0008"
"6PGJ","16","1001111100101001","1001111100101001.0","Success","0.00097"
"3EQT","16","100011001101111","100011001101111.0","Success","0.0012"
"3U10","16","1111110010010100","1111110010010100.0","Success","0.00136"
"4DG9","16","10101110001101","10101110001101.0","Success","0.00082"
"5P6G","16","101111100111001","101111100111001.0","Success","0.00106"
"2CDY","16","101001110111010","101001110111010.0","Success","0.00068"
"9DJY","16","1110001100101110","1110001100101110.0","Success","0.0004"
"6F2K","16","101001100011000","101001100011000.0","Success","0.00167"
"1QHD","16","1011111110110010","1011111110110010.0","Success","0.001"
"6HKP","16","1001011110110100","1001011110110100.0","Success","0.00102"
"1FZQ","16","1001100111001011","1001100111001011.0","Success","0.00145"
"6OZV","16","100110111111","100110111111.0","Success","0.00068"
"8SDP","16","1010000110000000","1010000110000000.0","Success","0.00073"
"3LDM","16","1101111001011001","1101111001011001.0","Success","0.00116"
"6QIB","16","1101010111010001","1101010111010001.0","Success","0.00056"
"7T5Z","16","100010101100","100010101100.0","Success","0.00049"
"8E63","16","1100011010001100","1100011010001100.0","Success","0.00079"
"1II6","16","111000011111010","111000011111010.0","Success","0.00074"
"4FTR","16","1011111010011100","1011111010011100.0","Success","0.00118"
"3VK2","16","110101100100","110101100100.0","Success","0.0005"
"8G6A","16","1010111011010000","1010111011010000.0","Success","0.0008"
"6BTF","16","1011000001011001","1011000001011001.0","Success","0.00109"
"8YSB","16","100000110110001","100000110110001.0","Success","0.00179"
"1XEI","16","1010100111000110","1010100111000110.0","Success","0.0017"
"3N60","16","110010000010011","110010000010011.0","Success","0.00067"
"4NQK","16","1100111010110","1100111010110.0","Success","0.00056"
"5Z6V","16","1100100101101010","1100100101101010.0","Success","0.00155"
"7ZZN","16","1011001101111011","1011001101111011.0","Success","0.00138"
"5XOC","16","11001111101001","11001111101001.0","Success","0.00107"
"2GT2","16","1011101011001010","1011101011001010.0","Success","0.00077"
"5NS6","16","1100100000111100","1100100000111100.0","Success","0.00053"
"5K7W","16","1001110011111100","1001110011111100.0","Success","0.00086"
"8H6R","16","11000000111001","11000000111001.0","Success","0.00209"
"9CDM","16","111111000011100","111111000011100.0","Success","0.00108"
"7OQC","16","1010000010010111","1010000010010111.0","Success","0.00035"
"8DUY","16","1010100000111100","1010100000111100.0","Success","0.00049"
"8CAR","16","1110001011111100","1110001011111100.0","Success","0.00067"
"8V34","16","11010111011001","11010111011001.0","Success","0.00049"
"1ZLL","16","100111111010101","100111111010101.0","Success","0.00027"
"7WWL","16","1010001011000111","1010001011000111.0","Success","0.00032"
"4R1N","16","101001110001000","101001110001000.0","Success","0.00058"
"8A29","16","1011001101000010","1011001101000010.0","Success","0.00033"
"4Q1S","16","11010001000001","11010001000001.0","Success","0.00024"
"5DVS","16","1010101000110011","1010101000110011.0","Success","0.00088"
"4IK2","16","11111000101011","11111000101011.0","Success","0.00103"
"8AHC","16","1100000011010","1100000011010.0","Success","0.00125"
"7VEV","16","101000110001100","101000110001100.0","Success","0.00077"
"8DNN","16","1101111010010001","1101111010010001.0","Success","0.00055"
"1LJ3","16","1101100101100110","1101100101100110.0","Success","0.0012"
"8XKS","16","1011101001111110","1011101001111110.0","Success","0.00021"
"1UQW","16","101101010110111","101101010110111.0","Success","0.00064"
"6Q6B","16","1000111010100011","1000111010100011.0","Success","0.00087"
"5PXA","16","1001100110011011","1001100110011011.0","Success","0.00099"
"4CJC","16","1000000001010010","1000000001010010.0","Success","0.00061"
"1A4L","16","10000001011","10000001011.0","Success","0.00052"
"3G4N","16","101111101111101","101111101111101.0","Success","0.00065"
"7KC6","16","1110001010011","1110001010011.0","Success","0.00097"
"1H3A","16","1010000000","1010000000.0","Success","0.00045"
"8X7Q","16","110111000101011","110111000101011.0","Success","0.00082"
"7TDL","16","1111101100010111","1111101100010111.0","Success","0.00044"
"4K7Z","16","1111110111010101","1111110111010101.0","Success","0.00087"
"2EZU","16","11000100011011","11000100011011.0","Success","0.00057"
"3OO4","16","111001001101","111001001101.0","Success","0.00115"
"6KNK","16","1000101000000100","1000101000000100.0","Success","0.00056"
"5ILD","16","101010001010000","101010001010000.0","Success","0.00084"
"7D24","16","110011100011111","110011100011111.0","Success","0.00131"
"2MGR","16","101111011011110","101111011011110.0","Success","0.00044"
"6ZTA","16","1100101000001011","1100101000001011.0","Success","0.0005"
"3RV1","16","1011101011","1011101011.0","Success","0.0009"
"4WFV","16","1000100001111111","1000100001111111.0","Success","0.00154"
"3FV7","16","1101101011011111","1101101011011111.0","Success","0.00125"
"8A2W","16","10000100001101","10000100001101.0","Success","0.00129"
"5R0E","16","1010111110011000","1010111110011000.0","Success","0.00082"
"2P0K","16","1101101110111010","1101101110111010.0","Success","0.0013"
"7ZZ0","16","1000100100100110","1000100100100110.0","Success","0.0008"
"6Y9R","16","111011000111000","111011000111000.0","Success","0.00101"
"1DMW","16","1110101000001010","1110101000001010.0","Success","0.00111"
"2WSX","16","1011010110010010","1011010110010010.0","Success","0.00049"
"8JI5","16","10010111011111","10010111011111.0","Success","0.0009"
"3IVC","16","110011000010000","110011000010000.0","Success","0.0008"
"5YEV","16","100010111000111","100010111000111.0","Success","0.00045"
"6Q9U","16","11100100000110","11100100000110.0","Success","0.0021"
"1P2G","16","1010100001110000","1010100001110000.0","Success","0.00068"
"2PJT","16","100001110110000","100001110110000.0","Success","0.00075"
"5DDT","16","1111111001111001","1111111001111001.0","Success","0.00088"
"6QCY","16","100010101","100010101.0","Success","0.00052"
"8YKG","16","1010000110","1010000110.0","Success","0.00034"
"1YZV","16","1001101000000010","1001101000000010.0","Success","0.0014"
"5ETB","16","100100000110101","100100000110101.0","Success","0.0018"
"4B7P","16","110000000100111","110000000100111.0","Success","0.00136"
"41BI","16","1001010000111100","1001010000111100.0","Success","0.0016"
"5XU6","16","11000100110011","11000100110011.0","Success","0.00049"
"5CP5","16","1001001001011000","1001001001011000.0","Success","0.00173"
"6UEO","16","1000110110110110","1000110110110110.0","Success","0.0007"
"6J1U","16","111100001011","111100001011.0","Success","0.00054"
"9CH5","16","1101111010001101","1101111010001101.0","Success","0.00078"
"5L6B","16","1011101011000","1011101011000.0","Success","0.00024"
"8PU1","16","10110101000101","10110101000101.0","Success","0.00119"
"5GAN","16","100000011010001","100000011010001.0","Success","0.00021"
"3CKR","16","1011010110100011","1011010110100011.0","Success","0.00057"
"2GV0","16","111101000001011","111101000001011.0","Success","0.00168"
"7C69","16","1000000000010011","1000000000010011.0","Success","0.00067"
"3NT5","16","110110000111011","110110000111011.0","Success","0.00074"
"4XFT","16","11111111101000","11111111101000.0","Success","0.00111"
"4MKR","16","10011001111011","10011001111011.0","Success","0.00055"
"3NPM","16","1100111001000101","1100111001000101.0","Success","0.00111"
"7KU2","16","1010101101111000","1010101101111000.0","Success","0.00126"
"4FCP","16","101100110110010","101100110110010.0","Success","0.00095"
"1XAN","16","110010111100001","110010111100001.0","Success","0.00089"
"5O9U","16","1110111001001111","1110111001001111.0","Success","0.00068"
"1FH3","16","101000000100001","101000000100001.0","Success","0.00037"
"5EJL","16","110011001001011","110011001001011.0","Success","0.00126"
"1G45","16","101001000100011","101001000100011.0","Success","0.0012"
"2GN2","16","1101010000111","1101010000111.0","Success","0.00105"
"2GKL","16","1101111111100","1101111111100.0","Success","0.00126"
"3THS","16","1101011111111101","1101011111111101.0","Success","0.00058"
"5DJR","16","111000101011011","111000101011011.0","Success","0.00102"
"4DC1","16","1000110100000110","1000110100000110.0","Success","0.00086"
"9BBC","16","100010001011101","100010001011101.0","Success","0.00061"
"6OQH","16","1010100111010000","1010100111010000.0","Success","0.00037"
"8DNZ","16","1110110010010100","1110110010010100.0","Success","0.00083"
"2WKN","16","10111111111010","10111111111010.0","Success","0.00034"
"5PQY","16","1000010101101000","1000010101101000.0","Success","0.00124"
"6UYP","16","101001101001010","101001101001010.0","Success","0.002"
"8ETJ","16","11011111010111","11011111010111.0","Success","0.00028"
"3T1E","16","100001111011100","100001111011100.0","Success","0.00063"
"5N2F","16","11010110100101","11010110100101.0","Success","0.00119"
"1CBW","16","1111011110010000","1111011110010000.0","Success","0.00082"
"190L","16","10010101010110","10010101010110.0","Success","0.00156"
"4YA5","16","100011001110110","100011001110110.0","Success","0.00024"
"1R89","16","1100000000111","1100000000111.0","Success","0.00092"
"5ZES","16","1010000111101100","1010000111101100.0","Success","0.00073"
"5K7X","16","100100010011000","100100010011000.0","Success","0.00043"
"8RNR","16","1011111010001","1011111010001.0","Success","0.00087"
"1B87","16","110000101000100","110000101000100.0","Success","0.00146"
"6QGO","16","1111010101101100","1111010101101100.0","Success","0.00092"
"1KR6","16","1101001001010011","1101001001010011.0","Success","0.00108"
"9HFW","16","1100100100000011","1100100100000011.0","Success","0.00153"
"2Q9F","16","101100100000","101100100000.0","Success","0.00095"
"2J3D","16","1010000110000110","1010000110000110.0","Success","0.00083"
"4AG6","16","1111100101110110","1111100101110110.0","Success","0.00056"
"2YGA","16","111101101011000","111101101011000.0","Success","0.00129"
"2QPT","16","101101111000001","101101111000001.0","Success","0.00091"
"6PN3","16","1000001001100010","1000001001100010.0","Success","0.00066"
"9FM8","16","1001010110001","1001010110001.0","Success","0.00112"
"1GW4","16","10111000100110","10111000100110.0","Success","0.00285"
"8HLF","16","110000000101001","110000000101001.0","Success","0.00125"
"4CYG","16","100000011101000","100000011101000.0","Success","0.00062"
"6HRD","16","1000110100000","1000110100000.0","Success","0.00046"
"6K65","16","1110101111100001","1110101111100001.0","Success","0.00113"
"4LRB","16","10111100001","10111100001.0","Success","0.00056"
"5AYW","16","11110011010100","11110011010100.0","Success","0.0005"
"8DSL","16","1010111100100111","1010111100100111.0","Success","0.00078"
"1QIM","16","101011101100","101011101100.0","Success","0.00084"
"9NZ6","16","100011111100","100011111100.0","Success","0.00039"
"8W5F","16","1110101111001","1110101111001.0","Success","0.00088"
"4JCE","16","1101100001001100","1101100001001100.0","Success","0.00053"
"4NXT","16","1010111101000100","1010111101000100.0","Success","0.00054"
"6DEW","16","1110100010111110","1110100010111110.0","Success","0.00056"
"7XVZ","16","100010010110","100010010110.0","Success","0.00089"
"2NPA","16","101000000011010","101000000011010.0","Success","0.00082"
"7EFX","16","1101100000110110","1101100000110110.0","Success","0.00159"
"4MSF","16","1111011010100011","1111011010100011.0","Success","0.00079"
"7XTY","16","1011101001101001","1011101001101001.0","Success","0.00134"
"4C9Z","16","1111110011010101","1111110011010101.0","Success","0.00095"
"2NLB","16","1011001001011010","1011001001011010.0","Success","0.0016"
"6ZXO","16","1010011001111011","1010011001111011.0","Success","0.00047"
"1K9V","16","101101111010100","101101111010100.0","Success","0.00139"
"6X3V","16","1001000111001100","1001000111001100.0","Success","0.00042"
"4ND5","16","11110110100","11110110100.0","Success","0.00055"
"3FF6","16","1011010011100000","1011010011100000.0","Success","0.00035"
"1AT5","16","1010111011010101","1010111011010101.0","Success","0.00175"
"7KL2","16","1000111001010001","1000111001010001.0","Success","0.00116"
"1URC","16","101111001000010","101111001000010.0","Success","0.00058"
"7LYM","16","101011111101110","101011111101110.0","Success","0.00035"
"6RVG","16","11100110000111","11100110000111.0","Success","0.00118"
"1CXE","16","101111011110000","101111011110000.0","Success","0.00073"
"9ICG","16","101101000001","101101000001.0","Success","0.00107"
"3CHH","16","101100101101110","101100101101110.0","Success","0.00079"
"1GTG","16","1010011011010000","1010011011010000.0","Success","0.00102"
"1T61","16","1101010011011010","1101010011011010.0","Success","0.00052"
"2V3E","16","10110011010011","10110011010011.0","Success","0.00061"
"8BY3","16","111011001110110","111011001110110.0","Success","0.00078"
"1FGV","16","110000101101100","110000101101100.0","Success","0.00131"
"4GGR","16","110101100101110","110101100101110.0","Success","0.00187"
"3GFK","16","1110100111110000","1110100111110000.0","Success","0.00142"
"6JZF","16","1100001001001001","1100001001001001.0","Success","0.00111"
"6XTZ","16","10111110000100","10111110000100.0","Success","0.00095"
"6D3W","16","1111100000111001","1111100000111001.0","Success","0.00087"
"7ADB","16","1100111011100000","1100111011100000.0","Success","0.00025"
"8GGY","16","110010010010111","110010010010111.0","Success","0.00112"
"3RU8","16","110011111001100","110011111001100.0","Success","0.0007"
"5V7J","16","1011110001110111","1011110001110111.0","Success","0.00051"
"6U9U","16","1001010111001011","1001010111001011.0","Success","0.00092"
"2HT8","16","110110110010000","110110110010000.0","Success","0.00098"
"5JTW","16","11110011100011","11110011100011.0","Success","0.00035"
"1Z5U","16","1101101110001010","1101101110001010.0","Success","0.00067"
"5LSU","16","1101111100010000","1101111100010000.0","Success","0.00091"
"4JAJ","16","110100001100001","110100001100001.0","Success","0.00126"
"6XC7","16","1111111010001100","1111111010001100.0","Success","0.00059"
"4ZPE","16","110111010110010","110111010110010.0","Success","0.00101"
"7WOX","16","111010110100110","111010110100110.0","Success","0.00086"
"5INF","16","110011011110101","110011011110101.0","Success","0.00037"
"6VYK","16","1101001000010111","1101001000010111.0","Success","0.00046"
"4E01","16","1000001001001110","1000001001001110.0","Success","0.00111"
"3SOW","16","110100111101101","110100111101101.0","Success","0.0016"
"2QKD","16","101001001110001","101001001110001.0","Success","0.001"
"4ENT","16","100000100110111","100000100110111.0","Success","0.00036"
"5IK7","16","1010011011010111","1010011011010111.0","Success","0.0007"
"7RWC","16","11010011100","11010011100.0","Success","0.00047"
"1J7A","16","1110011010000","1110011010000.0","Success","0.00197"
"3TXQ","16","1011001011000","1011001011000.0","Success","0.00062"
"5A4D","16","1100000101101111","1100000101101111.0","Success","0.00039"
"7FNE","16","100100001100111","100100001100111.0","Success","0.0008"
"1BVN","16","1111110110101111","1111110110101111.0","Success","0.00082"
"5KN7","16","10101101111111","10101101111111.0","Success","0.00108"
"1RKJ","16","100010000000001","100010000000001.0","Success","0.00039"
"8KEQ","16","1011101100110101","1011101100110101.0","Success","0.0003"
"6W26","16","1111110010010","1111110010010.0","Success","0.0008"
"3T2K","16","10011001000100","10011001000100.0","Success","0.00095"
"1QAW","16","111111010101101","111111010101101.0","Success","0.0007"
"5HFN","16","1110011111101010","1110011111101010.0","Success","0.00047"
"5N53","16","10110110111001","10110110111001.0","Success","0.00096"
"4GJD","16","101011010001","101011010001.0","Success","0.00073"
"2EGU","16","1110100000000111","1110100000000111.0","Success","0.00114"
"2WTX","16","110101100100","110101100100.0","Success","0.00045"
"8B9P","16","1011100111100001","1011100111100001.0","Success","0.00054"
"1MOK","16","1111011011011100","1111011011011100.0","Success","0.00042"
"5UNI","16","1000000000101000","1000000000101000.0","Success","0.00103"
"7A52","16","1111110001100101","1111110001100101.0","Success","0.00075"
"2KPI","16","10101100000101","10101100000101.0","Success","0.00059"
"3QVB","16","101011110111011","101011110111011.0","Success","0.00125"
"4CTJ","16","110010001100011","110010001100011.0","Success","0.00086"
"2GBA","16","1101010011000101","1101010011000101.0","Success","0.00189"
"6AUL","16","1101111111111001","1101111111111001.0","Success","0.00178"
"1T7N","16","1010010101001111","1010010101001111.0","Success","0.00078"
"6HMR","16","101000010100000","101000010100000.0","Success","0.00081"
"2B2W","16","1101000110110110","1101000110110110.0","Success","0.00093"
"2X4X","16","1101111000011101","1101111000011101.0","Success","0.00082"
"3JCA","16","101101100000","101101100000.0","Success","0.00056"
"7LJJ","16","1101000011110011","1101000011110011.0","Success","0.00082"
"6YLI","16","1011110001011011","1011110001011011.0","Success","0.001"
"5KEU","16","11010111000000","11010111000000.0","Success","0.00081"
"3RZ7","16","101011101101010","101011101101010.0","Success","0.00119"
"8Z1Y","16","1001101101110011","1001101101110011.0","Success","0.00045"
"6BN6","16","1111011011010","1111011011010.0","Success","0.00089"
"5C46","16","1010110010101111","1010110010101111.0","Success","0.00076"
"5BUP","16","1100101011101101","1100101011101101.0","Success","0.00153"
"8EUA","16","1100000010001111","1100000010001111.0","Success","0.00109"
"6F6K","16","11001101011000","11001101011000.0","Success","0.00082"
"8DF7","16","1001011110011011","1001011110011011.0","Success","0.00048"
"2DY5","16","110011011001010","110011011001010.0","Success","0.00132"
"5NPC","16","100110010010000","100110010010000.0","Success","0.00069"
"8REL","16","11000101011001","11000101011001.0","Success","0.00066"
"7CP9","16","1000110011100111","1000110011100111.0","Success","0.00061"
"4XZA","16","1001000010111010","1001000010111010.0","Success","0.00072"
"7O9J","16","1000000010001011","1000000010001011.0","Success","0.00078"
"2WCX","16","11111000011","11111000011.0","Success","0.00085"
"2BCB","16","100011111100000","100011111100000.0","Success","0.0004"
"1SJU","16","1100000111011100","1100000111011100.0","Success","0.00062"
"6NHQ","16","1001001000100","1001001000100.0","Success","0.0005"
"5KV8","16","110111001010101","110111001010101.0","Success","0.00067"
"1D5R","16","100001110101111","100001110101111.0","Success","0.00112"
"3P44","16","1110101000100101","1110101000100101.0","Success","0.0012"
"1MAL","16","10011101000011","10011101000011.0","Success","0.00054"
"2MEM","16","100010000110110","100010000110110.0","Success","0.00038"
"5N7I","16","11011101100","11011101100.0","Success","0.00134"
"3VV6","16","11001000000110","11001000000110.0","Success","0.001"
"8IGC","16","1010111001010101","1010111001010101.0","Success","0.00147"
"3LHL","16","1110011010111000","1110011010111000.0","Success","0.00117"
"3MXJ","16","1101001001101100","1101001001101100.0","Success","0.00091"
"2WBK","16","1010100111011001","1010100111011001.0","Success","0.00046"
"1ISY","16","1001011111000101","1001011111000101.0","Success","0.00066"
"6TCN","16","1101111010100101","1101111010100101.0","Success","0.00067"
"4FFX","16","1010011001010011","1010011001010011.0","Success","0.00045"
"2DAO","16","10001111111001","10001111111001.0","Success","0.0004"
"7VBH","16","100110010111110","100110010111110.0","Success","0.00058"
"1OUX","16","11110000110010","11110000110010.0","Success","0.00091"
"7AVV","16","1101111010010","1101111010010.0","Success","0.00092"
"3ITO","16","110011010111101","110011010111101.0","Success","0.00047"
"4J82","16","1001010000001011","1001010000001011.0","Success","0.00078"
"1WEP","16","11001100010000","11001100010000.0","Success","0.00049"
"3EGS","16","110100111000110","110100111000110.0","Success","0.00093"
"3V74","16","100100101111011","100100101111011.0","Success","0.00097"
"5IKP","16","1001001010","1001001010.0","Success","0.00068"
"6CD1","16","1000100001001","1000100001001.0","Success","0.00032"
"2DB4","16","1011111010110000","1011111010110000.0","Success","0.00048"
"4R26","16","1101000101110000","1101000101110000.0","Success","0.00092"
"1R9L","16","1011001010100110","1011001010100110.0","Success","0.0011"
"5UZU","16","1111001011011110","1111001011011110.0","Success","0.00077"
"9BLT","16","1000110100110010","1000110100110010.0","Success","0.00064"
"7WOO","16","1001010110101000","1001010110101000.0","Success","0.00021"
"1C9O","16","1001111111000011","1001111111000011.0","Success","0.0017"
"4OC5","16","1010010101111010","1010010101111010.0","Success","0.00073"
"1MIM","16","101000001111001","101000001111001.0","Success","0.00096"
"8J7K","16","1000101101110010","1000101101110010.0","Success","0.00073"
"2M2N","16","1001111101011011","1001111101011011.0","Success","0.00049"
"7G4T","16","110010010001000","110010010001000.0","Success","0.00068"
"7E15","16","10100111000011","10100111000011.0","Success","0.00057"
"6O6M","16","110001110","110001110.0","Success","0.00048"
"8PX4","16","1100110000011000","1100110000011000.0","Success","0.00109"
"4YQP","16","110110011001000","110110011001000.0","Success","0.00125"
"2ITG","16","1001010001111011","1001010001111011.0","Success","0.0015"
"6NAQ","16","1010110001111011","1010110001111011.0","Success","0.00039"
"4ECZ","16","110001100001","110001100001.0","Success","0.00093"
"6PA0","16","1111100000000001","1111100000000001.0","Success","0.00083"
"6QPH","16","1111010110111100","1111010110111100.0","Success","0.00037"
"1L6O","16","1010100010001010","1010100010001010.0","Success","0.00116"
"5KT5","16","1101111010100101","1101111010100101.0","Success","0.00102"
"8GKR","16","10010011110010","10010011110010.0","Success","0.00094"
"8YUE","16","100000011101010","100000011101010.0","Success","0.00072"
"1MAB","16","1011110110001110","1011110110001110.0","Success","0.00059"
"4TYW","16","110110011110011","110110011110011.0","Success","0.00085"
"8ONW","16","1110011100010111","1110011100010111.0","Success","0.00075"
"6TFS","16","110111101100011","110111101100011.0","Success","0.00062"
"5N56","16","110100100010110","110100100010110.0","Success","0.00096"
"4WEM","16","1110000010010001","1110000010010001.0","Success","0.001"
"3HAB","16","1000111110110","1000111110110.0","Success","0.00051"
"8V7B","16","1011111001001010","1011111001001010.0","Success","0.00094"
"8W8R","16","11010001110100","11010001110100.0","Success","0.00058"
"7JGT","16","1100011001111","1100011001111.0","Success","0.00199"
"4D41","16","101001110111001","101001110111001.0","Success","0.00042"
"3LBB","16","1011010011001101","1011010011001101.0","Success","0.00125"
"4DPT","16","100100000110001","100100000110001.0","Success","0.00076"
"7P4B","16","111011011101101","111011011101101.0","Success","0.0005"
"5THU","16","110101001101000","110101001101000.0","Success","0.00074"
"3UQZ","16","110111011111","110111011111.0","Success","0.00067"
"5QN2","16","100111111100110","100111111100110.0","Success","0.00104"
"5DN3","16","101001100011","101001100011.0","Success","0.00119"
"1V7Y","16","1110100001000110","1110100001000110.0","Success","0.00088"
"4U7N","16","10101100011110","10101100011110.0","Success","0.00093"
"9B68","16","1010101100101011","1010101100101011.0","Success","0.00049"
"6IPE","16","1111011011010111","1111011011010111.0","Success","0.00104"
"3N31","16","110111010101110","110111010101110.0","Success","0.00123"
"3G0S","16","1111010100101110","1111010100101110.0","Success","0.0008"
"4ZKX","16","1110011000101110","1110011000101110.0","Success","0.00054"
"2QZ9","16","110110010011110","110110010011110.0","Success","0.00061"
"5H2G","16","101111000110101","101111000110101.0","Success","0.0008"
"129L","16","101110011001111","101110011001111.0","Success","0.0015"
"4WLU","16","101001110011011","101001110011011.0","Success","0.00055"
"2KM8","16","1101000111100111","1101000111100111.0","Success","0.00039"
"3IIR","16","1100000001110100","1100000001110100.0","Success","0.001"
"6P0W","16","1010000111011000","1010000111011000.0","Success","0.0014"
"2AOC","16","100010110","100010110.0","Success","0.00139"
"2K4R","16","1000001110111101","1000001110111101.0","Success","0.0004"
"6CNK","16","1010000000001101","1010000000001101.0","Success","0.00037"
"4IYR","16","110001101010001","110001101010001.0","Success","0.00092"
"2H5Q","16","1101110010","1101110010.0","Success","0.00127"
"8CMB","16","1100001100100011","1100001100100011.0","Success","0.00101"
"4RDA","16","10001001010","10001001010.0","Success","0.00101"
"8FBC","16","110011110111001","110011110111001.0","Success","0.00071"
"5PTA","16","1000011110001111","1000011110001111.0","Success","0.00122"
"2LZT","16","110101101010101","110101101010101.0","Success","0.0017"
"2YF2","16","1111110100001111","1111110100001111.0","Success","0.00104"
"6F2D","16","100101011011001","100101011011001.0","Success","0.00049"
"3AA8","16","1010000100101110","1010000100101110.0","Success","0.00114"
"6EB4","16","1110110001111100","1110110001111100.0","Success","0.00082"
"8TEF","16","1001101010101000","1001101010101000.0","Success","0.00043"
"3G9Z","16","110000001000100","110000001000100.0","Success","0.00111"
"3FK9","16","1011001011111000","1011001011111000.0","Success","0.00111"
"7YXC","16","101110100110111","101110100110111.0","Success","0.00122"
"7YZ9","16","10001110000110","10001110000110.0","Success","0.00111"
"6RT0","16","11101011010","11101011010.0","Success","0.0007"
"6C4Z","16","1110001100011000","1110001100011000.0","Success","0.00092"
"2ZDY","16","1101100111110010","1101100111110010.0","Success","0.00073"
"8WIA","16","1101000011101111","1101000011101111.0","Success","0.00067"
"7MU1","16","110000001010001","110000001010001.0","Success","0.0012"
"4LIP","16","1101111110010111","1101111110010111.0","Success","0.00077"
"9B21","16","1101010111000000","1101010111000000.0","Success","0.00094"
"2YA8","16","1101011100110010","1101011100110010.0","Success","0.00064"
"1AG4","16","1101101011100101","1101101011100101.0","Success","0.00186"
"2FMK","16","1101101111001100","1101101111001100.0","Success","0.00162"
"5Y6H","16","1000110010101001","1000110010101001.0","Success","0.0018"
"1BPL","16","1111101111001","1111101111001.0","Success","0.00091"
"7YLW","16","1110000011011011","1110000011011011.0","Success","0.0002"
"1O2H","16","1011101111111","1011101111111.0","Success","0.00129"
"8CJ8","16","1000001110000","1000001110000.0","Success","0.00037"
"6HM1","16","110010011001000","110010011001000.0","Success","0.00095"
"1PKX","16","1000001110110000","1000001110110000.0","Success","0.00041"
"3UCN","16","10011000101011","10011000101011.0","Success","0.00092"
"3W16","16","111010000100001","111010000100001.0","Success","0.00122"
"6GBK","16","1010100001011","1010100001011.0","Success","0.00078"
"1QC6","16","1001011101001010","1001011101001010.0","Success","0.00128"
"7DZ3","16","1110100010010101","1110100010010101.0","Success","0.00057"
"1GNF","16","1010100100011000","1010100100011000.0","Success","0.00057"
"9L0D","16","101000010011100","101000010011100.0","Success","0.00048"
"5KQO","16","11110101011011","11110101011011.0","Success","0.00069"
"8D7H","16","1011101000100111","1011101000100111.0","Success","0.0005"
"4DYN","16","10000010100101","10000010100101.0","Success","0.00066"
"1VBB","16","1111011000110","1111011000110.0","Success","0.00066"
"2WEI","16","1011101000011101","1011101000011101.0","Success","0.00114"
"4ANV","16","1010010110110000","1010010110110000.0","Success","0.00065"
"3U7W","16","110000110100101","110000110100101.0","Success","0.00091"
"1ZDA","16","111001010011010","111001010011010.0","Success","0.00063"
"7RTA","16","10001001000001","10001001000001.0","Success","0.00093"
"8H6D","16","1100100101011000","1100100101011000.0","Success","0.00055"
"6O26","16","1100000110100111","1100000110100111.0","Success","0.00091"
"2IIJ","16","1001101011001111","1001101011001111.0","Success","0.00033"
"1BHF","16","1100001111110110","1100001111110110.0","Success","0.00188"
"3DIE","16","1101111100110","1101111100110.0","Success","0.00131"
"1A6N","16","1001100101111010","1001100101111010.0","Success","0.00156"
"7YE6","16","1111000011110111","1111000011110111.0","Success","0.00047"
"5VZS","16","100010000001110","100010000001110.0","Success","0.00121"
"1I32","16","11110000100111","11110000100111.0","Success","0.00041"
"6Q77","16","1000001101100","1000001101100.0","Success","0.00183"
"6Y7L","16","1011010011101110","1011010011101110.0","Success","0.00185"
"8TRK","16","1010111010011101","1010111010011101.0","Success","0.00047"
"7MNI","16","11010010110010","11010010110010.0","Success","0.00057"
"5AHK","16","11111110100010","11111110100010.0","Success","0.00056"
"4KUG","16","1101110000001110","1101110000001110.0","Success","0.00058"
"1D2F","16","101000000101100","101000000101100.0","Success","0.00073"
"3VV0","16","10010001","10010001.0","Success","0.00129"
"1HZM","16","1111000100111100","1111000100111100.0","Success","0.0016"
"4I02","16","1001101000110110","1001101000110110.0","Success","0.00056"
"4QU7","16","1000100011010110","1000100011010110.0","Success","0.00107"
"8TAU","16","1101011001110110","1101011001110110.0","Success","0.00021"
"2EBL","16","101010100001","101010100001.0","Success","0.00046"
"3F81","16","10010001001","10010001001.0","Success","0.00098"
"7SKS","16","1101001010000111","1101001010000111.0","Success","0.00082"
"3PR4","16","110011011100101","110011011100101.0","Success","0.00107"
"6RMW","16","1110110101010001","1110110101010001.0","Success","0.00035"
"1TCS","16","1000110111001010","1000110111001010.0","Success","0.00121"
"6HBU","16","1010110100101101","1010110100101101.0","Success","0.00057"
"6UG8","16","1000010110100111","1000010110100111.0","Success","0.00093"
"5N8Q","16","1111110011110011","1111110011110011.0","Success","0.00086"
"8QHW","16","1000111110101110","1000111110101110.0","Success","0.00133"
"3VJF","16","1000010110000001","1000010110000001.0","Success","0.00145"
"3K4N","16","1001101011100","1001101011100.0","Success","0.00056"
"3LD1","16","11100100011110","11100100011110.0","Success","0.00102"
"8JEJ","16","1000010001001111","1000010001001111.0","Success","0.00058"
"9JNT","16","1100010111010011","1100010111010011.0","Success","0.00055"
"7OQE","16","100100011101011","100100011101011.0","Success","0.00022"
"7DHS","16","11110111","11110111.0","Success","0.0012"
"2WHN","16","1000101101011100","1000101101011100.0","Success","0.00135"
"3UQB","16","1001000001000011","1001000001000011.0","Success","0.00138"
"1Z4Z","16","11111100001100","11111100001100.0","Success","0.00092"
"1I8N","16","1010100101101100","1010100101101100.0","Success","0.0012"
"4JT8","16","1111011101010100","1111011101010100.0","Success","0.0012"
"2H8W","16","1110110010011110","1110110010011110.0","Success","0.00036"
"8HAR","16","1110100110100001","1110100110100001.0","Success","0.00071"
"2PNA","16","1011010101000100","1011010101000100.0","Success","0.0004"
"6CJ4","16","1000000101101011","1000000101101011.0","Success","0.00126"
"1C7W","16","1101010000001011","1101010000001011.0","Success","0.00236"
"4FB9","16","110110100000111","110110100000111.0","Success","0.00058"
"181L","16","1000011100010111","1000011100010111.0","Success","0.00153"
"7CBC","16","1000100100110","1000100100110.0","Success","0.00077"
"1MI3","16","1001011000011000","1001011000011000.0","Success","0.00053"
"5JCO","16","11000000011000","11000000011000.0","Success","0.00027"
"2VT4","16","1100100110001101","1100100110001101.0","Success","0.00059"
"6OQ4","16","1101100101101100","1101100101101100.0","Success","0.00091"
"2X5S","16","1010100110011101","1010100110011101.0","Success","0.00075"
"3BG1","16","110110101001110","110110101001110.0","Success","0.00037"
"4WB4","16","1011010101111","1011010101111.0","Success","0.00212"
"2PKE","16","1110111111","1110111111.0","Success","0.0009"
"4AMJ","16","1011110100101000","1011110100101000.0","Success","0.0008"
"3CCS","16","111110111101101","111110111101101.0","Success","0.00032"
"1J83","16","1010011010010000","1010011010010000.0","Success","0.00101"
"5I68","16","100100101100100","100100101100100.0","Success","0.00076"
"2F2K","16","1111101000000000","1111101000000000.0","Success","0.00106"
"3JRQ","16","101000101001011","101000101001011.0","Success","0.00092"
"1EI1","16","1101101111100111","1101101111100111.0","Success","0.00071"
"2EJ5","16","1110110001100","1110110001100.0","Success","0.00087"
"3DMO","16","1111010101000011","1111010101000011.0","Success","0.00085"
"1A7V","16","11100010101110","11100010101110.0","Success","0.00124"
"4A1I","16","1101101101110001","1101101101110001.0","Success","0.00054"
"5F3G","16","11000111101111","11000111101111.0","Success","0.00053"
"4WCF","16","110010000001000","110010000001000.0","Success","0.00062"
"4DFI","16","100100000110000","100100000110000.0","Success","0.0017"
"3ICF","16","1011101001110100","1011101001110100.0","Success","0.00078"
"8JCK","16","11111000000001","11111000000001.0","Success","0.00114"
"5U8O","16","111100000001100","111100000001100.0","Success","0.00052"
"7ADN","16","101111101010101","101111101010101.0","Success","0.00099"
"4O9E","16","110100111001110","110100111001110.0","Success","0.00116"
"5VJI","16","1101011000110111","1101011000110111.0","Success","0.00115"
"4BB7","16","11000010011101","11000010011101.0","Success","0.00061"
"5MAW","16","1011100100011110","1011100100011110.0","Success","0.001"
"3KKW","16","10101001000101","10101001000101.0","Success","0.00147"
"4E3J","16","10001010111001","10001010111001.0","Success","0.00072"
"7KCV","16","111010001","111010001.0","Success","0.001"
"8BXM","16","1101100100110","1101100100110.0","Success","0.00126"
"1O7H","16","1101110001011100","1101110001011100.0","Success","0.00075"
"6T76","16","1101110011100111","1101110011100111.0","Success","0.00078"
"2PAX","16","1100010001011101","1100010001011101.0","Success","0.00103"
"4HAK","16","111100111110101","111100111110101.0","Success","0.00085"
"7ARF","16","1111011111000110","1111011111000110.0","Success","0.00113"
"1I4V","16","1010101011010100","1010101011010100.0","Success","0.00028"
"4EUX","16","1110110100110011","1110110100110011.0","Success","0.00068"
"6P3J","16","1011111101100001","1011111101100001.0","Success","0.00073"
"7CAC","16","1101000101111","1101000101111.0","Success","0.00033"
"7V1M","16","1110010010100100","1110010010100100.0","Success","0.0006"
"2EBG","16","11000110100110","11000110100110.0","Success","0.00138"
"8BPP","16","111000110101101","111000110101101.0","Success","0.00059"
"5JEL","16","1000111110000001","1000111110000001.0","Success","0.00123"
"9JTW","16","1100011101100010","1100011101100010.0","Success","0.00068"
"9C6W","16","1100001001","1100001001.0","Success","0.00067"
"3IVB","16","1101111101001001","1101111101001001.0","Success","0.00158"
"1BZ7","16","111111000011111","111111000011111.0","Success","0.00094"
"1SQP","16","10000110101","10000110101.0","Success","0.00043"
"4NYL","16","100101000110110","100101000110110.0","Success","0.00052"
"1Z6J","16","111010001101111","111010001101111.0","Success","0.0008"
"2MZ6","16","10010101111111","10010101111111.0","Success","0.00323"
"8FV2","16","1011010100100011","1011010100100011.0","Success","0.00087"
"1K1J","16","101001011101001","101001011101001.0","Success","0.00128"
"3KKL","16","1111011110111100","1111011110111100.0","Success","0.00092"
"1DGW","16","1110001010111001","1110001010111001.0","Success","0.00104"
"3KWZ","16","11000110100101","11000110100101.0","Success","0.0013"
"3HWB","16","101001101110000","101001101110000.0","Success","0.00076"
"7Y4T","16","100011100111101","100011100111101.0","Success","0.00118"
"2J0Y","16","1101110001110011","1101110001110011.0","Success","0.00054"
"5UA2","16","1000010111001000","1000010111001000.0","Success","0.0014"
"8EGZ","16","1100010101000","1100010101000.0","Success","0.00071"
"6E4U","16","110100110010111","110100110010111.0","Success","0.00069"
"5JMG","16","1100100111000101","1100100111000101.0","Success","0.00118"
"6MUN","16","1001110110011010","1001110110011010.0","Success","0.00037"
"5BT8","16","100100001000000","100100001000000.0","Success","0.00039"
"3IWW","16","110101110011111","110101110011111.0","Success","0.00072"
"4A7C","16","1001000100010111","1001000100010111.0","Success","0.00119"
"4LGG","16","1000001111000110","1000001111000110.0","Success","0.00087"
"6L29","16","10111101011000","10111101011000.0","Success","0.00125"
"6WJT","16","100011100011","100011100011.0","Success","0.00067"
"1WU1","16","11101110000","11101110000.0","Success","0.00113"
"2HK2","16","11100010010100","11100010010100.0","Success","0.00076"
"2IGY","16","1010101001001110","1010101001001110.0","Success","0.00076"
"4DYL","16","1001111111111111","1001111111111111.0","Success","0.00098"
"9JMD","16","110010111110011","110010111110011.0","Success","0.00057"
"3KQJ","16","100101100110","100101100110.0","Success","0.00094"
"4S29","16","1001100111001101","1001100111001101.0","Success","0.00088"
"5P1J","16","110011000100","110011000100.0","Success","0.00107"
"6KWV","16","11001110001011","11001110001011.0","Success","0.00122"
"8YNL","16","1100100110011101","1100100110011101.0","Success","0.00048"
"6LKF","16","1110100001110010","1110100001110010.0","Success","0.00036"
"1JJG","16","1100111011001000","1100111011001000.0","Success","0.00042"
"4H3F","16","1101100000100100","1101100000100100.0","Success","0.0007"
"4AS5","16","1111010001001111","1111010001001111.0","Success","0.00059"
"6KJW","16","101100101110","101100101110.0","Success","0.00166"
"3QBK","16","1101010101111","1101010101111.0","Success","0.00071"
"7TJX","16","1010011011110001","1010011011110001.0","Success","0.00035"
"1QOX","16","101100100001110","101100100001110.0","Success","0.00024"
"4YAF","16","1000011010100111","1000011010100111.0","Success","0.00056"
"6OX0","16","1100011100010101","1100011100010101.0","Success","0.0006"
"1FW9","16","1001011000100000","1001011000100000.0","Success","0.00151"
"2DCT","16","110001100100110","110001100100110.0","Success","0.00136"
"5CBZ","16","1010000010000100","1010000010000100.0","Success","0.00116"
"6V1M","16","1000100100010001","1000100100010001.0","Success","0.00123"
"2ENY","16","1011000101011110","1011000101011110.0","Success","0.00042"
"1FRS","16","11011011000100","11011011000100.0","Success","0.00096"
"1H35","16","1011101101010100","1011101101010100.0","Success","0.00046"
"6MGU","16","1001110010011010","1001110010011010.0","Success","0.00074"
"8R2C","16","1010001100000101","1010001100000101.0","Success","0.00149"
"5SEE","16","1110100110100001","1110100110100001.0","Success","0.00109"
"8X01","16","11010111111110","11010111111110.0","Success","0.00048"
"7VGZ","16","1001000110100100","1001000110100100.0","Success","0.00057"
"4LV5","16","1011100100110","1011100100110.0","Success","0.00071"
"5WQT","16","1011001100111011","1011001100111011.0","Success","0.001"
"7DMR","16","110110000011110","110110000011110.0","Success","0.00079"
"2XRX","16","11110110101","11110110101.0","Success","0.00023"
"6LBB","16","111010101010111","111010101010111.0","Success","0.00079"
"5VYR","16","1001000111110000","1001000111110000.0","Success","0.00085"
"6RJ0","16","1101111010011000","1101111010011000.0","Success","0.00086"
"7CE8","16","1100101001100101","1100101001100101.0","Success","0.00041"
"6D46","16","1110011111011","1110011111011.0","Success","0.001"
"5KKE","16","110010101000101","110010101000101.0","Success","0.00184"
"4EMF","16","100110110010110","100110110010110.0","Success","0.00121"
"7DVJ","16","110111100110001","110111100110001.0","Success","0.00074"
"5FVR","16","1110101011111111","1110101011111111.0","Success","0.00068"
"7ZBG","16","1010100011010","1010100011010.0","Success","0.00099"
"5FRO","16","1111101010000111","1111101010000111.0","Success","0.00083"
"1YYF","16","1101111111001101","1101111111001101.0","Success","0.00056"
"6OA1","16","1011001110011","1011001110011.0","Success","0.00085"
"4Q48","16","1000110101111000","1000110101111000.0","Success","0.00059"
"4DEY","16","1111001010000101","1111001010000101.0","Success","0.00108"
"6ZP7","16","110000101110100","110000101110100.0","Success","0.00036"
"5IH8","16","11110011011011","11110011011011.0","Success","0.00108"
"1U5T","16","1101111110000110","1101111110000110.0","Success","0.0007"
"2N66","16","1011001010110001","1011001010110001.0","Success","0.00059"
"1KBF","16","1011111011001100","1011111011001100.0","Success","0.00062"
"3J46","16","100100110100111","100100110100111.0","Success","0.00056"
"6WHU","16","1111111111101110","1111111111101110.0","Success","0.00035"
"8F2R","16","1101000101000111","1101000101000111.0","Success","0.00045"
"2PFR","16","110011001001101","110011001001101.0","Success","0.00082"
"5B6Q","16","1011011111111101","1011011111111101.0","Success","0.00157"
"1B5Q","16","111000100110","111000100110.0","Success","0.00053"
"4LGQ","16","1000111110000011","1000111110000011.0","Success","0.00085"
"6OVP","16","1001001110010111","1001001110010111.0","Success","0.00124"
"2ZTI","16","1001010110011000","1001010110011000.0","Success","0.00145"
"6EMH","16","1101001101011101","1101001101011101.0","Success","0.00051"
"2JA3","16","1011010000111111","1011010000111111.0","Success","0.0006"
"7YCJ","16","1011001011001","1011001011001.0","Success","0.00082"
"4AV5","16","10101010000101","10101010000101.0","Success","0.00075"
"3Q7P","16","1000000001000001","1000000001000001.0","Success","0.00112"
"1BC3","16","10111100100001","10111100100001.0","Success","0.00107"
"1QG6","16","1010101101000000","1010101101000000.0","Success","0.00059"
"5W9E","16","1111100011011101","1111100011011101.0","Success","0.00089"
"2FFV","16","10010010010100","10010010010100.0","Success","0.00062"
"5MFW","16","1111010001101000","1111010001101000.0","Success","0.00086"
"6R57","16","1011011011010111","1011011011010111.0","Success","0.00095"
"7Q9M","16","1110101100001011","1110101100001011.0","Success","0.00032"
"8SMI","16","1001110111101011","1001110111101011.0","Success","0.00076"
"2ZVB","16","110010011000111","110010011000111.0","Success","0.00123"
"6RGZ","16","1110100001011101","1110100001011101.0","Success","0.00073"
"3X1T","16","1101000010000010","1101000010000010.0","Success","0.0007"
"4DMN","16","100010101010010","100010101010010.0","Success","0.00157"
"3O83","16","101110000110100","101110000110100.0","Success","0.00065"
"7JTL","16","111110110100100","111110110100100.0","Success","0.00131"
"3RR7","16","1010110110101101","1010110110101101.0","Success","0.00085"
"5SY7","16","101110100100000","101110100100000.0","Success","0.00081"
"2CCB","16","1000000000","1000000000.0","Success","0.00242"
"1QG8","16","1010010001100000","1010010001100000.0","Success","0.00128"
"5NZL","16","1111011011001010","1111011011001010.0","Success","0.00088"
"3MO0","16","100101101010000","100101101010000.0","Success","0.00089"
"7DUK","16","1100101001110000","1100101001110000.0","Success","0.0004"
"7XUM","16","110111001010101","110111001010101.0","Success","0.0007"
"9BS0","16","110100111100011","110100111100011.0","Success","0.00036"
"7U7J","16","1011101101101000","1011101101101000.0","Success","0.00091"
"6W2X","16","1000110111100110","1000110111100110.0","Success","0.00052"
"8AEW","16","1011100101100110","1011100101100110.0","Success","0.0006"
"1PBB","16","10100010101101","10100010101101.0","Success","0.00097"
"2EA4","16","1000000100000011","1000000100000011.0","Success","0.001"
"3VWD","16","101101111001100","101101111001100.0","Success","0.00141"
"3F9T","16","1000001111011111","1000001111011111.0","Success","0.0007"
"8Y5V","16","1100100000101111","1100100000101111.0","Success","0.00109"
"7BY1","16","111110011001011","111110011001011.0","Success","0.00081"
"1G59","16","1000000111100100","1000000111100100.0","Success","0.00064"
"5UL4","16","11101001111100","11101001111100.0","Success","0.0007"
"9NOR","16","11111010011","11111010011.0","Success","0.00049"
"1JQ3","16","1000100100110000","1000100100110000.0","Success","0.00056"
"8HHS","16","1100101010101010","1100101010101010.0","Success","0.00031"
"2NQM","16","100000101010110","100000101010110.0","Success","0.00071"
"2WNR","16","1000100111110000","1000100111110000.0","Success","0.00053"
"7GMJ","16","10000110100011","10000110100011.0","Success","0.00079"
"6HUZ","16","110011100111000","110011100111000.0","Success","0.001"
"7R5G","16","1101010011001100","1101010011001100.0","Success","0.0011"
"6XE1","16","1100101001101000","1100101001101000.0","Success","0.00076"
"3IRC","16","1101001001111111","1101001001111111.0","Success","0.00186"
"1GG8","16","1111111001100110","1111111001100110.0","Success","0.00066"
"7G5L","16","100001101011110","100001101011110.0","Success","0.00069"
"8TXR","16","1010111100011001","1010111100011001.0","Success","0.0004"
"3ZZI","16","101001010111101","101001010111101.0","Success","0.00033"
"7CXR","16","1111101110101001","1111101110101001.0","Success","0.00077"
"1XRP","16","100011001001100","100011001001100.0","Success","0.00112"
"3ONR","16","11111101010","11111101010.0","Success","0.00067"
"6K4E","16","1010011000011110","1010011000011110.0","Success","0.00087"
"3MBJ","16","1000000111110001","1000000111110001.0","Success","0.00115"
"6BCQ","16","1110001000111","1110001000111.0","Success","0.00031"
"3PUN","16","1001110101111","1001110101111.0","Success","0.00078"
"4I1A","16","10011001001","10011001001.0","Success","0.00077"
"5ROB","16","110000010110101","110000010110101.0","Success","0.00057"
"2RAW","16","1001101001101101","1001101001101101.0","Success","0.00134"
"8WHQ","16","1100010101000100","1100010101000100.0","Success","0.00101"
"6KML","16","1011001001001","1011001001001.0","Success","0.00088"
"4ZVV","16","1001100011000100","1001100011000100.0","Success","0.00054"
"2ZO5","16","111000010010010","111000010010010.0","Success","0.0006"
"8TW0","16","1101000100100010","1101000100100010.0","Success","0.00222"
"8FG4","16","10111101100001","10111101100001.0","Success","0.00147"
"1PB0","16","110010110110110","110010110110110.0","Success","0.00073"
"5KUX","16","1001100010001000","1001100010001000.0","Success","0.00198"
"6DZM","16","1101011011010001","1101011011010001.0","Success","0.00048"
"1RFB","16","1000010100010100","1000010100010100.0","Success","0.00125"
"1FOB","16","101001100000110","101001100000110.0","Success","0.00108"
"7AT8","16","1010101100111100","1010101100111100.0","Success","0.00056"
"2MJA","16","111010110010010","111010110010010.0","Success","0.00038"
"3CIK","16","100011010000","100011010000.0","Success","0.0006"
"6ZU0","16","1101110000101010","1101110000101010.0","Success","0.00038"
"5ZW5","16","1001111000010000","1001111000010000.0","Success","0.00071"
"3ZQN","16","100101111100101","100101111100101.0","Success","0.00074"
"9MFN","16","1101101111111","1101101111111.0","Success","0.00094"
"8AOF","16","1001111101001111","1001111101001111.0","Success","0.00102"
"2OY4","16","11100000011101","11100000011101.0","Success","0.00108"
"4Q88","16","1100011001001","1100011001001.0","Success","0.00074"
"3VFW","16","1101100010101100","1101100010101100.0","Success","0.001"
"6A84","16","110110110011111","110110110011111.0","Success","0.00132"
"5WVC","16","101110110010001","101110110010001.0","Success","0.00081"
"3DAJ","16","1100100101001110","1100100101001110.0","Success","0.00125"
"7OVQ","16","1001101001000100","1001101001000100.0","Success","0.00038"
"1ZUI","16","100000100101","100000100101.0","Success","0.00155"
"3NM3","16","1000001011001011","1000001011001011.0","Success","0.00035"
"7Q49","16","111000101011","111000101011.0","Success","0.00077"
"5Z7N","16","1001001111000001","1001001111000001.0","Success","0.00083"
"3LPY","16","111100110101","111100110101.0","Success","0.00158"
"9ITE","16","101100001101011","101100001101011.0","Success","0.00057"
"5DM0","16","111100010100111","111100010100111.0","Success","0.00083"
"3T1I","16","100001111110","100001111110.0","Success","0.0005"
"5HPQ","16","111110110101111","111110110101111.0","Success","0.00122"
"1UY2","16","1111110110111100","1111110110111100.0","Success","0.00162"
"8W0B","16","10000010010001","10000010010001.0","Success","0.00046"
"6ZC7","16","110001010110000","110001010110000.0","Success","0.0014"
"6TFY","16","1011110100001000","1011110100001000.0","Success","0.00084"
"5KZ0","16","1101111101100100","1101111101100100.0","Success","0.00113"
"1V89","16","11111000001101","11111000001101.0","Success","0.0004"
"7EA7","16","1110100100110101","1110100100110101.0","Success","0.00129"
"8K2L","16","110011111110000","110011111110000.0","Success","0.0008"
"4P7E","16","100100010101","100100010101.0","Success","0.00083"
"5DG5","16","101111111110001","101111111110001.0","Success","0.0008"
"3GNP","16","1100100101110101","1100100101110101.0","Success","0.00089"
"1BRT","16","1011110101111","1011110101111.0","Success","0.00118"
"3HDQ","16","101101100111110","101101100111110.0","Success","0.00032"
"1JH3","16","1011101111101111","1011101111101111.0","Success","0.00044"
"7ZZR","16","11001101000111","11001101000111.0","Success","0.00059"
"5E8J","16","1001110100010100","1001110100010100.0","Success","0.00071"
"2P2C","16","100110000101011","100110000101011.0","Success","0.00039"
"7I2B","16","1010010100101110","1010010100101110.0","Success","0.00081"
"4U9Z","16","100100011000","100100011000.0","Success","0.00143"
"2BF1","16","100011001000111","100011001000111.0","Success","0.00111"
"6YOF","16","11100000000110","11100000000110.0","Success","0.00089"
"7GB1","16","101100111100100","101100111100100.0","Success","0.00113"
"4HIM","16","11001111100010","11001111100010.0","Success","0.00167"
"6X97","16","111100011011111","111100011011111.0","Success","0.00041"
"3K7H","16","10101010011100","10101010011100.0","Success","0.00155"
"3UC5","16","10100101000100","10100101000100.0","Success","0.00158"
"4MQP","16","1000011101110001","1000011101110001.0","Success","0.00065"
"3MEB","16","101011011111101","101011011111101.0","Success","0.00067"
"1L30","16","110101101100100","110101101100100.0","Success","0.00147"
"3AFH","16","1100111111001010","1100111111001010.0","Success","0.00088"
"6XTF","16","11110110001","11110110001.0","Success","0.00067"
"7BGW","16","1101010000","1101010000.0","Success","0.00129"
"2GGX","16","1101111011010000","1101111011010000.0","Success","0.00092"
"6MXT","16","1000010101001","1000010101001.0","Success","0.00081"
"9NFK","16","1011000101111110","1011000101111110.0","Success","0.00066"
"6N2G","16","1000000011100100","1000000011100100.0","Success","0.0006"
"3GGQ","16","1000011111101110","1000011111101110.0","Success","0.00161"
"3TSY","16","1011011101000011","1011011101000011.0","Success","0.00067"
"8P28","16","11010101101","11010101101.0","Success","0.00038"
"2AJ9","16","111110111101011","111110111101011.0","Success","0.00075"
"1ZA4","16","1010111011000101","1010111011000101.0","Success","0.00133"
"5SXY","16","1101000101000111","1101000101000111.0","Success","0.00045"
"8U69","16","101001011001111","101001011001111.0","Success","0.00062"
"6X4Y","16","1100000001010","1100000001010.0","Success","0.0003"
"5IUI","16","1111110111010110","1111110111010110.0","Success","0.00113"
"6FGX","16","1110100100111100","1110100100111100.0","Success","0.00098"
"1F32","16","1000111010100111","1000111010100111.0","Success","0.00171"
"3MLR","16","11101000000111","11101000000111.0","Success","0.00092"
"3PO7","16","1101011101100010","1101011101100010.0","Success","0.00061"
"5UKA","16","100000100011010","100000100011010.0","Success","0.00067"
"4YPW","16","1010010110111011","1010010110111011.0","Success","0.00125"
"1AEN","16","111010110110011","111010110110011.0","Success","0.00115"
"4OLL","16","1011011110001","1011011110001.0","Success","0.00111"
"2Q5L","16","100110111100100","100110111100100.0","Success","0.00059"
"2KFU","16","1011001001111100","1011001001111100.0","Success","0.00035"
"1TVZ","16","110111001111010","110111001111010.0","Success","0.00101"
"8ONU","16","100100001110001","100100001110001.0","Success","0.00036"
"6E48","16","11100001100100","11100001100100.0","Success","0.00066"
"1KY2","16","111000000111110","111000000111110.0","Success","0.00143"
"5ZBB","16","1101011001010","1101011001010.0","Success","0.00075"
"5C5S","16","111001110011100","111001110011100.0","Success","0.00067"
"8KCC","16","1001011100101","1001011100101.0","Success","0.00054"
"8FNL","16","110010101111000","110010101111000.0","Success","0.00055"
"8V89","16","1001010100100011","1001010100100011.0","Success","0.00044"
"5DSC","16","1111001000101011","1111001000101011.0","Success","0.00047"
"5YBE","16","1110001010000000","1110001010000000.0","Success","0.00117"
"6ZGT","16","11010011110001","11010011110001.0","Success","0.00071"
"5I74","16","1111011000000000","1111011000000000.0","Success","0.00061"
"6P04","16","1111011000111001","1111011000111001.0","Success","0.00085"
"5WEJ","16","1000000110100000","1000000110100000.0","Success","0.00106"
"1OSB","16","1010110000100","1010110000100.0","Success","0.0008"
"4XMD","16","111000000101000","111000000101000.0","Success","0.0014"
"1J06","16","1111110001100","1111110001100.0","Success","0.0006"
"3KAE","16","1100001010000101","1100001010000101.0","Success","0.00064"
"5ELY","16","1000000010000","1000000010000.0","Success","0.00073"
"8P4X","16","1100100000100000","1100100000100000.0","Success","0.00061"
"2LXM","16","1111111101011100","1111111101011100.0","Success","0.00044"
"2JN3","16","1110001110000100","1110001110000100.0","Success","0.00038"
"6UN9","16","100110011111111","100110011111111.0","Success","0.00121"
"6N1R","16","1000010110001","1000010110001.0","Success","0.00026"
"5CAB","16","1111001100001011","1111001100001011.0","Success","0.00114"
"8AM0","16","1011100001111000","1011100001111000.0","Success","0.00054"
"3JXF","16","1110101100100111","1110101100100111.0","Success","0.00082"
"6EE7","16","1110011000111111","1110011000111111.0","Success","0.00204"
"6URY","16","101010010100011","101010010100011.0","Success","0.00082"
"1PNB","16","1000001000011111","1000001000011111.0","Success","0.00062"
"4O28","16","1010100010001111","1010100010001111.0","Success","0.00066"
"4UM5","16","1100010011111110","1100010011111110.0","Success","0.00075"
"6RCB","16","110011111110101","110011111110101.0","Success","0.00107"
"5CTT","16","10001110011000","10001110011000.0","Success","0.00093"
"2G9G","16","111110011001011","111110011001011.0","Success","0.00145"
"3HW1","16","1110111001110111","1110111001110111.0","Success","0.00057"
"8PA2","16","110101101010110","110101101010110.0","Success","0.00059"
"5Y9B","16","1011110000110110","1011110000110110.0","Success","0.00082"
"3NG0","16","1101101111111010","1101101111111010.0","Success","0.00089"
"3ELL","16","1100101110010011","1100101110010011.0","Success","0.00098"
"4JYB","16","1001000101111101","1001000101111101.0","Success","0.00075"
"8QEJ","16","10001100110010","10001100110010.0","Success","0.00075"
"8FK4","16","10001011000110","10001011000110.0","Success","0.00024"
"6B8C","16","111010100100110","111010100100110.0","Success","0.00178"
"1UDK","16","110000100100010","110000100100010.0","Success","0.0006"
"2FJK","16","1100101010000110","1100101010000110.0","Success","0.00056"
"1S12","16","11000011111","11000011111.0","Success","0.00103"
"3E0J","16","10111000110000","10111000110000.0","Success","0.0004"
"3OTL","16","1010000000010110","1010000000010110.0","Success","0.00111"
"4PO0","16","1011001011110001","1011001011110001.0","Success","0.0008"
"7AHO","16","1100010111100100","1100010111100100.0","Success","0.00047"
"7DC1","16","100101101010","100101101010.0","Success","0.00168"
"6A6T","16","10110100110011","10110100110011.0","Success","0.00092"
"5TU7","16","100100000010001","100100000010001.0","Success","0.0012"
"2QG8","16","111101110011000","111101110011000.0","Success","0.0016"
"4TXA","16","1110100010011011","1110100010011011.0","Success","0.00099"
"1X1S","16","1000001111101010","1000001111101010.0","Success","0.00152"
"5RXS","16","111001100000111","111001100000111.0","Success","0.00084"
"2BOA","16","10001101000000","10001101000000.0","Success","0.00069"
"8QT4","16","110110011010","110110011010.0","Success","0.00107"
"8YYU","16","1001000000100111","1001000000100111.0","Success","0.00056"
"7UDU","16","111000100001110","111000100001110.0","Success","0.00044"
"6EUG","16","110000110101010","110000110101010.0","Success","0.00101"
"4LEV","16","1100001111100","1100001111100.0","Success","0.00071"
"8HX0","16","1010010101100001","1010010101100001.0","Success","0.00044"
"7EGQ","16","1010110100010","1010110100010.0","Success","0.00024"
"2JD5","16","101111110100001","101111110100001.0","Success","0.00071"
"4HUU","16","1011101110100","1011101110100.0","Success","0.00071"
"7CDI","16","1010000011101100","1010000011101100.0","Success","0.00077"
"6OGZ","16","110010100110010","110010100110010.0","Success","0.0002"
"4C1A","16","1001100111001000","1001100111001000.0","Success","0.00164"
"5F3H","16","1011010100000010","1011010100000010.0","Success","0.00042"
"2VXG","16","110011100111011","110011100111011.0","Success","0.00119"
"3T7C","16","1110011010000100","1110011010000100.0","Success","0.00056"
"8JCB","16","110110100001000","110110100001000.0","Success","0.00043"
"7V3O","16","11100111111001","11100111111001.0","Success","0.0012"
"4CNJ","16","1111001111101","1111001111101.0","Success","0.00049"
"8XFE","16","10100100011010","10100100011010.0","Success","0.00037"
"5T1Y","16","100000101010100","100000101010100.0","Success","0.00064"
"8BGY","16","1000010100011111","1000010100011111.0","Success","0.00053"
"7EH2","16","110110011010101","110110011010101.0","Success","0.00023"
"8HV8","16","1110010000101111","1110010000101111.0","Success","0.0011"
"8BYZ","16","1111000010100110","1111000010100110.0","Success","0.00126"
"7P0C","16","1110111000011000","1110111000011000.0","Success","0.00111"
"4YSO","16","1000010100010001","1000010100010001.0","Success","0.00111"
"6SDZ","16","1001001101000010","1001001101000010.0","Success","0.00061"
"7XCN","16","101111100000101","101111100000101.0","Success","0.00029"
"7F5A","16","1010111010011010","1010111010011010.0","Success","0.00031"
"8WC0","16","111111111110010","111111111110010.0","Success","0.00062"
"5QCF","16","1000111111101000","1000111111101000.0","Success","0.00132"
"1JSW","16","101000011010001","101000011010001.0","Success","0.00046"
"4U7K","16","11100011001001","11100011001001.0","Success","0.00074"
"3WWH","16","1001010000010000","1001010000010000.0","Success","0.00107"
"2G3I","16","1010000011110100","1010000011110100.0","Success","0.00111"
"8WP6","16","1110110111110100","1110110111110100.0","Success","0.00144"
"3UZO","16","111001010110000","111001010110000.0","Success","0.00075"
"6Q30","16","1111011110011111","1111011110011111.0","Success","0.00088"
"3ZLS","16","100000100101011","100000100101011.0","Success","0.00109"
"2M9M","16","1111010000110001","1111010000110001.0","Success","0.00052"
"4KXN","16","10100011011000","10100011011000.0","Success","0.00084"
"2L89","16","10010000110001","10010000110001.0","Success","0.00042"
"2PM7","16","1100100110000","1100100110000.0","Success","0.00055"
"1G6M","16","111111100001110","111111100001110.0","Success","0.00059"
"2HJV","16","1110100000101001","1110100000101001.0","Success","0.00111"
"1TPS","16","1011100011010011","1011100011010011.0","Success","0.0013"
"3FDF","16","1100110101000","1100110101000.0","Success","0.00072"
"6W3N","16","110110111100010","110110111100010.0","Success","0.00084"
"9LC0","16","1011000100000100","1011000100000100.0","Success","0.00024"
"3O6Q","16","1111000110010001","1111000110010001.0","Success","0.001"
"4XAE","16","1001111011000","1001111011000.0","Success","0.00077"
"1YOZ","16","111100110111100","111100110111100.0","Success","0.00127"
"2DBK","16","1101101100100","1101101100100.0","Success","0.00046"
"2CMF","16","1001000010001110","1001000010001110.0","Success","0.00085"
"4RPI","16","11100100110","11100100110.0","Success","0.00069"
"6LZ8","16","10000110111100","10000110111100.0","Success","0.00087"
"4REW","16","1110001110101011","1110001110101011.0","Success","0.00068"
"3RS9","16","1001111011111000","1001111011111000.0","Success","0.00087"
"4F9K","16","101001000011110","101001000011110.0","Success","0.00129"
"2HS3","16","1011110010110001","1011110010110001.0","Success","0.00078"
"1PCH","16","101101000101110","101101000101110.0","Success","0.00213"
"3RUW","16","1001001000000101","1001001000000101.0","Success","0.00042"
"3INL","16","111011010010110","111011010010110.0","Success","0.00031"
"6VOT","16","100010101100100","100010101100100.0","Success","0.00084"
"6VDI","16","101000101101100","101000101101100.0","Success","0.00078"
"4FHQ","16","1100000010000101","1100000010000101.0","Success","0.00194"
"3O1A","16","11010111110111","11010111110111.0","Success","0.00098"
"2GGN","16","1011011100111","1011011100111.0","Success","0.0012"
"9DK4","16","1110110101011010","1110110101011010.0","Success","0.00061"
"1ZA7","16","100101101000110","100101101000110.0","Success","0.00088"
"4NA1","16","1000110111100","1000110111100.0","Success","0.00055"
"8P0Q","16","1000100110110111","1000100110110111.0","Success","0.00054"
"5QN1","16","1110001000101001","1110001000101001.0","Success","0.001"
"5OQF","16","1000010000010011","1000010000010011.0","Success","0.00069"
"4HMX","16","110110010101100","110110010101100.0","Success","0.00093"
"4GCL","16","1110111010110010","1110111010110010.0","Success","0.0005"
"4UQM","16","11010100010100","11010100010100.0","Success","0.00127"
"3FAO","16","1111100000001010","1111100000001010.0","Success","0.00139"
"1JLU","16","100110011010","100110011010.0","Success","0.00103"
"3BIF","16","110110111010111","110110111010111.0","Success","0.00093"
"7NLQ","16","1011111110000001","1011111110000001.0","Success","0.00113"
"6Q7P","16","1011011101010001","1011011101010001.0","Success","0.00129"
"7UYO","16","1101111010100100","1101111010100100.0","Success","0.00124"
"2FNO","16","10001010011111","10001010011111.0","Success","0.00089"
"6TA2","16","10111100000111","10111100000111.0","Success","0.00063"
"7VZ8","16","10111000010011","10111000010011.0","Success","0.00028"
"3R8Q","16","100010110100000","100010110100000.0","Success","0.00118"
"5PB2","16","1110011010000000","1110011010000000.0","Success","0.00105"
"3K35","16","1101011010011011","1101011010011011.0","Success","0.00046"
"5F2A","16","1010010110110","1010010110110.0","Success","0.00157"
"5E35","16","1110101101111001","1110101101111001.0","Success","0.00088"
"1HIP","16","1100110010100","1100110010100.0","Success","0.00208"
"2NZ4","16","110110100101000","110110100101000.0","Success","0.00103"
"8I7X","16","1001011010101110","1001011010101110.0","Success","0.0004"
"6BQX","16","100110011111111","100110011111111.0","Success","0.00101"
"8TT3","16","101000101011101","101000101011101.0","Success","0.00037"
"1IGO","16","10011110011110","10011110011110.0","Success","0.00097"
"4TM0","16","110000100110100","110000100110100.0","Success","0.00047"
"8DWD","16","101110101100100","101110101100100.0","Success","0.00102"
"5XR5","16","1111100110011101","1111100110011101.0","Success","0.00134"
"5UMX","16","100000110101001","100000110101001.0","Success","0.00124"
"6R4F","16","110100001010001","110100001010001.0","Success","0.00053"
"8YOZ","16","101110000110100","101110000110100.0","Success","0.00156"
"4MR8","16","1010010001110101","1010010001110101.0","Success","0.00066"
"4V34","16","111010101011","111010101011.0","Success","0.0011"
"4ION","16","1011111000111","1011111000111.0","Success","0.00115"
"7W0H","16","110101010011110","110101010011110.0","Success","0.00021"
"8BSP","16","1110000010111110","1110000010111110.0","Success","0.00104"
"1JXH","16","1101010011101111","1101010011101111.0","Success","0.00086"
"7O36","16","1001001011101","1001001011101.0","Success","0.00092"
"5F7U","16","100111110010","100111110010.0","Success","0.00059"
"1GIN","16","1111011111111110","1111011111111110.0","Success","0.00094"
"6W24","16","1000001001100000","1000001001100000.0","Success","0.00032"
"5Z6S","16","11011110101110","11011110101110.0","Success","0.00118"
"5MJQ","16","1111101110010110","1111101110010110.0","Success","0.00105"
"7B41","16","111010001111101","111010001111101.0","Success","0.00115"
"2FMR","16","11111101111000","11111101111000.0","Success","0.00056"
"8C89","16","1001011011110101","1001011011110101.0","Success","0.00075"
"1ITO","16","101011110111","101011110111.0","Success","0.0012"
"4JQ9","16","1000111101111101","1000111101111101.0","Success","0.00036"
"2HOW","16","1000011001001100","1000011001001100.0","Success","0.00073"
"5GS2","16","1100110101001010","1100110101001010.0","Success","0.0006"
"7CD2","16","110010111000001","110010111000001.0","Success","0.00042"
"1S89","16","1100011000000010","1100011000000010.0","Success","0.00064"
"2HFK","16","11000111010100","11000111010100.0","Success","0.00081"
"4FUS","16","110001011011111","110001011011111.0","Success","0.00075"
"6HB7","16","100101010010","100101010010.0","Success","0.00067"
"1M03","16","11100010010101","11100010010101.0","Success","0.00088"
"3RG8","16","11011111000110","11011111000110.0","Success","0.00055"
"8G81","16","110000111111000","110000111111000.0","Success","0.00051"
"4C05","16","1111100001111000","1111100001111000.0","Success","0.00108"
"4FC1","16","100000010100100","100000010100100.0","Success","0.00281"
"3F2P","16","1000101100011001","1000101100011001.0","Success","0.00108"
"8GJ5","16","1001110100111010","1001110100111010.0","Success","0.0007"
"5DOO","16","1101100001101","1101100001101.0","Success","0.0006"
"1A3E","16","1110100110110001","1110100110110001.0","Success","0.00112"
"3CS2","16","1110110110001100","1110110110001100.0","Success","0.00052"
"2FDV","16","110001111101011","110001111101011.0","Success","0.00045"
"3UM8","16","10111001010101","10111001010101.0","Success","0.0006"
"5FBU","16","100100000000010","100100000000010.0","Success","0.00071"
"1AR4","16","1110000010001111","1110000010001111.0","Success","0.00096"
"7AWT","16","1100001111011111","1100001111011111.0","Success","0.0004"
"5FJY","16","110110011110","110110011110.0","Success","0.00069"
"5SEC","16","1111011000111101","1111011000111101.0","Success","0.00055"
"6RNI","16","1101111010011011","1101111010011011.0","Success","0.00103"
"7M8X","16","10101001010101","10101001010101.0","Success","0.00111"
"3AX3","16","1001001100111110","1001001100111110.0","Success","0.00109"
"6L6K","16","111011100111","111011100111.0","Success","0.00128"
"4DWA","16","1101000110111110","1101000110111110.0","Success","0.00113"
"7R44","16","10000011001110","10000011001110.0","Success","0.00022"
"1S7H","16","10101001000101","10101001000101.0","Success","0.00071"
"7LMN","16","110011111110101","110011111110101.0","Success","0.00093"
"6VIJ","16","111111110110101","111111110110101.0","Success","0.00097"
"2EW1","16","1001111011101110","1001111011101110.0","Success","0.00147"
"1BDC","16","1010010100110000","1010010100110000.0","Success","0.00078"
"2W0S","16","1001111101000110","1001111101000110.0","Success","0.00096"
"5FQV","16","110000010100111","110000010100111.0","Success","0.00128"
"5UAI","16","1101111011011100","1101111011011100.0","Success","0.00056"
"5X2E","16","11001110111110","11001110111110.0","Success","0.00219"
"7SQS","16","1011100100110001","1011100100110001.0","Success","0.00083"
"5P0W","16","111101110011110","111101110011110.0","Success","0.00104"
"5GRQ","16","1110001101100","1110001101100.0","Success","0.00128"
"6HWJ","16","111101011001111","111101011001111.0","Success","0.00068"
"7LW6","16","1011011111110111","1011011111110111.0","Success","0.00145"
"6TXF","16","10110001110011","10110001110011.0","Success","0.00062"
"5KPT","16","1100101001011111","1100101001011111.0","Success","0.00104"
"8K2W","16","10101101111010","10101101111010.0","Success","0.00097"
"6GOY","16","1100110100011000","1100110100011000.0","Success","0.00127"
"5D2T","16","111010101010","111010101010.0","Success","0.00121"
"4U2Q","16","11100110111110","11100110111110.0","Success","0.00035"
"2WLB","16","100011001001110","100011001001110.0","Success","0.00137"
"2H62","16","110001110000001","110001110000001.0","Success","0.00096"
"9H87","16","10111000110011","10111000110011.0","Success","0.00183"
"4JEI","16","1011001101010111","1011001101010111.0","Success","0.00111"
"2C97","16","1110010101001","1110010101001.0","Success","0.00073"
"6GPZ","16","1010010001111100","1010010001111100.0","Success","0.00168"
"3BD4","16","110000011010011","110000011010011.0","Success","0.0013"
"5J4A","16","1000111001110101","1000111001110101.0","Success","0.00094"
"6E1A","16","101111001010111","101111001010111.0","Success","0.00089"
"1YY7","16","1011011110010011","1011011110010011.0","Success","0.00096"
"2COO","16","1101101001110100","1101101001110100.0","Success","0.00052"
"2K7I","16","1110110110010111","1110110110010111.0","Success","0.00039"
"8KHC","16","110000011011100","110000011011100.0","Success","0.00033"
"1GR7","16","10000011000000","10000011000000.0","Success","0.00086"
"7H5N","16","1110011001010","1110011001010.0","Success","0.00106"
"3BTT","16","1010100110110100","1010100110110100.0","Success","0.00114"
"6MOO","16","1110101110111011","1110101110111011.0","Success","0.0011"
"7TN6","16","1111101111010011","1111101111010011.0","Success","0.00119"
"1GA2","16","1101010001110111","1101010001110111.0","Success","0.00055"
"4EI5","16","110101010100101","110101010100101.0","Success","0.00048"
"7WQM","16","1010110010110000","1010110010110000.0","Success","0.00077"
"3EP4","16","111111010010110","111111010010110.0","Success","0.00112"
"2QJN","16","1111100010110001","1111100010110001.0","Success","0.00049"
"4MWV","16","1110001110110111","1110001110110111.0","Success","0.00098"
"4X9M","16","1001010011000101","1001010011000101.0","Success","0.001"
"3AOB","16","10010010101000","10010010101000.0","Success","0.00034"
"2D8H","16","111000010001110","111000010001110.0","Success","0.00049"
"6KCU","16","1111000110111101","1111000110111101.0","Success","0.00216"
"9G64","16","11111000111001","11111000111001.0","Success","0.00083"
"8TPA","16","1001110000011100","1001110000011100.0","Success","0.00043"
"8QI6","16","1000101000000010","1000101000000010.0","Success","0.00135"
"2V2O","16","1110100101111111","1110100101111111.0","Success","0.00149"
"8J99","16","1010101010001011","1010101010001011.0","Success","0.0003"
"5P0L","16","1001000011011","1001000011011.0","Success","0.00107"
"8W8H","16","1000010000011010","1000010000011010.0","Success","0.00064"
"6MQ9","16","1000000111111010","1000000111111010.0","Success","0.00059"
"2VHE","16","101011001011110","101011001011110.0","Success","0.00101"
"8ITV","16","1001011001101001","1001011001101001.0","Success","0.00055"
"1CLY","16","1101000111110101","1101000111110101.0","Success","0.00093"
"1Q03","16","110010111110010","110010111110010.0","Success","0.00113"
"3HTS","16","100110101000000","100110101000000.0","Success","0.00213"
"1RL6","16","1101010010001010","1101010010001010.0","Success","0.0015"
"5NZ2","16","1010111001010100","1010111001010100.0","Success","0.00158"
"6CX4","16","1101101001111001","1101101001111001.0","Success","0.00122"
"7C22","16","1110101110111111","1110101110111111.0","Success","0.00092"
"7KG4","16","100101001100","100101001100.0","Success","0.00077"
"4RF4","16","1011101111100000","1011101111100000.0","Success","0.00086"
"4N9J","16","111001000010010","111001000010010.0","Success","0.00092"
"5OB1","16","1000011111011000","1000011111011000.0","Success","0.0023"
"5PER","16","11110110101011","11110110101011.0","Success","0.00177"
"2FHM","16","1001000001110110","1001000001110110.0","Success","0.00045"
"6GCD","16","100011101011111","100011101011111.0","Success","0.0011"
"1HCG","16","1110000001101100","1110000001101100.0","Success","0.00116"
"3U6I","16","100100000001","100100000001.0","Success","0.00116"
"1XJU","16","1100100001101011","1100100001101011.0","Success","0.00109"
"3GJQ","16","11111001100011","11111001100011.0","Success","0.00089"
"6AK7","16","1011011001000110","1011011001000110.0","Success","0.00122"
"6Y3P","16","1100100111010011","1100100111010011.0","Success","0.00103"
"9BD4","16","110111111011001","110111111011001.0","Success","0.00086"
"2FTY","16","11111000000010","11111000000010.0","Success","0.00041"
"7K6X","16","1000111001100010","1000111001100010.0","Success","0.00122"
"2YI8","16","1101011100100110","1101011100100110.0","Success","0.00031"
"6RM2","16","1011001011101011","1011001011101011.0","Success","0.00073"
"3GMS","16","101101111101100","101101111101100.0","Success","0.00103"
"3BHO","16","111100001111111","111100001111111.0","Success","0.00136"
"5GUK","16","1101001100101000","1101001100101000.0","Success","0.00092"
"2C2Y","16","100100100010","100100100010.0","Success","0.00114"
"6O9X","16","1110111000110010","1110111000110010.0","Success","0.00087"
"5DFX","16","11011110101100","11011110101100.0","Success","0.0015"
"2ZMC","16","100000010101010","100000010101010.0","Success","0.0012"
"8JGR","16","10001111111100","10001111111100.0","Success","0.0009"
"2AHP","16","1101010101011110","1101010101011110.0","Success","0.00243"
"9F2Y","16","11111000100100","11111000100100.0","Success","0.00053"
"2FRE","16","11000100110110","11000100110110.0","Success","0.00098"
"9BPI","16","1000101011111101","1000101011111101.0","Success","0.0003"
"7YL7","16","100010001101000","100010001101000.0","Success","0.00099"
"4Y13","16","1001101011100011","1001101011100011.0","Success","0.00127"
"3CHY","16","1011000011101011","1011000011101011.0","Success","0.00172"
"7ZQ7","16","11000000001101","11000000001101.0","Success","0.00048"
"5VRM","16","1101111101011110","1101111101011110.0","Success","0.0006"
"3SI4","16","10010001010001","10010001010001.0","Success","0.00114"
"5MGG","16","1010011011101111","1010011011101111.0","Success","0.00177"
"8GCT","16","1000000100011010","1000000100011010.0","Success","0.0006"
"3VW1","16","100001100000001","100001100000001.0","Success","0.00074"
"5D5F","16","110000111110000","110000111110000.0","Success","0.00171"
"8W4O","16","100010111110000","100010111110000.0","Success","0.00089"
"2FW7","16","11011010111011","11011010111011.0","Success","0.00112"
"6NWQ","16","1100110011100001","1100110011100001.0","Success","0.00092"
"4AHJ","16","1010010100110111","1010010100110111.0","Success","0.00177"
"4UZF","16","1011100100001011","1011100100001011.0","Success","0.00075"
"1M43","16","1001110000100111","1001110000100111.0","Success","0.00074"
"3O33","16","101011111101110","101011111101110.0","Success","0.00073"
"3ANR","16","1101000111100100","1101000111100100.0","Success","0.00054"
"4E26","16","110110000010111","110110000010111.0","Success","0.00083"
"4MJZ","16","1001110100011101","1001110100011101.0","Success","0.00078"
"6JT2","16","111001100100000","111001100100000.0","Success","0.0006"
"7MJD","16","1101100010000111","1101100010000111.0","Success","0.0006"
"3NQR","16","110010001001011","110010001001011.0","Success","0.0009"
"7CEP","16","1100001101100101","1100001101100101.0","Success","0.00094"
"1UNS","16","1000001110110011","1000001110110011.0","Success","0.00126"
"2M0B","16","100101011111000","100101011111000.0","Success","0.00045"
"2GIM","16","1110110111110111","1110110111110111.0","Success","0.00133"
"5UMQ","16","1001011000110111","1001011000110111.0","Success","0.00123"
"3GOB","16","101100010010101","101100010010101.0","Success","0.00062"
"7N6U","16","101100001100110","101100001100110.0","Success","0.00046"
"7GOS","16","1010101000111001","1010101000111001.0","Success","0.00103"
"5QQE","16","110111011100110","110111011100110.0","Success","0.00102"
"4KSN","16","1011110010101101","1011110010101101.0","Success","0.00122"
"4R9A","16","1111111000010110","1111111000010110.0","Success","0.00167"
"4EAB","16","10111111011100","10111111011100.0","Success","0.00128"
"6A3D","16","1010110000100","1010110000100.0","Success","0.00105"
"7HNX","16","111001100111111","111001100111111.0","Success","0.00138"
"4U4P","16","1111001110111111","1111001110111111.0","Success","0.00096"
"6LYG","16","1010111001001111","1010111001001111.0","Success","0.00045"
"2ZIK","16","1111100110011100","1111100110011100.0","Success","0.00166"
"7C12","16","1101001000110","1101001000110.0","Success","0.00114"
"2LP4","16","10011010011011","10011010011011.0","Success","0.00021"
"4FDM","16","1001100100010111","1001100100010111.0","Success","0.00099"
"8F2D","16","100111110000100","100111110000100.0","Success","0.0011"
"3MJL","16","1010010101101001","1010010101101001.0","Success","0.00079"
"8AKR","16","10110011111111","10110011111111.0","Success","0.00018"
"7NNQ","16","1001001111100001","1001001111100001.0","Success","0.00052"
"3O7A","16","111110011000001","111110011000001.0","Success","0.00257"
"5J0G","16","1001001011010110","1001001011010110.0","Success","0.00127"
"4FVF","16","10110100010","10110100010.0","Success","0.00129"
"7KP7","16","111010110101111","111010110101111.0","Success","0.00066"
"1Q23","16","110001101010000","110001101010000.0","Success","0.00038"
"7MVW","16","10010011000011","10010011000011.0","Success","0.0006"
"8G5V","16","1101000000110001","1101000000110001.0","Success","0.00046"
"7YPO","16","1011101110110100","1011101110110100.0","Success","0.00052"
"1V5T","16","1100000001101001","1100000001101001.0","Success","0.00047"
"5N9Y","16","1111111001010000","1111111001010000.0","Success","0.00049"
"8BWP","16","1101011100111101","1101011100111101.0","Success","0.00054"
"2MQW","16","1010101011111001","1010101011111001.0","Success","0.00034"
"4LUL","16","1110011000010100","1110011000010100.0","Success","0.001"
"1UVM","16","1110010110110110","1110010110110110.0","Success","0.00043"
"6NB6","16","111001111001001","111001111001001.0","Success","0.00032"
"3G7R","16","1100101011110001","1100101011110001.0","Success","0.00096"
"8BG4","16","10111010101100","10111010101100.0","Success","0.00067"
"3MCD","16","11110111101011","11110111101011.0","Success","0.00184"
"7YSG","16","1000110011001110","1000110011001110.0","Success","0.00035"
"2JQG","16","1010111010101110","1010111010101110.0","Success","0.00065"
"2UYL","16","1100100101100011","1100100101100011.0","Success","0.00047"
"3I5Q","16","111001010001010","111001010001010.0","Success","0.00088"
"6KXU","16","1001000001100100","1001000001100100.0","Success","0.0003"
"6QXH","16","1111110100011001","1111110100011001.0","Success","0.00067"
"6BB9","16","11101100101000","11101100101000.0","Success","0.00082"
"8TVU","16","10101001110001","10101001110001.0","Success","0.0002"
"1FBR","16","100011011010110","100011011010110.0","Success","0.00205"
"1TH3","16","10101110011101","10101110011101.0","Success","0.00045"
"3GGG","16","11011100101011","11011100101011.0","Success","0.00057"
"6K72","16","101101110101001","101101110101001.0","Success","0.00029"
"2Q9J","16","1111100110010101","1111100110010101.0","Success","0.00118"
"4H14","16","1110011101011011","1110011101011011.0","Success","0.00116"
"2R9K","16","101111000001","101111000001.0","Success","0.00087"
"3WVB","16","1101100110","1101100110.0","Success","0.00105"
"8QLX","16","11101111110000","11101111110000.0","Success","0.00168"
"5GLH","16","1111111111100100","1111111111100100.0","Success","0.00089"
"6HQQ","16","101000001110011","101000001110011.0","Success","0.00095"
"4J6J","16","1110110111101","1110110111101.0","Success","0.00082"
"5XGF","16","10001101000011","10001101000011.0","Success","0.00118"
"5HSP","16","101101100011","101101100011.0","Success","0.00207"
"1FSJ","16","1001010111110","1001010111110.0","Success","0.00082"
"8XUV","16","1101000001101100","1101000001101100.0","Success","0.00019"
"7EKT","16","1100011101110100","1100011101110100.0","Success","0.00042"
"1KWP","16","1110000110111100","1110000110111100.0","Success","0.00079"
"5Q6U","16","100111000001010","100111000001010.0","Success","0.00103"
"4B95","16","1110101001011000","1110101001011000.0","Success","0.00055"
"4OIB","16","1001000111100101","1001000111100101.0","Success","0.00099"
"4EM1","16","1001100110101111","1001100110101111.0","Success","0.00161"
"6HTT","16","110100011110011","110100011110011.0","Success","0.00048"
"1G4U","16","1001101010110011","1001101010110011.0","Success","0.00081"
"8HSR","16","1100010010000101","1100010010000101.0","Success","0.00027"
"2FB8","16","1001000001","1001000001.0","Success","0.00083"
"6T58","16","1010110111110100","1010110111110100.0","Success","0.00067"
"5IW9","16","100001111101001","100001111101001.0","Success","0.00123"
"1S7R","16","11001011011000","11001011011000.0","Success","0.00071"
"5DE2","16","100100010010111","100100010010111.0","Success","0.00082"
"5EG9","16","100001111000010","100001111000010.0","Success","0.00109"
"1UD7","16","1100011111001101","1100011111001101.0","Success","0.0005"
"2O4R","16","100010111001111","100010111001111.0","Success","0.00124"
"6RM5","16","101010110001000","101010110001000.0","Success","0.00129"
"3G76","16","1000001111001","1000001111001.0","Success","0.00067"
"6LYO","16","1100100100101101","1100100100101101.0","Success","0.00052"
"8C4A","16","101110000000001","101110000000001.0","Success","0.0004"
"8OGA","16","10101110","10101110.0","Success","0.00109"
"5TGY","16","1000100101011011","1000100101011011.0","Success","0.00041"
"8AFN","16","1000100010111011","1000100010111011.0","Success","0.00126"
"5VFO","16","1110111010110011","1110111010110011.0","Success","0.00024"
"3TNZ","16","1011001101111","1011001101111.0","Success","0.00092"
"2YRO","16","1100011000000111","1100011000000111.0","Success","0.00035"
"5FZT","16","110101010000111","110101010000111.0","Success","0.00105"
"5M1P","16","10000101101010","10000101101010.0","Success","0.00101"
"7YYC","16","1010100000110100","1010100000110100.0","Success","0.00088"
"5PBI","16","11110011101111","11110011101111.0","Success","0.00181"
"2RME","16","1011110100110000","1011110100110000.0","Success","0.00074"
"2WHV","16","1010100101011000","1010100101011000.0","Success","0.00131"
"1YVG","16","1011011011110110","1011011011110110.0","Success","0.00097"
"1KF9","16","1000111100001111","1000111100001111.0","Success","0.0006"
"1I18","16","1011001111100","1011001111100.0","Success","0.0003"
"5AHW","16","1011110001010110","1011110001010110.0","Success","0.0007"
"4IGB","16","1001110111000110","1001110111000110.0","Success","0.00048"
"2VSH","16","110100110101","110100110101.0","Success","0.00092"
"2G42","16","1100101111001","1100101111001.0","Success","0.00156"
"1QPE","16","1111100111110001","1111100111110001.0","Success","0.00119"
"8D13","16","11000011100","11000011100.0","Success","0.00056"
"3MKJ","16","110110111010111","110110111010111.0","Success","0.001"
"7PGR","16","101111011111000","101111011111000.0","Success","0.00028"
"3QB1","16","1011111111000100","1011111111000100.0","Success","0.00063"
"2WR1","16","10101101011101","10101101011101.0","Success","0.00051"
"8WQO","16","10111110010100","10111110010100.0","Success","0.00167"
"1ZRR","16","1011111000000011","1011111000000011.0","Success","0.00035"
"7TOB","16","1111111111110","1111111111110.0","Success","0.00109"
"5LR0","16","110101001111111","110101001111111.0","Success","0.00068"
"4N4Y","16","1011010011100101","1011010011100101.0","Success","0.0007"
"2MOP","16","10011111101100","10011111101100.0","Success","0.0004"
"6HLX","16","1110000100111001","1110000100111001.0","Success","0.00086"
"6I8B","16","1011110110110000","1011110110110000.0","Success","0.00098"
"8C96","16","10000010010010","10000010010010.0","Success","0.00047"
"3SVQ","16","1000101100100001","1000101100100001.0","Success","0.00068"
"2O8M","16","1001000100001101","1001000100001101.0","Success","0.001"
"4FZ7","16","111100100101010","111100100101010.0","Success","0.00121"
"8S9E","16","1100110110011111","1100110110011111.0","Success","0.0005"
"7GMP","16","1001110110100111","1001110110100111.0","Success","0.0008"
"2YAD","16","101111101101101","101111101101101.0","Success","0.00091"
"8B1G","16","1011111001110","1011111001110.0","Success","0.0008"
"7UUO","16","101010110011000","101010110011000.0","Success","0.00069"
"7Q5A","16","1110101110111000","1110101110111000.0","Success","0.00278"
"8PEY","16","100001011111010","100001011111010.0","Success","0.00023"
"6G2W","16","1011010001110101","1011010001110101.0","Success","0.00115"
"6H3P","16","1001000100011111","1001000100011111.0","Success","0.00086"
"7UW0","16","1100101111000111","1100101111000111.0","Success","0.00055"
"7TLC","16","111110001011111","111110001011111.0","Success","0.00036"
"7PL9","16","1100100110010011","1100100110010011.0","Success","0.00026"
"8T7Z","16","1101011001000000","1101011001000000.0","Success","0.00029"
"4LO3","16","101010010010111","101010010010111.0","Success","0.00074"
"5O4H","16","100011011110101","100011011110101.0","Success","0.00058"
"1PD8","16","1000101111110000","1000101111110000.0","Success","0.00143"
"7F0J","16","100001000100001","100001000100001.0","Success","0.00049"
"8WZ4","16","11011000000110","11011000000110.0","Success","0.00093"
"1EB2","16","1000101001000","1000101001000.0","Success","0.00127"
"5PFE","16","1111001000100100","1111001000100100.0","Success","0.0018"
"1DSN","16","1100101001011011","1100101001011011.0","Success","0.00109"
"6N0A","16","1111111011010001","1111111011010001.0","Success","0.00082"
"8G01","16","1101011000101010","1101011000101010.0","Success","0.00055"
"1WA8","16","101010101100110","101010101100110.0","Success","0.00026"
"4WOQ","16","111100011111000","111100011111000.0","Success","0.0004"
"4B91","16","10011100110","10011100110.0","Success","0.00063"
"8F45","16","1110001011000011","1110001011000011.0","Success","0.00078"
"4P8V","16","1110001000011000","1110001000011000.0","Success","0.00099"
"6Z3R","16","111110000111011","111110000111011.0","Success","0.00037"
"5PO3","16","100110110101001","100110110101001.0","Success","0.00118"
"3NDP","16","110100011010010","110100011010010.0","Success","0.00096"
"1O8V","16","11100101001001","11100101001001.0","Success","0.00168"
"1TNQ","16","1001001011011010","1001001011011010.0","Success","0.00032"
"4IT6","16","1101010101100111","1101010101100111.0","Success","0.00128"
"3FL3","16","110111110111111","110111110111111.0","Success","0.00125"
"5HDM","16","101000000001100","101000000001100.0","Success","0.00065"
"8BHW","16","1111110101","1111110101.0","Success","0.00037"
"4EH8","16","111111110010100","111111110010100.0","Success","0.00107"
"6C9T","16","100101000000","100101000000.0","Success","0.0012"
"8EJY","16","11100110000110","11100110000110.0","Success","0.0011"
"4U1H","16","101010111001010","101010111001010.0","Success","0.00099"
"6GW9","16","10000101010011","10000101010011.0","Success","0.00125"
"3FG8","16","100010010100000","100010010100000.0","Success","0.00074"
"5M7S","16","1111110111111100","1111110111111100.0","Success","0.00064"
"1FHG","16","1000101000000011","1000101000000011.0","Success","0.00192"
"3VDU","16","110101100010011","110101100010011.0","Success","0.00137"
"5FD6","16","1011001110101000","1011001110101000.0","Success","0.00086"
"8GLC","16","100010100111","100010100111.0","Success","0.00066"
"4WG3","16","101011111010000","101011111010000.0","Success","0.00088"
"6SMZ","16","111111001111010","111111001111010.0","Success","0.00056"
"1SLV","16","110110001000110","110110001000110.0","Success","0.00106"
"4UOR","16","1010100010001010","1010100010001010.0","Success","0.00028"
"9BT9","16","1101011011011111","1101011011011111.0","Success","0.00121"
"9AVD","16","10110101110110","10110101110110.0","Success","0.0019"
"6C4J","16","101010000011100","101010000011100.0","Success","0.00026"
"8YFH","16","1001111110010011","1001111110010011.0","Success","0.00054"
"3CJA","16","11110000001","11110000001.0","Success","0.00093"
"2E1U","16","110011100101011","110011100101011.0","Success","0.00066"
"4GW8","16","110101001011100","110101001011100.0","Success","0.00114"
"8K81","16","1101101110010001","1101101110010001.0","Success","0.0006"
"1X9H","16","101010100011101","101010100011101.0","Success","0.00079"
"4DJU","16","11000100111010","11000100111010.0","Success","0.00069"
"3K0E","16","111110010011111","111110010011111.0","Success","0.00036"
"5O9G","16","1011001000","1011001000.0","Success","0.00048"
"3QIR","16","1001110111001101","1001110111001101.0","Success","0.00093"
"3UX3","16","1100101100000","1100101100000.0","Success","0.00118"
"7QV7","16","101000001001101","101000001001101.0","Success","0.00026"
"4JPZ","16","111010001011110","111010001011110.0","Success","0.00066"
"3TRS","16","1011001111010001","1011001111010001.0","Success","0.00094"
"3UOI","16","100010101011100","100010101011100.0","Success","0.00022"
"4C5A","16","101000010111110","101000010111110.0","Success","0.00076"
"5W57","16","1110111101010110","1110111101010110.0","Success","0.0008"
"3NF4","16","1010101000","1010101000.0","Success","0.00071"
"1I7U","16","1001110100010010","1001110100010010.0","Success","0.00069"
"2WST","16","101101011011010","101101011011010.0","Success","0.0006"
"5OLB","16","110010010000011","110010010000011.0","Success","0.00067"
"1VES","16","1111010011000010","1111010011000010.0","Success","0.00129"
"8WWH","16","1011011111110000","1011011111110000.0","Success","0.00058"
"4KUY","16","1001101011100010","1001101011100010.0","Success","0.00118"
"5LXE","16","1100100100000111","1100100100000111.0","Success","0.00076"
"2HDO","16","111010111101011","111010111101011.0","Success","0.00135"
"3AE8","16","110011111001000","110011111001000.0","Success","0.00059"
"3X41","16","110010110011000","110010110011000.0","Success","0.00056"
"3EYG","16","1010111010001111","1010111010001111.0","Success","0.00115"
"8J48","16","101001110010101","101001110010101.0","Success","0.00115"
"6XJ7","16","1001000111011","1001000111011.0","Success","0.00083"
"7YXU","16","1011101110011101","1011101110011101.0","Success","0.00081"
"3ZLW","16","10000011001101","10000011001101.0","Success","0.00113"
"4BM3","16","1001101001101100","1001101001101100.0","Success","0.00105"
"1L7D","16","101100111111001","101100111111001.0","Success","0.00051"
"4OTM","16","1110110000011010","1110110000011010.0","Success","0.00126"
"1XAT","16","1111001000110110","1111001000110110.0","Success","0.00133"
"2JXA","16","1111100001010110","1111100001010110.0","Success","0.00038"
"1DZ6","16","1111001001101101","1111001001101101.0","Success","0.00068"
"4ZXE","16","11111100100001","11111100100001.0","Success","0.00093"
"7VJA","16","1010110010101110","1010110010101110.0","Success","0.00091"
"240L","16","1101111010001010","1101111010001010.0","Success","0.00153"
"5ERR","16","111110101010","111110101010.0","Success","0.00092"
"3A9G","16","1100001000011100","1100001000011100.0","Success","0.00103"
"1YO7","16","1010001010110111","1010001010110111.0","Success","0.00124"
"4ZCB","16","1100100110101101","1100100110101101.0","Success","0.00113"
"6FMJ","16","11010111010","11010111010.0","Success","0.00052"
"6SJE","16","1101101110000010","1101101110000010.0","Success","0.00036"
"6I02","16","10010001010000","10010001010000.0","Success","0.00059"
"8SD0","16","1100011111110000","1100011111110000.0","Success","0.00074"
"1IO3","16","100000101110010","100000101110010.0","Success","0.00189"
"2JJH","16","1000001111000001","1000001111000001.0","Success","0.00092"
"2YT4","16","1110111011000001","1110111011000001.0","Success","0.00138"
"6POV","16","110101111000101","110101111000101.0","Success","0.0005"
"2PPV","16","1011110011001011","1011110011001011.0","Success","0.00106"
"4IW3","16","11100110101010","11100110101010.0","Success","0.00055"
"2QUH","16","1011011110001111","1011011110001111.0","Success","0.00069"
"6FT0","16","110110111111100","110110111111100.0","Success","0.00054"
"1T6C","16","101000110010","101000110010.0","Success","0.00111"
"6CSG","16","1001100011111100","1001100011111100.0","Success","0.00068"
"6QLK","16","100010111010111","100010111010111.0","Success","0.00134"
"7X8E","16","1010011000","1010011000.0","Success","0.00037"
"3IE3","16","10000111101011","10000111101011.0","Success","0.00097"
"1UGW","16","101101100011111","101101100011111.0","Success","0.00078"
"7MW4","16","111010110000000","111010110000000.0","Success","0.00029"
"1NPU","16","1001011000111111","1001011000111111.0","Success","0.00178"
"3MML","16","1001001111001","1001001111001.0","Success","0.00044"
"8IMN","16","1110001000001110","1110001000001110.0","Success","0.00023"
"7XL9","16","1100110100110111","1100110100110111.0","Success","0.00149"
"2WVG","16","110110011000100","110110011000100.0","Success","0.00041"
"1KD7","16","100101000110011","100101000110011.0","Success","0.00066"
"5WY4","16","101000011000101","101000011000101.0","Success","0.00104"
"2PFU","16","1110111110110110","1110111110110110.0","Success","0.00045"
"1PKZ","16","111111001001101","111111001001101.0","Success","0.00093"
"8R45","16","110011011001001","110011011001001.0","Success","0.00075"
"3M47","16","1000000100001001","1000000100001001.0","Success","0.00094"
"4O8M","16","1000101100011110","1000101100011110.0","Success","0.00039"
"8WK6","16","1100101110000101","1100101110000101.0","Success","0.00042"
"1K5G","16","1001010101000001","1001010101000001.0","Success","0.00037"
"7JRC","16","101111000010000","101111000010000.0","Success","0.00086"
"3KIC","16","1101101011011010","1101101011011010.0","Success","0.00019"
"2M6Z","16","1111010001100001","1111010001100001.0","Success","0.00018"
"5E2P","16","10111100000000","10111100000000.0","Success","0.00123"
"1JCK","16","1011111100010011","1011111100010011.0","Success","0.00062"
"2HQ9","16","1011001000001111","1011001000001111.0","Success","0.00118"
"1W7V","16","1101000110001100","1101000110001100.0","Success","0.00047"
"4NZH","16","1101001000110100","1101001000110100.0","Success","0.0009"
"8K5Y","16","11100000011111","11100000011111.0","Success","0.00092"
"1RE6","16","1101000000111010","1101000000111010.0","Success","0.00031"
"5IMN","16","1110001001101110","1110001001101110.0","Success","0.00054"
"3JTQ","16","110100110100101","110100110100101.0","Success","0.00073"
"8Q0T","16","11101010000110","11101010000110.0","Success","0.00082"
"8D20","16","1101111000100111","1101111000100111.0","Success","0.00102"
"1FDH","16","1010001011011111","1010001011011111.0","Success","0.00082"
"3KCG","16","110011101001110","110011101001110.0","Success","0.00071"
"7AYS","16","100111111010100","100111111010100.0","Success","0.00129"
"7CS3","16","1011010111100","1011010111100.0","Success","0.00047"
"1U2S","16","1111011011100110","1111011011100110.0","Success","0.00124"
"6PAZ","16","10110101110000","10110101110000.0","Success","0.00175"
"6WJB","16","10000001110000","10000001110000.0","Success","0.00079"
"7PMI","16","10101010001100","10101010001100.0","Success","0.00054"
"4DBS","16","101000011100100","101000011100100.0","Success","0.00075"
"7RQP","16","1000101001110011","1000101001110011.0","Success","0.00093"
"7LDG","16","110001100101101","110001100101101.0","Success","0.00088"
"5U9J","16","111000101101110","111000101101110.0","Success","0.0011"
"1ISH","16","1101100100011110","1101100100011110.0","Success","0.00083"
"5I0C","16","1010100011100000","1010100011100000.0","Success","0.00204"
"7V17","16","111011000001000","111011000001000.0","Success","0.00123"
"6YPT","16","110010011000110","110010011000110.0","Success","0.00093"
"2GE9","16","11011011111001","11011011111001.0","Success","0.0004"
"8K8G","16","101100010000110","101100010000110.0","Success","0.00135"
"1DMA","16","1011101101010","1011101101010.0","Success","0.00099"
"4QB9","16","1011011000000101","1011011000000101.0","Success","0.00039"
"2KYC","16","1101001000010100","1101001000010100.0","Success","0.00041"
"3FX4","16","1110101101100010","1110101101100010.0","Success","0.00105"
"6NQG","16","101010111011011","101010111011011.0","Success","0.0009"
"8JLF","16","1011111100100010","1011111100100010.0","Success","0.00061"
"4WI5","16","101001110111101","101001110111101.0","Success","0.00093"
"2LF2","16","1111111100010101","1111111100010101.0","Success","0.00033"
"5H9O","16","100001100101000","100001100101000.0","Success","0.00043"
"8OHH","16","1100011001001001","1100011001001001.0","Success","0.00109"
"4JMB","16","11010000011100","11010000011100.0","Success","0.0011"
"1ZIL","16","1100001110101","1100001110101.0","Success","0.00251"
"5CVB","16","1001000010110010","1001000010110010.0","Success","0.00099"
"5M6S","16","110001101010111","110001101010111.0","Success","0.00192"
"5Y5U","16","11011100010110","11011100010110.0","Success","0.00085"
"8D49","16","1111011000110001","1111011000110001.0","Success","0.00062"
"6VRQ","16","1111110000001110","1111110000001110.0","Success","0.00067"
"5T18","16","101101101010000","101101101010000.0","Success","0.0012"
"1MIW","16","101111001011111","101111001011111.0","Success","0.00069"
"4IHA","16","1110000101101110","1110000101101110.0","Success","0.00086"
"8K3H","16","1111001000100001","1111001000100001.0","Success","0.00062"
"4BJL","16","110000001010100","110000001010100.0","Success","0.00094"
"1W8S","16","1010110100110","1010110100110.0","Success","0.00038"
"7UBM","16","1000001010001010","1000001010001010.0","Success","0.00032"
"1G3G","16","1111111001011010","1111111001011010.0","Success","0.00034"
"8JD0","16","1011110110100000","1011110110100000.0","Success","0.0005"
"5BSB","16","111101111010101","111101111010101.0","Success","0.00092"
"3GQI","16","111010100010011","111010100010011.0","Success","0.00082"
"4ZNW","16","11111111111100","11111111111100.0","Success","0.00088"
"8SQ8","16","1000101100000","1000101100000.0","Success","0.00062"
"3DX9","16","1101011100101","1101011100101.0","Success","0.00066"
"8A3C","16","11100001011000","11100001011000.0","Success","0.00041"
"8UE0","16","11010101000001","11010101000001.0","Success","0.00111"
"2PL3","16","11011010101001","11011010101001.0","Success","0.00123"
"3LWB","16","110001101000100","110001101000100.0","Success","0.00077"
"5ABV","16","1110011011001010","1110011011001010.0","Success","0.00063"
"1RJ6","16","1000111111101111","1000111111101111.0","Success","0.00084"
"7N16","16","1011000100011100","1011000100011100.0","Success","0.00042"
"8FUF","16","1010000010000","1010000010000.0","Success","0.00036"
"5X50","16","1010111110001","1010111110001.0","Success","0.00031"
"5IOB","16","1111001100010101","1111001100010101.0","Success","0.00039"
"8R6W","16","1010110110110","1010110110110.0","Success","0.00043"
"3DMX","16","1101101100010011","1101101100010011.0","Success","0.00147"
"5I9Z","16","11000111101100","11000111101100.0","Success","0.00114"
"1UGN","16","1101010010011001","1101010010011001.0","Success","0.00141"
"5BKC","16","1111110101110010","1111110101110010.0","Success","0.00081"
"2OYL","16","101100010101001","101100010101001.0","Success","0.00066"
"4UEK","16","1111011001010100","1111011001010100.0","Success","0.00073"
"5JVU","16","1000011111111111","1000011111111111.0","Success","0.00159"
"8RZ8","16","1111001110100","1111001110100.0","Success","0.00056"
"6JZE","16","1111011101111001","1111011101111001.0","Success","0.00112"
"7YPJ","16","1000100100101110","1000100100101110.0","Success","0.0003"
"1NDW","16","1011001000010110","1011001000010110.0","Success","0.00104"
"6IIO","16","1010001111101001","1010001111101001.0","Success","0.00073"
"1K6A","16","100010010000011","100010010000011.0","Success","0.00109"
"3V4Q","16","1001111110110010","1001111110110010.0","Success","0.00226"
"2I6A","16","1000110001000111","1000110001000111.0","Success","0.00052"
"7LO8","16","1100001110000101","1100001110000101.0","Success","0.00067"
"5RU8","16","1100011001101001","1100011001101001.0","Success","0.00105"
"7XLC","16","1000010111111100","1000010111111100.0","Success","0.00047"
"1N3O","16","1101010111110011","1101010111110011.0","Success","0.0009"
"7UPK","16","110100010100010","110100010100010.0","Success","0.00043"
"4I6I","16","100110100110010","100110100110010.0","Success","0.0009"
"2DK5","16","1000110000101100","1000110000101100.0","Success","0.00045"
"7QOQ","16","111100110000000","111100110000000.0","Success","0.0008"
"6JJA","16","1011000111110110","1011000111110110.0","Success","0.00154"
"6QNE","16","1101100100000001","1101100100000001.0","Success","0.00044"
"4ADU","16","10111000100100","10111000100100.0","Success","0.00083"
"6US0","16","11010010101100","11010010101100.0","Success","0.00146"
"2IEA","16","1111100011111","1111100011111.0","Success","0.00049"
"8P82","16","1000001111100001","1000001111100001.0","Success","0.00035"
"2Y4A","16","1111100110101000","1111100110101000.0","Success","0.00045"
"1BTY","16","1000100110000110","1000100110000110.0","Success","0.0013"
"1DFF","16","110001110101101","110001110101101.0","Success","0.00155"
"5ICA","16","1000010111010111","1000010111010111.0","Success","0.00083"
"6KSA","16","1001000100010010","1001000100010010.0","Success","0.00055"
"8TS6","16","1010010111110","1010010111110.0","Success","0.00024"
"6R4O","16","1101000101011010","1101000101011010.0","Success","0.00055"
"6XVJ","16","110011000100111","110011000100111.0","Success","0.00109"
"5VTQ","16","1001000100110100","1001000100110100.0","Success","0.00049"
"5T29","16","1101100000100000","1101100000100000.0","Success","0.0008"
"4ZBW","16","10110001010101","10110001010101.0","Success","0.00102"
"3P2K","16","1000011100001010","1000011100001010.0","Success","0.0007"
"9IW3","16","1001111101010110","1001111101010110.0","Success","0.00073"
"7X4L","16","1100001011101101","1100001011101101.0","Success","0.00037"
"4HB6","16","1011011100001101","1011011100001101.0","Success","0.00237"
"6NB7","16","1011011100110011","1011011100110011.0","Success","0.00031"
"9H5J","16","1100110000011010","1100110000011010.0","Success","0.00092"
"5SH0","16","1000110110000010","1000110110000010.0","Success","0.00054"
"8GGX","16","1011101110100101","1011101110100101.0","Success","0.00115"
"3OR6","16","1001011101010","1001011101010.0","Success","0.00082"
"8H4H","16","1111010111110001","1111010111110001.0","Success","0.00063"
"8A4D","16","10000010001001","10000010001001.0","Success","0.00033"
"3MMC","16","1011000010110100","1011000010110100.0","Success","0.00049"
"1CCR","16","1000111011000111","1000111011000111.0","Success","0.00182"
"5XSU","16","1111111011011001","1111111011011001.0","Success","0.00053"
"3ZLQ","16","1000110011111110","1000110011111110.0","Success","0.00061"
"5UM7","16","1001010011111110","1001010011111110.0","Success","0.00111"
"6HF0","16","1110010100110011","1110010100110011.0","Success","0.00067"
"1QJT","16","1010001000010100","1010001000010100.0","Success","0.00035"
"4WKW","16","1001111100011100","1001111100011100.0","Success","0.00097"
"8XT7","16","1001100000010","1001100000010.0","Success","0.00055"
"7YZ6","16","1110010001111100","1110010001111100.0","Success","0.00059"
"1YZF","16","1100001011010100","1100001011010100.0","Success","0.00137"
"7TE9","16","111111001101101","111111001101101.0","Success","0.00033"
"4CAP","16","11001100100100","11001100100100.0","Success","0.00068"
"6DJM","16","1111110011101011","1111110011101011.0","Success","0.0005"
"3OQ7","16","1100111010100010","1100111010100010.0","Success","0.00199"
"2QZA","16","1010010010110110","1010010010110110.0","Success","0.00056"
"5C34","16","100100101011010","100100101011010.0","Success","0.00127"
"7M0I","16","111110111110010","111110111110010.0","Success","0.0004"
"3NQJ","16","1000110010111011","1000110010111011.0","Success","0.00162"
"8TQJ","16","1110100111011011","1110100111011011.0","Success","0.00111"
"8VY8","16","110010011101001","110010011101001.0","Success","0.00105"
"1FTX","16","10001101000111","10001101000111.0","Success","0.00071"
"3PWB","16","100100100000","100100100000.0","Success","0.00128"
"1ZRQ","16","1010000110001000","1010000110001000.0","Success","0.00068"
"7AXF","16","100001101101110","100001101101110.0","Success","0.00116"
"4LMC","16","1110100110100100","1110100110100100.0","Success","0.00169"
"2Z8X","16","1111101011101011","1111101011101011.0","Success","0.00077"
"5FCH","16","1110111010010110","1110111010010110.0","Success","0.00068"
"6TRY","16","1110101100001001","1110101100001001.0","Success","0.00062"
"4PCI","16","11111001000110","11111001000110.0","Success","0.0017"
"4PCR","16","11010011110111","11010011110111.0","Success","0.00091"
"4CR6","16","101110010011000","101110010011000.0","Success","0.00062"
"3ESM","16","1110001100010000","1110001100010000.0","Success","0.00166"
"6QO8","16","1101100000000110","1101100000000110.0","Success","0.00082"
"2FQL","16","110101010011000","110101010011000.0","Success","0.00185"
"2EO6","16","110111010111101","110111010111101.0","Success","0.00037"
"4JP8","16","1011001011100010","1011001011100010.0","Success","0.00097"
"4ZRN","16","1110010100000101","1110010100000101.0","Success","0.00077"
"8JSC","16","101100110101010","101100110101010.0","Success","0.00101"
"6HD3","16","10110111010110","10110111010110.0","Success","0.00064"
"1ON6","16","1111001111111100","1111001111111100.0","Success","0.00085"
"2RU3","16","1100011011001111","1100011011001111.0","Success","0.00041"
"6VM9","16","10001001011101","10001001011101.0","Success","0.00066"
"4OWS","16","1100111101111110","1100111101111110.0","Success","0.00072"
"7OH2","16","1101000011010110","1101000011010110.0","Success","0.00072"
"7XGK","16","1000000001011","1000000001011.0","Success","0.00074"
"7W5H","16","1010001001101100","1010001001101100.0","Success","0.00074"
"1PY0","16","1011100111110110","1011100111110110.0","Success","0.00173"
"4D42","16","1010101100100010","1010101100100010.0","Success","0.00043"
"6YKX","16","1010001101010010","1010001101010010.0","Success","0.00066"
"6R8H","16","1001101000001010","1001101000001010.0","Success","0.00049"
"7FBI","16","1000000110110","1000000110110.0","Success","0.00062"
"2C9P","16","1110011010010110","1110011010010110.0","Success","0.00111"
"7CUT","16","1010111000100","1010111000100.0","Success","0.00112"
"5H8H","16","1001011011101010","1001011011101010.0","Success","0.00079"
"2YJK","16","1100001001011","1100001001011.0","Success","0.00045"
"3MQ4","16","110011110000001","110011110000001.0","Success","0.00098"
"6M94","16","111001110100001","111001110100001.0","Success","0.00082"
"5TDH","16","110111001101010","110111001101010.0","Success","0.00049"
"5NGW","16","11011100110100","11011100110100.0","Success","0.00102"
"1F55","16","1010000000000000","1010000000000000.0","Success","0.00041"
"5RXT","16","1110000101001001","1110000101001001.0","Success","0.00084"
"8Q9V","16","1110100011110010","1110100011110010.0","Success","0.00082"
"8SYM","16","100110100000010","100110100000010.0","Success","0.00082"
"4IS0","16","110100010001010","110100010001010.0","Success","0.00126"
"7MRG","16","1011011111111001","1011011111111001.0","Success","0.00129"
"6IKX","16","111011100001100","111011100001100.0","Success","0.00081"
"4FO6","16","101011110011011","101011110011011.0","Success","0.0011"
"2QKE","16","100001000101111","100001000101111.0","Success","0.00078"
"1TAQ","16","111000110110110","111000110110110.0","Success","0.00069"
"8GN6","16","1000111000011100","1000111000011100.0","Success","0.0005"
"9J5W","16","1010000001010110","1010000001010110.0","Success","0.00087"
"3AOP","16","111010100001111","111010100001111.0","Success","0.00091"
"2CZE","16","100111100000","100111100000.0","Success","0.00094"
"7KHO","16","1111001110010001","1111001110010001.0","Success","0.00047"
"3VV7","16","1001111011101111","1001111011101111.0","Success","0.00103"
"3U9B","16","1100000111000000","1100000111000000.0","Success","0.00044"
"6QYY","16","1111001010100000","1111001010100000.0","Success","0.00072"
"5MP7","16","1000001010011001","1000001010011001.0","Success","0.00064"
"8T1W","16","1001101000111111","1001101000111111.0","Success","0.00101"
"4RJD","16","100111001111100","100111001111100.0","Success","0.00168"
"2V7I","16","1110101000100001","1110101000100001.0","Success","0.00105"
"4I9H","16","110111111110110","110111111110110.0","Success","0.00038"
"7F7F","16","1110000111110111","1110000111110111.0","Success","0.0005"
"4OW1","16","100111101111111","100111101111111.0","Success","0.00076"
"6D13","16","1100000110011101","1100000110011101.0","Success","0.00093"
"6I16","16","1010001010001001","1010001010001001.0","Success","0.00088"
"1ZY5","16","10000110101010","10000110101010.0","Success","0.00084"
"3I4M","16","111010011110100","111010011110100.0","Success","0.00031"
"2BU1","16","1000101100111001","1000101100111001.0","Success","0.00097"
"9COZ","16","100001111100101","100001111100101.0","Success","0.00153"
"4QOD","16","100101110110010","100101110110010.0","Success","0.00085"
"3TKA","16","1100111111100110","1100111111100110.0","Success","0.00115"
"6QWK","16","1000001001011101","1000001001011101.0","Success","0.0009"
"6LAT","16","1000100100011001","1000100100011001.0","Success","0.0009"
"5YBH","16","1001011010010010","1001011010010010.0","Success","0.00074"
"7X9E","16","1000010011001010","1000010011001010.0","Success","0.00067"
"2KI7","16","1101110011111111","1101110011111111.0","Success","0.00043"
"7H2C","16","1100101100011","1100101100011.0","Success","0.00138"
"5TIR","16","1110111010110001","1110111010110001.0","Success","0.00067"
"4WX6","16","110111010001101","110111010001101.0","Success","0.00094"
"8CX0","16","1011000101101010","1011000101101010.0","Success","0.00064"
"3EWE","16","111110001100010","111110001100010.0","Success","0.00054"
"4IL2","16","1100100001110011","1100100001110011.0","Success","0.0005"
"6FJ0","16","111001100001000","111001100001000.0","Success","0.00104"
"2XXZ","16","1100111110100","1100111110100.0","Success","0.00079"
"3GJE","16","1111111000101100","1111111000101100.0","Success","0.00067"
"5NXK","16","10100101011","10100101011.0","Success","0.00062"
"2NOS","16","100000110100101","100000110100101.0","Success","0.00107"
"6O8A","16","11010011110111","11010011110111.0","Success","0.00135"
"1ZNK","16","1000101101001101","1000101101001101.0","Success","0.00152"
"3PRB","16","1110010011011100","1110010011011100.0","Success","0.00088"
"3AVN","16","1001000110101101","1001000110101101.0","Success","0.00103"
"1WLI","16","11101100001011","11101100001011.0","Success","0.00121"
"8CAA","16","111010101101110","111010101101110.0","Success","0.00092"
"5XZ4","16","1011100001101","1011100001101.0","Success","0.00103"
"3GZD","16","100001001","100001001.0","Success","0.00047"
"1P0N","16","10101101111001","10101101111001.0","Success","0.00078"
"2NSA","16","10010100001110","10010100001110.0","Success","0.00153"
"6JZS","16","1011100000110111","1011100000110111.0","Success","0.00063"
"4ERH","16","100111011101101","100111011101101.0","Success","0.0012"
"5EJ8","16","1001110001010011","1001110001010011.0","Success","0.00029"
"7EJP","16","110010100000110","110010100000110.0","Success","0.00036"
"2PK2","16","1001001001001","1001001001001.0","Success","0.00059"
"6GEK","16","100011011110001","100011011110001.0","Success","0.00088"
"7WPA","16","10110111010","10110111010.0","Success","0.00032"
"2XJO","16","1001000101110010","1001000101110010.0","Success","0.00045"
"3BIT","16","10101010101110","10101010101110.0","Success","0.00063"
"5GPO","16","101000100010000","101000100010000.0","Success","0.00126"
"2RDL","16","110110000100111","110110000100111.0","Success","0.00089"
"2BAN","16","110001100011000","110001100011000.0","Success","0.00061"
"1TKI","16","10110010110011","10110010110011.0","Success","0.00076"
"8I3S","16","1010010000010111","1010010000010111.0","Success","0.00094"
"3J2W","16","1010001010100100","1010001010100100.0","Success","0.00031"
"4WC0","16","1100110110010000","1100110110010000.0","Success","0.00072"
"2JQY","16","100010011100","100010011100.0","Success","0.00037"
"6C6I","16","1011011110101111","1011011110101111.0","Success","0.00091"
"5CXV","16","11101100011101","11101100011101.0","Success","0.00091"
"5U43","16","100111001000000","100111001000000.0","Success","0.00084"
"8H4C","16","11000000010111","11000000010111.0","Success","0.00076"
"7DSM","16","100101111011011","100101111011011.0","Success","0.00073"
"9DCF","16","111001110000","111001110000.0","Success","0.001"
"2M9V","16","1001111000001111","1001111000001111.0","Success","0.00033"
"5HNX","16","1001100110100010","1001100110100010.0","Success","0.00056"
"7RBJ","16","110010101110","110010101110.0","Success","0.00107"
"3IIH","16","100110111100001","100110111100001.0","Success","0.00164"
"4HXB","16","111100101011110","111100101011110.0","Success","0.00093"
"7FIV","16","10101101110101","10101101110101.0","Success","0.00057"
"4DFS","16","1111100000001110","1111100000001110.0","Success","0.00084"
"1ZMX","16","1000101001100000","1000101001100000.0","Success","0.00049"
"6D3I","16","11100010110100","11100010110100.0","Success","0.00058"
"7WVZ","16","110001001111011","110001001111011.0","Success","0.00033"
"1FVF","16","1001111101101101","1001111101101101.0","Success","0.0006"
"6HHZ","16","1111000111001010","1111000111001010.0","Success","0.00095"
"4AHU","16","1010101100000100","1010101100000100.0","Success","0.00106"
"4ONV","16","1101000010000001","1101000010000001.0","Success","0.00057"
"3KXP","16","1110000101010111","1110000101010111.0","Success","0.00034"
"5G3N","16","1010000001101100","1010000001101100.0","Success","0.00123"
"4KYO","16","111000001101101","111000001101101.0","Success","0.00052"
"1T3F","16","1100000110111011","1100000110111011.0","Success","0.00095"
"1QSA","16","1101000010110110","1101000010110110.0","Success","0.00077"
"4UMQ","16","1001010110110100","1001010110110100.0","Success","0.00111"
"2H5E","16","10110010001001","10110010001001.0","Success","0.00062"
"8V1K","16","11101010111000","11101010111000.0","Success","0.00102"
"8I7Z","16","1110101101111010","1110101101111010.0","Success","0.00085"
"8FFO","16","101101110011001","101101110011001.0","Success","0.00039"
"8R1C","16","100111110000010","100111110000010.0","Success","0.00031"
"3JYI","16","100100000011001","100100000011001.0","Success","0.00049"
"8RHF","16","1010010001111000","1010010001111000.0","Success","0.00076"
"3DKX","16","1001101101111110","1001101101111110.0","Success","0.00076"
"3IFC","16","111001011010110","111001011010110.0","Success","0.00053"
"7PIJ","16","1000010011100","1000010011100.0","Success","0.00058"
"1E2R","16","10000000101111","10000000101111.0","Success","0.0006"
"5KY3","16","110010001001110","110010001001110.0","Success","0.00098"
"2OQB","16","110110110101001","110110110101001.0","Success","0.0013"
"7OWU","16","111000011011011","111000011011011.0","Success","0.00067"
"3BA7","16","1101011000111011","1101011000111011.0","Success","0.00114"
"8D8K","16","1000101111000010","1000101111000010.0","Success","0.00023"
"4RG7","16","1011010110110","1011010110110.0","Success","0.00065"
"2H2K","16","1011100001110","1011100001110.0","Success","0.00139"
"6FMZ","16","11001001110010","11001001110010.0","Success","0.00077"
"2EWE","16","110111100101010","110111100101010.0","Success","0.00105"
"3RJY","16","1110101101000010","1110101101000010.0","Success","0.0011"
"5Z70","16","1001001011100011","1001001011100011.0","Success","0.00059"
"5W6K","16","101110001001001","101110001001001.0","Success","0.00082"
"6C1M","16","1101001110011100","1101001110011100.0","Success","0.0009"
"3TEQ","16","1001101001011100","1001101001011100.0","Success","0.00095"
"7EPM","16","11010111111001","11010111111001.0","Success","0.00074"
"2WA0","16","1001101000001011","1001101000001011.0","Success","0.00133"
"8FA5","16","101000010100010","101000010100010.0","Success","0.00056"
"3GL3","16","10010000001110","10010000001110.0","Success","0.0008"
"4GFA","16","10101101100100","10101101100100.0","Success","0.00078"
"5COS","16","100110101011010","100110101011010.0","Success","0.00125"
"3UTU","16","1100000101000111","1100000101000111.0","Success","0.00114"
"2JJG","16","100100110000100","100100110000100.0","Success","0.0009"
"6HWF","16","100100110101110","100100110101110.0","Success","0.00024"
"1W0B","16","10111101111011","10111101111011.0","Success","0.00042"
"2AJU","16","111111101001010","111111101001010.0","Success","0.00092"
"7MF3","16","1011000000011","1011000000011.0","Success","0.00037"
"4A34","16","11100001011101","11100001011101.0","Success","0.00035"
"9ARH","16","1100011110110000","1100011110110000.0","Success","0.00034"
"3FIR","16","1101100000010000","1101100000010000.0","Success","0.00089"
"7P6E","16","1110000010110100","1110000010110100.0","Success","0.00059"
"3FW8","16","1010110101010111","1010110101010111.0","Success","0.00084"
"3VSP","16","1110001111000000","1110001111000000.0","Success","0.00083"
"5FPI","16","1001011000001","1001011000001.0","Success","0.00118"
"8EA6","16","1010010011010000","1010010011010000.0","Success","0.00124"
"4YU2","16","1111011011111110","1111011011111110.0","Success","0.00053"
"5XPO","16","1110010111110100","1110010111110100.0","Success","0.0012"
"9BK4","16","100011110001011","100011110001011.0","Success","0.00126"
"1X5D","16","1010101011011","1010101011011.0","Success","0.00038"
"8QLL","16","1111010011110101","1111010011110101.0","Success","0.0009"
"6EZ8","16","1001101111100010","1001101111100010.0","Success","0.00037"
"8YSE","16","1100000001101110","1100000001101110.0","Success","0.00107"
"6UUT","16","111111101011","111111101011.0","Success","0.00065"
"2AXU","16","1100110101","1100110101.0","Success","0.00033"
"5S9K","16","101100000011000","101100000011000.0","Success","0.00079"
"2NSM","16","100110101110100","100110101110100.0","Success","0.00098"
"1DJQ","16","1010101110001100","1010101110001100.0","Success","0.00052"
"5DCL","16","1100111011001110","1100111011001110.0","Success","0.00128"
"3LU8","16","1100011101110000","1100011101110000.0","Success","0.00057"
"1DG8","16","10010011100000","10010011100000.0","Success","0.00154"
"2BVU","16","1100001010010001","1100001010010001.0","Success","0.00087"
"6WJQ","16","1110111100010101","1110111100010101.0","Success","0.00076"
"6VXJ","16","1010100101111110","1010100101111110.0","Success","0.00057"
"7WF9","16","1001111011101010","1001111011101010.0","Success","0.00124"
"3HIY","16","111110110000010","111110110000010.0","Success","0.00071"
"7F6Y","16","101010011000000","101010011000000.0","Success","0.00079"
"1MVM","16","1110111100001101","1110111100001101.0","Success","0.00082"
"4RLH","16","1100001001001100","1100001001001100.0","Success","0.0006"
"2M2A","16","1011101111011000","1011101111011000.0","Success","0.00051"
"1M0P","16","110011000001110","110011000001110.0","Success","0.00092"
"7OP9","16","1011101100100101","1011101100100101.0","Success","0.00038"
"8EQ8","16","101010110000101","101010110000101.0","Success","0.00089"
"4HM3","16","111010111110000","111010111110000.0","Success","0.00075"
"6RJO","16","1000101000001011","1000101000001011.0","Success","0.00065"
"1HD7","16","110010011100110","110010011100110.0","Success","0.00122"
"7L0B","16","1000101001100011","1000101001100011.0","Success","0.00068"
"5FF5","16","1100101010000010","1100101010000010.0","Success","0.00077"
"6TJW","16","10111000000101","10111000000101.0","Success","0.0005"
"6PHZ","16","111011001110001","111011001110001.0","Success","0.00072"
"4C2K","16","1000000001100101","1000000001100101.0","Success","0.00049"
"6ODD","16","11111011011","11111011011.0","Success","0.00151"
"6DE7","16","1001011011011110","1001011011011110.0","Success","0.0005"
"2RGR","16","11000000001010","11000000001010.0","Success","0.00072"
"1MI5","16","1101011100000101","1101011100000101.0","Success","0.00068"
"3D2B","16","1111001000010111","1111001000010111.0","Success","0.00102"
"7U91","16","11110001010111","11110001010111.0","Success","0.00077"
"5QGN","16","1111011111010100","1111011111010100.0","Success","0.00147"
"3PJS","16","1100000111100101","1100000111100101.0","Success","0.00051"
"2MD0","16","11001001111011","11001001111011.0","Success","0.0005"
"1TIO","16","111101111111000","111101111111000.0","Success","0.00127"
"2E0P","16","10001100010111","10001100010111.0","Success","0.00085"
"6JO3","16","101010001001001","101010001001001.0","Success","0.00122"
"1RPY","16","1011000100010100","1011000100010100.0","Success","0.00149"
"8CYR","16","1010100101110","1010100101110.0","Success","0.00066"
"3EP1","16","1110111001111001","1110111001111001.0","Success","0.00107"
"6K07","16","1110101101110011","1110101101110011.0","Success","0.00128"
"7RTY","16","1011111000110","1011111000110.0","Success","0.00086"
"3WJ8","16","11001011110010","11001011110010.0","Success","0.00047"
"6ULA","16","1101001111011010","1101001111011010.0","Success","0.00034"
"4HWE","16","1100101010011110","1100101010011110.0","Success","0.00094"
"4ID2","16","100110111111101","100110111111101.0","Success","0.00122"
"6G79","16","100000000111001","100000000111001.0","Success","0.00065"
"5YDO","16","1110111110000100","1110111110000100.0","Success","0.00134"
"6X2B","16","1011001100110110","1011001100110110.0","Success","0.00036"
"4MON","16","1001101110111011","1001101110111011.0","Success","0.00143"
"6LXJ","16","1110100110111000","1110100110111000.0","Success","0.00035"
"4R53","16","11010010000011","11010010000011.0","Success","0.00056"
"6VKK","16","1001000010001010","1001000010001010.0","Success","0.00054"
"6R0Z","16","11001110111101","11001110111101.0","Success","0.00025"
"7YFL","16","1111000111011001","1111000111011001.0","Success","0.00037"
"2WYA","16","10110110001011","10110110001011.0","Success","0.00044"
"5WEQ","16","110111100011110","110111100011110.0","Success","0.00095"
"8RNZ","16","101101011100010","101101011100010.0","Success","0.00155"
"2AXA","16","11100011001011","11100011001011.0","Success","0.00122"
"3DCF","16","1011010110100100","1011010110100100.0","Success","0.00099"
"4H0R","16","1011011011011110","1011011011011110.0","Success","0.00087"
"1CCA","16","1001111100101100","1001111100101100.0","Success","0.00113"
"2JCM","16","1101101000101001","1101101000101001.0","Success","0.00087"
"4TRG","16","1001000110010001","1001000110010001.0","Success","0.0006"
"8F6K","16","1101001101011011","1101001101011011.0","Success","0.00058"
"1J4A","16","100001010110101","100001010110101.0","Success","0.00054"
"3S6B","16","1011001101001000","1011001101001000.0","Success","0.00104"
"6OUW","16","11001101000101","11001101000101.0","Success","0.00083"
"2RI3","16","111011101000110","111011101000110.0","Success","0.00108"
"6P8L","16","110000101001101","110000101001101.0","Success","0.00043"
"8SAQ","16","111100110000111","111100110000111.0","Success","0.0004"
"3FO0","16","101010101010000","101010101010000.0","Success","0.00095"
"7JJG","16","100101100010001","100101100010001.0","Success","0.00168"
"5RLT","16","1011011001110110","1011011001110110.0","Success","0.00057"
"3FXW","16","100101100111010","100101100111010.0","Success","0.00118"
"5BON","16","1001101111000011","1001101111000011.0","Success","0.00055"
"6FX3","16","1011110000000000","1011110000000000.0","Success","0.00207"
"6C4K","16","1000110100001111","1000110100001111.0","Success","0.00054"
"6TUS","16","111000111011","111000111011.0","Success","0.0008"
"5PZ1","16","1100100000011000","1100100000011000.0","Success","0.00101"
"1DV6","16","111111000100111","111111000100111.0","Success","0.00048"
"3SLB","16","1000100101000","1000100101000.0","Success","0.0006"
"2DDR","16","100101101001111","100101101001111.0","Success","0.00057"
"3DIK","16","1010111101110001","1010111101110001.0","Success","0.00133"
"3QFX","16","100001000010001","100001000010001.0","Success","0.00092"
"2QPA","16","100101010111100","100101010111100.0","Success","0.00064"
"7AHU","16","110110100111000","110110100111000.0","Success","0.00051"
"6OEY","16","11001101010010","11001101010010.0","Success","0.00062"
"6NF3","16","100111100001001","100111100001001.0","Success","0.00195"
"4KIR","16","101111100101011","101111100101011.0","Success","0.00062"
"2LTO","16","1111010001110101","1111010001110101.0","Success","0.00051"
"6JPE","16","1111111100110011","1111111100110011.0","Success","0.00113"
"3GDW","16","1010100101100011","1010100101100011.0","Success","0.00121"
"7GBE","16","1101100100000011","1101100100000011.0","Success","0.00112"
"3KHB","16","1110010110011101","1110010110011101.0","Success","0.00095"
"9FBA","16","110010110101101","110010110101101.0","Success","0.00044"
"4HW9","16","10001010001011","10001010001011.0","Success","0.00047"
"7UUK","16","1100001000001001","1100001000001001.0","Success","0.00067"
"5NPN","16","1011100001010100","1011100001010100.0","Success","0.00057"
"5WFG","16","100110001101100","100110001101100.0","Success","0.00059"
"4EZV","16","1100010010100111","1100010010100111.0","Success","0.00089"
"3PQ6","16","10110000011100","10110000011100.0","Success","0.00035"
"2N4I","16","100101101000010","100101101000010.0","Success","0.00039"
"3H4Q","16","1111100111110100","1111100111110100.0","Success","0.00159"
"1WS4","16","1010000100110101","1010000100110101.0","Success","0.00078"
"8JE7","16","1010010110101","1010010110101.0","Success","0.00061"
"7L2X","16","1100110011110010","1100110011110010.0","Success","0.00042"
"2IY8","16","1101111010001","1101111010001.0","Success","0.00099"
"5EYO","16","11110110110101","11110110110101.0","Success","0.00145"
"2P2T","16","1011110011110","1011110011110.0","Success","0.00192"
"1WAU","16","10000100100010","10000100100010.0","Success","0.00129"
"2CKK","16","101101010011010","101101010011010.0","Success","0.00179"
"8EQJ","16","1100011001111111","1100011001111111.0","Success","0.00099"
"7V09","16","111111110111111","111111110111111.0","Success","0.00067"
"1NDF","16","11000011","11000011.0","Success","0.00057"
"7P7M","16","101000001101010","101000001101010.0","Success","0.00028"
"7TJJ","16","1011111000111010","1011111000111010.0","Success","0.00037"
"1NSQ","16","101000010010011","101000010010011.0","Success","0.00091"
"7D7U","16","1000110001110100","1000110001110100.0","Success","0.00099"
"4QEF","16","100011001111100","100011001111100.0","Success","0.00118"
"5XMY","16","100100000010000","100100000010000.0","Success","0.00162"
"4DK9","16","1001110111100100","1001110111100100.0","Success","0.00161"
"3BYV","16","1110111101100000","1110111101100000.0","Success","0.00102"
"5NIJ","16","10000101000010","10000101000010.0","Success","0.00048"
"5GO1","16","100110111010101","100110111010101.0","Success","0.00183"
"5PTG","16","1000010011100000","1000010011100000.0","Success","0.00123"
"3MGP","16","11110100101110","11110100101110.0","Success","0.00071"
"6KF8","16","110101111011011","110101111011011.0","Success","0.00083"
"4Q7J","16","1010001000101011","1010001000101011.0","Success","0.00037"
"9NV7","16","110001011000","110001011000.0","Success","0.00034"
"5TJT","16","1010110110010101","1010110110010101.0","Success","0.00047"
"8ZNO","16","111100001101000","111100001101000.0","Success","0.0003"
"1M4Y","16","101011010011","101011010011.0","Success","0.00084"
"1OI1","16","110100100001011","110100100001011.0","Success","0.00134"
"4OEB","16","1000110000011001","1000110000011001.0","Success","0.00083"
"9BKU","16","111000110011001","111000110011001.0","Success","0.0004"
"6HOA","16","1011000001001011","1011000001001011.0","Success","0.00142"
"7UM0","16","1110101011111001","1110101011111001.0","Success","0.00037"
"4I8N","16","101111010100101","101111010100101.0","Success","0.00115"
"8VEO","16","111100101110111","111100101110111.0","Success","0.00063"
"5O7M","16","1010010100001010","1010010100001010.0","Success","0.00106"
"2DMF","16","1111110100110001","1111110100110001.0","Success","0.00037"
"5YZP","16","101010110110110","101010110110110.0","Success","0.00139"
"9J2Y","16","1110100011010000","1110100011010000.0","Success","0.00077"
"7Q65","16","100001001111101","100001001111101.0","Success","0.00066"
"6BE3","16","1000111101111110","1000111101111110.0","Success","0.0009"
"3RJL","16","1100101011010","1100101011010.0","Success","0.0003"
"7GIH","16","1111110000010101","1111110000010101.0","Success","0.00079"
"6YYU","16","1110111010101111","1110111010101111.0","Success","0.00097"
"4MUO","16","1000001101110101","1000001101110101.0","Success","0.00075"
"3KZG","16","100100100001010","100100100001010.0","Success","0.00065"
"1SN7","16","11000000000101","11000000000101.0","Success","0.00104"
"3DE9","16","10111101000","10111101000.0","Success","0.00189"
"8G4H","16","1000011110000011","1000011110000011.0","Success","0.00109"
"1Y3T","16","111111001011101","111111001011101.0","Success","0.00076"
"6Q2T","16","111110000111","111110000111.0","Success","0.00067"
"2C6O","16","1101101011001","1101101011001.0","Success","0.00114"
"4QWA","16","100100001","100100001.0","Success","0.00105"
"4XCO","16","110110000101110","110110000101110.0","Success","0.00096"
"3HFS","16","1100100001111000","1100100001111000.0","Success","0.00077"
"1BP0","16","111111000011100","111111000011100.0","Success","0.0011"
"1XR6","16","1010001001110011","1010001001110011.0","Success","0.00092"
"8YAR","16","1111011011010101","1111011011010101.0","Success","0.00043"
"9IQT","16","1001011010111000","1001011010111000.0","Success","0.00057"
"1KRT","16","1111111110010100","1111111110010100.0","Success","0.0006"
"4ZOU","16","10000010001011","10000010001011.0","Success","0.00179"
"9FBJ","16","1001110010100011","1001110010100011.0","Success","0.00045"
"6CER","16","1001101110100001","1001101110100001.0","Success","0.00037"
"8DAV","16","110011001110000","110011001110000.0","Success","0.00029"
"5EQA","16","1111010111011000","1111010111011000.0","Success","0.00059"
"8UB2","16","111110011001001","111110011001001.0","Success","0.00124"
"5LLO","16","1001100001011100","1001100001011100.0","Success","0.0006"
"1R3B","16","111001101001111","111001101001111.0","Success","0.0003"
"4WSP","16","111100100101101","111100100101101.0","Success","0.00211"
"2D5M","16","1010110101100110","1010110101100110.0","Success","0.00141"
"2AXQ","16","1110000111001010","1110000111001010.0","Success","0.00089"
"3OZM","16","1100110110000","1100110110000.0","Success","0.00034"
"6BNV","16","111111101010000","111111101010000.0","Success","0.00021"
"3TSS","16","1100000101100010","1100000101100010.0","Success","0.00139"
"3IDU","16","111010111100011","111010111100011.0","Success","0.00132"
"8R23","16","1111101110011010","1111101110011010.0","Success","0.0005"
"8YEW","16","1000001100000001","1000001100000001.0","Success","0.0016"
"7YQF","16","1011110011010011","1011110011010011.0","Success","0.00078"
"5AKI","16","1010100110111111","1010100110111111.0","Success","0.00083"
"5PUB","16","1011001010010000","1011001010010000.0","Success","0.00122"
"1LLW","16","1100010111011011","1100010111011011.0","Success","0.0005"
"6HUP","16","11111000000001","11111000000001.0","Success","0.00047"
"2CNJ","16","10110111001011","10110111001011.0","Success","0.00036"
"5A9E","16","10110100000110","10110100000110.0","Success","0.0003"
"6C72","16","101101110100111","101101110100111.0","Success","0.00045"
"1VGO","16","1100111101100110","1100111101100110.0","Success","0.00088"
"3HNM","16","10001010101000","10001010101000.0","Success","0.00074"
"9EG4","16","100110100110110","100110100110110.0","Success","0.00038"
"4MGJ","16","1011011011011101","1011011011011101.0","Success","0.00092"
"6NFK","16","1100000101010110","1100000101010110.0","Success","0.00146"
"8YYE","16","111001010010011","111001010010011.0","Success","0.00071"
"6P3R","16","1111101110110100","1111101110110100.0","Success","0.00054"
"8GSC","16","110010010010000","110010010010000.0","Success","0.00064"
"1ISS","16","1001101000001111","1001101000001111.0","Success","0.00065"
"4EY4","16","1110111101001001","1110111101001001.0","Success","0.00058"
"3QJT","16","111100111111001","111100111111001.0","Success","0.00069"
"3FZE","16","10110010100","10110010100.0","Success","0.00135"
"7N6M","16","1000111000001000","1000111000001000.0","Success","0.00129"
"6XTB","16","111101011100010","111101011100010.0","Success","0.00126"
"4KH4","16","101110010001010","101110010001010.0","Success","0.00058"
"8I3X","16","1011011101010111","1011011101010111.0","Success","0.00177"
"3TED","16","110111011000","110111011000.0","Success","0.00126"
"4Q9F","16","11001101101001","11001101101001.0","Success","0.00122"
"6SNK","16","1001000101111","1001000101111.0","Success","0.00101"
"2CZ2","16","1101010100111100","1101010100111100.0","Success","0.00133"
"5BWO","16","11000100110100","11000100110100.0","Success","0.00116"
"4YQJ","16","1011101110100100","1011101110100100.0","Success","0.00126"
"1PX9","16","100011111110111","100011111110111.0","Success","0.00294"
"6Q13","16","10110100000111","10110100000111.0","Success","0.00052"
"5T5B","16","11001110011011","11001110011011.0","Success","0.00057"
"4YYE","16","1110110010110111","1110110010110111.0","Success","0.00067"
"1IGJ","16","1111011101011000","1111011101011000.0","Success","0.00066"
"1E8U","16","10111001000000","10111001000000.0","Success","0.00065"
"7YKZ","16","1101111011001110","1101111011001110.0","Success","0.00029"
"9EUQ","16","1001001110001010","1001001110001010.0","Success","0.00066"
"5N5J","16","1001111000000111","1001111000000111.0","Success","0.00157"
"4G45","16","1110100100001101","1110100100001101.0","Success","0.00101"
"3OM2","16","1110011110101000","1110011110101000.0","Success","0.00093"
"3CZN","16","1101100000010","1101100000010.0","Success","0.00059"
"9JA1","16","1001000111010001","1001000111010001.0","Success","0.00033"
"9ENF","16","10111010000100","10111010000100.0","Success","0.00084"
"9FFS","16","1010111001010100","1010111001010100.0","Success","0.00046"
"3KRU","16","1100111111000101","1100111111000101.0","Success","0.00052"
"8V3Y","16","1000000000100010","1000000000100010.0","Success","0.00019"
"4Z8E","16","1100001001101011","1100001001101011.0","Success","0.0015"
"4US7","16","1110101100011","1110101100011.0","Success","0.00146"
"7ENO","16","1011000000010","1011000000010.0","Success","0.00076"
"4ERV","16","1111110000000101","1111110000000101.0","Success","0.0014"
"3V9V","16","11000101001000","11000101001000.0","Success","0.00119"
"9H7X","16","1100001000110000","1100001000110000.0","Success","0.00085"
"2ENP","16","1101100100110000","1101100100110000.0","Success","0.00035"
"7VS7","16","101110111100001","101110111100001.0","Success","0.00132"
"5BTN","16","1000111001010010","1000111001010010.0","Success","0.00049"
"4ILE","16","1100011110100000","1100011110100000.0","Success","0.0015"
"7WZU","16","1001010100100010","1001010100100010.0","Success","0.00066"
"2JA6","16","101110101000010","101110101000010.0","Success","0.0003"
"3IHU","16","1110000001111101","1110000001111101.0","Success","0.00094"
"3JCZ","16","1110100110010011","1110100110010011.0","Success","0.00037"
"7R7S","16","101000110111001","101000110111001.0","Success","0.0003"
"5OFH","16","100000110111011","100000110111011.0","Success","0.00105"
"7MIN","16","1011100110100110","1011100110100110.0","Success","0.00037"
"2VD0","16","1110001010001010","1110001010001010.0","Success","0.00068"
"7LAF","16","11001011100011","11001011100011.0","Success","0.00053"
"8E5W","16","1111011010","1111011010.0","Success","0.00091"
"4I5I","16","1011000100010000","1011000100010000.0","Success","0.00083"
"3N0I","16","1001010010111","1001010010111.0","Success","0.00081"
"2EQ5","16","1111011101011","1111011101011.0","Success","0.00067"
"5EFX","16","101011001101010","101011001101010.0","Success","0.00159"
"1GQ2","16","1111100000001100","1111100000001100.0","Success","0.00021"
"2WNH","16","1111011010101101","1111011010101101.0","Success","0.00067"
"2INQ","16","1100011010001001","1100011010001001.0","Success","0.00108"
"8Z12","16","11011110101","11011110101.0","Success","0.00093"
"5UP1","16","101011111100110","101011111100110.0","Success","0.00055"
"7DXX","16","11111110111010","11111110111010.0","Success","0.00202"
"5HVW","16","1001011001011011","1001011001011011.0","Success","0.00135"
"3BOK","16","100010001001","100010001001.0","Success","0.00095"
"6FRO","16","100011100001101","100011100001101.0","Success","0.00174"
"8IRO","16","1010011101101111","1010011101101111.0","Success","0.00059"
"5HUM","16","1110001010000011","1110001010000011.0","Success","0.00049"
"3HHH","16","1001001101110111","1001001101110111.0","Success","0.00138"
"3PX7","16","1100101111100100","1100101111100100.0","Success","0.0008"
"6W30","16","101100110110000","101100110110000.0","Success","0.00114"
"8BBE","16","1110100011100011","1110100011100011.0","Success","0.00039"
"2LQN","16","1011111000110000","1011111000110000.0","Success","0.00025"
"1D1Q","16","1010100110111011","1010100110111011.0","Success","0.00109"
"8S37","16","1011111001001","1011111001001.0","Success","0.00036"
"2VIH","16","1000011110011001","1000011110011001.0","Success","0.00116"
"1CM5","16","111010000111101","111010000111101.0","Success","0.00049"
"4TUQ","16","11010011101110","11010011101110.0","Success","0.00108"
"2Y1O","16","1110111001000111","1110111001000111.0","Success","0.0009"
"1T3X","16","10101000100011","10101000100011.0","Success","0.00161"
"4HL6","16","1000101000000001","1000101000000001.0","Success","0.00042"
"4QUC","16","1101100010100000","1101100010100000.0","Success","0.00259"
"3HHD","16","1010000100000001","1010000100000001.0","Success","0.00033"
"4S31","16","11001110010100","11001110010100.0","Success","0.00099"
"8XBO","16","111111101011010","111111101011010.0","Success","0.00084"
"8P3B","16","11010011110110","11010011110110.0","Success","0.00156"
"1B4S","16","1010101001010","1010101001010.0","Success","0.00092"
"3PCE","16","1000011110000010","1000011110000010.0","Success","0.00039"
"1Y4H","16","111101000001111","111101000001111.0","Success","0.00079"
"5BWX","16","1111101001111100","1111101001111100.0","Success","0.00071"
"9EM3","16","111001111010001","111001111010001.0","Success","0.00102"
"3FBE","16","1011011010011010","1011011010011010.0","Success","0.0007"
"2DT6","16","1011110100101111","1011110100101111.0","Success","0.00053"
"6DNJ","16","1000000001011","1000000001011.0","Success","0.0012"
"5KAJ","16","101111010001110","101111010001110.0","Success","0.00027"
"5AVI","16","1000110111101010","1000110111101010.0","Success","0.00087"
"3V6F","16","1111101100100001","1111101100100001.0","Success","0.00047"
"2MEZ","16","1001101101001","1001101101001.0","Success","0.00048"
"1YSW","16","1110111001110110","1110111001110110.0","Success","0.00152"
"6FEB","16","1100110001110110","1100110001110110.0","Success","0.00076"
"1KQ9","16","1001011011111011","1001011011111011.0","Success","0.00101"
"1F04","16","1010111110010010","1010111110010010.0","Success","0.00036"
"9DUV","16","1110110100001010","1110110100001010.0","Success","0.0004"
"6KRX","16","111000101001111","111000101001111.0","Success","0.00109"
"8HJQ","16","101110000111110","101110000111110.0","Success","0.00095"
"5LZ8","16","1110110101001101","1110110101001101.0","Success","0.00097"
"1P7C","16","110111000111110","110111000111110.0","Success","0.00079"
"8E9H","16","1001000111010101","1001000111010101.0","Success","0.00026"
"3VA3","16","1000111100100001","1000111100100001.0","Success","0.00096"
"3PSS","16","110011011101000","110011011101000.0","Success","0.00093"
"3CTY","16","1011100000101101","1011100000101101.0","Success","0.00079"
"9CX6","16","1010010111010101","1010010111010101.0","Success","0.00166"
"1DO0","16","1111011001001011","1111011001001011.0","Success","0.00039"
"4V1N","16","1111001100001111","1111001100001111.0","Success","0.00028"
"2DDZ","16","10010010111010","10010010111010.0","Success","0.00058"
"4XZJ","16","1000111110000","1000111110000.0","Success","0.00125"
"9BOR","16","1010100100000101","1010100100000101.0","Success","0.00084"
"7O6W","16","111010110010000","111010110010000.0","Success","0.00168"
"1PP8","16","10101000011101","10101000011101.0","Success","0.00077"
"2QMA","16","1110110001100101","1110110001100101.0","Success","0.00065"
"3CCW","16","1111101011111011","1111101011111011.0","Success","0.00047"
"7WL3","16","100100101110111","100100101110111.0","Success","0.00076"
"6C4A","16","110010001011100","110010001011100.0","Success","0.00034"
"1BID","16","1001000001101100","1001000001101100.0","Success","0.00119"
"4WAN","16","1111101000111111","1111101000111111.0","Success","0.00089"
"5D49","16","1111010000001001","1111010000001001.0","Success","0.00103"
"1PF9","16","1110000011110","1110000011110.0","Success","0.00022"
"5DUO","16","101101101111101","101101101111101.0","Success","0.00088"
"4BOF","16","1111101100000000","1111101100000000.0","Success","0.00034"
"7LPW","16","1011010110011","1011010110011.0","Success","0.00061"
"9GUR","16","1111100101011","1111100101011.0","Success","0.00034"
"7AE2","16","1000101010110101","1000101010110101.0","Success","0.00114"
"8H2X","16","1000100000010000","1000100000010000.0","Success","0.00084"
"4JVR","16","100101010111110","100101010111110.0","Success","0.0012"
"5IRF","16","1110011101001110","1110011101001110.0","Success","0.00056"
"8PUI","16","1110100110001110","1110100110001110.0","Success","0.00046"
"6V06","16","111111101101010","111111101101010.0","Success","0.0011"
"3PX3","16","1101100010100011","1101100010100011.0","Success","0.00087"
"7DHX","16","1000011000111111","1000011000111111.0","Success","0.00068"
"6REA","16","1110010011100","1110010011100.0","Success","0.00029"
"5OJG","16","1011100000110010","1011100000110010.0","Success","0.00084"
"6Q9L","16","1011001000010010","1011001000010010.0","Success","0.00143"
"8U1E","16","101001000100000","101001000100000.0","Success","0.00078"
"7NU7","16","1111111011100010","1111111011100010.0","Success","0.00067"
"1DGN","16","1001101101110101","1001101101110101.0","Success","0.00046"
"8C33","16","1010010111100110","1010010111100110.0","Success","0.0007"
"2YBA","16","1010011110100000","1010011110100000.0","Success","0.00068"
"2FAP","16","1011010011011010","1011010011011010.0","Success","0.00135"
"4LMJ","16","1100001001001010","1100001001001010.0","Success","0.0005"
"6KXO","16","1001110101110001","1001110101110001.0","Success","0.00089"
"4GFJ","16","1110101011001","1110101011001.0","Success","0.00079"
"4KZ3","16","11111010001","11111010001.0","Success","0.00071"
"4OYD","16","1010000100000001","1010000100000001.0","Success","0.00079"
"7Z4T","16","1101011010110","1101011010110.0","Success","0.0008"
"1PLA","16","1110001010111111","1110001010111111.0","Success","0.00036"
"3QTL","16","1011111100101000","1011111100101000.0","Success","0.00064"
"5XSR","16","11010101000110","11010101000110.0","Success","0.00107"
"6XFT","16","1011110111110110","1011110111110110.0","Success","0.00113"
"2Y5Y","16","1111111010010110","1111111010010110.0","Success","0.00068"
"6ENB","16","1110001111000110","1110001111000110.0","Success","0.00079"
"3I64","16","1011110010110","1011110010110.0","Success","0.00077"
"2Q1D","16","10001111111111","10001111111111.0","Success","0.00116"
"4E0Z","16","110111001010111","110111001010111.0","Success","0.00106"
"4ZII","16","101001000011011","101001000011011.0","Success","0.00148"
"4M5C","16","1100110010110001","1100110010110001.0","Success","0.00131"
"7XZY","16","1000101111001011","1000101111001011.0","Success","0.00069"
"8FH9","16","11111101111101","11111101111101.0","Success","0.00109"
"6YWW","16","11110001010011","11110001010011.0","Success","0.00233"
"3DVQ","16","1100101100001100","1100101100001100.0","Success","0.00115"
"2JWG","16","101000000110110","101000000110110.0","Success","0.00047"
"5FS8","16","1010110110110011","1010110110110011.0","Success","0.00086"
"5JSE","16","101111010101101","101111010101101.0","Success","0.00048"
"6B8Y","16","110101110111011","110101110111011.0","Success","0.0011"
"3D2F","16","111101101100111","111101101100111.0","Success","0.00043"
"8OM1","16","1010110110010000","1010110110010000.0","Success","0.00021"
"4O4H","16","1001100111101111","1001100111101111.0","Success","0.00041"
"6HNN","16","100001100110110","100001100110110.0","Success","0.00052"
"6HTY","16","1010111110101100","1010111110101100.0","Success","0.00078"
"1BSV","16","1010010110011","1010010110011.0","Success","0.00108"
"9FZP","16","111011100100","111011100100.0","Success","0.00086"
"6QG1","16","1100010110010011","1100010110010011.0","Success","0.00028"
"5TQC","16","1100111111000000","1100111111000000.0","Success","0.00067"
"2D9M","16","10100111001100","10100111001100.0","Success","0.00052"
"8WRC","16","10111010010011","10111010010011.0","Success","0.00039"
"3QOL","16","1000110101010000","1000110101010000.0","Success","0.00174"
"4Q8B","16","1000000111011010","1000000111011010.0","Success","0.00061"
"5AM0","16","1110100110101000","1110100110101000.0","Success","0.00083"
"4Z2H","16","101100111111000","101100111111000.0","Success","0.00085"
"1ZC9","16","1010010100110011","1010010100110011.0","Success","0.00093"
"9CBM","16","110101101010001","110101101010001.0","Success","0.00065"
"8PUP","16","110111010000001","110111010000001.0","Success","0.00143"
"1E4U","16","101111110111011","101111110111011.0","Success","0.0004"
"5TYY","16","100100010100","100100010100.0","Success","0.00103"
"8D95","16","1110100001111101","1110100001111101.0","Success","0.00133"
"4CBQ","16","1000001101011011","1000001101011011.0","Success","0.00076"
"1KIV","16","101110000010001","101110000010001.0","Success","0.00222"
"8TAD","16","111110011111011","111110011111011.0","Success","0.00123"
"5EU2","16","1111010010101101","1111010010101101.0","Success","0.00159"
"3KZE","16","1110101101110000","1110101101110000.0","Success","0.00114"
"3QAM","16","1111010111000011","1111010111000011.0","Success","0.00096"
"3D5Z","16","1111001011110010","1111001011110010.0","Success","0.00108"
"3ZCS","16","1100000111110111","1100000111110111.0","Success","0.00068"
"3TYF","16","1000100011001001","1000100011001001.0","Success","0.00065"
"4JEA","16","110100011000001","110100011000001.0","Success","0.00095"
"1V19","16","1010111101110","1010111101110.0","Success","0.0008"
"5Y0O","16","1001110111000","1001110111000.0","Success","0.00067"
"3REF","16","1010011001000110","1010011001000110.0","Success","0.00104"
"6DVI","16","11101110000110","11101110000110.0","Success","0.0004"
"6YE1","16","1011000101100110","1011000101100110.0","Success","0.0006"
"7OC5","16","10010001001011","10010001001011.0","Success","0.00071"
"7OAR","16","1111010110010010","1111010110010010.0","Success","0.00066"
"4KW1","16","101100001100010","101100001100010.0","Success","0.00043"
"3H7G","16","11101111111","11101111111.0","Success","0.00144"
"3EU7","16","1000010011010010","1000010011010010.0","Success","0.00104"
"7Z2G","16","101001011111001","101001011111001.0","Success","0.00063"
"9C3J","16","1011100001101010","1011100001101010.0","Success","0.00077"
"2P66","16","110001111000000","110001111000000.0","Success","0.00108"
"1AUG","16","1110011111110110","1110011111110110.0","Success","0.00064"
"4ROC","16","1110001101010","1110001101010.0","Success","0.00088"
"5PTO","16","1111111000011111","1111111000011111.0","Success","0.0012"
"2ZA4","16","1000011111010100","1000011111010100.0","Success","0.00094"
"8ZTE","16","1001101101100","1001101101100.0","Success","0.00071"
"7EX3","16","110011001110010","110011001110010.0","Success","0.0015"
"7DSF","16","1001110010111111","1001110010111111.0","Success","0.00084"
"5KSQ","16","1101010111010111","1101010111010111.0","Success","0.00087"
"7MW8","16","10001011101010","10001011101010.0","Success","0.00041"
"6KPL","16","101111111110101","101111111110101.0","Success","0.00113"
"7NQU","16","1001010111101111","1001010111101111.0","Success","0.0007"
"2WN8","16","1010111010010100","1010111010010100.0","Success","0.001"
"7BUJ","16","1001010001001111","1001010001001111.0","Success","0.00073"
"6J7X","16","100100100001110","100100100001110.0","Success","0.00069"
"9R2E","16","1110110010110010","1110110010110010.0","Success","0.00052"
"4BPB","16","1100110101111100","1100110101111100.0","Success","0.00077"
"7FCT","16","1100000101000101","1100000101000101.0","Success","0.00089"
"3BGH","16","110010011011001","110010011011001.0","Success","0.001"
"7UZY","16","1101110001011001","1101110001011001.0","Success","0.00045"
"7SX9","16","11101111000110","11101111000110.0","Success","0.00037"
"5IEI","16","1000001010000001","1000001010000001.0","Success","0.00171"
"4A7W","16","1110010001110111","1110010001110111.0","Success","0.00088"
"4OWC","16","1111110011110","1111110011110.0","Success","0.0017"
"5BN3","16","1000010101101","1000010101101.0","Success","0.00064"
"1F9N","16","101000100011","101000100011.0","Success","0.00066"
"2LNM","16","100000101010101","100000101010101.0","Success","0.00054"
"6MW5","16","1011100010101111","1011100010101111.0","Success","0.00125"
"7NJU","16","1100010100010001","1100010100010001.0","Success","0.00058"
"1BCK","16","1010110111101111","1010110111101111.0","Success","0.0015"
"5QMP","16","1101000111001111","1101000111001111.0","Success","0.00101"
"8ORG","16","1000110111010101","1000110111010101.0","Success","0.00121"
"4DSR","16","111000000111101","111000000111101.0","Success","0.00072"
"4G08","16","1000000101001","1000000101001.0","Success","0.00163"
"8EQI","16","111011101101111","111011101101111.0","Success","0.00073"
"2DLY","16","111010101110011","111010101110011.0","Success","0.0004"
"6W6O","16","110101111111111","110101111111111.0","Success","0.00059"
"8YP9","16","1000101100011011","1000101100011011.0","Success","0.00063"
"5V60","16","1111011000010","1111011000010.0","Success","0.00103"
"5WGZ","16","1000110111101110","1000110111101110.0","Success","0.00073"
"5CQC","16","1011100100","1011100100.0","Success","0.00104"
"2H7W","16","11010011001","11010011001.0","Success","0.00136"
"8IEX","16","1100011010110010","1100011010110010.0","Success","0.00045"
"1WKG","16","1100001011001100","1100001011001100.0","Success","0.00069"
"3K26","16","1110001011101001","1110001011101001.0","Success","0.00103"
"5E02","16","1110110010111110","1110110010111110.0","Success","0.00064"
"8IZR","16","100010000100000","100010000100000.0","Success","0.00052"
"8ERH","16","1100101010011010","1100101010011010.0","Success","0.00088"
"4GYN","16","101011101011111","101011101011111.0","Success","0.00105"
"7EMN","16","111000001000100","111000001000100.0","Success","0.00061"
"7CNX","16","1100101011000100","1100101011000100.0","Success","0.00057"
"1MAS","16","1100100011111101","1100100011111101.0","Success","0.00078"
"2VIC","16","110100000000","110100000000.0","Success","0.00117"
"3LH5","16","1000110110000011","1000110110000011.0","Success","0.00124"
"2W19","16","1001101110111011","1001101110111011.0","Success","0.00063"
"1DOV","16","11001000101010","11001000101010.0","Success","0.00143"
"7QGJ","16","1101111111110110","1101111111110110.0","Success","0.00153"
"6IMN","16","100001101100000","100001101100000.0","Success","0.00068"
"7KLV","16","101001010010110","101001010010110.0","Success","0.00055"
"3UK1","16","1000011011001101","1000011011001101.0","Success","0.00054"
"7Z5I","16","1110101001000110","1110101001000110.0","Success","0.00179"
"4BTA","16","1100111101001011","1100111101001011.0","Success","0.00091"
"3QV0","16","110000000110110","110000000110110.0","Success","0.00144"
"8P89","16","1101110110100000","1101110110100000.0","Success","0.00075"
"2ZT2","16","1100010100011000","1100010100011000.0","Success","0.00157"
"7XGL","16","11000011000011","11000011000011.0","Success","0.00079"
"1L0E","16","1000100010111011","1000100010111011.0","Success","0.00072"
"7POH","16","1001010001100000","1001010001100000.0","Success","0.00143"
"5YGH","16","110100100000010","110100100000010.0","Success","0.00158"
"4V0I","16","100010011100","100010011100.0","Success","0.00049"
"4ZS7","16","1101110000100000","1101110000100000.0","Success","0.00082"
"2P2D","16","1000111101011010","1000111101011010.0","Success","0.00052"
"6T3H","16","101110000100010","101110000100010.0","Success","0.00072"
"5H0W","16","1000000111110","1000000111110.0","Success","0.00178"
"3SVZ","16","110000111000100","110000111000100.0","Success","0.00087"
"2QB5","16","110100101000101","110100101000101.0","Success","0.00074"
"4IY2","16","110100010101101","110100010101101.0","Success","0.0011"
"4FMF","16","1100110010111010","1100110010111010.0","Success","0.00056"
"2MXZ","16","111011001001","111011001001.0","Success","0.00038"
"8HGC","16","101000110101111","101000110101111.0","Success","0.00098"
"7H5F","16","1110010101101010","1110010101101010.0","Success","0.00103"
"3MSO","16","1110101111100110","1110101111100110.0","Success","0.00122"
"1DOS","16","1011011001101101","1011011001101101.0","Success","0.0007"
"5DIY","16","110000101011010","110000101011010.0","Success","0.00062"
"6MWA","16","1110101001001011","1110101001001011.0","Success","0.00124"
"1GY1","16","1100010100101100","1100010100101100.0","Success","0.00107"
"2V71","16","111110011000000","111110011000000.0","Success","0.00107"
"1TUH","16","10110000001111","10110000001111.0","Success","0.00169"
"1KF8","16","1000010000101100","1000010000101100.0","Success","0.00173"
"4NHJ","16","101011101000010","101011101000010.0","Success","0.00138"
"4NX8","16","1000011101111111","1000011101111111.0","Success","0.00084"
"7Y4F","16","10010100010","10010100010.0","Success","0.00036"
"3KG5","16","1111110001011010","1111110001011010.0","Success","0.00135"
"4ZL1","16","1111100001010010","1111100001010010.0","Success","0.00099"
"1OXK","16","1001011100000110","1001011100000110.0","Success","0.00048"
"2OP0","16","1001101101010110","1001101101010110.0","Success","0.00083"
"7QS0","16","100110110111010","100110110111010.0","Success","0.00085"
"9IY2","16","11101111100110","11101111100110.0","Success","0.00042"
"5X3H","16","101110001110001","101110001110001.0","Success","0.00086"
"4J3C","16","11010011111110","11010011111110.0","Success","0.00092"
"5D3G","16","1011010011110000","1011010011110000.0","Success","0.00043"
"3KP7","16","101111010001000","101111010001000.0","Success","0.00114"
"6YK2","16","1111001110011101","1111001110011101.0","Success","0.00115"
"8OY0","16","11111100010","11111100010.0","Success","0.0004"
"1EIL","16","11001111101110","11001111101110.0","Success","0.00113"
"8W6I","16","1111110010110100","1111110010110100.0","Success","0.00061"
"1BOG","16","1001011101100","1001011101100.0","Success","0.00092"
"8WVY","16","1001110110000100","1001110110000100.0","Success","0.00064"
"3PHG","16","1100000010011","1100000010011.0","Success","0.00088"
"1HK2","16","100011101001101","100011101001101.0","Success","0.00083"
"1XGW","16","1001010011000011","1001010011000011.0","Success","0.00163"
"3P04","16","1110111110100","1110111110100.0","Success","0.00163"
"4CC1","16","1101100110000011","1101100110000011.0","Success","0.00079"
"8URG","16","1100010111100","1100010111100.0","Success","0.00198"
"4KZT","16","1101110111101001","1101110111101001.0","Success","0.00046"
"3CZU","16","1111110100110100","1111110100110100.0","Success","0.00112"
"5F8B","16","11101010110101","11101010110101.0","Success","0.00133"
"6QJQ","16","101101100010101","101101100010101.0","Success","0.00152"
"1QMT","16","1110100010100001","1110100010100001.0","Success","0.00167"
"7MBM","16","1100101010100001","1100101010100001.0","Success","0.00046"
"4D9J","16","1111100010101111","1111100010101111.0","Success","0.00027"
"2WVK","16","101101111101000","101101111101000.0","Success","0.0007"
"2DQ3","16","100010100001101","100010100001101.0","Success","0.00066"
"4M3U","16","111010010101000","111010010101000.0","Success","0.00065"
"4D0R","16","111001111111110","111001111111110.0","Success","0.00117"
"4ZXF","16","1011011000000001","1011011000000001.0","Success","0.00057"
"1EQU","16","1000010010000110","1000010010000110.0","Success","0.00079"
"4N9M","16","11110010100100","11110010100100.0","Success","0.00109"
"4V2D","16","1010111110011111","1010111110011111.0","Success","0.00108"
"3T2N","16","1001010000100010","1001010000100010.0","Success","0.00051"
"1EZX","16","1001111111011011","1001111111011011.0","Success","0.00085"
"1B8L","16","1110010010000110","1110010010000110.0","Success","0.00189"
"3TPT","16","101111111101011","101111111101011.0","Success","0.00068"
"9C0E","16","11010100011101","11010100011101.0","Success","0.00045"
"8XOK","16","1110001001111101","1110001001111101.0","Success","0.00055"
"9GGQ","16","1111011110001111","1111011110001111.0","Success","0.00036"
"4W6E","16","1101101011000011","1101101011000011.0","Success","0.00134"
"2AYU","16","1001000110000","1001000110000.0","Success","0.00116"
"1HSO","16","1010110111101","1010110111101.0","Success","0.00071"
"1AV6","16","1111110101001101","1111110101001101.0","Success","0.00114"
"5KAV","16","10100000110101","10100000110101.0","Success","0.00151"
"3WVS","16","1001011011110100","1001011011110100.0","Success","0.00095"
"7BWL","16","1110101011011001","1110101011011001.0","Success","0.00147"
"2JCA","16","1101110101000001","1101110101000001.0","Success","0.00098"
"2ZUE","16","101101100000000","101101100000000.0","Success","0.00078"
"4NAH","16","1010110100000110","1010110100000110.0","Success","0.00062"
"1B9L","16","1100101110101","1100101110101.0","Success","0.00064"
"3NFQ","16","111101111110100","111101111110100.0","Success","0.00116"
"6KJE","16","1111100000000111","1111100000000111.0","Success","0.00069"
"6QF9","16","11001011111010","11001011111010.0","Success","0.00086"
"2HV4","16","1010110000010100","1010110000010100.0","Success","0.00032"
"7YVH","16","11101011000100","11101011000100.0","Success","0.00094"
"5HYS","16","1001110111110010","1001110111110010.0","Success","0.00037"
"7XVE","16","100000001100010","100000001100010.0","Success","0.00048"
"1C9I","16","1000001101100100","1000001101100100.0","Success","0.00072"
"4DTN","16","1101110010101010","1101110010101010.0","Success","0.00064"
"1L2W","16","101111011001101","101111011001101.0","Success","0.00057"
"2FDA","16","1110101110000100","1110101110000100.0","Success","0.00126"
"3BTE","16","10111011000001","10111011000001.0","Success","0.00116"
"4MVT","16","1000111010110011","1000111010110011.0","Success","0.00061"
"5NIE","16","111110010000111","111110010000111.0","Success","0.00046"
"5WRT","16","11100111010","11100111010.0","Success","0.00091"
"8VKK","16","11100110000101","11100110000101.0","Success","0.00036"
"8SL1","16","110011100011011","110011100011011.0","Success","0.00065"
"4RDQ","16","100100011001101","100100011001101.0","Success","0.00031"
"5YLJ","16","1111000111000101","1111000111000101.0","Success","0.00042"
"1HF3","16","1101010101101001","1101010101101001.0","Success","0.00072"
"4WIB","16","1001011101000","1001011101000.0","Success","0.00103"
"6EYJ","16","1011100110110","1011100110110.0","Success","0.00083"
"1J4V","16","11101010101001","11101010101001.0","Success","0.00136"
"3M4A","16","1001110010111100","1001110010111100.0","Success","0.00106"
"4YEK","16","101010001101000","101010001101000.0","Success","0.00067"
"1RHP","16","1010010010001001","1010010010001001.0","Success","0.00122"
"5WFN","16","1011111000011010","1011111000011010.0","Success","0.00057"
"5DK4","16","110011010101011","110011010101011.0","Success","0.0011"
"7KTX","16","100000111111111","100000111111111.0","Success","0.00042"
"4XX0","16","1101100100011101","1101100100011101.0","Success","0.00075"
"7D6Q","16","100000111111000","100000111111000.0","Success","0.00077"
"3G0Y","16","1011111100000011","1011111100000011.0","Success","0.00094"
"7F3J","16","1101100111000","1101100111000.0","Success","0.001"
"5FDW","16","1000010011011101","1000010011011101.0","Success","0.00097"
"7E3S","16","1010101001011001","1010101001011001.0","Success","0.0011"
"2K54","16","1110010110111011","1110010110111011.0","Success","0.00039"
"2ODA","16","11001001101000","11001001101000.0","Success","0.001"
"9F5P","16","101111011101110","101111011101110.0","Success","0.00069"
"7A5S","16","10001110001100","10001110001100.0","Success","0.00043"
"1H8L","16","1010010100010110","1010010100010110.0","Success","0.00098"
"5YIB","16","1001001001101110","1001001001101110.0","Success","0.00105"
"3LXT","16","1111010100110110","1111010100110110.0","Success","0.00068"
"3I5F","16","1110001000000111","1110001000000111.0","Success","0.00058"
"1JNE","16","1111001100101010","1111001100101010.0","Success","0.00097"
"3TQQ","16","101011101000000","101011101000000.0","Success","0.00109"
"1RBP","16","1101010110000010","1101010110000010.0","Success","0.00147"
"4N7B","16","10000100101000","10000100101000.0","Success","0.0011"
"5RY4","16","1000101011000111","1000101011000111.0","Success","0.00083"
"3O4F","16","111111010101111","111111010101111.0","Success","0.00041"
"4AJ0","16","101100100110010","101100100110010.0","Success","0.00086"
"6V0X","16","111011111100000","111011111100000.0","Success","0.00195"
"7QXI","16","1000110111111010","1000110111111010.0","Success","0.00032"
"5QAS","16","11100000110010","11100000110010.0","Success","0.00064"
"3CWM","16","1001110011101011","1001110011101011.0","Success","0.00102"
"3IS0","16","101010111000000","101010111000000.0","Success","0.00098"
"5HEZ","16","1101110100001011","1101110100001011.0","Success","0.00057"
"8XDL","16","1101000001101010","1101000001101010.0","Success","0.00059"
"6I30","16","1010001001111001","1010001001111001.0","Success","0.00102"
"4XEY","16","1110000101010010","1110000101010010.0","Success","0.00078"
"2DVC","16","1001001001000011","1001001001000011.0","Success","0.00106"
"1CJ5","16","1100100010000","1100100010000.0","Success","0.00048"
"8ZW7","16","10001100000001","10001100000001.0","Success","0.00051"
"7OPP","16","1011011111111010","1011011111111010.0","Success","0.00092"
"3D6Z","16","1011010110000","1011010110000.0","Success","0.0012"
"6QUA","16","1011010011000010","1011010011000010.0","Success","0.0009"
"6LTH","16","1000011011011111","1000011011011111.0","Success","0.00045"
"7W83","16","1101000010001","1101000010001.0","Success","0.00098"
"1WLP","16","11110011011","11110011011.0","Success","0.00154"
"1GR5","16","1011000000100100","1011000000100100.0","Success","0.00022"
"2QHC","16","1111110010110111","1111110010110111.0","Success","0.00139"
"6GCY","16","1100110011011","1100110011011.0","Success","0.00116"
"8X7S","16","1100010011100010","1100010011100010.0","Success","0.00056"
"3GVV","16","1000111101110111","1000111101110111.0","Success","0.00102"
"3O8L","16","10110100001","10110100001.0","Success","0.0005"
"9BCT","16","1101000001111001","1101000001111001.0","Success","0.00028"
"5AXM","16","10001001110001","10001001110001.0","Success","0.0009"
"3PLZ","16","1001011011110000","1001011011110000.0","Success","0.00086"
"1NOU","16","1110100100000","1110100100000.0","Success","0.00062"
"2JXH","16","11110010001","11110010001.0","Success","0.00037"
"5E1L","16","11100111010000","11100111010000.0","Success","0.00146"
"2DRD","16","1001110111100101","1001110111100101.0","Success","0.00034"
"6DQL","16","101101100101001","101101100101001.0","Success","0.0009"
"1M3I","16","1101000001010110","1101000001010110.0","Success","0.00044"
"6PPG","16","1001100110111011","1001100110111011.0","Success","0.00058"
"6PHF","16","101001010001010","101001010001010.0","Success","0.00056"
"4OJX","16","111010000011001","111010000011001.0","Success","0.00102"
"6UPJ","16","1011010110110111","1011010110110111.0","Success","0.00137"
"5JRN","16","1001101101010","1001101101010.0","Success","0.00139"
"1SU5","16","1010001001110100","1010001001110100.0","Success","0.00086"
"1TE3","16","10100100011000","10100100011000.0","Success","0.00117"
"4W5H","16","1010100010011110","1010100010011110.0","Success","0.00135"
"8P7V","16","1100101111111111","1100101111111111.0","Success","0.00104"
"5FVT","16","11011010","11011010.0","Success","0.00066"
"8R0J","16","111011100000","111011100000.0","Success","0.00062"
"5LZL","16","1010100111000000","1010100111000000.0","Success","0.0003"
"2C7L","16","1110010010100100","1110010010100100.0","Success","0.00108"
"5SM4","16","1110000111101000","1110000111101000.0","Success","0.00092"
"6NLU","16","1010111010000101","1010111010000101.0","Success","0.00139"
"1WEE","16","11111110111100","11111110111100.0","Success","0.0005"
"1T6A","16","110100000110100","110100000110100.0","Success","0.00181"
"8BGA","16","1101010111100001","1101010111100001.0","Success","0.00078"
"2KAA","16","11000000011100","11000000011100.0","Success","0.00038"
"8QH0","16","111000000000010","111000000000010.0","Success","0.00077"
"2ZQX","16","1000010010001110","1000010010001110.0","Success","0.00056"
"4TKG","16","10111111010101","10111111010101.0","Success","0.00068"
"7JR1","16","1111101110110011","1111101110110011.0","Success","0.0004"
"1HES","16","1111000101001","1111000101001.0","Success","0.00119"
"6N9N","16","1011001111011111","1011001111011111.0","Success","0.00069"
"6ZZE","16","1111011010010100","1111011010010100.0","Success","0.00048"
"1LYI","16","100111001000","100111001000.0","Success","0.00152"
"2RD8","16","1000010100010001","1000010100010001.0","Success","0.00083"
"7VTM","16","110100000101010","110100000101010.0","Success","0.00102"
"5HK1","16","1001010001001001","1001010001001001.0","Success","0.00077"
"8JT4","16","1011111010011100","1011111010011100.0","Success","0.00119"
"7XY3","16","111001010001100","111001010001100.0","Success","0.00034"
"3MI0","16","1001100000010100","1001100000010100.0","Success","0.00024"
"4Y21","16","10001000111111","10001000111111.0","Success","0.00083"
"4DX2","16","1100100111111011","1100100111111011.0","Success","0.00087"
"8IYG","16","1011001111010110","1011001111010110.0","Success","0.00042"
"4OSW","16","100001010010101","100001010010101.0","Success","0.00063"
"3P1T","16","10101101001001","10101101001001.0","Success","0.00054"
"1GWC","16","1000100011101011","1000100011101011.0","Success","0.00075"
"5DHI","16","11001101000010","11001101000010.0","Success","0.00082"
"5NAG","16","1110110011011000","1110110011011000.0","Success","0.00066"
"8E70","16","1111111010001111","1111111010001111.0","Success","0.00039"
"4JB4","16","1010000010000","1010000010000.0","Success","0.00079"
"2B8T","16","1111100100111000","1111100100111000.0","Success","0.00069"
"9JN3","16","1001111011100100","1001111011100100.0","Success","0.00078"
"4BU7","16","10100000001000","10100000001000.0","Success","0.00095"
"3V9W","16","110101000011000","110101000011000.0","Success","0.00069"
"8HXZ","16","111111010111","111111010111.0","Success","0.00065"
"1TUX","16","100000101111100","100000101111100.0","Success","0.00112"
"1IAX","16","1000100001000001","1000100001000001.0","Success","0.00066"
"5SJ3","16","1110111001010110","1110111001010110.0","Success","0.00054"
"1JSL","16","11111100010100","11111100010100.0","Success","0.00054"
"1EW0","16","1001101000100110","1001101000100110.0","Success","0.00167"
"1RDP","16","1100001010001010","1100001010001010.0","Success","0.00084"
"6LFN","16","1100010010111110","1100010010111110.0","Success","0.00064"
"4ZOP","16","111001011000111","111001011000111.0","Success","0.00053"
"8G7I","16","1001110011001100","1001110011001100.0","Success","0.00114"
"4U39","16","111001010110111","111001010110111.0","Success","0.00036"
"5OXP","16","1111011110011000","1111011110011000.0","Success","0.00092"
"3K13","16","1010100101111000","1010100101111000.0","Success","0.00067"
"4PV6","16","110100010010001","110100010010001.0","Success","0.00038"
"4AV8","16","1001100001001110","1001100001001110.0","Success","0.00107"
"2FER","16","1001000111001011","1001000111001011.0","Success","0.00095"
"6SNU","16","100011011110111","100011011110111.0","Success","0.00045"
"5VN5","16","1101000101010","1101000101010.0","Success","0.0006"
"3FPA","16","1111001101110101","1111001101110101.0","Success","0.00064"
"4YMO","16","101111100100","101111100100.0","Success","0.00106"
"3CKY","16","1011011101000000","1011011101000000.0","Success","0.00056"
"4G2H","16","1110100001011101","1110100001011101.0","Success","0.00124"
"5MJ3","16","1101100011110001","1101100011110001.0","Success","0.00077"
"1VFZ","16","1101111110010110","1101111110010110.0","Success","0.00105"
"9FG3","16","1101011011000011","1101011011000011.0","Success","0.00044"
"1H4C","16","110110110010010","110110110010010.0","Success","0.00141"
"5J4R","16","111010111110000","111010111110000.0","Success","0.00116"
"2ERL","16","111011100011100","111011100011100.0","Success","0.00303"
"7AIW","16","10001010110100","10001010110100.0","Success","0.00059"
"1FYA","16","1011011111101111","1011011111101111.0","Success","0.0014"
"6HOO","16","1100101011010100","1100101011010100.0","Success","0.00086"
"7W8V","16","101010101010000","101010101010000.0","Success","0.00104"
"6RCZ","16","1111111011100111","1111111011100111.0","Success","0.00086"
"7PEU","16","111110110010","111110110010.0","Success","0.0004"
"4RTX","16","111001011110011","111001011110011.0","Success","0.00123"
"1T68","16","1010101110110010","1010101110110010.0","Success","0.00142"
"7GDC","16","1000010110010111","1000010110010111.0","Success","0.00111"
"3A13","16","111110010101101","111110010101101.0","Success","0.00029"
"2I9E","16","1101111010100000","1101111010100000.0","Success","0.00062"
"7UNM","16","100001001001","100001001001.0","Success","0.00073"
"6NNX","16","1110010100010","1110010100010.0","Success","0.0016"
"3W44","16","1000011010001","1000011010001.0","Success","0.00095"
"7DTB","16","1101010000111000","1101010000111000.0","Success","0.00171"
"1YRV","16","10000111111","10000111111.0","Success","0.00161"
"9KHY","16","111011101000110","111011101000110.0","Success","0.00021"
"2C86","16","1001111100001101","1001111100001101.0","Success","0.0012"
"2G0K","16","1011110110110001","1011110110110001.0","Success","0.00027"
"6W0K","16","1110011010011001","1110011010011001.0","Success","0.00082"
"6WTU","16","1101011100111011","1101011100111011.0","Success","0.00037"
"2QC7","16","1100011111111","1100011111111.0","Success","0.00093"
"1Q57","16","1001111010000011","1001111010000011.0","Success","0.00034"
"2OXC","16","1100100110101111","1100100110101111.0","Success","0.00092"
"6ZLZ","16","1010000010011100","1010000010011100.0","Success","0.00042"
"9BFR","16","111100110111101","111100110111101.0","Success","0.00071"
"1R00","16","11101010010101","11101010010101.0","Success","0.00103"
"7MQF","16","1100111000000101","1100111000000101.0","Success","0.00048"
"4LJ8","16","1000110001011001","1000110001011001.0","Success","0.0011"
"1S4Q","16","10100011111101","10100011111101.0","Success","0.00146"
"8JM6","16","1110101010001100","1110101010001100.0","Success","0.00087"
"7GS8","16","101111110011000","101111110011000.0","Success","0.00117"
"8OMO","16","1101011011101110","1101011011101110.0","Success","0.00053"
"4JKM","16","1110011111001111","1110011111001111.0","Success","0.00045"
"3L7B","16","1110101111100010","1110101111100010.0","Success","0.00068"
"8UDP","16","1001111101011011","1001111101011011.0","Success","0.00111"
"3MV7","16","1011100100001110","1011100100001110.0","Success","0.00065"
"7ORL","16","10101011011","10101011011.0","Success","0.00041"
"1YAQ","16","101111011001100","101111011001100.0","Success","0.00168"
"5O1K","16","10000000000001","10000000000001.0","Success","0.00158"
"8W6R","16","10101010100001","10101010100001.0","Success","0.00094"
"3ZRA","16","1100001000100000","1100001000100000.0","Success","0.00086"
"4NQE","16","110110010001010","110110010001010.0","Success","0.00049"
"3TCH","16","1100000110000110","1100000110000110.0","Success","0.00084"
"2B7Y","16","1110000100100100","1110000100100100.0","Success","0.00089"
"4NMS","16","1101101111001101","1101101111001101.0","Success","0.00143"
"3NIX","16","1000001100101110","1000001100101110.0","Success","0.00034"
"4KAB","16","1100011000110001","1100011000110001.0","Success","0.00087"
"4DJ3","16","110000100100100","110000100100100.0","Success","0.00081"
"2DLD","16","11000000000010","11000000000010.0","Success","0.00076"
"1XTP","16","1111011010010","1111011010010.0","Success","0.00127"
"1H6C","16","1011000011001111","1011000011001111.0","Success","0.0007"
"4C36","16","1100101110110111","1100101110110111.0","Success","0.00099"
"4Y6A","16","1001011110011001","1001011110011001.0","Success","0.00024"
"3UA5","16","1100101101000010","1100101101000010.0","Success","0.00064"
"2DDX","16","1000100110010001","1000100110010001.0","Success","0.00105"
"3KZ5","16","110100111111001","110100111111001.0","Success","0.00163"
"8HJB","16","110001010100000","110001010100000.0","Success","0.001"
"2SOB","16","1011100011101101","1011100011101101.0","Success","0.0006"
"3IE9","16","1111101110000110","1111101110000110.0","Success","0.0019"
"5XWK","16","1111110011001101","1111110011001101.0","Success","0.00084"
"3GWH","16","101111011111000","101111011111000.0","Success","0.0013"
"4H1E","16","1011100101110000","1011100101110000.0","Success","0.00071"
"5QQR","16","1101010001001101","1101010001001101.0","Success","0.00066"
"8FF8","16","101111100100101","101111100100101.0","Success","0.00074"
"3PHE","16","1100100011011001","1100100011011001.0","Success","0.0004"
"2NSR","16","1100010001100100","1100010001100100.0","Success","0.00156"
"3LUP","16","1100111100011010","1100111100011010.0","Success","0.00114"
"5YMU","16","1010110011","1010110011.0","Success","0.00073"
"7OPK","16","1010101111100111","1010101111100111.0","Success","0.00076"
"8ACT","16","1010100001010010","1010100001010010.0","Success","0.0004"
"8PZ0","16","1010101111110101","1010101111110101.0","Success","0.00085"
"5TJH","16","100011110101011","100011110101011.0","Success","0.00036"
"8R2T","16","1110101000000001","1110101000000001.0","Success","0.00066"
"8OWF","16","110110010101011","110110010101011.0","Success","0.00082"
"7NA0","16","101101110101110","101101110101110.0","Success","0.00044"
"5X40","16","101011010101001","101011010101001.0","Success","0.0008"
"4MLO","16","1010111000111110","1010111000111110.0","Success","0.00118"
"6QRC","16","1011111111100010","1011111111100010.0","Success","0.00094"
"4H2X","16","101100101110","101100101110.0","Success","0.0007"
"2O2Q","16","1100010000110011","1100010000110011.0","Success","0.00043"
"3N35","16","11011010010011","11011010010011.0","Success","0.00123"
"5B0E","16","100111000110001","100111000110001.0","Success","0.00137"
"6LN9","16","1101100000110111","1101100000110111.0","Success","0.00061"
"5FPN","16","1001100010010100","1001100010010100.0","Success","0.00071"
"8DEO","16","1011110010011111","1011110010011111.0","Success","0.00064"
"8FPN","16","1010101000011111","1010101000011111.0","Success","0.00172"
"4Q4X","16","111000000110000","111000000110000.0","Success","0.00068"
"2UYE","16","11111011001010","11111011001010.0","Success","0.00093"
"6JFU","16","1111011011010011","1111011011010011.0","Success","0.00066"
"4FJ1","16","100010010000100","100010010000100.0","Success","0.0006"
"8DU0","16","1101010000010","1101010000010.0","Success","0.00114"
"1IP1","16","10011011100100","10011011100100.0","Success","0.00169"
"8Z9C","16","1000010000110010","1000010000110010.0","Success","0.00036"
"4PAX","16","110011000011100","110011000011100.0","Success","0.00102"
"4XWT","16","10101001001100","10101001001100.0","Success","0.0006"
"1JVS","16","1000011100101","1000011100101.0","Success","0.00071"
"5TFJ","16","111100111010101","111100111010101.0","Success","0.00133"
"5I7K","16","110001000010111","110001000010111.0","Success","0.00097"
"1A1D","16","11110111100110","11110111100110.0","Success","0.00162"
"8UE1","16","100101101100","100101101100.0","Success","0.00114"
"9LUX","16","1111010001110111","1111010001110111.0","Success","0.0005"
"6BIQ","16","1110010100111","1110010100111.0","Success","0.00059"
"2UZW","16","1011000010001","1011000010001.0","Success","0.00105"
"6KY3","16","100000100000010","100000100000010.0","Success","0.00101"
"3R76","16","1001110001010011","1001110001010011.0","Success","0.00054"
"3HR0","16","10111111100000","10111111100000.0","Success","0.0009"
"1KTI","16","1000001011000010","1000001011000010.0","Success","0.0007"
"2UX7","16","1101011111000100","1101011111000100.0","Success","0.00174"
"5CB7","16","1000100011101","1000100011101.0","Success","0.00102"
"4IXM","16","1000011101100111","1000011101100111.0","Success","0.00076"
"6P8F","16","1000000100000110","1000000100000110.0","Success","0.00081"
"4LU4","16","1100000001010100","1100000001010100.0","Success","0.00094"
"1JAH","16","10001000011111","10001000011111.0","Success","0.0015"
"7O27","16","101101100101000","101101100101000.0","Success","0.0009"
"1R28","16","1010001001100001","1010001001100001.0","Success","0.00125"
"5QOA","16","1101110101100000","1101110101100000.0","Success","0.00101"
"9MOB","16","101100001100000","101100001100000.0","Success","0.00032"
"3OJO","16","11110010101111","11110010101111.0","Success","0.00065"
"1G4F","16","1000010001000011","1000010001000011.0","Success","0.00046"
"8A8Z","16","1100110011100","1100110011100.0","Success","0.00073"
"9EWJ","16","111010010011001","111010010011001.0","Success","0.00045"
"4CE2","16","1001101011001100","1001101011001100.0","Success","0.00135"
"2BHX","16","1101100000011001","1101100000011001.0","Success","0.00073"
"1DAI","16","110010110010010","110010110010010.0","Success","0.00132"
"4HTV","16","1010000011010111","1010000011010111.0","Success","0.00092"
"5IMU","16","101010110000100","101010110000100.0","Success","0.00129"
"4PKB","16","1100001110111011","1100001110111011.0","Success","0.00101"
"2ZH5","16","1100000010000110","1100000010000110.0","Success","0.00092"
"3NGI","16","10111100001111","10111100001111.0","Success","0.00064"
"2N97","16","1010001000010111","1010001000010111.0","Success","0.00044"
"2PQM","16","111000001110","111000001110.0","Success","0.00074"
"3BPP","16","10110111001101","10110111001101.0","Success","0.00132"
"5KAB","16","10010110101100","10010110101100.0","Success","0.00115"
"6F73","16","100000010000111","100000010000111.0","Success","0.00058"
"4IEE","16","1100111001101010","1100111001101010.0","Success","0.00091"
"7CGY","16","111101010010110","111101010010110.0","Success","0.00066"
"8IYN","16","1001000101011000","1001000101011000.0","Success","0.00177"
"6VWB","16","1101000000001011","1101000000001011.0","Success","0.00046"
"5BWF","16","100000000000101","100000000000101.0","Success","0.00064"
"4QQ7","16","1001000100001101","1001000100001101.0","Success","0.00096"
"1U1K","16","1010000011110","1010000011110.0","Success","0.00144"
"1SOM","16","1000000100000110","1000000100000110.0","Success","0.00083"
"6J7B","16","1000100110010010","1000100110010010.0","Success","0.00118"
"2IDZ","16","1101111001001011","1101111001001011.0","Success","0.00118"
"3KC3","16","110011011001100","110011011001100.0","Success","0.00033"
"3R9Q","16","1110111110111100","1110111110111100.0","Success","0.00074"
"6WZL","16","1011011000010111","1011011000010111.0","Success","0.00062"
"6DHL","16","110101110100","110101110100.0","Success","0.00025"
"1AQI","16","101111001001100","101111001001100.0","Success","0.00068"
"4A0T","16","101111000000001","101111000000001.0","Success","0.00083"
"5VW3","16","1101110011001","1101110011001.0","Success","0.00105"
"6BRH","16","1010100110101000","1010100110101000.0","Success","0.00061"
"7B40","16","1110101001100000","1110101001100000.0","Success","0.00114"
"5QTX","16","1001101011000111","1001101011000111.0","Success","0.00121"
"3RXG","16","101101110110001","101101110110001.0","Success","0.00131"
"5DMZ","16","110100100011111","110100100011111.0","Success","0.00077"
"5L3K","16","1011100011101011","1011100011101011.0","Success","0.00032"
"5EJ2","16","1000111011101110","1000111011101110.0","Success","0.00057"
"4B8O","16","1111100010011010","1111100010011010.0","Success","0.0009"
"6N60","16","111001100100010","111001100100010.0","Success","0.00032"
"3NC0","16","111010110010","111010110010.0","Success","0.00035"
"8E6A","16","100011000100110","100011000100110.0","Success","0.00081"
"8UAB","16","1111010000010100","1111010000010100.0","Success","0.00108"
"5YIX","16","1001110010000110","1001110010000110.0","Success","0.00101"
"3J0S","16","1001111000101010","1001111000101010.0","Success","0.00024"
"4D35","16","111011010101110","111011010101110.0","Success","0.00068"
"6EGF","16","11111000101000","11111000101000.0","Success","0.00116"
"3DXP","16","1011110101101101","1011110101101101.0","Success","0.00109"
"5KJT","16","110101001001011","110101001001011.0","Success","0.00092"
"2LQU","16","1001111001001011","1001111001001011.0","Success","0.00048"
"1YYQ","16","1001000001100100","1001000001100100.0","Success","0.00073"
"7DR7","16","110010000110011","110010000110011.0","Success","0.00024"
"7CIN","16","101001100110100","101001100110100.0","Success","0.00073"
"6YRM","16","1011000001001110","1011000001001110.0","Success","0.00057"
"3TSW","16","100110001010010","100110001010010.0","Success","0.00058"
"8GV7","16","1001111010100000","1001111010100000.0","Success","0.00071"
"2CSY","16","1001100100010110","1001100100010110.0","Success","0.00048"
"1EUN","16","10010011111011","10010011111011.0","Success","0.00074"
"3HEQ","16","1011110001011100","1011110001011100.0","Success","0.00135"
"3UMX","16","100110101110000","100110101110000.0","Success","0.00115"
"7QMV","16","1111100010010000","1111100010010000.0","Success","0.00106"
"3KOL","16","10011101101101","10011101101101.0","Success","0.00162"
"6FS8","16","101111101111111","101111101111111.0","Success","0.00102"
"9GMK","16","1001010111011000","1001010111011000.0","Success","0.00059"
"1EUF","16","11101101101","11101101101.0","Success","0.00129"
"3BWR","16","111101111100","111101111100.0","Success","0.00054"
"6GAR","16","1011111110111","1011111110111.0","Success","0.00073"
"6PH3","16","1001000010110100","1001000010110100.0","Success","0.00061"
"2V4U","16","1101101011110101","1101101011110101.0","Success","0.00119"
"8YK2","16","111111011000110","111111011000110.0","Success","0.00053"
"7D4P","16","1111100001011110","1111100001011110.0","Success","0.00037"
"5O3V","16","1111100110111","1111100110111.0","Success","0.0005"
"3D87","16","1011110101110001","1011110101110001.0","Success","0.00064"
"7X7T","16","1011101100000","1011101100000.0","Success","0.00065"
"1QY9","16","111100101100001","111100101100001.0","Success","0.00057"
"1JOY","16","10010010011110","10010010011110.0","Success","0.00036"
"2ME8","16","101000000010011","101000000010011.0","Success","0.0003"
"7GI2","16","1110011101011010","1110011101011010.0","Success","0.00078"
"9ITX","16","10101100101","10101100101.0","Success","0.00052"
"2AQE","16","111110101101110","111110101101110.0","Success","0.00045"
"7P5M","16","11101000100110","11101000100110.0","Success","0.00069"
"7LZS","16","1011111011010101","1011111011010101.0","Success","0.00174"
"3J7Y","16","100000100111010","100000100111010.0","Success","0.00022"
"2MF8","16","1011011100101010","1011011100101010.0","Success","0.00226"
"6K7U","16","111110101110000","111110101110000.0","Success","0.0019"
"7TPW","16","11010001000100","11010001000100.0","Success","0.00117"
"7S7R","16","1111111111010010","1111111111010010.0","Success","0.00098"
"3JA5","16","1111111001000001","1111111001000001.0","Success","0.00058"
"7G44","16","1100110100111011","1100110100111011.0","Success","0.00068"
"5GON","16","10010010010110","10010010010110.0","Success","0.00041"
"8K1L","16","1101111110111110","1101111110111110.0","Success","0.00054"
"5UI1","16","10000110100100","10000110100100.0","Success","0.00056"
"6PYQ","16","1101111011001110","1101111011001110.0","Success","0.00124"
"1P9K","16","100000100010","100000100010.0","Success","0.00049"
"5UXS","16","1110111000011000","1110111000011000.0","Success","0.0012"
"4Y2J","16","1011111110000101","1011111110000101.0","Success","0.00083"
"8T9X","16","1101001101010101","1101001101010101.0","Success","0.00093"
"6WGY","16","1110011011111010","1110011011111010.0","Success","0.0005"
"9HA7","16","111111100000001","111111100000001.0","Success","0.00046"
"6NW7","16","110010000101110","110010000101110.0","Success","0.00094"
"5W5H","16","111010001011000","111010001011000.0","Success","0.00065"
"6T2Z","16","11010110111100","11010110111100.0","Success","0.00123"
"8QA0","16","1100011001","1100011001.0","Success","0.0004"
"4DOP","16","1101110111110111","1101110111110111.0","Success","0.00048"
"4Q2D","16","1110110100110111","1110110100110111.0","Success","0.00063"
"4U30","16","11100101110000","11100101110000.0","Success","0.00058"
"6NVA","16","101100101001011","101100101001011.0","Success","0.0004"
"8EE8","16","1101110110100001","1101110110100001.0","Success","0.00039"
"4ASX","16","110100110000100","110100110000100.0","Success","0.00079"
"7QD4","16","1111010011000101","1111010011000101.0","Success","0.00045"
"2NO2","16","1001010011100010","1001010011100010.0","Success","0.00194"
"1F28","16","11110110110010","11110110110010.0","Success","0.00056"
"2ZVZ","16","1111001101110101","1111001101110101.0","Success","0.00105"
"4WWA","16","1011001100001010","1011001100001010.0","Success","0.00097"
"6S1Y","16","100011000101010","100011000101010.0","Success","0.00077"
"6IBE","16","1111100010000100","1111100010000100.0","Success","0.00111"
"6FRY","16","1101001011001100","1101001011001100.0","Success","0.00169"
"2KGT","16","111110100111101","111110100111101.0","Success","0.0005"
"8FHI","16","1111110010101010","1111110010101010.0","Success","0.00039"
"2FQY","16","1100100011001110","1100100011001110.0","Success","0.00107"
"7OIY","16","100011001100111","100011001100111.0","Success","0.00085"
"1G81","16","100011101111000","100011101111000.0","Success","0.00153"
"7LUN","16","1110000100000101","1110000100000101.0","Success","0.0005"
"4ZQM","16","1111001100111000","1111001100111000.0","Success","0.00106"
"3SN9","16","1010111110011111","1010111110011111.0","Success","0.00039"
"4JA2","16","100100101000100","100100101000100.0","Success","0.00177"
"1SP9","16","110010110100011","110010110100011.0","Success","0.0007"
"6FF1","16","1000000111001111","1000000111001111.0","Success","0.0023"
"5XNB","16","110010111111100","110010111111100.0","Success","0.00041"
"1DUN","16","1011001111000100","1011001111000100.0","Success","0.00176"
"8QB1","16","1011010001011110","1011010001011110.0","Success","0.00088"
"1LC8","16","10010101111010","10010101111010.0","Success","0.001"
"5CW8","16","1101100100100000","1101100100100000.0","Success","0.00105"
"8K34","16","110010001110111","110010001110111.0","Success","0.00064"
"8AB4","16","1010001100010001","1010001100010001.0","Success","0.00108"
"9DGW","16","1111000101001010","1111000101001010.0","Success","0.00067"
"9GS5","16","1100101001111111","1100101001111111.0","Success","0.00085"
"8ITD","16","1001111011100000","1001111011100000.0","Success","0.00089"
"5GNE","16","1000100110110101","1000100110110101.0","Success","0.00072"
"6NF0","16","1001110110001","1001110110001.0","Success","0.00113"
"3OYH","16","1111111110011100","1111111110011100.0","Success","0.00081"
"7TW6","16","1001110010111011","1001110010111011.0","Success","0.00033"
"3EV6","16","100100001000110","100100001000110.0","Success","0.00123"
"2EJK","16","1100010101000010","1100010101000010.0","Success","0.00083"
"2XAN","16","1011110111011000","1011110111011000.0","Success","0.00067"
"3V82","16","1101110110001100","1101110110001100.0","Success","0.00139"
"6FVO","16","1010010110011000","1010010110011000.0","Success","0.0005"
"8BFG","16","101001001010","101001001010.0","Success","0.00051"
"7T2C","16","1111100111100100","1111100111100100.0","Success","0.00068"
"7KB6","16","1011110001101110","1011110001101110.0","Success","0.00044"
"7LC9","16","1010000000110101","1010000000110101.0","Success","0.00083"
"4DQS","16","101100001100101","101100001100101.0","Success","0.0008"
"1Y2J","16","1111100101101010","1111100101101010.0","Success","0.00078"
"7KJ4","16","111100010111110","111100010111110.0","Success","0.00028"
"5U9A","16","111011110000111","111011110000111.0","Success","0.00159"
"6WAP","16","1010011100001001","1010011100001001.0","Success","0.00039"
"7TF8","16","101111001111100","101111001111100.0","Success","0.00034"
"1M7L","16","1000000010100","1000000010100.0","Success","0.00038"
"1QME","16","1101001101100110","1101001101100110.0","Success","0.00083"
"2JWW","16","1111011110011010","1111011110011010.0","Success","0.00041"
"2YPZ","16","11010101000000","11010101000000.0","Success","0.00052"
"5DAP","16","1110010011001110","1110010011001110.0","Success","0.00114"
"1R19","16","1100001101010101","1100001101010101.0","Success","0.00055"
"5DX7","16","1000111010000000","1000111010000000.0","Success","0.00072"
"5V8T","16","1101000101110","1101000101110.0","Success","0.00099"
"3ONN","16","10001101101100","10001101101100.0","Success","0.00123"
"2IOS","16","1011000001010110","1011000001010110.0","Success","0.00168"
"6SR8","16","1101100001000000","1101100001000000.0","Success","0.00092"
"2JBG","16","11010110101001","11010110101001.0","Success","0.00096"
"5O21","16","100101100110001","100101100110001.0","Success","0.00083"
"5NKJ","16","11110100001101","11110100001101.0","Success","0.00048"
"5NR3","16","1111100001000011","1111100001000011.0","Success","0.00122"
"2A4O","16","1011111101101000","1011111101101000.0","Success","0.00135"
"6IXF","16","1011000000110001","1011000000110001.0","Success","0.00091"
"8K9M","16","101101001101001","101101001101001.0","Success","0.0003"
"4QJP","16","1000000110000001","1000000110000001.0","Success","0.00083"
"7TUO","16","10010111000","10010111000.0","Success","0.00106"
"2IPK","16","111111001110010","111111001110010.0","Success","0.00078"
"1DM1","16","1001101101010001","1001101101010001.0","Success","0.0016"
"8QO7","16","100000011011000","100000011011000.0","Success","0.00103"
"2EJC","16","1101001010011","1101001010011.0","Success","0.00117"
"8CO3","16","10010100001011","10010100001011.0","Success","0.0006"
"2OPN","16","1001001011111001","1001001011111001.0","Success","0.00106"
"7NAA","16","1110000111111100","1110000111111100.0","Success","0.00063"
"7PMD","16","101110011010111","101110011010111.0","Success","0.00055"
"4M1T","16","11111001010111","11111001010111.0","Success","0.0009"
"4GP2","16","1101000110100000","1101000110100000.0","Success","0.00073"
"2QRC","16","110000110000000","110000110000000.0","Success","0.00058"
"7CCU","16","1101100101010100","1101100101010100.0","Success","0.00119"
"3NJD","16","1110110001101000","1110110001101000.0","Success","0.00079"
"3KWW","16","1100100111001101","1100100111001101.0","Success","0.00096"
"4KPV","16","1001100100101001","1001100100101001.0","Success","0.00126"
"5JZ8","16","110010111111100","110010111111100.0","Success","0.00092"
"6P4X","16","110011101000011","110011101000011.0","Success","0.00035"
"5OLV","16","1111010010010101","1111010010010101.0","Success","0.00098"
"5C12","16","1010111101110101","1010111101110101.0","Success","0.00129"
"4I6Z","16","1000111110011011","1000111110011011.0","Success","0.00102"
"7OOV","16","1101111100000001","1101111100000001.0","Success","0.00116"
"6PA8","16","1111100000111011","1111100000111011.0","Success","0.00054"
"2NY6","16","100000011001000","100000011001000.0","Success","0.00064"
"8PPP","16","1110100101101111","1110100101101111.0","Success","0.00063"
"9BUM","16","1000101011011100","1000101011011100.0","Success","0.00082"
"5S4I","16","11010110000","11010110000.0","Success","0.00103"
"4XRC","16","1011101111110","1011101111110.0","Success","0.00055"
"1IAH","16","1011101110111010","1011101110111010.0","Success","0.0008"
"3GV4","16","1111101001110","1111101001110.0","Success","0.00188"
"5M8X","16","101010101000101","101010101000101.0","Success","0.00066"
"2STA","16","1000000011110001","1000000011110001.0","Success","0.00122"
"6R29","16","1000010011011000","1000010011011000.0","Success","0.00047"
"7WOA","16","1001010001110100","1001010001110100.0","Success","0.00031"
"2GHJ","16","10111111110100","10111111110100.0","Success","0.00101"
"2CML","16","1000110100011110","1000110100011110.0","Success","0.00049"
"3AG7","16","1111100000101100","1111100000101100.0","Success","0.00192"
"3DZU","16","11100110111110","11100110111110.0","Success","0.00074"
"7UFS","16","110010100010110","110010100010110.0","Success","0.0003"
"6JFI","16","11010011011000","11010011011000.0","Success","0.00037"
"6Z6Q","16","1110101011011010","1110101011011010.0","Success","0.00092"
"9DL3","16","10110010111101","10110010111101.0","Success","0.0004"
"6NO0","16","1110010001110011","1110010001110011.0","Success","0.00087"
"7LON","16","111101100100001","111101100100001.0","Success","0.00056"
"6G56","16","110101001100011","110101001100011.0","Success","0.00071"
"5EMY","16","1100001001000011","1100001001000011.0","Success","0.0009"
"4BEJ","16","1101101100001011","1101101100001011.0","Success","0.00042"
"2XOW","16","1100111000100001","1100111000100001.0","Success","0.00146"
"1OFY","16","101000001111110","101000001111110.0","Success","0.0008"
"2EER","16","101101100011","101101100011.0","Success","0.00072"
"6NDT","16","10100001001011","10100001001011.0","Success","0.00145"
"7OOP","16","1101100110001100","1101100110001100.0","Success","0.00021"
"3ZYA","16","1111100001011101","1111100001011101.0","Success","0.00102"
"5C69","16","110010001111000","110010001111000.0","Success","0.00092"
"1B9T","16","1111100010001111","1111100010001111.0","Success","0.00099"
"3SEO","16","101111010111111","101111010111111.0","Success","0.00093"
"1GWD","16","1010000111111001","1010000111111001.0","Success","0.00168"
"1ZU2","16","1011010110110100","1011010110110100.0","Success","0.00035"
"4KVT","16","101111011100100","101111011100100.0","Success","0.00137"
"1WFV","16","10001001111111","10001001111111.0","Success","0.00042"
"1EFI","16","11001101000111","11001101000111.0","Success","0.00084"
"9B3J","16","1101100110100001","1101100110100001.0","Success","0.00027"
"3K25","16","1110010010001111","1110010010001111.0","Success","0.00082"
"4AT9","16","100110111001001","100110111001001.0","Success","0.00077"
"7ZRE","16","1110101100110011","1110101100110011.0","Success","0.00051"
"7RJI","16","111111101001011","111111101001011.0","Success","0.00166"
"5KIW","16","1010111010110001","1010111010110001.0","Success","0.00063"
"8YNY","16","1111100001100001","1111100001100001.0","Success","0.00047"
"6PDV","16","100000111011110","100000111011110.0","Success","0.00117"
"8C35","16","1010011011100101","1010011011100101.0","Success","0.00068"
"9QUS","16","111110110011","111110110011.0","Success","0.00088"
"6B97","16","1110011011101101","1110011011101101.0","Success","0.00073"
"2DPT","16","10010000001011","10010000001011.0","Success","0.00088"
"4QCJ","16","100010000100000","100010000100000.0","Success","0.00193"
"8R5T","16","10010111010011","10010111010011.0","Success","0.00091"
"3VYK","16","1101110000000110","1101110000000110.0","Success","0.00168"
"5F9U","16","1011101000110101","1011101000110101.0","Success","0.00168"
"5NEG","16","1111101111111101","1111101111111101.0","Success","0.00126"
"3JUT","16","1111111011011000","1111111011011000.0","Success","0.00069"
"7E5W","16","1000011110011111","1000011110011111.0","Success","0.00061"
"4LDP","16","10100000001101","10100000001101.0","Success","0.00073"
"3K1B","16","101000011111100","101000011111100.0","Success","0.00054"
"5Z3C","16","1101000000011110","1101000000011110.0","Success","0.00099"
"8GN0","16","10011000011101","10011000011101.0","Success","0.00027"
"7DKE","16","1000101001111000","1000101001111000.0","Success","0.00053"
"7EY8","16","1100011111000101","1100011111000101.0","Success","0.00024"
"7GGP","16","1101001110011101","1101001110011101.0","Success","0.0011"
"2ZSD","16","10101010100110","10101010100110.0","Success","0.00108"
"7S47","16","1101001110001011","1101001110001011.0","Success","0.00112"
"1D6M","16","1110100100110111","1110100100110111.0","Success","0.00081"
"8SOI","16","1010011100110","1010011100110.0","Success","0.00055"
"3SE4","16","111111001111111","111111001111111.0","Success","0.00078"
"9DAF","16","110001001011","110001001011.0","Success","0.00053"
"8WI4","16","111000101010001","111000101010001.0","Success","0.00054"
"3RFI","16","100000010110110","100000010110110.0","Success","0.00217"
"6I7B","16","1011000101011011","1011000101011011.0","Success","0.00071"
"1YXN","16","101001101101111","101001101101111.0","Success","0.00058"
"6YN7","16","1110101110110000","1110101110110000.0","Success","0.00046"
"4AFI","16","1010101011000110","1010101011000110.0","Success","0.00111"
"1TW7","16","1101010111100110","1101010111100110.0","Success","0.00139"
"2YOR","16","1011000100001","1011000100001.0","Success","0.00075"
"5LDH","16","1101011101101","1101011101101.0","Success","0.00075"
"1II4","16","1100101101010110","1100101101010110.0","Success","0.00053"
"8B01","16","1100011110111011","1100011110111011.0","Success","0.00074"
"8APY","16","1011000111111001","1011000111111001.0","Success","0.00106"
"7U1X","16","1000100000100001","1000100000100001.0","Success","0.00067"
"6WJP","16","1101110001111","1101110001111.0","Success","0.00154"
"3OLO","16","1001011101100001","1001011101100001.0","Success","0.0013"
"7H8Z","16","100101100011110","100101100011110.0","Success","0.00075"
"3DAN","16","1001001101000010","1001001101000010.0","Success","0.0009"
"5M2G","16","110011100000101","110011100000101.0","Success","0.00066"
"1LZ9","16","1011010010010001","1011010010010001.0","Success","0.00173"
"2EU3","16","1111001111001011","1111001111001011.0","Success","0.00117"
"132L","16","1010001001010111","1010001001010111.0","Success","0.00176"
"2LSK","16","1011011101000","1011011101000.0","Success","0.00041"
"4J43","16","1100011101000111","1100011101000111.0","Success","0.00086"
"8VGM","16","1100110001000110","1100110001000110.0","Success","0.00043"
"4Q2T","16","1000101110110000","1000101110110000.0","Success","0.00056"
"4X5E","16","111101100011001","111101100011001.0","Success","0.00073"
"2WEK","16","1001011001101100","1001011001101100.0","Success","0.00074"
"2MH0","16","110101001010000","110101001010000.0","Success","0.00037"
"3HLO","16","101010101001111","101010101001111.0","Success","0.0014"
"6ZZY","16","1010000100110111","1010000100110111.0","Success","0.00028"
"6G1X","16","110110111111011","110110111111011.0","Success","0.00074"
"8EFQ","16","1010000001010011","1010000001010011.0","Success","0.00065"
"8Q9R","16","1000001111000001","1000001111000001.0","Success","0.00097"
"1CG7","16","11110101010110","11110101010110.0","Success","0.00037"
"5T3W","16","110110010010111","110110010010111.0","Success","0.00058"
"4MOL","16","1111000010001011","1111000010001011.0","Success","0.0004"
"9DA0","16","10100110011000","10100110011000.0","Success","0.00153"
"1P45","16","1011101111101101","1011101111101101.0","Success","0.00085"
"1BZL","16","1100010010111011","1100010010111011.0","Success","0.00062"
"1TI5","16","11110101101011","11110101101011.0","Success","0.00074"
"3PDJ","16","100010111100","100010111100.0","Success","0.00085"
"5MD1","16","1110011011010110","1110011011010110.0","Success","0.0005"
"6A0H","16","1100100010001111","1100100010001111.0","Success","0.00079"
"2H9J","16","1011111100101011","1011111100101011.0","Success","0.00173"
"8SHY","16","11001011010001","11001011010001.0","Success","0.00102"
"3PBB","16","10101000001110","10101000001110.0","Success","0.00076"
"4KQF","16","1011101110100111","1011101110100111.0","Success","0.00104"
"1M01","16","101101011001101","101101011001101.0","Success","0.00087"
"4HDJ","16","1101101111010010","1101101111010010.0","Success","0.00098"
"8E7R","16","110011001011100","110011001011100.0","Success","0.00117"
"4RK4","16","10110010111110","10110010111110.0","Success","0.00116"
"7Z3P","16","1010111000010011","1010111000010011.0","Success","0.0011"
"4OQR","16","100001001100111","100001001100111.0","Success","0.00098"
"6QB7","16","1100100000111101","1100100000111101.0","Success","0.00083"
"2WQI","16","11010100011111","11010100011111.0","Success","0.00142"
"4DIX","16","101111101111011","101111101111011.0","Success","0.0009"
"5C4X","16","10000010101111","10000010101111.0","Success","0.00031"
"5YWG","16","111101100011011","111101100011011.0","Success","0.00069"
"1O5H","16","1001110111110011","1001110111110011.0","Success","0.001"
"7MN2","16","110101001101","110101001101.0","Success","0.00063"
"7KZ7","16","1101100100100110","1101100100100110.0","Success","0.00093"
"5D4D","16","1000101000111011","1000101000111011.0","Success","0.00023"
"4ZLZ","16","10100010000000","10100010000000.0","Success","0.00116"
"6DTF","16","11110000110111","11110000110111.0","Success","0.00086"
"5T4A","16","1111100001001111","1111100001001111.0","Success","0.0007"
"6NF5","16","1011010100110011","1011010100110011.0","Success","0.00035"
"6C59","16","110001110011001","110001110011001.0","Success","0.00188"
"2I7B","16","1111000000111001","1111000000111001.0","Success","0.00119"
"1GNC","16","1101110100000000","1101110100000000.0","Success","0.00045"
"4AFB","16","1011000011110110","1011000011110110.0","Success","0.00129"
"1V85","16","1101001001010011","1101001001010011.0","Success","0.00045"
"4WNO","16","1111101111000101","1111101111000101.0","Success","0.00115"
"7JZU","16","111111001","111111001.0","Success","0.00123"
"3KV2","16","111011000101001","111011000101001.0","Success","0.00078"
"9K2J","16","1101011001100001","1101011001100001.0","Success","0.00068"
"3QVK","16","1000101010011000","1000101010011000.0","Success","0.00086"
"4LN7","16","10110000001111","10110000001111.0","Success","0.00136"
"1CA8","16","11101101001010","11101101001010.0","Success","0.00113"
"1WJA","16","1011110100011000","1011110100011000.0","Success","0.00197"
"8GGT","16","1100010100011100","1100010100011100.0","Success","0.00114"
"2OS7","16","1000001010100001","1000001010100001.0","Success","0.00056"
"7LZ5","16","1010110110111010","1010110110111010.0","Success","0.00145"
"7ZEE","16","110101000100","110101000100.0","Success","0.00116"
"6Y4G","16","100011111100111","100011111100111.0","Success","0.00092"
"1EVK","16","11011010100010","11011010100010.0","Success","0.00067"
"6JK8","16","11111101011010","11111101011010.0","Success","0.00046"
"2PFC","16","1010110011111001","1010110011111001.0","Success","0.00153"
"8PAQ","16","1110111000101010","1110111000101010.0","Success","0.00109"
"6VJ5","16","101110111001100","101110111001100.0","Success","0.00081"
"1UZQ","16","111111101100001","111111101100001.0","Success","0.00159"
"7ERD","16","11110111110100","11110111110100.0","Success","0.00097"
"7LK7","16","1010100001001100","1010100001001100.0","Success","0.00082"
"7HL0","16","1010000000000011","1010000000000011.0","Success","0.0008"
"4M43","16","1010100011011111","1010100011011111.0","Success","0.00091"
"4JYZ","16","111101011011001","111101011011001.0","Success","0.00085"
"7DRZ","16","111101111001","111101111001.0","Success","0.00141"
"2OED","16","101000001100010","101000001100010.0","Success","0.00262"
"6WXK","16","1011111001100001","1011111001100001.0","Success","0.00124"
"4MNH","16","101011000001000","101011000001000.0","Success","0.00066"
"2ONT","16","1110010110101","1110010110101.0","Success","0.00221"
"3KD5","16","11110100010010","11110100010010.0","Success","0.00065"
"2D21","16","111011000010","111011000010.0","Success","0.00022"
"1HPZ","16","110100101110011","110100101110011.0","Success","0.0006"
"9NSE","16","1010110110001101","1010110110001101.0","Success","0.00067"
"6ELN","16","1111101101110011","1111101101110011.0","Success","0.0013"
"2NSE","16","1110011101011101","1110011101011101.0","Success","0.00067"
"8IIY","16","1110000101101110","1110000101101110.0","Success","0.00082"
"7Z64","16","1011111000101111","1011111000101111.0","Success","0.00084"
"4IVI","16","1110111000100","1110111000100.0","Success","0.00098"
"7KP0","16","1111111100001000","1111111100001000.0","Success","0.001"
"7PYR","16","110111101100011","110111101100011.0","Success","0.001"
"2QWF","16","110101110110","110101110110.0","Success","0.00097"
"1JV8","16","111111001100111","111111001100111.0","Success","0.00053"
"6I67","16","1000011101110101","1000011101110101.0","Success","0.00123"
"4PPF","16","101000010001110","101000010001110.0","Success","0.00109"
"5FRM","16","1101100010000101","1101100010000101.0","Success","0.00084"
"8GHK","16","1011100111101110","1011100111101110.0","Success","0.00049"
"6GFV","16","111101100010000","111101100010000.0","Success","0.00074"
"5XQ3","16","1100011001100011","1100011001100011.0","Success","0.00046"
"1SRA","16","1111000000110011","1111000000110011.0","Success","0.00158"
"9BB8","16","11011111000111","11011111000111.0","Success","0.00185"
"4DSN","16","10101100011000","10101100011000.0","Success","0.00144"
"4JVB","16","11001001110111","11001001110111.0","Success","0.00161"
"5DBJ","16","1010100010010","1010100010010.0","Success","0.0004"
"1UA3","16","1110100011010110","1110100011010110.0","Success","0.00087"
"1REU","16","10000100001110","10000100001110.0","Success","0.00192"
"9FWF","16","1110011110000101","1110011110000101.0","Success","0.00064"
"6LH0","16","1010001011100111","1010001011100111.0","Success","0.00109"
"2W04","16","11010011101100","11010011101100.0","Success","0.00056"
"3PRY","16","100101100011011","100101100011011.0","Success","0.00071"
"4MFU","16","1010010110111100","1010010110111100.0","Success","0.00089"
"6OGA","16","1010100001101000","1010100001101000.0","Success","0.00089"
"6B82","16","1100010010010000","1100010010010000.0","Success","0.00062"
"7VBL","16","1001011100000001","1001011100000001.0","Success","0.00028"
"8C90","16","1011110010111011","1011110010111011.0","Success","0.00041"
"4KYK","16","1010101001011110","1010101001011110.0","Success","0.00103"
"6QNN","16","101101000000111","101101000000111.0","Success","0.00101"
"4W66","16","101010101111000","101010101111000.0","Success","0.00092"
"7QSM","16","1010011010001000","1010011010001000.0","Success","0.00021"
"5H00","16","11000100100110","11000100100110.0","Success","0.00057"
"5QTR","16","11000100001010","11000100001010.0","Success","0.0007"
"7GGR","16","1101101010011110","1101101010011110.0","Success","0.00112"
"2DSR","16","1111010010010010","1111010010010010.0","Success","0.00129"
"5RAE","16","1001110011111000","1001110011111000.0","Success","0.00075"
"7X85","16","11011111001010","11011111001010.0","Success","0.00096"
"1Z9U","16","1000011111001101","1000011111001101.0","Success","0.00104"
"8FED","16","1111111011000101","1111111011000101.0","Success","0.00033"
"7Y37","16","1000100111100000","1000100111100000.0","Success","0.00241"
"3VQP","16","11011110011101","11011110011101.0","Success","0.00114"
"2RIC","16","11101000100","11101000100.0","Success","0.0009"
"3DLR","16","110110010111100","110110010111100.0","Success","0.00157"
"8OME","16","111000010111000","111000010111000.0","Success","0.00056"
"2GQT","16","1100011000011101","1100011000011101.0","Success","0.00118"
"7YYG","16","110101101001","110101101001.0","Success","0.00112"
"8IBR","16","11111110101","11111110101.0","Success","0.00074"
"5V91","16","1011100011101","1011100011101.0","Success","0.00115"
"3J4T","16","10001001101","10001001101.0","Success","0.00096"
"1RJT","16","111000001010110","111000001010110.0","Success","0.00071"
"4XHL","16","1110001111101","1110001111101.0","Success","0.00106"
"6AMH","16","11111111101010","11111111101010.0","Success","0.00049"
"4HW3","16","1001001111001011","1001001111001011.0","Success","0.00046"
"8ALL","16","1110011101111101","1110011101111101.0","Success","0.00047"
"5YHM","16","1000110001100111","1000110001100111.0","Success","0.00046"
"8I4L","16","1010001010111101","1010001010111101.0","Success","0.00041"
"8BGL","16","110000110001110","110000110001110.0","Success","0.00091"
"8G4M","16","1011101010001101","1011101010001101.0","Success","0.0004"
"7AB1","16","1010111010100011","1010111010100011.0","Success","0.00118"
"2QA7","16","1100000111010110","1100000111010110.0","Success","0.00103"
"7DQ1","16","1101000001010101","1101000001010101.0","Success","0.00064"
"8BEB","16","1111010011010110","1111010011010110.0","Success","0.00089"
"3QXQ","16","10000110100000","10000110100000.0","Success","0.00053"
"1MX5","16","1101000000110110","1101000000110110.0","Success","0.00035"
"3CLF","16","110011111111100","110011111111100.0","Success","0.00091"
"6KKB","16","111001010000000","111001010000000.0","Success","0.00121"
"8XRH","16","111000111110111","111000111110111.0","Success","0.00094"
"4G3E","16","10110100010010","10110100010010.0","Success","0.00076"
"6RE2","16","100010110010","100010110010.0","Success","0.00023"
"1WF9","16","110111000010011","110111000010011.0","Success","0.00041"
"3F4L","16","10000001011000","10000001011000.0","Success","0.00042"
"2EMA","16","1000010100100000","1000010100100000.0","Success","0.00062"
"6IYU","16","100011101101100","100011101101100.0","Success","0.00135"
"5U0U","16","1110000110101010","1110000110101010.0","Success","0.00062"
"7K6Q","16","1100111111010001","1100111111010001.0","Success","0.00055"
"6NIJ","16","101111010101001","101111010101001.0","Success","0.00044"
"6GEW","16","11010001111110","11010001111110.0","Success","0.00098"
"2RSN","16","10000010010111","10000010010111.0","Success","0.00044"
"6W7E","16","11010000111001","11010000111001.0","Success","0.00087"
"7MR1","16","1010000001101011","1010000001101011.0","Success","0.0004"
"9CGY","16","11001110101010","11001110101010.0","Success","0.00068"
"5E66","16","1111101101010010","1111101101010010.0","Success","0.0008"
"3MN2","16","10110100101","10110100101.0","Success","0.00133"
"6XC9","16","110101001101111","110101001101111.0","Success","0.00047"
"7QZ2","16","1100101101011000","1100101101011000.0","Success","0.00119"
"2XQ3","16","1010001111001110","1010001111001110.0","Success","0.0005"
"4NB4","16","1000011100010011","1000011100010011.0","Success","0.00041"
"3JAS","16","100001011110","100001011110.0","Success","0.00027"
"2G7F","16","1011110110000101","1011110110000101.0","Success","0.00131"
"4BCO","16","1010111111111","1010111111111.0","Success","0.00058"
"6EJK","16","111101101110","111101101110.0","Success","0.00071"
"5MBV","16","1110001101011101","1110001101011101.0","Success","0.00035"
"1Y4D","16","1001011010001100","1001011010001100.0","Success","0.00102"
"8Y3I","16","100111110111111","100111110111111.0","Success","0.0004"
"1OTU","16","1011001110111001","1011001110111001.0","Success","0.00046"
"2RBW","16","1110111011001101","1110111011001101.0","Success","0.00109"
"6KRT","16","1000101000001011","1000101000001011.0","Success","0.00066"
"2E3S","16","111010000111001","111010000111001.0","Success","0.0013"
"7Y1K","16","1000010111111101","1000010111111101.0","Success","0.00056"
"4PDO","16","11001010100011","11001010100011.0","Success","0.00084"
"2MJY","16","1011101100111001","1011101100111001.0","Success","0.00057"
"7KD0","16","11011101110010","11011101110010.0","Success","0.00077"
"2BLU","16","1010010000101011","1010010000101011.0","Success","0.00131"
"7AGG","16","11010110001010","11010110001010.0","Success","0.0006"
"1QZ1","16","1000011100000111","1000011100000111.0","Success","0.00114"
"8P2W","16","1001011100010100","1001011100010100.0","Success","0.0008"
"3BYD","16","10100001110100","10100001110100.0","Success","0.00121"
"2RGX","16","1000010111110","1000010111110.0","Success","0.00138"
"6MLT","16","111011110100110","111011110100110.0","Success","0.00079"
"4ZE2","16","101000111000111","101000111000111.0","Success","0.00082"
"6WEL","16","1101111001101","1101111001101.0","Success","0.00043"
"6YAP","16","1100101010101001","1100101010101001.0","Success","0.00093"
"2BM5","16","111011000001001","111011000001001.0","Success","0.00101"
"1L3R","16","10110100110000","10110100110000.0","Success","0.00103"
"4GP6","16","1101000011100001","1101000011100001.0","Success","0.00107"
"1KHN","16","1100110110010001","1100110110010001.0","Success","0.00066"
"5GM3","16","1110011011110001","1110011011110001.0","Success","0.00092"
"1E4Y","16","1111000000111111","1111000000111111.0","Success","0.00093"
"169L","16","101011101110101","101011101110101.0","Success","0.00068"
"4JME","16","10101100111","10101100111.0","Success","0.00087"
"1W8X","16","1010010000000011","1010010000000011.0","Success","0.00027"
"1IP4","16","111111010110001","111111010110001.0","Success","0.00167"
"3NYO","16","1100000100111","1100000100111.0","Success","0.00058"
"8Q7F","16","100110111101101","100110111101101.0","Success","0.00093"
"3WJQ","16","1000000100111111","1000000100111111.0","Success","0.00106"
"1Z9H","16","1000011011001011","1000011011001011.0","Success","0.00058"
"3UIF","16","1001111101100100","1001111101100100.0","Success","0.00105"
"2DW6","16","101011101001111","101011101001111.0","Success","0.00048"
"8QL4","16","1110010001010011","1110010001010011.0","Success","0.00058"
"6T4H","16","110101100101001","110101100101001.0","Success","0.00067"
"2V83","16","1000100011010101","1000100011010101.0","Success","0.00123"
"1IHT","16","10000111110111","10000111110111.0","Success","0.00114"
"8ALZ","16","1010111100011110","1010111100011110.0","Success","0.00043"
"5K7S","16","1001000010010001","1001000010010001.0","Success","0.00117"
"3K6V","16","1100111010110110","1100111010110110.0","Success","0.00106"
"5JY7","16","1010101111101100","1010101111101100.0","Success","0.00023"
"5R1G","16","1111010011011111","1111010011011111.0","Success","0.00082"
"2XOZ","16","1110000100111111","1110000100111111.0","Success","0.00093"
"2Q7T","16","11100111110001","11100111110001.0","Success","0.00084"
"5GS5","16","1101110011001011","1101110011001011.0","Success","0.00067"
"1GAR","16","111011011001101","111011011001101.0","Success","0.00097"
"8X95","16","11010001111011","11010001111011.0","Success","0.0007"
"5TTK","16","11001001101111","11001001101111.0","Success","0.00046"
"5GW0","16","1011001110110011","1011001110110011.0","Success","0.00061"
"3R9E","16","10001010101000","10001010101000.0","Success","0.001"
"6GN8","16","101101011111111","101101011111111.0","Success","0.00072"
"8QYB","16","1110010111111010","1110010111111010.0","Success","0.0009"
"7MKL","16","1110001111110011","1110001111110011.0","Success","0.00035"
"6NA5","16","11000111011001","11000111011001.0","Success","0.00046"
"6L50","16","101101011010011","101101011010011.0","Success","0.00069"
"7K88","16","100000110001100","100000110001100.0","Success","0.00061"
"4JE7","16","1010010001001000","1010010001001000.0","Success","0.00098"
"4A5Z","16","1010010110101010","1010010110101010.0","Success","0.00076"
"8TFP","16","1011110010011001","1011110010011001.0","Success","0.00066"
"1AR8","16","111110000010010","111110000010010.0","Success","0.00069"
"5ID6","16","1101010100011010","1101010100011010.0","Success","0.00056"
"7PQ4","16","111011010011000","111011010011000.0","Success","0.00045"
"2IND","16","1111101010111010","1111101010111010.0","Success","0.00066"
"7W59","16","1110110011001010","1110110011001010.0","Success","0.00018"
"5SI0","16","100011010110101","100011010110101.0","Success","0.00053"
"4I4C","16","100111011110","100111011110.0","Success","0.00068"
"1CTT","16","11011011101010","11011011101010.0","Success","0.00112"
"3QFW","16","1010001001111011","1010001001111011.0","Success","0.00073"
"7XF3","16","10101010100001","10101010100001.0","Success","0.00095"
"6LRW","16","1010001000110101","1010001000110101.0","Success","0.00104"
"6A1K","16","11100111100011","11100111100011.0","Success","0.00076"
"7VL2","16","101010101100001","101010101100001.0","Success","0.00051"
"1E8L","16","110001000101101","110001000101101.0","Success","0.00024"
"6HTJ","16","1100110000000100","1100110000000100.0","Success","0.00125"
"7XPU","16","1010101000000100","1010101000000100.0","Success","0.00071"
"5U52","16","1111010101111100","1111010101111100.0","Success","0.00087"
"1XSD","16","1110010101000011","1110010101000011.0","Success","0.00171"
"8IWB","16","1000010101110111","1000010101110111.0","Success","0.00078"
"1FRZ","16","11110000010","11110000010.0","Success","0.00084"
"1KC5","16","1101000001101111","1101000001101111.0","Success","0.00096"
"1K03","16","110101010110110","110101010110110.0","Success","0.00097"
"2XKF","16","110100011010001","110100011010001.0","Success","0.00126"
"2PSD","16","10100111101010","10100111101010.0","Success","0.00111"
"7R7H","16","1001110111110011","1001110111110011.0","Success","0.00078"
"8KGA","16","1101101100000011","1101101100000011.0","Success","0.00087"
"6BLG","16","101110111000000","101110111000000.0","Success","0.00099"
"3R41","16","110001011111101","110001011111101.0","Success","0.00078"
"8SLW","16","1101111111110100","1101111111110100.0","Success","0.00032"
"2O6E","16","1011010011000010","1011010011000010.0","Success","0.00105"
"1R7A","16","10110010110110","10110010110110.0","Success","0.00062"
"1UOU","16","101100000101110","101100000101110.0","Success","0.00092"
"6AI3","16","1111000111100101","1111000111100101.0","Success","0.00073"
"2GD4","16","1100111100110001","1100111100110001.0","Success","0.00051"
"2GKS","16","100111111111100","100111111111100.0","Success","0.00061"
"4P4X","16","1001011101001111","1001011101001111.0","Success","0.00159"
"6HH9","16","1110111110000010","1110111110000010.0","Success","0.00052"
"1BGK","16","101010111100011","101010111100011.0","Success","0.00084"
"4LOQ","16","1010010011100011","1010010011100011.0","Success","0.0005"
"3SMQ","16","111100001110011","111100001110011.0","Success","0.0011"
"5RWK","16","10010000001101","10010000001101.0","Success","0.00085"
"4XCA","16","1001111111100111","1001111111100111.0","Success","0.00061"
"8OXE","16","100001110","100001110.0","Success","0.0011"
"2WAS","16","1010110100100111","1010110100100111.0","Success","0.00075"
"7WNA","16","10100001011110","10100001011110.0","Success","0.00077"
"4YTF","16","1100000101111100","1100000101111100.0","Success","0.00115"
"4FNS","16","100010001101010","100010001101010.0","Success","0.00036"
"3IKM","16","1011010001011001","1011010001011001.0","Success","0.00032"
"9EK6","16","110101111110010","110101111110010.0","Success","0.00047"
"8A0U","16","1000001111000000","1000001111000000.0","Success","0.00069"
"4K0V","16","111011100111","111011100111.0","Success","0.0007"
"8ZMN","16","1101010110100111","1101010110100111.0","Success","0.00143"
"7K74","16","11101100100001","11101100100001.0","Success","0.00054"
"5EKG","16","1101111010101101","1101111010101101.0","Success","0.00094"
"3VL1","16","111110011010100","111110011010100.0","Success","0.00066"
"4NEI","16","1010011101010110","1010011101010110.0","Success","0.00051"
"1GN0","16","11000001110101","11000001110101.0","Success","0.00186"
"6KY0","16","1010000111000011","1010000111000011.0","Success","0.00084"
"8TKB","16","100100110001100","100100110001100.0","Success","0.00148"
"5W7E","16","1100011000001010","1100011000001010.0","Success","0.00059"
"2DPF","16","110100101001001","110100101001001.0","Success","0.00091"
"1F6K","16","1100111010111110","1100111010111110.0","Success","0.00082"
"2XX2","16","101111100110101","101111100110101.0","Success","0.00065"
"7R1J","16","1010011110100101","1010011110100101.0","Success","0.00068"
"4ZZ4","16","1001001110101101","1001001110101101.0","Success","0.00171"
"6S63","16","1110010101000","1110010101000.0","Success","0.00122"
"6O98","16","11001001011","11001001011.0","Success","0.00092"
"8CQN","16","1101000110001001","1101000110001001.0","Success","0.00098"
"4JSY","16","1101010100010001","1101010100010001.0","Success","0.00108"
"4YXY","16","110000110101000","110000110101000.0","Success","0.00102"
"4NEV","16","1010110000010","1010110000010.0","Success","0.00061"
"6IBI","16","1111011101011001","1111011101011001.0","Success","0.00079"
"8QEG","16","1000110001000101","1000110001000101.0","Success","0.00071"
"2AZT","16","1011001000010011","1011001000010011.0","Success","0.0008"
"7NR3","16","110110001010100","110110001010100.0","Success","0.00107"
"9E0M","16","10100000001101","10100000001101.0","Success","0.00022"
"2RHJ","16","11101001010001","11101001010001.0","Success","0.0011"
"1O3F","16","100110001111010","100110001111010.0","Success","0.00128"
"9G4N","16","1000111010011000","1000111010011000.0","Success","0.00041"
"7KHC","16","1010101010101001","1010101010101001.0","Success","0.00031"
"2RPC","16","1110111011011101","1110111011011101.0","Success","0.00035"
"2E9C","16","11111011111101","11111011111101.0","Success","0.00095"
"4F61","16","1101011101111011","1101011101111011.0","Success","0.00032"
"2AVP","16","111110010000101","111110010000101.0","Success","0.00236"
"4AA6","16","1101110101010101","1101110101010101.0","Success","0.00115"
"2BO1","16","111101011010000","111101011010000.0","Success","0.00194"
"3KD1","16","101110010110101","101110010110101.0","Success","0.00064"
"1MTZ","16","10111100001100","10111100001100.0","Success","0.00111"
"1V2T","16","1011100000101100","1011100000101100.0","Success","0.0013"
"7PLW","16","100101110100110","100101110100110.0","Success","0.00055"
"6YOM","16","1010011010001001","1010011010001001.0","Success","0.00063"
"5JUY","16","1011010110001001","1011010110001001.0","Success","0.0002"
"5AO8","16","1110001111010011","1110001111010011.0","Success","0.00099"
"4DYS","16","111001111010001","111001111010001.0","Success","0.00053"
"7C6C","16","1110100110010101","1110100110010101.0","Success","0.00119"
"8JEV","16","1000110010001011","1000110010001011.0","Success","0.00059"
"4CYB","16","100001001001","100001001001.0","Success","0.00043"
"4QT5","16","1111001110100001","1111001110100001.0","Success","0.00065"
"4E2L","16","1110110001000011","1110110001000011.0","Success","0.00041"
"1XTJ","16","1101100000110101","1101100000110101.0","Success","0.001"
"4E3Q","16","111001110111101","111001110111101.0","Success","0.00045"
"6V02","16","101101101001000","101101101001000.0","Success","0.00083"
"5CZD","16","1001101010110000","1001101010110000.0","Success","0.00098"
"1MNN","16","1000110111010101","1000110111010101.0","Success","0.00111"
"4DUR","16","110000110100011","110000110100011.0","Success","0.00051"
"9B7G","16","101001010101011","101001010101011.0","Success","0.00047"
"7RIV","16","1000001001011010","1000001001011010.0","Success","0.00122"
"2ITF","16","110100010110101","110100010110101.0","Success","0.00088"
"2GUP","16","1010110001010100","1010110001010100.0","Success","0.00114"
"7M9J","16","11110101110110","11110101110110.0","Success","0.00137"
"6BNO","16","11110111110100","11110111110100.0","Success","0.00036"
"3BEB","16","1001110110011000","1001110110011000.0","Success","0.00103"
"8JS8","16","1100000110101111","1100000110101111.0","Success","0.0006"
"4S1J","16","111110010111100","111110010111100.0","Success","0.00105"
"2OE1","16","1001000011001011","1001000011001011.0","Success","0.00133"
"5EJW","16","110010101011110","110010101011110.0","Success","0.00221"
"6LT7","16","111010010100000","111010010100000.0","Success","0.00088"
"6R2N","16","1101101010101010","1101101010101010.0","Success","0.00052"
"1N9N","16","1101011011001","1101011011001.0","Success","0.00178"
"5OE2","16","1010111110000100","1010111110000100.0","Success","0.00063"
"6BRL","16","1111111001110100","1111111001110100.0","Success","0.00086"
"6U9N","16","10011111001110","10011111001110.0","Success","0.00114"
"2W5F","16","11100001011101","11100001011101.0","Success","0.00059"
"7YA3","16","110001010111011","110001010111011.0","Success","0.00072"
"4LD5","16","10100110101110","10100110101110.0","Success","0.00058"
"4OOM","16","11010110100100","11010110100100.0","Success","0.00087"
"5T1U","16","1001100111110100","1001100111110100.0","Success","0.001"
"7LBL","16","1011111001111011","1011111001111011.0","Success","0.00094"
"6UQQ","16","1111101001011","1111101001011.0","Success","0.0006"
"2IT9","16","1001001101111110","1001001101111110.0","Success","0.00088"
"3B8E","16","1001010001101101","1001010001101101.0","Success","0.00041"
"6SEE","16","1010100010001001","1010100010001001.0","Success","0.0007"
"1BR5","16","1001101110100010","1001101110100010.0","Success","0.00116"
"6IWN","16","1000110111011101","1000110111011101.0","Success","0.00144"
"5I71","16","1011001011101001","1011001011101001.0","Success","0.00061"
"2AIX","16","111001101011","111001101011.0","Success","0.00122"
"1KC3","16","10010101100111","10010101100111.0","Success","0.00112"
"5OPV","16","1100111011010101","1100111011010101.0","Success","0.00122"
"2QF4","16","1011111010101110","1011111010101110.0","Success","0.00105"
"5RUU","16","111101100011001","111101100011001.0","Success","0.00105"
"8JQB","16","1011011111111010","1011011111111010.0","Success","0.00031"
"3TZS","16","1011011101110000","1011011101110000.0","Success","0.00084"
"7EO5","16","1001010100111110","1001010100111110.0","Success","0.00172"
"4RUP","16","11101111101011","11101111101011.0","Success","0.00126"
"2DLN","16","11011111001000","11011111001000.0","Success","0.00109"
"1ERZ","16","1000011101000010","1000011101000010.0","Success","0.0008"
"4NYH","16","100000111011011","100000111011011.0","Success","0.00082"
"6L2A","16","1100101011001001","1100101011001001.0","Success","0.00184"
"3IY8","16","1001111111011100","1001111111011100.0","Success","0.00061"
"3A4C","16","10001100011100","10001100011100.0","Success","0.00188"
"5XC7","16","1011100000001110","1011100000001110.0","Success","0.00092"
"8CME","16","10000010000100","10000010000100.0","Success","0.00058"
"9BOF","16","1100001111111111","1100001111111111.0","Success","0.0006"
"7JZO","16","100011011110","100011011110.0","Success","0.00138"
"5TFC","16","11100011001011","11100011001011.0","Success","0.0013"
"2OE4","16","101011000000110","101011000000110.0","Success","0.00152"
"3B3G","16","101110111110000","101110111110000.0","Success","0.00075"
"4S2Q","16","111001101101101","111001101101101.0","Success","0.00222"
"6FDJ","16","10111010011010","10111010011010.0","Success","0.00033"
"4CN9","16","10111101000000","10111101000000.0","Success","0.00069"
"2N5U","16","1011111000110110","1011111000110110.0","Success","0.0005"
"5JSP","16","1100101000001001","1100101000001001.0","Success","0.001"
"3GLA","16","10001010100110","10001010100110.0","Success","0.00133"
"1JH9","16","11111111010111","11111111010111.0","Success","0.00105"
"8AEU","16","101010100100000","101010100100000.0","Success","0.00204"
"3WMM","16","110110111101110","110110111101110.0","Success","0.00037"
"7QRO","16","100110101101110","100110101101110.0","Success","0.00155"
"7QLA","16","1110111000010100","1110111000010100.0","Success","0.00066"
"1V07","16","1001011011111001","1001011011111001.0","Success","0.00186"
"6E1R","16","1011111101110010","1011111101110010.0","Success","0.00035"
"8OE2","16","111011101100110","111011101100110.0","Success","0.00045"
"1NCS","16","100001001110110","100001001110110.0","Success","0.00042"
"6GKG","16","101101101101101","101101101101101.0","Success","0.00045"
"6VVF","16","1110011011101000","1110011011101000.0","Success","0.00147"
"1LYL","16","1010101001100010","1010101001100010.0","Success","0.00052"
"3IMC","16","1100010011000100","1100010011000100.0","Success","0.00083"
"1ME7","16","1100000000011011","1100000000011011.0","Success","0.00102"
"6GB1","16","11010101010","11010101010.0","Success","0.0016"
"1Y1X","16","110110111110101","110110111110101.0","Success","0.00103"
"8DAC","16","111101011100001","111101011100001.0","Success","0.00181"
"3V87","16","1101110001001000","1101110001001000.0","Success","0.00132"
"1K7X","16","1111001001110101","1111001001110101.0","Success","0.00076"
"7NK5","16","1001101001101011","1001101001101011.0","Success","0.0012"
"4WSJ","16","1111100111100101","1111100111100101.0","Success","0.00047"
"3BUY","16","1100101111011101","1100101111011101.0","Success","0.00096"
"8C8K","16","10011001101101","10011001101101.0","Success","0.0005"
"2QDS","16","1011011010100100","1011011010100100.0","Success","0.00129"
"4OAA","16","1000011101100111","1000011101100111.0","Success","0.0007"
"3V6N","16","1110011111001011","1110011111001011.0","Success","0.0009"
"7LCT","16","1011101100100111","1011101100100111.0","Success","0.00108"
"7X3C","16","100010010100001","100010010100001.0","Success","0.00055"
"4AKG","16","111000110000110","111000110000110.0","Success","0.00027"
"2BB7","16","1111111101000111","1111111101000111.0","Success","0.00123"
"6Y6P","16","1100101110001011","1100101110001011.0","Success","0.00105"
"5AEK","16","1010001101001011","1010001101001011.0","Success","0.00032"
"3CAS","16","11000110111111","11000110111111.0","Success","0.00075"
"8XKE","16","11001100100011","11001100100011.0","Success","0.00098"
"3GH6","16","100001110010111","100001110010111.0","Success","0.00132"
"2J0G","16","1010111001000100","1010111001000100.0","Success","0.00053"
"1LS1","16","1111101011000011","1111101011000011.0","Success","0.00107"
"1RDG","16","1111011111011110","1111011111011110.0","Success","0.0027"
"8WNI","16","110110100111","110110100111.0","Success","0.00066"
"7BL7","16","1101111011111110","1101111011111110.0","Success","0.00038"
"5X4I","16","1111111110001000","1111111110001000.0","Success","0.00091"
"5BRM","16","10110100110010","10110100110010.0","Success","0.00059"
"4MA4","16","110101100011","110101100011.0","Success","0.00092"
"6EMP","16","1000010111","1000010111.0","Success","0.00026"
"7LU5","16","100010111111001","100010111111001.0","Success","0.00022"
"8FGN","16","11010011000101","11010011000101.0","Success","0.00048"
"3AQD","16","110011000100010","110011000100010.0","Success","0.0005"
"7X88","16","1100010111100001","1100010111100001.0","Success","0.00161"
"3IKW","16","1000011011100011","1000011011100011.0","Success","0.00093"
"7GM5","16","100010101111011","100010101111011.0","Success","0.00077"
"1MG0","16","1011010001101011","1011010001101011.0","Success","0.0005"
"4N15","16","100110011000101","100110011000101.0","Success","0.00111"
"4OBP","16","1010011110000101","1010011110000101.0","Success","0.00081"
"9D34","16","1110010011101000","1110010011101000.0","Success","0.00196"
"6MEP","16","100101110111000","100101110111000.0","Success","0.00089"
"6K97","16","111100101000111","111100101000111.0","Success","0.00082"
"9AWC","16","1010011011010011","1010011011010011.0","Success","0.0013"
"2PCS","16","1011100111101011","1011100111101011.0","Success","0.00157"
"3KTV","16","1011101010100001","1011101010100001.0","Success","0.00134"
"1CMY","16","101001010000110","101001010000110.0","Success","0.0008"
"7T3I","16","1010000111101100","1010000111101100.0","Success","0.00033"
"2CTM","16","1111110011111100","1111110011111100.0","Success","0.00045"
"3MJ9","16","111010111011111","111010111011111.0","Success","0.00075"
"7E9L","16","1011010100010010","1011010100010010.0","Success","0.0006"
"8JYS","16","1101110011010100","1101110011010100.0","Success","0.00092"
"1V9X","16","101101000010111","101101000010111.0","Success","0.0004"
"6V0S","16","111011001110101","111011001110101.0","Success","0.00131"
"1AA6","16","1000110000101100","1000110000101100.0","Success","0.00072"
"5QIO","16","1001100110001000","1001100110001000.0","Success","0.00128"
"1O4C","16","100000100001","100000100001.0","Success","0.00194"
"7AAG","16","1000110100010000","1000110100010000.0","Success","0.00053"
"4RIV","16","1000000001101101","1000000001101101.0","Success","0.00121"
"1R7M","16","1110011011011000","1110011011011000.0","Success","0.00091"
"5Q7G","16","1011010111000111","1011010111000111.0","Success","0.00106"
"2NR9","16","1010101111101111","1010101111101111.0","Success","0.00141"
"7E3H","16","1100010011100","1100010011100.0","Success","0.00059"
"3B67","16","1110000100110110","1110000100110110.0","Success","0.00125"
