case_id,attack,attack_mode,angle_x_deg,angle_z_deg,translation_x_angstrom,original_alignment_ca_rmsd,watermarked_alignment_ca_rmsd,decoded_bits,decoded_message,decoded_message_escaped,bitacc_percent,exact_recovery
6MRR,global_rotation_translation,combined_xz_rotation_x_translation_then_kabsch_alignment,0,0,0.0,3.107846410966855e-15,0.0037357572663303785,01101110011100000110101000100000010100110100001000000000,npj SB,npj SB,100.0,True
6MRR,global_rotation_translation,combined_xz_rotation_x_translation_then_kabsch_alignment,0,30,0.0,3.21408284366684e-15,0.0037357572663305597,01101110011100000110101000100000010100110100001000000000,npj SB,npj SB,100.0,True
6MRR,global_rotation_translation,combined_xz_rotation_x_translation_then_kabsch_alignment,0,60,0.0,4.003453152646998e-15,0.003735757266330353,01101110011100000110101000100000010100110100001000000000,npj SB,npj SB,100.0,True
6MRR,global_rotation_translation,combined_xz_rotation_x_translation_then_kabsch_alignment,0,90,0.0,3.2683200948061443e-15,0.003735757266330431,01101110011100000110101000100000010100110100001000000000,npj SB,npj SB,100.0,True
6MRR,global_rotation_translation,combined_xz_rotation_x_translation_then_kabsch_alignment,0,120,0.0,5.315623329878843e-15,0.0037357572663302184,01101110011100000110101000100000010100110100001000000000,npj SB,npj SB,100.0,True
6MRR,global_rotation_translation,combined_xz_rotation_x_translation_then_kabsch_alignment,0,150,0.0,4.335303750088736e-15,0.0037357572663306807,01101110011100000110101000100000010100110100001000000000,npj SB,npj SB,100.0,True
6MRR,global_rotation_translation,combined_xz_rotation_x_translation_then_kabsch_alignment,0,180,0.0,1.0990783048147376e-14,0.003735757266330837,01101110011100000110101000100000010100110100001000000000,npj SB,npj SB,100.0,True
6MRR,global_rotation_translation,combined_xz_rotation_x_translation_then_kabsch_alignment,0,210,0.0,2.630286077449664e-15,0.0037357572663304583,01101110011100000110101000100000010100110100001000000000,npj SB,npj SB,100.0,True
6MRR,global_rotation_translation,combined_xz_rotation_x_translation_then_kabsch_alignment,0,240,0.0,4.4346779030365245e-15,0.003735757266330252,01101110011100000110101000100000010100110100001000000000,npj SB,npj SB,100.0,True
6MRR,global_rotation_translation,combined_xz_rotation_x_translation_then_kabsch_alignment,0,270,0.0,6.237366208637839e-15,0.0037357572663305966,01101110011100000110101000100000010100110100001000000000,npj SB,npj SB,100.0,True
6MRR,global_rotation_translation,combined_xz_rotation_x_translation_then_kabsch_alignment,0,300,0.0,6.651241889043206e-15,0.00373575726633057,01101110011100000110101000100000010100110100001000000000,npj SB,npj SB,100.0,True
6MRR,global_rotation_translation,combined_xz_rotation_x_translation_then_kabsch_alignment,0,330,0.0,6.643342924473934e-15,0.0037357572663305224,01101110011100000110101000100000010100110100001000000000,npj SB,npj SB,100.0,True
6MRR,global_rotation_translation,combined_xz_rotation_x_translation_then_kabsch_alignment,0,360,0.0,5.682482935226933e-15,0.003735757266330641,01101110011100000110101000100000010100110100001000000000,npj SB,npj SB,100.0,True
6MRR,global_rotation_translation,combined_xz_rotation_x_translation_then_kabsch_alignment,30,0,0.0,8.49110900495841e-15,0.0037357572663299,01101110011100000110101000100000010100110100001000000000,npj SB,npj SB,100.0,True
6MRR,global_rotation_translation,combined_xz_rotation_x_translation_then_kabsch_alignment,30,30,0.0,5.4178102385021104e-15,0.0037357572663301113,01101110011100000110101000100000010100110100001000000000,npj SB,npj SB,100.0,True
6MRR,global_rotation_translation,combined_xz_rotation_x_translation_then_kabsch_alignment,30,60,0.0,8.346062684440215e-15,0.0037357572663298806,01101110011100000110101000100000010100110100001000000000,npj SB,npj SB,100.0,True
6MRR,global_rotation_translation,combined_xz_rotation_x_translation_then_kabsch_alignment,30,90,0.0,5.236141342659416e-15,0.003735757266330037,01101110011100000110101000100000010100110100001000000000,npj SB,npj SB,100.0,True
6MRR,global_rotation_translation,combined_xz_rotation_x_translation_then_kabsch_alignment,30,120,0.0,4.835443576430202e-15,0.003735757266330338,01101110011100000110101000100000010100110100001000000000,npj SB,npj SB,100.0,True
6MRR,global_rotation_translation,combined_xz_rotation_x_translation_then_kabsch_alignment,30,150,0.0,4.8879396467326355e-15,0.003735757266329939,01101110011100000110101000100000010100110100001000000000,npj SB,npj SB,100.0,True
6MRR,global_rotation_translation,combined_xz_rotation_x_translation_then_kabsch_alignment,30,180,0.0,4.4372885341669095e-15,0.0037357572663301577,01101110011100000110101000100000010100110100001000000000,npj SB,npj SB,100.0,True
6MRR,global_rotation_translation,combined_xz_rotation_x_translation_then_kabsch_alignment,30,210,0.0,6.448657935120646e-15,0.0037357572663302024,01101110011100000110101000100000010100110100001000000000,npj SB,npj SB,100.0,True
6MRR,global_rotation_translation,combined_xz_rotation_x_translation_then_kabsch_alignment,30,240,0.0,8.02541943104447e-15,0.003735757266330285,01101110011100000110101000100000010100110100001000000000,npj SB,npj SB,100.0,True
6MRR,global_rotation_translation,combined_xz_rotation_x_translation_then_kabsch_alignment,30,270,0.0,5.3536994010085274e-15,0.0037357572663305203,01101110011100000110101000100000010100110100001000000000,npj SB,npj SB,100.0,True
6MRR,global_rotation_translation,combined_xz_rotation_x_translation_then_kabsch_alignment,30,300,0.0,5.657709848666236e-15,0.0037357572663304956,01101110011100000110101000100000010100110100001000000000,npj SB,npj SB,100.0,True
6MRR,global_rotation_translation,combined_xz_rotation_x_translation_then_kabsch_alignment,30,330,0.0,4.5344290514113644e-15,0.0037357572663301616,01101110011100000110101000100000010100110100001000000000,npj SB,npj SB,100.0,True
6MRR,global_rotation_translation,combined_xz_rotation_x_translation_then_kabsch_alignment,30,360,0.0,6.6933502112422884e-15,0.003735757266330087,01101110011100000110101000100000010100110100001000000000,npj SB,npj SB,100.0,True
6MRR,global_rotation_translation,combined_xz_rotation_x_translation_then_kabsch_alignment,60,0,0.0,3.1310367709305576e-15,0.0037357572663301642,01101110011100000110101000100000010100110100001000000000,npj SB,npj SB,100.0,True
6MRR,global_rotation_translation,combined_xz_rotation_x_translation_then_kabsch_alignment,60,30,0.0,5.793837336919401e-15,0.0037357572663297453,01101110011100000110101000100000010100110100001000000000,npj SB,npj SB,100.0,True
6MRR,global_rotation_translation,combined_xz_rotation_x_translation_then_kabsch_alignment,60,60,0.0,4.763306217411865e-15,0.003735757266330505,01101110011100000110101000100000010100110100001000000000,npj SB,npj SB,100.0,True
6MRR,global_rotation_translation,combined_xz_rotation_x_translation_then_kabsch_alignment,60,90,0.0,6.779683481162649e-15,0.00373575726633019,01101110011100000110101000100000010100110100001000000000,npj SB,npj SB,100.0,True
6MRR,global_rotation_translation,combined_xz_rotation_x_translation_then_kabsch_alignment,60,120,0.0,5.398273731344123e-15,0.003735757266330234,01101110011100000110101000100000010100110100001000000000,npj SB,npj SB,100.0,True
6MRR,global_rotation_translation,combined_xz_rotation_x_translation_then_kabsch_alignment,60,150,0.0,8.006198114778587e-15,0.0037357572663303173,01101110011100000110101000100000010100110100001000000000,npj SB,npj SB,100.0,True
6MRR,global_rotation_translation,combined_xz_rotation_x_translation_then_kabsch_alignment,60,180,0.0,7.977983669706698e-15,0.0037357572663298186,01101110011100000110101000100000010100110100001000000000,npj SB,npj SB,100.0,True
6MRR,global_rotation_translation,combined_xz_rotation_x_translation_then_kabsch_alignment,60,210,0.0,3.762962943097085e-15,0.0037357572663306556,01101110011100000110101000100000010100110100001000000000,npj SB,npj SB,100.0,True
6MRR,global_rotation_translation,combined_xz_rotation_x_translation_then_kabsch_alignment,60,240,0.0,3.5370282756499608e-15,0.0037357572663304513,01101110011100000110101000100000010100110100001000000000,npj SB,npj SB,100.0,True
6MRR,global_rotation_translation,combined_xz_rotation_x_translation_then_kabsch_alignment,60,270,0.0,3.581184271951296e-15,0.003735757266330179,01101110011100000110101000100000010100110100001000000000,npj SB,npj SB,100.0,True
6MRR,global_rotation_translation,combined_xz_rotation_x_translation_then_kabsch_alignment,60,300,0.0,4.580446671032374e-15,0.0037357572663301347,01101110011100000110101000100000010100110100001000000000,npj SB,npj SB,100.0,True
6MRR,global_rotation_translation,combined_xz_rotation_x_translation_then_kabsch_alignment,60,330,0.0,4.0120687799681426e-15,0.0037357572663304366,01101110011100000110101000100000010100110100001000000000,npj SB,npj SB,100.0,True
6MRR,global_rotation_translation,combined_xz_rotation_x_translation_then_kabsch_alignment,60,360,0.0,7.481677605969318e-15,0.0037357572663302527,01101110011100000110101000100000010100110100001000000000,npj SB,npj SB,100.0,True
6MRR,global_rotation_translation,combined_xz_rotation_x_translation_then_kabsch_alignment,90,0,0.0,4.263116528926526e-15,0.0037357572663302726,01101110011100000110101000100000010100110100001000000000,npj SB,npj SB,100.0,True
6MRR,global_rotation_translation,combined_xz_rotation_x_translation_then_kabsch_alignment,90,30,0.0,4.217805456668543e-15,0.0037357572663303702,01101110011100000110101000100000010100110100001000000000,npj SB,npj SB,100.0,True
6MRR,global_rotation_translation,combined_xz_rotation_x_translation_then_kabsch_alignment,90,60,0.0,6.143095552430877e-15,0.0037357572663304,01101110011100000110101000100000010100110100001000000000,npj SB,npj SB,100.0,True
6MRR,global_rotation_translation,combined_xz_rotation_x_translation_then_kabsch_alignment,90,90,0.0,5.850128348314645e-15,0.0037357572663300805,01101110011100000110101000100000010100110100001000000000,npj SB,npj SB,100.0,True
6MRR,global_rotation_translation,combined_xz_rotation_x_translation_then_kabsch_alignment,90,120,0.0,3.2823034839737356e-15,0.003735757266330321,01101110011100000110101000100000010100110100001000000000,npj SB,npj SB,100.0,True
6MRR,global_rotation_translation,combined_xz_rotation_x_translation_then_kabsch_alignment,90,150,0.0,2.859434497221595e-15,0.003735757266330448,01101110011100000110101000100000010100110100001000000000,npj SB,npj SB,100.0,True
6MRR,global_rotation_translation,combined_xz_rotation_x_translation_then_kabsch_alignment,90,180,0.0,9.146571404425672e-15,0.0037357572663301824,01101110011100000110101000100000010100110100001000000000,npj SB,npj SB,100.0,True
6MRR,global_rotation_translation,combined_xz_rotation_x_translation_then_kabsch_alignment,90,210,0.0,6.645530005406351e-15,0.0037357572663302453,01101110011100000110101000100000010100110100001000000000,npj SB,npj SB,100.0,True
6MRR,global_rotation_translation,combined_xz_rotation_x_translation_then_kabsch_alignment,90,240,0.0,6.860427693442082e-15,0.0037357572663305784,01101110011100000110101000100000010100110100001000000000,npj SB,npj SB,100.0,True
6MRR,global_rotation_translation,combined_xz_rotation_x_translation_then_kabsch_alignment,90,270,0.0,3.5443235266063966e-15,0.003735757266330347,01101110011100000110101000100000010100110100001000000000,npj SB,npj SB,100.0,True
6MRR,global_rotation_translation,combined_xz_rotation_x_translation_then_kabsch_alignment,90,300,0.0,4.629844957774921e-15,0.0037357572663302705,01101110011100000110101000100000010100110100001000000000,npj SB,npj SB,100.0,True
6MRR,global_rotation_translation,combined_xz_rotation_x_translation_then_kabsch_alignment,90,330,0.0,5.985453228411843e-15,0.003735757266330245,01101110011100000110101000100000010100110100001000000000,npj SB,npj SB,100.0,True
6MRR,global_rotation_translation,combined_xz_rotation_x_translation_then_kabsch_alignment,90,360,0.0,4.241205389106645e-15,0.00373575726633045,01101110011100000110101000100000010100110100001000000000,npj SB,npj SB,100.0,True
6MRR,global_rotation_translation,combined_xz_rotation_x_translation_then_kabsch_alignment,120,0,0.0,4.942372436659299e-15,0.0037357572663303663,01101110011100000110101000100000010100110100001000000000,npj SB,npj SB,100.0,True
6MRR,global_rotation_translation,combined_xz_rotation_x_translation_then_kabsch_alignment,120,30,0.0,3.5306935318772952e-15,0.0037357572663303685,01101110011100000110101000100000010100110100001000000000,npj SB,npj SB,100.0,True
6MRR,global_rotation_translation,combined_xz_rotation_x_translation_then_kabsch_alignment,120,60,0.0,5.092924572288794e-15,0.0037357572663303416,01101110011100000110101000100000010100110100001000000000,npj SB,npj SB,100.0,True
6MRR,global_rotation_translation,combined_xz_rotation_x_translation_then_kabsch_alignment,120,90,0.0,3.670322628190386e-15,0.003735757266330822,01101110011100000110101000100000010100110100001000000000,npj SB,npj SB,100.0,True
6MRR,global_rotation_translation,combined_xz_rotation_x_translation_then_kabsch_alignment,120,120,0.0,4.7011384997492424e-15,0.0037357572663300866,01101110011100000110101000100000010100110100001000000000,npj SB,npj SB,100.0,True
6MRR,global_rotation_translation,combined_xz_rotation_x_translation_then_kabsch_alignment,120,150,0.0,7.410778436180079e-15,0.0037357572663306005,01101110011100000110101000100000010100110100001000000000,npj SB,npj SB,100.0,True
6MRR,global_rotation_translation,combined_xz_rotation_x_translation_then_kabsch_alignment,120,180,0.0,8.221654909330775e-15,0.003735757266330139,01101110011100000110101000100000010100110100001000000000,npj SB,npj SB,100.0,True
6MRR,global_rotation_translation,combined_xz_rotation_x_translation_then_kabsch_alignment,120,210,0.0,5.9210865708614416e-15,0.0037357572663305207,01101110011100000110101000100000010100110100001000000000,npj SB,npj SB,100.0,True
6MRR,global_rotation_translation,combined_xz_rotation_x_translation_then_kabsch_alignment,120,240,0.0,3.539410484001617e-15,0.0037357572663304643,01101110011100000110101000100000010100110100001000000000,npj SB,npj SB,100.0,True
6MRR,global_rotation_translation,combined_xz_rotation_x_translation_then_kabsch_alignment,120,270,0.0,4.210234903677627e-15,0.003735757266330656,01101110011100000110101000100000010100110100001000000000,npj SB,npj SB,100.0,True
6MRR,global_rotation_translation,combined_xz_rotation_x_translation_then_kabsch_alignment,120,300,0.0,9.206147558706903e-15,0.003735757266330256,01101110011100000110101000100000010100110100001000000000,npj SB,npj SB,100.0,True
6MRR,global_rotation_translation,combined_xz_rotation_x_translation_then_kabsch_alignment,120,330,0.0,5.127703130326369e-15,0.003735757266330658,01101110011100000110101000100000010100110100001000000000,npj SB,npj SB,100.0,True
6MRR,global_rotation_translation,combined_xz_rotation_x_translation_then_kabsch_alignment,120,360,0.0,5.908092273490171e-15,0.0037357572663303616,01101110011100000110101000100000010100110100001000000000,npj SB,npj SB,100.0,True
6MRR,global_rotation_translation,combined_xz_rotation_x_translation_then_kabsch_alignment,150,0,0.0,3.4627857499062257e-15,0.003735757266330255,01101110011100000110101000100000010100110100001000000000,npj SB,npj SB,100.0,True
6MRR,global_rotation_translation,combined_xz_rotation_x_translation_then_kabsch_alignment,150,30,0.0,4.271442148169019e-15,0.003735757266330399,01101110011100000110101000100000010100110100001000000000,npj SB,npj SB,100.0,True
6MRR,global_rotation_translation,combined_xz_rotation_x_translation_then_kabsch_alignment,150,60,0.0,5.487116547567997e-15,0.003735757266330147,01101110011100000110101000100000010100110100001000000000,npj SB,npj SB,100.0,True
6MRR,global_rotation_translation,combined_xz_rotation_x_translation_then_kabsch_alignment,150,90,0.0,5.375493263841657e-15,0.0037357572663301846,01101110011100000110101000100000010100110100001000000000,npj SB,npj SB,100.0,True
6MRR,global_rotation_translation,combined_xz_rotation_x_translation_then_kabsch_alignment,150,120,0.0,4.185254532546528e-15,0.003735757266330261,01101110011100000110101000100000010100110100001000000000,npj SB,npj SB,100.0,True
6MRR,global_rotation_translation,combined_xz_rotation_x_translation_then_kabsch_alignment,150,150,0.0,2.625075743100801e-15,0.0037357572663305263,01101110011100000110101000100000010100110100001000000000,npj SB,npj SB,100.0,True
6MRR,global_rotation_translation,combined_xz_rotation_x_translation_then_kabsch_alignment,150,180,0.0,8.41151536674181e-15,0.003735757266329873,01101110011100000110101000100000010100110100001000000000,npj SB,npj SB,100.0,True
6MRR,global_rotation_translation,combined_xz_rotation_x_translation_then_kabsch_alignment,150,210,0.0,6.0693577452889725e-15,0.003735757266330357,01101110011100000110101000100000010100110100001000000000,npj SB,npj SB,100.0,True
6MRR,global_rotation_translation,combined_xz_rotation_x_translation_then_kabsch_alignment,150,240,0.0,4.895054582340308e-15,0.0037357572663303026,01101110011100000110101000100000010100110100001000000000,npj SB,npj SB,100.0,True
6MRR,global_rotation_translation,combined_xz_rotation_x_translation_then_kabsch_alignment,150,270,0.0,6.6121694552943394e-15,0.003735757266330055,01101110011100000110101000100000010100110100001000000000,npj SB,npj SB,100.0,True
6MRR,global_rotation_translation,combined_xz_rotation_x_translation_then_kabsch_alignment,150,300,0.0,5.831880934476457e-15,0.0037357572663301304,01101110011100000110101000100000010100110100001000000000,npj SB,npj SB,100.0,True
6MRR,global_rotation_translation,combined_xz_rotation_x_translation_then_kabsch_alignment,150,330,0.0,3.1581291005909113e-15,0.0037357572663303568,01101110011100000110101000100000010100110100001000000000,npj SB,npj SB,100.0,True
6MRR,global_rotation_translation,combined_xz_rotation_x_translation_then_kabsch_alignment,150,360,0.0,3.248664987229355e-15,0.0037357572663307068,01101110011100000110101000100000010100110100001000000000,npj SB,npj SB,100.0,True
6MRR,global_rotation_translation,combined_xz_rotation_x_translation_then_kabsch_alignment,180,0,0.0,4.117422527560626e-15,0.003735757266330118,01101110011100000110101000100000010100110100001000000000,npj SB,npj SB,100.0,True
6MRR,global_rotation_translation,combined_xz_rotation_x_translation_then_kabsch_alignment,180,30,0.0,3.625227447279184e-15,0.0037357572663302154,01101110011100000110101000100000010100110100001000000000,npj SB,npj SB,100.0,True
6MRR,global_rotation_translation,combined_xz_rotation_x_translation_then_kabsch_alignment,180,60,0.0,6.661725898183799e-15,0.0037357572663304973,01101110011100000110101000100000010100110100001000000000,npj SB,npj SB,100.0,True
6MRR,global_rotation_translation,combined_xz_rotation_x_translation_then_kabsch_alignment,180,90,0.0,3.644377147399337e-15,0.0037357572663303186,01101110011100000110101000100000010100110100001000000000,npj SB,npj SB,100.0,True
6MRR,global_rotation_translation,combined_xz_rotation_x_translation_then_kabsch_alignment,180,120,0.0,6.11577036063068e-15,0.0037357572663300116,01101110011100000110101000100000010100110100001000000000,npj SB,npj SB,100.0,True
6MRR,global_rotation_translation,combined_xz_rotation_x_translation_then_kabsch_alignment,180,150,0.0,4.1862288974643656e-15,0.0037357572663303516,01101110011100000110101000100000010100110100001000000000,npj SB,npj SB,100.0,True
6MRR,global_rotation_translation,combined_xz_rotation_x_translation_then_kabsch_alignment,180,180,0.0,7.65447307005122e-15,0.00373575726632988,01101110011100000110101000100000010100110100001000000000,npj SB,npj SB,100.0,True
6MRR,global_rotation_translation,combined_xz_rotation_x_translation_then_kabsch_alignment,180,210,0.0,5.691059651134052e-15,0.003735757266330288,01101110011100000110101000100000010100110100001000000000,npj SB,npj SB,100.0,True
6MRR,global_rotation_translation,combined_xz_rotation_x_translation_then_kabsch_alignment,180,240,0.0,4.672247295001022e-15,0.0037357572663303438,01101110011100000110101000100000010100110100001000000000,npj SB,npj SB,100.0,True
6MRR,global_rotation_translation,combined_xz_rotation_x_translation_then_kabsch_alignment,180,270,0.0,4.05925258492227e-15,0.0037357572663304904,01101110011100000110101000100000010100110100001000000000,npj SB,npj SB,100.0,True
6MRR,global_rotation_translation,combined_xz_rotation_x_translation_then_kabsch_alignment,180,300,0.0,5.517831099339139e-15,0.0037357572663303286,01101110011100000110101000100000010100110100001000000000,npj SB,npj SB,100.0,True
6MRR,global_rotation_translation,combined_xz_rotation_x_translation_then_kabsch_alignment,180,330,0.0,3.2640284809358906e-15,0.00373575726633043,01101110011100000110101000100000010100110100001000000000,npj SB,npj SB,100.0,True
6MRR,global_rotation_translation,combined_xz_rotation_x_translation_then_kabsch_alignment,180,360,0.0,7.128750447347587e-15,0.0037357572663305597,01101110011100000110101000100000010100110100001000000000,npj SB,npj SB,100.0,True
6MRR,global_rotation_translation,combined_xz_rotation_x_translation_then_kabsch_alignment,210,0,0.0,7.839527527175707e-15,0.003735757266329897,01101110011100000110101000100000010100110100001000000000,npj SB,npj SB,100.0,True
6MRR,global_rotation_translation,combined_xz_rotation_x_translation_then_kabsch_alignment,210,30,0.0,6.76930182846144e-15,0.0037357572663306374,01101110011100000110101000100000010100110100001000000000,npj SB,npj SB,100.0,True
6MRR,global_rotation_translation,combined_xz_rotation_x_translation_then_kabsch_alignment,210,60,0.0,4.126042141860884e-15,0.003735757266329914,01101110011100000110101000100000010100110100001000000000,npj SB,npj SB,100.0,True
6MRR,global_rotation_translation,combined_xz_rotation_x_translation_then_kabsch_alignment,210,90,0.0,5.156538304734658e-15,0.0037357572663300927,01101110011100000110101000100000010100110100001000000000,npj SB,npj SB,100.0,True
6MRR,global_rotation_translation,combined_xz_rotation_x_translation_then_kabsch_alignment,210,120,0.0,4.298768556969804e-15,0.0037357572663304635,01101110011100000110101000100000010100110100001000000000,npj SB,npj SB,100.0,True
6MRR,global_rotation_translation,combined_xz_rotation_x_translation_then_kabsch_alignment,210,150,0.0,3.9711760777661004e-15,0.003735757266330271,01101110011100000110101000100000010100110100001000000000,npj SB,npj SB,100.0,True
6MRR,global_rotation_translation,combined_xz_rotation_x_translation_then_kabsch_alignment,210,180,0.0,6.114288241855476e-15,0.003735757266329811,01101110011100000110101000100000010100110100001000000000,npj SB,npj SB,100.0,True
6MRR,global_rotation_translation,combined_xz_rotation_x_translation_then_kabsch_alignment,210,210,0.0,7.509644693296494e-15,0.0037357572663298646,01101110011100000110101000100000010100110100001000000000,npj SB,npj SB,100.0,True
6MRR,global_rotation_translation,combined_xz_rotation_x_translation_then_kabsch_alignment,210,240,0.0,4.4423918708439696e-15,0.003735757266330041,01101110011100000110101000100000010100110100001000000000,npj SB,npj SB,100.0,True
6MRR,global_rotation_translation,combined_xz_rotation_x_translation_then_kabsch_alignment,210,270,0.0,5.062492033371234e-15,0.003735757266330262,01101110011100000110101000100000010100110100001000000000,npj SB,npj SB,100.0,True
6MRR,global_rotation_translation,combined_xz_rotation_x_translation_then_kabsch_alignment,210,300,0.0,4.144845987961562e-15,0.0037357572663305402,01101110011100000110101000100000010100110100001000000000,npj SB,npj SB,100.0,True
6MRR,global_rotation_translation,combined_xz_rotation_x_translation_then_kabsch_alignment,210,330,0.0,8.647661365976856e-15,0.0037357572663301456,01101110011100000110101000100000010100110100001000000000,npj SB,npj SB,100.0,True
6MRR,global_rotation_translation,combined_xz_rotation_x_translation_then_kabsch_alignment,210,360,0.0,6.8770268461278015e-15,0.0037357572663304526,01101110011100000110101000100000010100110100001000000000,npj SB,npj SB,100.0,True
6MRR,global_rotation_translation,combined_xz_rotation_x_translation_then_kabsch_alignment,240,0,0.0,5.792945627138205e-15,0.003735757266330114,01101110011100000110101000100000010100110100001000000000,npj SB,npj SB,100.0,True
6MRR,global_rotation_translation,combined_xz_rotation_x_translation_then_kabsch_alignment,240,30,0.0,5.683984407006232e-15,0.0037357572663298576,01101110011100000110101000100000010100110100001000000000,npj SB,npj SB,100.0,True
6MRR,global_rotation_translation,combined_xz_rotation_x_translation_then_kabsch_alignment,240,60,0.0,4.824485092514728e-15,0.003735757266330049,01101110011100000110101000100000010100110100001000000000,npj SB,npj SB,100.0,True
6MRR,global_rotation_translation,combined_xz_rotation_x_translation_then_kabsch_alignment,240,90,0.0,4.779869069783226e-15,0.0037357572663304453,01101110011100000110101000100000010100110100001000000000,npj SB,npj SB,100.0,True
6MRR,global_rotation_translation,combined_xz_rotation_x_translation_then_kabsch_alignment,240,120,0.0,5.882880362599452e-15,0.0037357572663303767,01101110011100000110101000100000010100110100001000000000,npj SB,npj SB,100.0,True
6MRR,global_rotation_translation,combined_xz_rotation_x_translation_then_kabsch_alignment,240,150,0.0,3.2785460584865916e-15,0.0037357572663304734,01101110011100000110101000100000010100110100001000000000,npj SB,npj SB,100.0,True
6MRR,global_rotation_translation,combined_xz_rotation_x_translation_then_kabsch_alignment,240,180,0.0,3.39768313217265e-15,0.003735757266330414,01101110011100000110101000100000010100110100001000000000,npj SB,npj SB,100.0,True
6MRR,global_rotation_translation,combined_xz_rotation_x_translation_then_kabsch_alignment,240,210,0.0,4.3364687524519e-15,0.003735757266330332,01101110011100000110101000100000010100110100001000000000,npj SB,npj SB,100.0,True
6MRR,global_rotation_translation,combined_xz_rotation_x_translation_then_kabsch_alignment,240,240,0.0,4.710075337762223e-15,0.0037357572663306283,01101110011100000110101000100000010100110100001000000000,npj SB,npj SB,100.0,True
6MRR,global_rotation_translation,combined_xz_rotation_x_translation_then_kabsch_alignment,240,270,0.0,6.458624463109763e-15,0.0037357572663300515,01101110011100000110101000100000010100110100001000000000,npj SB,npj SB,100.0,True
6MRR,global_rotation_translation,combined_xz_rotation_x_translation_then_kabsch_alignment,240,300,0.0,3.2197452937540786e-15,0.0037357572663303386,01101110011100000110101000100000010100110100001000000000,npj SB,npj SB,100.0,True
6MRR,global_rotation_translation,combined_xz_rotation_x_translation_then_kabsch_alignment,240,330,0.0,6.6734022592705e-15,0.003735757266330421,01101110011100000110101000100000010100110100001000000000,npj SB,npj SB,100.0,True
6MRR,global_rotation_translation,combined_xz_rotation_x_translation_then_kabsch_alignment,240,360,0.0,3.4990809019594314e-15,0.003735757266330413,01101110011100000110101000100000010100110100001000000000,npj SB,npj SB,100.0,True
6MRR,global_rotation_translation,combined_xz_rotation_x_translation_then_kabsch_alignment,270,0,0.0,3.763107451972434e-15,0.003735757266330223,01101110011100000110101000100000010100110100001000000000,npj SB,npj SB,100.0,True
6MRR,global_rotation_translation,combined_xz_rotation_x_translation_then_kabsch_alignment,270,30,0.0,6.5611476140181184e-15,0.0037357572663303607,01101110011100000110101000100000010100110100001000000000,npj SB,npj SB,100.0,True
6MRR,global_rotation_translation,combined_xz_rotation_x_translation_then_kabsch_alignment,270,60,0.0,6.071388255052331e-15,0.0037357572663305055,01101110011100000110101000100000010100110100001000000000,npj SB,npj SB,100.0,True
6MRR,global_rotation_translation,combined_xz_rotation_x_translation_then_kabsch_alignment,270,90,0.0,3.0330545050096638e-15,0.003735757266330268,01101110011100000110101000100000010100110100001000000000,npj SB,npj SB,100.0,True
6MRR,global_rotation_translation,combined_xz_rotation_x_translation_then_kabsch_alignment,270,120,0.0,6.459971462706116e-15,0.003735757266330426,01101110011100000110101000100000010100110100001000000000,npj SB,npj SB,100.0,True
6MRR,global_rotation_translation,combined_xz_rotation_x_translation_then_kabsch_alignment,270,150,0.0,5.35864034647136e-15,0.0037357572663305797,01101110011100000110101000100000010100110100001000000000,npj SB,npj SB,100.0,True
6MRR,global_rotation_translation,combined_xz_rotation_x_translation_then_kabsch_alignment,270,180,0.0,7.722137871735738e-15,0.0037357572663302588,01101110011100000110101000100000010100110100001000000000,npj SB,npj SB,100.0,True
6MRR,global_rotation_translation,combined_xz_rotation_x_translation_then_kabsch_alignment,270,210,0.0,3.2874905006588393e-15,0.003735757266330229,01101110011100000110101000100000010100110100001000000000,npj SB,npj SB,100.0,True
6MRR,global_rotation_translation,combined_xz_rotation_x_translation_then_kabsch_alignment,270,240,0.0,3.2834077908016174e-15,0.0037357572663301863,01101110011100000110101000100000010100110100001000000000,npj SB,npj SB,100.0,True
6MRR,global_rotation_translation,combined_xz_rotation_x_translation_then_kabsch_alignment,270,270,0.0,5.615001652857887e-15,0.0037357572663303776,01101110011100000110101000100000010100110100001000000000,npj SB,npj SB,100.0,True
6MRR,global_rotation_translation,combined_xz_rotation_x_translation_then_kabsch_alignment,270,300,0.0,5.116945464233638e-15,0.003735757266330316,01101110011100000110101000100000010100110100001000000000,npj SB,npj SB,100.0,True
6MRR,global_rotation_translation,combined_xz_rotation_x_translation_then_kabsch_alignment,270,330,0.0,8.186292408708434e-15,0.003735757266330065,01101110011100000110101000100000010100110100001000000000,npj SB,npj SB,100.0,True
6MRR,global_rotation_translation,combined_xz_rotation_x_translation_then_kabsch_alignment,270,360,0.0,4.0486108588859935e-15,0.003735757266330248,01101110011100000110101000100000010100110100001000000000,npj SB,npj SB,100.0,True
6MRR,global_rotation_translation,combined_xz_rotation_x_translation_then_kabsch_alignment,300,0,0.0,4.2690650566301975e-15,0.0037357572663302783,01101110011100000110101000100000010100110100001000000000,npj SB,npj SB,100.0,True
6MRR,global_rotation_translation,combined_xz_rotation_x_translation_then_kabsch_alignment,300,30,0.0,5.75991825723226e-15,0.0037357572663303247,01101110011100000110101000100000010100110100001000000000,npj SB,npj SB,100.0,True
6MRR,global_rotation_translation,combined_xz_rotation_x_translation_then_kabsch_alignment,300,60,0.0,4.594947168176115e-15,0.0037357572663300823,01101110011100000110101000100000010100110100001000000000,npj SB,npj SB,100.0,True
6MRR,global_rotation_translation,combined_xz_rotation_x_translation_then_kabsch_alignment,300,90,0.0,4.469200317645427e-15,0.003735757266330434,01101110011100000110101000100000010100110100001000000000,npj SB,npj SB,100.0,True
6MRR,global_rotation_translation,combined_xz_rotation_x_translation_then_kabsch_alignment,300,120,0.0,4.884972031745752e-15,0.0037357572663306313,01101110011100000110101000100000010100110100001000000000,npj SB,npj SB,100.0,True
6MRR,global_rotation_translation,combined_xz_rotation_x_translation_then_kabsch_alignment,300,150,0.0,5.598707837963401e-15,0.003735757266330333,01101110011100000110101000100000010100110100001000000000,npj SB,npj SB,100.0,True
6MRR,global_rotation_translation,combined_xz_rotation_x_translation_then_kabsch_alignment,300,180,0.0,8.436400558581072e-15,0.003735757266329969,01101110011100000110101000100000010100110100001000000000,npj SB,npj SB,100.0,True
6MRR,global_rotation_translation,combined_xz_rotation_x_translation_then_kabsch_alignment,300,210,0.0,5.792022484701562e-15,0.0037357572663302818,01101110011100000110101000100000010100110100001000000000,npj SB,npj SB,100.0,True
6MRR,global_rotation_translation,combined_xz_rotation_x_translation_then_kabsch_alignment,300,240,0.0,7.12951322182969e-15,0.003735757266330058,01101110011100000110101000100000010100110100001000000000,npj SB,npj SB,100.0,True
6MRR,global_rotation_translation,combined_xz_rotation_x_translation_then_kabsch_alignment,300,270,0.0,7.615727956093467e-15,0.0037357572663306565,01101110011100000110101000100000010100110100001000000000,npj SB,npj SB,100.0,True
6MRR,global_rotation_translation,combined_xz_rotation_x_translation_then_kabsch_alignment,300,300,0.0,6.600535814459762e-15,0.0037357572663302106,01101110011100000110101000100000010100110100001000000000,npj SB,npj SB,100.0,True
6MRR,global_rotation_translation,combined_xz_rotation_x_translation_then_kabsch_alignment,300,330,0.0,4.648521561962472e-15,0.0037357572663302687,01101110011100000110101000100000010100110100001000000000,npj SB,npj SB,100.0,True
6MRR,global_rotation_translation,combined_xz_rotation_x_translation_then_kabsch_alignment,300,360,0.0,6.010415831609236e-15,0.0037357572663304873,01101110011100000110101000100000010100110100001000000000,npj SB,npj SB,100.0,True
6MRR,global_rotation_translation,combined_xz_rotation_x_translation_then_kabsch_alignment,330,0,0.0,2.507073922026132e-15,0.0037357572663305324,01101110011100000110101000100000010100110100001000000000,npj SB,npj SB,100.0,True
6MRR,global_rotation_translation,combined_xz_rotation_x_translation_then_kabsch_alignment,330,30,0.0,4.597333185847679e-15,0.0037357572663303694,01101110011100000110101000100000010100110100001000000000,npj SB,npj SB,100.0,True
6MRR,global_rotation_translation,combined_xz_rotation_x_translation_then_kabsch_alignment,330,60,0.0,4.919065211733472e-15,0.0037357572663302835,01101110011100000110101000100000010100110100001000000000,npj SB,npj SB,100.0,True
6MRR,global_rotation_translation,combined_xz_rotation_x_translation_then_kabsch_alignment,330,90,0.0,6.0439787975452355e-15,0.0037357572663305454,01101110011100000110101000100000010100110100001000000000,npj SB,npj SB,100.0,True
6MRR,global_rotation_translation,combined_xz_rotation_x_translation_then_kabsch_alignment,330,120,0.0,7.189012418659736e-15,0.00373575726633048,01101110011100000110101000100000010100110100001000000000,npj SB,npj SB,100.0,True
6MRR,global_rotation_translation,combined_xz_rotation_x_translation_then_kabsch_alignment,330,150,0.0,6.412205847345483e-15,0.003735757266330706,01101110011100000110101000100000010100110100001000000000,npj SB,npj SB,100.0,True
6MRR,global_rotation_translation,combined_xz_rotation_x_translation_then_kabsch_alignment,330,180,0.0,8.746335835711313e-15,0.003735757266329821,01101110011100000110101000100000010100110100001000000000,npj SB,npj SB,100.0,True
6MRR,global_rotation_translation,combined_xz_rotation_x_translation_then_kabsch_alignment,330,210,0.0,7.214895306023406e-15,0.003735757266330165,01101110011100000110101000100000010100110100001000000000,npj SB,npj SB,100.0,True
6MRR,global_rotation_translation,combined_xz_rotation_x_translation_then_kabsch_alignment,330,240,0.0,4.757518456761435e-15,0.0037357572663304396,01101110011100000110101000100000010100110100001000000000,npj SB,npj SB,100.0,True
6MRR,global_rotation_translation,combined_xz_rotation_x_translation_then_kabsch_alignment,330,270,0.0,7.826151715332149e-15,0.003735757266330204,01101110011100000110101000100000010100110100001000000000,npj SB,npj SB,100.0,True
6MRR,global_rotation_translation,combined_xz_rotation_x_translation_then_kabsch_alignment,330,300,0.0,5.817004972914655e-15,0.003735757266330451,01101110011100000110101000100000010100110100001000000000,npj SB,npj SB,100.0,True
6MRR,global_rotation_translation,combined_xz_rotation_x_translation_then_kabsch_alignment,330,330,0.0,5.738384068110756e-15,0.0037357572663307627,01101110011100000110101000100000010100110100001000000000,npj SB,npj SB,100.0,True
6MRR,global_rotation_translation,combined_xz_rotation_x_translation_then_kabsch_alignment,330,360,0.0,5.184234215380883e-15,0.0037357572663298815,01101110011100000110101000100000010100110100001000000000,npj SB,npj SB,100.0,True
6MRR,global_rotation_translation,combined_xz_rotation_x_translation_then_kabsch_alignment,360,0,0.0,3.692225825828137e-15,0.0037357572663303975,01101110011100000110101000100000010100110100001000000000,npj SB,npj SB,100.0,True
6MRR,global_rotation_translation,combined_xz_rotation_x_translation_then_kabsch_alignment,360,30,0.0,3.781790512651724e-15,0.0037357572663303928,01101110011100000110101000100000010100110100001000000000,npj SB,npj SB,100.0,True
6MRR,global_rotation_translation,combined_xz_rotation_x_translation_then_kabsch_alignment,360,60,0.0,3.9745004354536835e-15,0.003735757266330505,01101110011100000110101000100000010100110100001000000000,npj SB,npj SB,100.0,True
6MRR,global_rotation_translation,combined_xz_rotation_x_translation_then_kabsch_alignment,360,90,0.0,7.484573015437252e-15,0.0037357572663304682,01101110011100000110101000100000010100110100001000000000,npj SB,npj SB,100.0,True
6MRR,global_rotation_translation,combined_xz_rotation_x_translation_then_kabsch_alignment,360,120,0.0,4.724861672220416e-15,0.0037357572663304223,01101110011100000110101000100000010100110100001000000000,npj SB,npj SB,100.0,True
6MRR,global_rotation_translation,combined_xz_rotation_x_translation_then_kabsch_alignment,360,150,0.0,3.631893387913798e-15,0.003735757266330078,01101110011100000110101000100000010100110100001000000000,npj SB,npj SB,100.0,True
6MRR,global_rotation_translation,combined_xz_rotation_x_translation_then_kabsch_alignment,360,180,0.0,7.415791703992591e-15,0.0037357572663301005,01101110011100000110101000100000010100110100001000000000,npj SB,npj SB,100.0,True
6MRR,global_rotation_translation,combined_xz_rotation_x_translation_then_kabsch_alignment,360,210,0.0,5.81474882821555e-15,0.0037357572663303668,01101110011100000110101000100000010100110100001000000000,npj SB,npj SB,100.0,True
6MRR,global_rotation_translation,combined_xz_rotation_x_translation_then_kabsch_alignment,360,240,0.0,5.373545621493694e-15,0.0037357572663302115,01101110011100000110101000100000010100110100001000000000,npj SB,npj SB,100.0,True
6MRR,global_rotation_translation,combined_xz_rotation_x_translation_then_kabsch_alignment,360,270,0.0,4.2861231521142156e-15,0.003735757266330227,01101110011100000110101000100000010100110100001000000000,npj SB,npj SB,100.0,True
6MRR,global_rotation_translation,combined_xz_rotation_x_translation_then_kabsch_alignment,360,300,0.0,7.466556388741213e-15,0.0037357572663303624,01101110011100000110101000100000010100110100001000000000,npj SB,npj SB,100.0,True
6MRR,global_rotation_translation,combined_xz_rotation_x_translation_then_kabsch_alignment,360,330,0.0,4.3900660246229204e-15,0.003735757266330162,01101110011100000110101000100000010100110100001000000000,npj SB,npj SB,100.0,True
6MRR,global_rotation_translation,combined_xz_rotation_x_translation_then_kabsch_alignment,360,360,0.0,5.998083509349903e-15,0.003735757266330404,01101110011100000110101000100000010100110100001000000000,npj SB,npj SB,100.0,True
6MRR,global_rotation_translation,combined_xz_rotation_x_translation_then_kabsch_alignment,0,0,0.5,5.24147437453849e-15,0.0037357572663304418,01101110011100000110101000100000010100110100001000000000,npj SB,npj SB,100.0,True
6MRR,global_rotation_translation,combined_xz_rotation_x_translation_then_kabsch_alignment,0,30,0.5,3.779270969455641e-15,0.0037357572663304296,01101110011100000110101000100000010100110100001000000000,npj SB,npj SB,100.0,True
6MRR,global_rotation_translation,combined_xz_rotation_x_translation_then_kabsch_alignment,0,60,0.5,3.979091237627904e-15,0.003735757266330573,01101110011100000110101000100000010100110100001000000000,npj SB,npj SB,100.0,True
6MRR,global_rotation_translation,combined_xz_rotation_x_translation_then_kabsch_alignment,0,90,0.5,3.199661816563482e-15,0.003735757266330463,01101110011100000110101000100000010100110100001000000000,npj SB,npj SB,100.0,True
6MRR,global_rotation_translation,combined_xz_rotation_x_translation_then_kabsch_alignment,0,120,0.5,5.340914555333171e-15,0.003735757266330241,01101110011100000110101000100000010100110100001000000000,npj SB,npj SB,100.0,True
6MRR,global_rotation_translation,combined_xz_rotation_x_translation_then_kabsch_alignment,0,150,0.5,4.00187354343148e-15,0.0037357572663302262,01101110011100000110101000100000010100110100001000000000,npj SB,npj SB,100.0,True
6MRR,global_rotation_translation,combined_xz_rotation_x_translation_then_kabsch_alignment,0,180,0.5,1.0982693368842367e-14,0.00373575726633084,01101110011100000110101000100000010100110100001000000000,npj SB,npj SB,100.0,True
6MRR,global_rotation_translation,combined_xz_rotation_x_translation_then_kabsch_alignment,0,210,0.5,4.3756775415003414e-15,0.00373575726633044,01101110011100000110101000100000010100110100001000000000,npj SB,npj SB,100.0,True
6MRR,global_rotation_translation,combined_xz_rotation_x_translation_then_kabsch_alignment,0,240,0.5,3.541362843046639e-15,0.0037357572663304587,01101110011100000110101000100000010100110100001000000000,npj SB,npj SB,100.0,True
6MRR,global_rotation_translation,combined_xz_rotation_x_translation_then_kabsch_alignment,0,270,0.5,6.1868280133664355e-15,0.003735757266330574,01101110011100000110101000100000010100110100001000000000,npj SB,npj SB,100.0,True
6MRR,global_rotation_translation,combined_xz_rotation_x_translation_then_kabsch_alignment,0,300,0.5,3.1773716782080866e-15,0.003735757266330382,01101110011100000110101000100000010100110100001000000000,npj SB,npj SB,100.0,True
6MRR,global_rotation_translation,combined_xz_rotation_x_translation_then_kabsch_alignment,0,330,0.5,6.6733498445913064e-15,0.0037357572663305233,01101110011100000110101000100000010100110100001000000000,npj SB,npj SB,100.0,True
6MRR,global_rotation_translation,combined_xz_rotation_x_translation_then_kabsch_alignment,0,360,0.5,5.68220780201108e-15,0.003735757266330651,01101110011100000110101000100000010100110100001000000000,npj SB,npj SB,100.0,True
6MRR,global_rotation_translation,combined_xz_rotation_x_translation_then_kabsch_alignment,30,0,0.5,5.963973552332145e-15,0.003735757266330009,01101110011100000110101000100000010100110100001000000000,npj SB,npj SB,100.0,True
6MRR,global_rotation_translation,combined_xz_rotation_x_translation_then_kabsch_alignment,30,30,0.5,4.5542334117923575e-15,0.0037357572663301243,01101110011100000110101000100000010100110100001000000000,npj SB,npj SB,100.0,True
6MRR,global_rotation_translation,combined_xz_rotation_x_translation_then_kabsch_alignment,30,60,0.5,8.481871183802153e-15,0.0037357572663299196,01101110011100000110101000100000010100110100001000000000,npj SB,npj SB,100.0,True
6MRR,global_rotation_translation,combined_xz_rotation_x_translation_then_kabsch_alignment,30,90,0.5,5.634080238281984e-15,0.00373575726633007,01101110011100000110101000100000010100110100001000000000,npj SB,npj SB,100.0,True
6MRR,global_rotation_translation,combined_xz_rotation_x_translation_then_kabsch_alignment,30,120,0.5,4.647351597667651e-15,0.0037357572663303633,01101110011100000110101000100000010100110100001000000000,npj SB,npj SB,100.0,True
6MRR,global_rotation_translation,combined_xz_rotation_x_translation_then_kabsch_alignment,30,150,0.5,5.3345015169445886e-15,0.0037357572663302323,01101110011100000110101000100000010100110100001000000000,npj SB,npj SB,100.0,True
6MRR,global_rotation_translation,combined_xz_rotation_x_translation_then_kabsch_alignment,30,180,0.5,5.9976150761196326e-15,0.0037357572663302865,01101110011100000110101000100000010100110100001000000000,npj SB,npj SB,100.0,True
6MRR,global_rotation_translation,combined_xz_rotation_x_translation_then_kabsch_alignment,30,210,0.5,5.892890598191555e-15,0.0037357572663300957,01101110011100000110101000100000010100110100001000000000,npj SB,npj SB,100.0,True
6MRR,global_rotation_translation,combined_xz_rotation_x_translation_then_kabsch_alignment,30,240,0.5,3.751674101194219e-15,0.0037357572663306074,01101110011100000110101000100000010100110100001000000000,npj SB,npj SB,100.0,True
6MRR,global_rotation_translation,combined_xz_rotation_x_translation_then_kabsch_alignment,30,270,0.5,5.141682650321138e-15,0.003735757266330532,01101110011100000110101000100000010100110100001000000000,npj SB,npj SB,100.0,True
6MRR,global_rotation_translation,combined_xz_rotation_x_translation_then_kabsch_alignment,30,300,0.5,5.8575599364617905e-15,0.0037357572663305,01101110011100000110101000100000010100110100001000000000,npj SB,npj SB,100.0,True
6MRR,global_rotation_translation,combined_xz_rotation_x_translation_then_kabsch_alignment,30,330,0.5,4.293367853297944e-15,0.0037357572663302067,01101110011100000110101000100000010100110100001000000000,npj SB,npj SB,100.0,True
6MRR,global_rotation_translation,combined_xz_rotation_x_translation_then_kabsch_alignment,30,360,0.5,6.7801513511548175e-15,0.003735757266330093,01101110011100000110101000100000010100110100001000000000,npj SB,npj SB,100.0,True
6MRR,global_rotation_translation,combined_xz_rotation_x_translation_then_kabsch_alignment,60,0,0.5,3.8582423037121315e-15,0.0037357572663302384,01101110011100000110101000100000010100110100001000000000,npj SB,npj SB,100.0,True
6MRR,global_rotation_translation,combined_xz_rotation_x_translation_then_kabsch_alignment,60,30,0.5,5.998098619490181e-15,0.003735757266329722,01101110011100000110101000100000010100110100001000000000,npj SB,npj SB,100.0,True
6MRR,global_rotation_translation,combined_xz_rotation_x_translation_then_kabsch_alignment,60,60,0.5,4.7463800620559715e-15,0.003735757266330284,01101110011100000110101000100000010100110100001000000000,npj SB,npj SB,100.0,True
6MRR,global_rotation_translation,combined_xz_rotation_x_translation_then_kabsch_alignment,60,90,0.5,5.9545442190114326e-15,0.0037357572663302323,01101110011100000110101000100000010100110100001000000000,npj SB,npj SB,100.0,True
6MRR,global_rotation_translation,combined_xz_rotation_x_translation_then_kabsch_alignment,60,120,0.5,6.043138995709883e-15,0.003735757266330289,01101110011100000110101000100000010100110100001000000000,npj SB,npj SB,100.0,True
6MRR,global_rotation_translation,combined_xz_rotation_x_translation_then_kabsch_alignment,60,150,0.5,7.224928340453987e-15,0.0037357572663299903,01101110011100000110101000100000010100110100001000000000,npj SB,npj SB,100.0,True
6MRR,global_rotation_translation,combined_xz_rotation_x_translation_then_kabsch_alignment,60,180,0.5,5.276969708072305e-15,0.0037357572663300294,01101110011100000110101000100000010100110100001000000000,npj SB,npj SB,100.0,True
6MRR,global_rotation_translation,combined_xz_rotation_x_translation_then_kabsch_alignment,60,210,0.5,4.705531998045617e-15,0.0037357572663306053,01101110011100000110101000100000010100110100001000000000,npj SB,npj SB,100.0,True
6MRR,global_rotation_translation,combined_xz_rotation_x_translation_then_kabsch_alignment,60,240,0.5,3.7291154155435356e-15,0.003735757266330425,01101110011100000110101000100000010100110100001000000000,npj SB,npj SB,100.0,True
6MRR,global_rotation_translation,combined_xz_rotation_x_translation_then_kabsch_alignment,60,270,0.5,4.2653428868800546e-15,0.0037357572663302523,01101110011100000110101000100000010100110100001000000000,npj SB,npj SB,100.0,True
6MRR,global_rotation_translation,combined_xz_rotation_x_translation_then_kabsch_alignment,60,300,0.5,4.383634250837479e-15,0.0037357572663303785,01101110011100000110101000100000010100110100001000000000,npj SB,npj SB,100.0,True
6MRR,global_rotation_translation,combined_xz_rotation_x_translation_then_kabsch_alignment,60,330,0.5,4.342379411280235e-15,0.0037357572663303446,01101110011100000110101000100000010100110100001000000000,npj SB,npj SB,100.0,True
6MRR,global_rotation_translation,combined_xz_rotation_x_translation_then_kabsch_alignment,60,360,0.5,7.618381335431848e-15,0.003735757266330153,01101110011100000110101000100000010100110100001000000000,npj SB,npj SB,100.0,True
6MRR,global_rotation_translation,combined_xz_rotation_x_translation_then_kabsch_alignment,90,0,0.5,3.917361250239772e-15,0.003735757266330412,01101110011100000110101000100000010100110100001000000000,npj SB,npj SB,100.0,True
6MRR,global_rotation_translation,combined_xz_rotation_x_translation_then_kabsch_alignment,90,30,0.5,4.316694108913993e-15,0.0037357572663302757,01101110011100000110101000100000010100110100001000000000,npj SB,npj SB,100.0,True
6MRR,global_rotation_translation,combined_xz_rotation_x_translation_then_kabsch_alignment,90,60,0.5,6.537511690993413e-15,0.0037357572663305324,01101110011100000110101000100000010100110100001000000000,npj SB,npj SB,100.0,True
6MRR,global_rotation_translation,combined_xz_rotation_x_translation_then_kabsch_alignment,90,90,0.5,4.379476587694873e-15,0.0037357572663301894,01101110011100000110101000100000010100110100001000000000,npj SB,npj SB,100.0,True
6MRR,global_rotation_translation,combined_xz_rotation_x_translation_then_kabsch_alignment,90,120,0.5,5.3279054049706026e-15,0.0037357572663302397,01101110011100000110101000100000010100110100001000000000,npj SB,npj SB,100.0,True
6MRR,global_rotation_translation,combined_xz_rotation_x_translation_then_kabsch_alignment,90,150,0.5,3.201452902674544e-15,0.0037357572663303195,01101110011100000110101000100000010100110100001000000000,npj SB,npj SB,100.0,True
6MRR,global_rotation_translation,combined_xz_rotation_x_translation_then_kabsch_alignment,90,180,0.5,3.357432750555365e-15,0.00373575726633013,01101110011100000110101000100000010100110100001000000000,npj SB,npj SB,100.0,True
6MRR,global_rotation_translation,combined_xz_rotation_x_translation_then_kabsch_alignment,90,210,0.5,6.34765470362996e-15,0.0037357572663303204,01101110011100000110101000100000010100110100001000000000,npj SB,npj SB,100.0,True
6MRR,global_rotation_translation,combined_xz_rotation_x_translation_then_kabsch_alignment,90,240,0.5,6.953904862425069e-15,0.0037357572663306417,01101110011100000110101000100000010100110100001000000000,npj SB,npj SB,100.0,True
6MRR,global_rotation_translation,combined_xz_rotation_x_translation_then_kabsch_alignment,90,270,0.5,3.519792732855082e-15,0.0037357572663303386,01101110011100000110101000100000010100110100001000000000,npj SB,npj SB,100.0,True
6MRR,global_rotation_translation,combined_xz_rotation_x_translation_then_kabsch_alignment,90,300,0.5,4.686966547956836e-15,0.0037357572663303186,01101110011100000110101000100000010100110100001000000000,npj SB,npj SB,100.0,True
6MRR,global_rotation_translation,combined_xz_rotation_x_translation_then_kabsch_alignment,90,330,0.5,5.6491170310501114e-15,0.0037357572663303928,01101110011100000110101000100000010100110100001000000000,npj SB,npj SB,100.0,True
6MRR,global_rotation_translation,combined_xz_rotation_x_translation_then_kabsch_alignment,90,360,0.5,3.852600461429927e-15,0.003735757266330514,01101110011100000110101000100000010100110100001000000000,npj SB,npj SB,100.0,True
6MRR,global_rotation_translation,combined_xz_rotation_x_translation_then_kabsch_alignment,120,0,0.5,4.385349946889191e-15,0.003735757266330134,01101110011100000110101000100000010100110100001000000000,npj SB,npj SB,100.0,True
6MRR,global_rotation_translation,combined_xz_rotation_x_translation_then_kabsch_alignment,120,30,0.5,3.783284214897658e-15,0.003735757266330235,01101110011100000110101000100000010100110100001000000000,npj SB,npj SB,100.0,True
6MRR,global_rotation_translation,combined_xz_rotation_x_translation_then_kabsch_alignment,120,60,0.5,5.1092703563432205e-15,0.0037357572663303685,01101110011100000110101000100000010100110100001000000000,npj SB,npj SB,100.0,True
6MRR,global_rotation_translation,combined_xz_rotation_x_translation_then_kabsch_alignment,120,90,0.5,3.441184417909045e-15,0.0037357572663306512,01101110011100000110101000100000010100110100001000000000,npj SB,npj SB,100.0,True
6MRR,global_rotation_translation,combined_xz_rotation_x_translation_then_kabsch_alignment,120,120,0.5,4.794579277496977e-15,0.0037357572663301326,01101110011100000110101000100000010100110100001000000000,npj SB,npj SB,100.0,True
6MRR,global_rotation_translation,combined_xz_rotation_x_translation_then_kabsch_alignment,120,150,0.5,7.661550355444342e-15,0.003735757266330444,01101110011100000110101000100000010100110100001000000000,npj SB,npj SB,100.0,True
6MRR,global_rotation_translation,combined_xz_rotation_x_translation_then_kabsch_alignment,120,180,0.5,4.858778863696916e-15,0.0037357572663302917,01101110011100000110101000100000010100110100001000000000,npj SB,npj SB,100.0,True
6MRR,global_rotation_translation,combined_xz_rotation_x_translation_then_kabsch_alignment,120,210,0.5,5.835982259099849e-15,0.0037357572663305814,01101110011100000110101000100000010100110100001000000000,npj SB,npj SB,100.0,True
6MRR,global_rotation_translation,combined_xz_rotation_x_translation_then_kabsch_alignment,120,240,0.5,3.5573918011059346e-15,0.0037357572663304054,01101110011100000110101000100000010100110100001000000000,npj SB,npj SB,100.0,True
6MRR,global_rotation_translation,combined_xz_rotation_x_translation_then_kabsch_alignment,120,270,0.5,4.138324732724685e-15,0.003735757266330704,01101110011100000110101000100000010100110100001000000000,npj SB,npj SB,100.0,True
6MRR,global_rotation_translation,combined_xz_rotation_x_translation_then_kabsch_alignment,120,300,0.5,7.192843930605802e-15,0.0037357572663301746,01101110011100000110101000100000010100110100001000000000,npj SB,npj SB,100.0,True
6MRR,global_rotation_translation,combined_xz_rotation_x_translation_then_kabsch_alignment,120,330,0.5,3.3854976421550374e-15,0.003735757266330479,01101110011100000110101000100000010100110100001000000000,npj SB,npj SB,100.0,True
6MRR,global_rotation_translation,combined_xz_rotation_x_translation_then_kabsch_alignment,120,360,0.5,4.810940275212885e-15,0.0037357572663301543,01101110011100000110101000100000010100110100001000000000,npj SB,npj SB,100.0,True
6MRR,global_rotation_translation,combined_xz_rotation_x_translation_then_kabsch_alignment,150,0,0.5,5.763724856091836e-15,0.003735757266329668,01101110011100000110101000100000010100110100001000000000,npj SB,npj SB,100.0,True
6MRR,global_rotation_translation,combined_xz_rotation_x_translation_then_kabsch_alignment,150,30,0.5,3.8506238637199765e-15,0.0037357572663303394,01101110011100000110101000100000010100110100001000000000,npj SB,npj SB,100.0,True
6MRR,global_rotation_translation,combined_xz_rotation_x_translation_then_kabsch_alignment,150,60,0.5,5.400304826756233e-15,0.0037357572663300706,01101110011100000110101000100000010100110100001000000000,npj SB,npj SB,100.0,True
6MRR,global_rotation_translation,combined_xz_rotation_x_translation_then_kabsch_alignment,150,90,0.5,5.304754424044805e-15,0.0037357572663301365,01101110011100000110101000100000010100110100001000000000,npj SB,npj SB,100.0,True
6MRR,global_rotation_translation,combined_xz_rotation_x_translation_then_kabsch_alignment,150,120,0.5,4.8803500915653096e-15,0.0037357572663299725,01101110011100000110101000100000010100110100001000000000,npj SB,npj SB,100.0,True
6MRR,global_rotation_translation,combined_xz_rotation_x_translation_then_kabsch_alignment,150,150,0.5,2.923564909009523e-15,0.003735757266330382,01101110011100000110101000100000010100110100001000000000,npj SB,npj SB,100.0,True
6MRR,global_rotation_translation,combined_xz_rotation_x_translation_then_kabsch_alignment,150,180,0.5,4.4483400617099325e-15,0.003735757266330158,01101110011100000110101000100000010100110100001000000000,npj SB,npj SB,100.0,True
6MRR,global_rotation_translation,combined_xz_rotation_x_translation_then_kabsch_alignment,150,210,0.5,8.359820875949945e-15,0.003735757266330423,01101110011100000110101000100000010100110100001000000000,npj SB,npj SB,100.0,True
6MRR,global_rotation_translation,combined_xz_rotation_x_translation_then_kabsch_alignment,150,240,0.5,5.518882218031037e-15,0.0037357572663302262,01101110011100000110101000100000010100110100001000000000,npj SB,npj SB,100.0,True
6MRR,global_rotation_translation,combined_xz_rotation_x_translation_then_kabsch_alignment,150,270,0.5,6.907980434688659e-15,0.003735757266330037,01101110011100000110101000100000010100110100001000000000,npj SB,npj SB,100.0,True
6MRR,global_rotation_translation,combined_xz_rotation_x_translation_then_kabsch_alignment,150,300,0.5,6.55578580972308e-15,0.0037357572663300333,01101110011100000110101000100000010100110100001000000000,npj SB,npj SB,100.0,True
6MRR,global_rotation_translation,combined_xz_rotation_x_translation_then_kabsch_alignment,150,330,0.5,6.380693747890768e-15,0.0037357572663300324,01101110011100000110101000100000010100110100001000000000,npj SB,npj SB,100.0,True
6MRR,global_rotation_translation,combined_xz_rotation_x_translation_then_kabsch_alignment,150,360,0.5,2.45874482641723e-15,0.0037357572663304925,01101110011100000110101000100000010100110100001000000000,npj SB,npj SB,100.0,True
6MRR,global_rotation_translation,combined_xz_rotation_x_translation_then_kabsch_alignment,180,0,0.5,5.557111986299379e-15,0.0037357572663303407,01101110011100000110101000100000010100110100001000000000,npj SB,npj SB,100.0,True
6MRR,global_rotation_translation,combined_xz_rotation_x_translation_then_kabsch_alignment,180,30,0.5,3.710622914069436e-15,0.0037357572663302926,01101110011100000110101000100000010100110100001000000000,npj SB,npj SB,100.0,True
6MRR,global_rotation_translation,combined_xz_rotation_x_translation_then_kabsch_alignment,180,60,0.5,6.454090306555255e-15,0.003735757266330786,01101110011100000110101000100000010100110100001000000000,npj SB,npj SB,100.0,True
6MRR,global_rotation_translation,combined_xz_rotation_x_translation_then_kabsch_alignment,180,90,0.5,3.616316366465979e-15,0.003735757266330323,01101110011100000110101000100000010100110100001000000000,npj SB,npj SB,100.0,True
6MRR,global_rotation_translation,combined_xz_rotation_x_translation_then_kabsch_alignment,180,120,0.5,7.745950022267094e-15,0.003735757266330665,01101110011100000110101000100000010100110100001000000000,npj SB,npj SB,100.0,True
6MRR,global_rotation_translation,combined_xz_rotation_x_translation_then_kabsch_alignment,180,150,0.5,4.358982261415945e-15,0.0037357572663303243,01101110011100000110101000100000010100110100001000000000,npj SB,npj SB,100.0,True
6MRR,global_rotation_translation,combined_xz_rotation_x_translation_then_kabsch_alignment,180,180,0.5,7.138409409145652e-15,0.0037357572663303247,01101110011100000110101000100000010100110100001000000000,npj SB,npj SB,100.0,True
6MRR,global_rotation_translation,combined_xz_rotation_x_translation_then_kabsch_alignment,180,210,0.5,5.9041638467622326e-15,0.0037357572663301083,01101110011100000110101000100000010100110100001000000000,npj SB,npj SB,100.0,True
6MRR,global_rotation_translation,combined_xz_rotation_x_translation_then_kabsch_alignment,180,240,0.5,5.0851062727656716e-15,0.0037357572663303477,01101110011100000110101000100000010100110100001000000000,npj SB,npj SB,100.0,True
6MRR,global_rotation_translation,combined_xz_rotation_x_translation_then_kabsch_alignment,180,270,0.5,5.135191849049027e-15,0.003735757266330514,01101110011100000110101000100000010100110100001000000000,npj SB,npj SB,100.0,True
6MRR,global_rotation_translation,combined_xz_rotation_x_translation_then_kabsch_alignment,180,300,0.5,4.638137586016028e-15,0.0037357572663301486,01101110011100000110101000100000010100110100001000000000,npj SB,npj SB,100.0,True
6MRR,global_rotation_translation,combined_xz_rotation_x_translation_then_kabsch_alignment,180,330,0.5,3.135317899694479e-15,0.0037357572663303737,01101110011100000110101000100000010100110100001000000000,npj SB,npj SB,100.0,True
6MRR,global_rotation_translation,combined_xz_rotation_x_translation_then_kabsch_alignment,180,360,0.5,5.280952806710015e-15,0.0037357572663303217,01101110011100000110101000100000010100110100001000000000,npj SB,npj SB,100.0,True
6MRR,global_rotation_translation,combined_xz_rotation_x_translation_then_kabsch_alignment,210,0,0.5,6.101853937687983e-15,0.003735757266330129,01101110011100000110101000100000010100110100001000000000,npj SB,npj SB,100.0,True
6MRR,global_rotation_translation,combined_xz_rotation_x_translation_then_kabsch_alignment,210,30,0.5,6.612388761215095e-15,0.0037357572663305363,01101110011100000110101000100000010100110100001000000000,npj SB,npj SB,100.0,True
6MRR,global_rotation_translation,combined_xz_rotation_x_translation_then_kabsch_alignment,210,60,0.5,4.259288088419084e-15,0.0037357572663301824,01101110011100000110101000100000010100110100001000000000,npj SB,npj SB,100.0,True
6MRR,global_rotation_translation,combined_xz_rotation_x_translation_then_kabsch_alignment,210,90,0.5,5.374633323853262e-15,0.0037357572663300554,01101110011100000110101000100000010100110100001000000000,npj SB,npj SB,100.0,True
6MRR,global_rotation_translation,combined_xz_rotation_x_translation_then_kabsch_alignment,210,120,0.5,3.183169281614481e-15,0.0037357572663305884,01101110011100000110101000100000010100110100001000000000,npj SB,npj SB,100.0,True
6MRR,global_rotation_translation,combined_xz_rotation_x_translation_then_kabsch_alignment,210,150,0.5,4.007797025821581e-15,0.003735757266330284,01101110011100000110101000100000010100110100001000000000,npj SB,npj SB,100.0,True
6MRR,global_rotation_translation,combined_xz_rotation_x_translation_then_kabsch_alignment,210,180,0.5,4.7769860997354755e-15,0.003735757266329837,01101110011100000110101000100000010100110100001000000000,npj SB,npj SB,100.0,True
6MRR,global_rotation_translation,combined_xz_rotation_x_translation_then_kabsch_alignment,210,210,0.5,5.222969990750962e-15,0.00373575726632999,01101110011100000110101000100000010100110100001000000000,npj SB,npj SB,100.0,True
6MRR,global_rotation_translation,combined_xz_rotation_x_translation_then_kabsch_alignment,210,240,0.5,4.873715807277863e-15,0.0037357572663300523,01101110011100000110101000100000010100110100001000000000,npj SB,npj SB,100.0,True
6MRR,global_rotation_translation,combined_xz_rotation_x_translation_then_kabsch_alignment,210,270,0.5,4.929850226753269e-15,0.003735757266330222,01101110011100000110101000100000010100110100001000000000,npj SB,npj SB,100.0,True
6MRR,global_rotation_translation,combined_xz_rotation_x_translation_then_kabsch_alignment,210,300,0.5,4.1869432876255906e-15,0.003735757266330551,01101110011100000110101000100000010100110100001000000000,npj SB,npj SB,100.0,True
6MRR,global_rotation_translation,combined_xz_rotation_x_translation_then_kabsch_alignment,210,330,0.5,8.240838345884698e-15,0.0037357572663300354,01101110011100000110101000100000010100110100001000000000,npj SB,npj SB,100.0,True
6MRR,global_rotation_translation,combined_xz_rotation_x_translation_then_kabsch_alignment,210,360,0.5,6.877237706105465e-15,0.003735757266330518,01101110011100000110101000100000010100110100001000000000,npj SB,npj SB,100.0,True
6MRR,global_rotation_translation,combined_xz_rotation_x_translation_then_kabsch_alignment,240,0,0.5,5.6030283723603706e-15,0.00373575726633052,01101110011100000110101000100000010100110100001000000000,npj SB,npj SB,100.0,True
6MRR,global_rotation_translation,combined_xz_rotation_x_translation_then_kabsch_alignment,240,30,0.5,5.632728819660969e-15,0.003735757266330041,01101110011100000110101000100000010100110100001000000000,npj SB,npj SB,100.0,True
6MRR,global_rotation_translation,combined_xz_rotation_x_translation_then_kabsch_alignment,240,60,0.5,4.418621591879379e-15,0.0037357572663301026,01101110011100000110101000100000010100110100001000000000,npj SB,npj SB,100.0,True
6MRR,global_rotation_translation,combined_xz_rotation_x_translation_then_kabsch_alignment,240,90,0.5,4.091631939040609e-15,0.0037357572663302887,01101110011100000110101000100000010100110100001000000000,npj SB,npj SB,100.0,True
6MRR,global_rotation_translation,combined_xz_rotation_x_translation_then_kabsch_alignment,240,120,0.5,5.823358357921853e-15,0.0037357572663304123,01101110011100000110101000100000010100110100001000000000,npj SB,npj SB,100.0,True
6MRR,global_rotation_translation,combined_xz_rotation_x_translation_then_kabsch_alignment,240,150,0.5,3.8770826565789964e-15,0.0037357572663305606,01101110011100000110101000100000010100110100001000000000,npj SB,npj SB,100.0,True
6MRR,global_rotation_translation,combined_xz_rotation_x_translation_then_kabsch_alignment,240,180,0.5,3.475326152642545e-15,0.0037357572663303047,01101110011100000110101000100000010100110100001000000000,npj SB,npj SB,100.0,True
6MRR,global_rotation_translation,combined_xz_rotation_x_translation_then_kabsch_alignment,240,210,0.5,7.464031128504117e-15,0.00373575726633021,01101110011100000110101000100000010100110100001000000000,npj SB,npj SB,100.0,True
6MRR,global_rotation_translation,combined_xz_rotation_x_translation_then_kabsch_alignment,240,240,0.5,5.055953345300733e-15,0.003735757266330737,01101110011100000110101000100000010100110100001000000000,npj SB,npj SB,100.0,True
6MRR,global_rotation_translation,combined_xz_rotation_x_translation_then_kabsch_alignment,240,270,0.5,6.512732463660186e-15,0.0037357572663300575,01101110011100000110101000100000010100110100001000000000,npj SB,npj SB,100.0,True
6MRR,global_rotation_translation,combined_xz_rotation_x_translation_then_kabsch_alignment,240,300,0.5,3.365090436974208e-15,0.003735757266330552,01101110011100000110101000100000010100110100001000000000,npj SB,npj SB,100.0,True
6MRR,global_rotation_translation,combined_xz_rotation_x_translation_then_kabsch_alignment,240,330,0.5,6.356215747862486e-15,0.003735757266330201,01101110011100000110101000100000010100110100001000000000,npj SB,npj SB,100.0,True
6MRR,global_rotation_translation,combined_xz_rotation_x_translation_then_kabsch_alignment,240,360,0.5,3.020418220142407e-15,0.003735757266330475,01101110011100000110101000100000010100110100001000000000,npj SB,npj SB,100.0,True
6MRR,global_rotation_translation,combined_xz_rotation_x_translation_then_kabsch_alignment,270,0,0.5,5.389939919620267e-15,0.0037357572663301126,01101110011100000110101000100000010100110100001000000000,npj SB,npj SB,100.0,True
6MRR,global_rotation_translation,combined_xz_rotation_x_translation_then_kabsch_alignment,270,30,0.5,3.7897946194048695e-15,0.0037357572663306443,01101110011100000110101000100000010100110100001000000000,npj SB,npj SB,100.0,True
6MRR,global_rotation_translation,combined_xz_rotation_x_translation_then_kabsch_alignment,270,60,0.5,5.752518079281243e-15,0.0037357572663303533,01101110011100000110101000100000010100110100001000000000,npj SB,npj SB,100.0,True
6MRR,global_rotation_translation,combined_xz_rotation_x_translation_then_kabsch_alignment,270,90,0.5,3.082376180424739e-15,0.0037357572663302926,01101110011100000110101000100000010100110100001000000000,npj SB,npj SB,100.0,True
6MRR,global_rotation_translation,combined_xz_rotation_x_translation_then_kabsch_alignment,270,120,0.5,6.458848982550693e-15,0.003735757266330564,01101110011100000110101000100000010100110100001000000000,npj SB,npj SB,100.0,True
6MRR,global_rotation_translation,combined_xz_rotation_x_translation_then_kabsch_alignment,270,150,0.5,4.789340280419975e-15,0.0037357572663304834,01101110011100000110101000100000010100110100001000000000,npj SB,npj SB,100.0,True
6MRR,global_rotation_translation,combined_xz_rotation_x_translation_then_kabsch_alignment,270,180,0.5,7.741643016659043e-15,0.0037357572663302627,01101110011100000110101000100000010100110100001000000000,npj SB,npj SB,100.0,True
6MRR,global_rotation_translation,combined_xz_rotation_x_translation_then_kabsch_alignment,270,210,0.5,3.050930682139293e-15,0.003735757266330004,01101110011100000110101000100000010100110100001000000000,npj SB,npj SB,100.0,True
6MRR,global_rotation_translation,combined_xz_rotation_x_translation_then_kabsch_alignment,270,240,0.5,3.3962957672915833e-15,0.00373575726633032,01101110011100000110101000100000010100110100001000000000,npj SB,npj SB,100.0,True
6MRR,global_rotation_translation,combined_xz_rotation_x_translation_then_kabsch_alignment,270,270,0.5,6.210006987309139e-15,0.003735757266330233,01101110011100000110101000100000010100110100001000000000,npj SB,npj SB,100.0,True
6MRR,global_rotation_translation,combined_xz_rotation_x_translation_then_kabsch_alignment,270,300,0.5,5.863374768107034e-15,0.0037357572663302943,01101110011100000110101000100000010100110100001000000000,npj SB,npj SB,100.0,True
6MRR,global_rotation_translation,combined_xz_rotation_x_translation_then_kabsch_alignment,270,330,0.5,8.700830664595966e-15,0.0037357572663300597,01101110011100000110101000100000010100110100001000000000,npj SB,npj SB,100.0,True
6MRR,global_rotation_translation,combined_xz_rotation_x_translation_then_kabsch_alignment,270,360,0.5,5.2862360765563875e-15,0.0037357572663300337,01101110011100000110101000100000010100110100001000000000,npj SB,npj SB,100.0,True
6MRR,global_rotation_translation,combined_xz_rotation_x_translation_then_kabsch_alignment,300,0,0.5,5.322935930277889e-15,0.003735757266330476,01101110011100000110101000100000010100110100001000000000,npj SB,npj SB,100.0,True
6MRR,global_rotation_translation,combined_xz_rotation_x_translation_then_kabsch_alignment,300,30,0.5,5.917503730870011e-15,0.003735757266330311,01101110011100000110101000100000010100110100001000000000,npj SB,npj SB,100.0,True
6MRR,global_rotation_translation,combined_xz_rotation_x_translation_then_kabsch_alignment,300,60,0.5,6.2196901912356424e-15,0.003735757266330307,01101110011100000110101000100000010100110100001000000000,npj SB,npj SB,100.0,True
6MRR,global_rotation_translation,combined_xz_rotation_x_translation_then_kabsch_alignment,300,90,0.5,4.221242128741903e-15,0.0037357572663304726,01101110011100000110101000100000010100110100001000000000,npj SB,npj SB,100.0,True
6MRR,global_rotation_translation,combined_xz_rotation_x_translation_then_kabsch_alignment,300,120,0.5,5.028614291613426e-15,0.0037357572663305996,01101110011100000110101000100000010100110100001000000000,npj SB,npj SB,100.0,True
6MRR,global_rotation_translation,combined_xz_rotation_x_translation_then_kabsch_alignment,300,150,0.5,5.664113905069465e-15,0.003735757266330441,01101110011100000110101000100000010100110100001000000000,npj SB,npj SB,100.0,True
6MRR,global_rotation_translation,combined_xz_rotation_x_translation_then_kabsch_alignment,300,180,0.5,5.4554566441864686e-15,0.0037357572663300584,01101110011100000110101000100000010100110100001000000000,npj SB,npj SB,100.0,True
6MRR,global_rotation_translation,combined_xz_rotation_x_translation_then_kabsch_alignment,300,210,0.5,6.1993146022975575e-15,0.003735757266330241,01101110011100000110101000100000010100110100001000000000,npj SB,npj SB,100.0,True
6MRR,global_rotation_translation,combined_xz_rotation_x_translation_then_kabsch_alignment,300,240,0.5,5.470785604258491e-15,0.003735757266329914,01101110011100000110101000100000010100110100001000000000,npj SB,npj SB,100.0,True
6MRR,global_rotation_translation,combined_xz_rotation_x_translation_then_kabsch_alignment,300,270,0.5,7.626668681436749e-15,0.0037357572663306257,01101110011100000110101000100000010100110100001000000000,npj SB,npj SB,100.0,True
6MRR,global_rotation_translation,combined_xz_rotation_x_translation_then_kabsch_alignment,300,300,0.5,6.637833694791411e-15,0.0037357572663301716,01101110011100000110101000100000010100110100001000000000,npj SB,npj SB,100.0,True
6MRR,global_rotation_translation,combined_xz_rotation_x_translation_then_kabsch_alignment,300,330,0.5,4.988224178753538e-15,0.00373575726633024,01101110011100000110101000100000010100110100001000000000,npj SB,npj SB,100.0,True
6MRR,global_rotation_translation,combined_xz_rotation_x_translation_then_kabsch_alignment,300,360,0.5,5.088527143714164e-15,0.0037357572663306855,01101110011100000110101000100000010100110100001000000000,npj SB,npj SB,100.0,True
6MRR,global_rotation_translation,combined_xz_rotation_x_translation_then_kabsch_alignment,330,0,0.5,5.908092273490171e-15,0.0037357572663305454,01101110011100000110101000100000010100110100001000000000,npj SB,npj SB,100.0,True
6MRR,global_rotation_translation,combined_xz_rotation_x_translation_then_kabsch_alignment,330,30,0.5,5.4171977828818384e-15,0.0037357572663303485,01101110011100000110101000100000010100110100001000000000,npj SB,npj SB,100.0,True
6MRR,global_rotation_translation,combined_xz_rotation_x_translation_then_kabsch_alignment,330,60,0.5,4.9439858954277946e-15,0.0037357572663303494,01101110011100000110101000100000010100110100001000000000,npj SB,npj SB,100.0,True
6MRR,global_rotation_translation,combined_xz_rotation_x_translation_then_kabsch_alignment,330,90,0.5,6.370117133323887e-15,0.0037357572663303594,01101110011100000110101000100000010100110100001000000000,npj SB,npj SB,100.0,True
6MRR,global_rotation_translation,combined_xz_rotation_x_translation_then_kabsch_alignment,330,120,0.5,6.970151382941895e-15,0.0037357572663304175,01101110011100000110101000100000010100110100001000000000,npj SB,npj SB,100.0,True
6MRR,global_rotation_translation,combined_xz_rotation_x_translation_then_kabsch_alignment,330,150,0.5,6.026198066390913e-15,0.0037357572663308655,01101110011100000110101000100000010100110100001000000000,npj SB,npj SB,100.0,True
6MRR,global_rotation_translation,combined_xz_rotation_x_translation_then_kabsch_alignment,330,180,0.5,6.402190946889774e-15,0.003735757266329832,01101110011100000110101000100000010100110100001000000000,npj SB,npj SB,100.0,True
6MRR,global_rotation_translation,combined_xz_rotation_x_translation_then_kabsch_alignment,330,210,0.5,9.083699185978926e-15,0.003735757266330103,01101110011100000110101000100000010100110100001000000000,npj SB,npj SB,100.0,True
6MRR,global_rotation_translation,combined_xz_rotation_x_translation_then_kabsch_alignment,330,240,0.5,4.6671234278756956e-15,0.0037357572663302293,01101110011100000110101000100000010100110100001000000000,npj SB,npj SB,100.0,True
6MRR,global_rotation_translation,combined_xz_rotation_x_translation_then_kabsch_alignment,330,270,0.5,7.530049359910917e-15,0.003735757266330092,01101110011100000110101000100000010100110100001000000000,npj SB,npj SB,100.0,True
6MRR,global_rotation_translation,combined_xz_rotation_x_translation_then_kabsch_alignment,330,300,0.5,5.830886239521825e-15,0.0037357572663304483,01101110011100000110101000100000010100110100001000000000,npj SB,npj SB,100.0,True
6MRR,global_rotation_translation,combined_xz_rotation_x_translation_then_kabsch_alignment,330,330,0.5,6.91186283345467e-15,0.0037357572663307336,01101110011100000110101000100000010100110100001000000000,npj SB,npj SB,100.0,True
6MRR,global_rotation_translation,combined_xz_rotation_x_translation_then_kabsch_alignment,330,360,0.5,5.195201457945476e-15,0.003735757266329985,01101110011100000110101000100000010100110100001000000000,npj SB,npj SB,100.0,True
6MRR,global_rotation_translation,combined_xz_rotation_x_translation_then_kabsch_alignment,360,0,0.5,5.398011461331317e-15,0.0037357572663302588,01101110011100000110101000100000010100110100001000000000,npj SB,npj SB,100.0,True
6MRR,global_rotation_translation,combined_xz_rotation_x_translation_then_kabsch_alignment,360,30,0.5,3.2817481706037985e-15,0.0037357572663304973,01101110011100000110101000100000010100110100001000000000,npj SB,npj SB,100.0,True
6MRR,global_rotation_translation,combined_xz_rotation_x_translation_then_kabsch_alignment,360,60,0.5,4.3362911808478345e-15,0.003735757266330586,01101110011100000110101000100000010100110100001000000000,npj SB,npj SB,100.0,True
6MRR,global_rotation_translation,combined_xz_rotation_x_translation_then_kabsch_alignment,360,90,0.5,7.25512220986459e-15,0.003735757266330584,01101110011100000110101000100000010100110100001000000000,npj SB,npj SB,100.0,True
6MRR,global_rotation_translation,combined_xz_rotation_x_translation_then_kabsch_alignment,360,120,0.5,4.851581613802706e-15,0.003735757266330561,01101110011100000110101000100000010100110100001000000000,npj SB,npj SB,100.0,True
6MRR,global_rotation_translation,combined_xz_rotation_x_translation_then_kabsch_alignment,360,150,0.5,3.3996802262137185e-15,0.003735757266330318,01101110011100000110101000100000010100110100001000000000,npj SB,npj SB,100.0,True
6MRR,global_rotation_translation,combined_xz_rotation_x_translation_then_kabsch_alignment,360,180,0.5,7.412650546391136e-15,0.003735757266330065,01101110011100000110101000100000010100110100001000000000,npj SB,npj SB,100.0,True
6MRR,global_rotation_translation,combined_xz_rotation_x_translation_then_kabsch_alignment,360,210,0.5,5.804281487267265e-15,0.0037357572663302137,01101110011100000110101000100000010100110100001000000000,npj SB,npj SB,100.0,True
6MRR,global_rotation_translation,combined_xz_rotation_x_translation_then_kabsch_alignment,360,240,0.5,4.82585105521075e-15,0.003735757266330193,01101110011100000110101000100000010100110100001000000000,npj SB,npj SB,100.0,True
6MRR,global_rotation_translation,combined_xz_rotation_x_translation_then_kabsch_alignment,360,270,0.5,4.304847105430357e-15,0.0037357572663302115,01101110011100000110101000100000010100110100001000000000,npj SB,npj SB,100.0,True
6MRR,global_rotation_translation,combined_xz_rotation_x_translation_then_kabsch_alignment,360,300,0.5,3.895806544004155e-15,0.0037357572663302406,01101110011100000110101000100000010100110100001000000000,npj SB,npj SB,100.0,True
6MRR,global_rotation_translation,combined_xz_rotation_x_translation_then_kabsch_alignment,360,330,0.5,3.337387009688788e-15,0.0037357572663303676,01101110011100000110101000100000010100110100001000000000,npj SB,npj SB,100.0,True
6MRR,global_rotation_translation,combined_xz_rotation_x_translation_then_kabsch_alignment,360,360,0.5,5.954259835892515e-15,0.003735757266330349,01101110011100000110101000100000010100110100001000000000,npj SB,npj SB,100.0,True
6MRR,global_rotation_translation,combined_xz_rotation_x_translation_then_kabsch_alignment,0,0,1.0,3.415063164100188e-15,0.0037357572663302674,01101110011100000110101000100000010100110100001000000000,npj SB,npj SB,100.0,True
6MRR,global_rotation_translation,combined_xz_rotation_x_translation_then_kabsch_alignment,0,30,1.0,3.2438892452128738e-15,0.003735757266330518,01101110011100000110101000100000010100110100001000000000,npj SB,npj SB,100.0,True
6MRR,global_rotation_translation,combined_xz_rotation_x_translation_then_kabsch_alignment,0,60,1.0,4.841540957524403e-15,0.003735757266330487,01101110011100000110101000100000010100110100001000000000,npj SB,npj SB,100.0,True
6MRR,global_rotation_translation,combined_xz_rotation_x_translation_then_kabsch_alignment,0,90,1.0,3.2013725066946875e-15,0.00373575726633046,01101110011100000110101000100000010100110100001000000000,npj SB,npj SB,100.0,True
6MRR,global_rotation_translation,combined_xz_rotation_x_translation_then_kabsch_alignment,0,120,1.0,5.669053650261851e-15,0.003735757266330619,01101110011100000110101000100000010100110100001000000000,npj SB,npj SB,100.0,True
6MRR,global_rotation_translation,combined_xz_rotation_x_translation_then_kabsch_alignment,0,150,1.0,4.28153833252854e-15,0.003735757266330211,01101110011100000110101000100000010100110100001000000000,npj SB,npj SB,100.0,True
6MRR,global_rotation_translation,combined_xz_rotation_x_translation_then_kabsch_alignment,0,180,1.0,5.338781489554993e-15,0.0037357572663304014,01101110011100000110101000100000010100110100001000000000,npj SB,npj SB,100.0,True
6MRR,global_rotation_translation,combined_xz_rotation_x_translation_then_kabsch_alignment,0,210,1.0,1.841147560267405e-15,0.003735757266330545,01101110011100000110101000100000010100110100001000000000,npj SB,npj SB,100.0,True
6MRR,global_rotation_translation,combined_xz_rotation_x_translation_then_kabsch_alignment,0,240,1.0,3.746885640791667e-15,0.003735757266330414,01101110011100000110101000100000010100110100001000000000,npj SB,npj SB,100.0,True
6MRR,global_rotation_translation,combined_xz_rotation_x_translation_then_kabsch_alignment,0,270,1.0,6.161315812456165e-15,0.003735757266330582,01101110011100000110101000100000010100110100001000000000,npj SB,npj SB,100.0,True
6MRR,global_rotation_translation,combined_xz_rotation_x_translation_then_kabsch_alignment,0,300,1.0,4.4595042432978875e-15,0.003735757266329986,01101110011100000110101000100000010100110100001000000000,npj SB,npj SB,100.0,True
6MRR,global_rotation_translation,combined_xz_rotation_x_translation_then_kabsch_alignment,0,330,1.0,6.651197816245579e-15,0.0037357572663306473,01101110011100000110101000100000010100110100001000000000,npj SB,npj SB,100.0,True
6MRR,global_rotation_translation,combined_xz_rotation_x_translation_then_kabsch_alignment,0,360,1.0,7.911796871537795e-15,0.0037357572663300254,01101110011100000110101000100000010100110100001000000000,npj SB,npj SB,100.0,True
6MRR,global_rotation_translation,combined_xz_rotation_x_translation_then_kabsch_alignment,30,0,1.0,5.8787655059592035e-15,0.0037357572663303585,01101110011100000110101000100000010100110100001000000000,npj SB,npj SB,100.0,True
6MRR,global_rotation_translation,combined_xz_rotation_x_translation_then_kabsch_alignment,30,30,1.0,5.355459712463041e-15,0.0037357572663302,01101110011100000110101000100000010100110100001000000000,npj SB,npj SB,100.0,True
6MRR,global_rotation_translation,combined_xz_rotation_x_translation_then_kabsch_alignment,30,60,1.0,6.4257604424462344e-15,0.003735757266330292,01101110011100000110101000100000010100110100001000000000,npj SB,npj SB,100.0,True
6MRR,global_rotation_translation,combined_xz_rotation_x_translation_then_kabsch_alignment,30,90,1.0,5.167003060679975e-15,0.0037357572663300506,01101110011100000110101000100000010100110100001000000000,npj SB,npj SB,100.0,True
6MRR,global_rotation_translation,combined_xz_rotation_x_translation_then_kabsch_alignment,30,120,1.0,4.444635482642512e-15,0.0037357572663304426,01101110011100000110101000100000010100110100001000000000,npj SB,npj SB,100.0,True
6MRR,global_rotation_translation,combined_xz_rotation_x_translation_then_kabsch_alignment,30,150,1.0,6.5523563786064446e-15,0.003735757266330128,01101110011100000110101000100000010100110100001000000000,npj SB,npj SB,100.0,True
6MRR,global_rotation_translation,combined_xz_rotation_x_translation_then_kabsch_alignment,30,180,1.0,6.0371370138140075e-15,0.003735757266330267,01101110011100000110101000100000010100110100001000000000,npj SB,npj SB,100.0,True
6MRR,global_rotation_translation,combined_xz_rotation_x_translation_then_kabsch_alignment,30,210,1.0,6.101205004432076e-15,0.0037357572663301547,01101110011100000110101000100000010100110100001000000000,npj SB,npj SB,100.0,True
6MRR,global_rotation_translation,combined_xz_rotation_x_translation_then_kabsch_alignment,30,240,1.0,4.06231026824405e-15,0.0037357572663305164,01101110011100000110101000100000010100110100001000000000,npj SB,npj SB,100.0,True
6MRR,global_rotation_translation,combined_xz_rotation_x_translation_then_kabsch_alignment,30,270,1.0,4.598259652243483e-15,0.003735757266330538,01101110011100000110101000100000010100110100001000000000,npj SB,npj SB,100.0,True
6MRR,global_rotation_translation,combined_xz_rotation_x_translation_then_kabsch_alignment,30,300,1.0,6.22458438590033e-15,0.0037357572663305025,01101110011100000110101000100000010100110100001000000000,npj SB,npj SB,100.0,True
6MRR,global_rotation_translation,combined_xz_rotation_x_translation_then_kabsch_alignment,30,330,1.0,4.076274922058036e-15,0.0037357572663302657,01101110011100000110101000100000010100110100001000000000,npj SB,npj SB,100.0,True
6MRR,global_rotation_translation,combined_xz_rotation_x_translation_then_kabsch_alignment,30,360,1.0,4.335130949040262e-15,0.0037357572663304743,01101110011100000110101000100000010100110100001000000000,npj SB,npj SB,100.0,True
6MRR,global_rotation_translation,combined_xz_rotation_x_translation_then_kabsch_alignment,60,0,1.0,3.3619647567490094e-15,0.0037357572663301486,01101110011100000110101000100000010100110100001000000000,npj SB,npj SB,100.0,True
6MRR,global_rotation_translation,combined_xz_rotation_x_translation_then_kabsch_alignment,60,30,1.0,5.9392430330318655e-15,0.003735757266330005,01101110011100000110101000100000010100110100001000000000,npj SB,npj SB,100.0,True
6MRR,global_rotation_translation,combined_xz_rotation_x_translation_then_kabsch_alignment,60,60,1.0,4.7882047243165506e-15,0.003735757266330292,01101110011100000110101000100000010100110100001000000000,npj SB,npj SB,100.0,True
6MRR,global_rotation_translation,combined_xz_rotation_x_translation_then_kabsch_alignment,60,90,1.0,6.1434496255906905e-15,0.0037357572663304,01101110011100000110101000100000010100110100001000000000,npj SB,npj SB,100.0,True
6MRR,global_rotation_translation,combined_xz_rotation_x_translation_then_kabsch_alignment,60,120,1.0,5.994229180342536e-15,0.00373575726633019,01101110011100000110101000100000010100110100001000000000,npj SB,npj SB,100.0,True
6MRR,global_rotation_translation,combined_xz_rotation_x_translation_then_kabsch_alignment,60,150,1.0,7.082321794412529e-15,0.003735757266330043,01101110011100000110101000100000010100110100001000000000,npj SB,npj SB,100.0,True
6MRR,global_rotation_translation,combined_xz_rotation_x_translation_then_kabsch_alignment,60,180,1.0,5.19806170449913e-15,0.0037357572663300805,01101110011100000110101000100000010100110100001000000000,npj SB,npj SB,100.0,True
6MRR,global_rotation_translation,combined_xz_rotation_x_translation_then_kabsch_alignment,60,210,1.0,3.5400761910055654e-15,0.0037357572663303954,01101110011100000110101000100000010100110100001000000000,npj SB,npj SB,100.0,True
6MRR,global_rotation_translation,combined_xz_rotation_x_translation_then_kabsch_alignment,60,240,1.0,3.812850054776438e-15,0.0037357572663303763,01101110011100000110101000100000010100110100001000000000,npj SB,npj SB,100.0,True
6MRR,global_rotation_translation,combined_xz_rotation_x_translation_then_kabsch_alignment,60,270,1.0,4.574546429508759e-15,0.003735757266329903,01101110011100000110101000100000010100110100001000000000,npj SB,npj SB,100.0,True
6MRR,global_rotation_translation,combined_xz_rotation_x_translation_then_kabsch_alignment,60,300,1.0,5.722774165587303e-15,0.003735757266330055,01101110011100000110101000100000010100110100001000000000,npj SB,npj SB,100.0,True
6MRR,global_rotation_translation,combined_xz_rotation_x_translation_then_kabsch_alignment,60,330,1.0,3.650471173314872e-15,0.0037357572663303863,01101110011100000110101000100000010100110100001000000000,npj SB,npj SB,100.0,True
6MRR,global_rotation_translation,combined_xz_rotation_x_translation_then_kabsch_alignment,60,360,1.0,7.526076417657615e-15,0.0037357572663302427,01101110011100000110101000100000010100110100001000000000,npj SB,npj SB,100.0,True
6MRR,global_rotation_translation,combined_xz_rotation_x_translation_then_kabsch_alignment,90,0,1.0,5.264382590175613e-15,0.003735757266330264,01101110011100000110101000100000010100110100001000000000,npj SB,npj SB,100.0,True
6MRR,global_rotation_translation,combined_xz_rotation_x_translation_then_kabsch_alignment,90,30,1.0,4.261245276637706e-15,0.003735757266330353,01101110011100000110101000100000010100110100001000000000,npj SB,npj SB,100.0,True
6MRR,global_rotation_translation,combined_xz_rotation_x_translation_then_kabsch_alignment,90,60,1.0,6.509781576698477e-15,0.003735757266330395,01101110011100000110101000100000010100110100001000000000,npj SB,npj SB,100.0,True
6MRR,global_rotation_translation,combined_xz_rotation_x_translation_then_kabsch_alignment,90,90,1.0,4.286099941617407e-15,0.003735757266330129,01101110011100000110101000100000010100110100001000000000,npj SB,npj SB,100.0,True
6MRR,global_rotation_translation,combined_xz_rotation_x_translation_then_kabsch_alignment,90,120,1.0,2.963163389767894e-15,0.003735757266330298,01101110011100000110101000100000010100110100001000000000,npj SB,npj SB,100.0,True
6MRR,global_rotation_translation,combined_xz_rotation_x_translation_then_kabsch_alignment,90,150,1.0,2.902595363587504e-15,0.0037357572663304917,01101110011100000110101000100000010100110100001000000000,npj SB,npj SB,100.0,True
6MRR,global_rotation_translation,combined_xz_rotation_x_translation_then_kabsch_alignment,90,180,1.0,3.3170218344608716e-15,0.0037357572663301785,01101110011100000110101000100000010100110100001000000000,npj SB,npj SB,100.0,True
6MRR,global_rotation_translation,combined_xz_rotation_x_translation_then_kabsch_alignment,90,210,1.0,5.590381003255786e-15,0.003735757266330212,01101110011100000110101000100000010100110100001000000000,npj SB,npj SB,100.0,True
6MRR,global_rotation_translation,combined_xz_rotation_x_translation_then_kabsch_alignment,90,240,1.0,6.828913517493417e-15,0.003735757266330778,01101110011100000110101000100000010100110100001000000000,npj SB,npj SB,100.0,True
6MRR,global_rotation_translation,combined_xz_rotation_x_translation_then_kabsch_alignment,90,270,1.0,3.4562887146550254e-15,0.0037357572663303342,01101110011100000110101000100000010100110100001000000000,npj SB,npj SB,100.0,True
6MRR,global_rotation_translation,combined_xz_rotation_x_translation_then_kabsch_alignment,90,300,1.0,5.546337475463133e-15,0.0037357572663302475,01101110011100000110101000100000010100110100001000000000,npj SB,npj SB,100.0,True
6MRR,global_rotation_translation,combined_xz_rotation_x_translation_then_kabsch_alignment,90,330,1.0,4.902085238151401e-15,0.003735757266330591,01101110011100000110101000100000010100110100001000000000,npj SB,npj SB,100.0,True
6MRR,global_rotation_translation,combined_xz_rotation_x_translation_then_kabsch_alignment,90,360,1.0,3.255353676329764e-15,0.0037357572663305593,01101110011100000110101000100000010100110100001000000000,npj SB,npj SB,100.0,True
6MRR,global_rotation_translation,combined_xz_rotation_x_translation_then_kabsch_alignment,120,0,1.0,5.257698510353646e-15,0.003735757266330405,01101110011100000110101000100000010100110100001000000000,npj SB,npj SB,100.0,True
6MRR,global_rotation_translation,combined_xz_rotation_x_translation_then_kabsch_alignment,120,30,1.0,3.600744421035027e-15,0.003735757266330262,01101110011100000110101000100000010100110100001000000000,npj SB,npj SB,100.0,True
6MRR,global_rotation_translation,combined_xz_rotation_x_translation_then_kabsch_alignment,120,60,1.0,4.970865108056491e-15,0.0037357572663302505,01101110011100000110101000100000010100110100001000000000,npj SB,npj SB,100.0,True
6MRR,global_rotation_translation,combined_xz_rotation_x_translation_then_kabsch_alignment,120,90,1.0,3.92347017007865e-15,0.0037357572663307844,01101110011100000110101000100000010100110100001000000000,npj SB,npj SB,100.0,True
6MRR,global_rotation_translation,combined_xz_rotation_x_translation_then_kabsch_alignment,120,120,1.0,4.724484911974035e-15,0.0037357572663300935,01101110011100000110101000100000010100110100001000000000,npj SB,npj SB,100.0,True
6MRR,global_rotation_translation,combined_xz_rotation_x_translation_then_kabsch_alignment,120,150,1.0,6.9986733429716635e-15,0.0037357572663305203,01101110011100000110101000100000010100110100001000000000,npj SB,npj SB,100.0,True
6MRR,global_rotation_translation,combined_xz_rotation_x_translation_then_kabsch_alignment,120,180,1.0,4.997373061005492e-15,0.0037357572663303017,01101110011100000110101000100000010100110100001000000000,npj SB,npj SB,100.0,True
6MRR,global_rotation_translation,combined_xz_rotation_x_translation_then_kabsch_alignment,120,210,1.0,5.804901893656388e-15,0.0037357572663305623,01101110011100000110101000100000010100110100001000000000,npj SB,npj SB,100.0,True
6MRR,global_rotation_translation,combined_xz_rotation_x_translation_then_kabsch_alignment,120,240,1.0,5.664369916726619e-15,0.003735757266330215,01101110011100000110101000100000010100110100001000000000,npj SB,npj SB,100.0,True
6MRR,global_rotation_translation,combined_xz_rotation_x_translation_then_kabsch_alignment,120,270,1.0,4.398227243948967e-15,0.003735757266330559,01101110011100000110101000100000010100110100001000000000,npj SB,npj SB,100.0,True
6MRR,global_rotation_translation,combined_xz_rotation_x_translation_then_kabsch_alignment,120,300,1.0,9.17047993660156e-15,0.0037357572663302826,01101110011100000110101000100000010100110100001000000000,npj SB,npj SB,100.0,True
6MRR,global_rotation_translation,combined_xz_rotation_x_translation_then_kabsch_alignment,120,330,1.0,3.7076907545054575e-15,0.0037357572663305875,01101110011100000110101000100000010100110100001000000000,npj SB,npj SB,100.0,True
6MRR,global_rotation_translation,combined_xz_rotation_x_translation_then_kabsch_alignment,120,360,1.0,4.9614070440960664e-15,0.0037357572663302774,01101110011100000110101000100000010100110100001000000000,npj SB,npj SB,100.0,True
6MRR,global_rotation_translation,combined_xz_rotation_x_translation_then_kabsch_alignment,150,0,1.0,3.637606491349802e-15,0.003735757266330134,01101110011100000110101000100000010100110100001000000000,npj SB,npj SB,100.0,True
6MRR,global_rotation_translation,combined_xz_rotation_x_translation_then_kabsch_alignment,150,30,1.0,4.6948494258635055e-15,0.0037357572663301694,01101110011100000110101000100000010100110100001000000000,npj SB,npj SB,100.0,True
6MRR,global_rotation_translation,combined_xz_rotation_x_translation_then_kabsch_alignment,150,60,1.0,5.1614397160807234e-15,0.0037357572663302835,01101110011100000110101000100000010100110100001000000000,npj SB,npj SB,100.0,True
6MRR,global_rotation_translation,combined_xz_rotation_x_translation_then_kabsch_alignment,150,90,1.0,5.217079807139314e-15,0.0037357572663302423,01101110011100000110101000100000010100110100001000000000,npj SB,npj SB,100.0,True
6MRR,global_rotation_translation,combined_xz_rotation_x_translation_then_kabsch_alignment,150,120,1.0,4.065298770174177e-15,0.0037357572663299686,01101110011100000110101000100000010100110100001000000000,npj SB,npj SB,100.0,True
6MRR,global_rotation_translation,combined_xz_rotation_x_translation_then_kabsch_alignment,150,150,1.0,3.0331142672752947e-15,0.0037357572663302948,01101110011100000110101000100000010100110100001000000000,npj SB,npj SB,100.0,True
6MRR,global_rotation_translation,combined_xz_rotation_x_translation_then_kabsch_alignment,150,180,1.0,4.3542755283196184e-15,0.00373575726633022,01101110011100000110101000100000010100110100001000000000,npj SB,npj SB,100.0,True
6MRR,global_rotation_translation,combined_xz_rotation_x_translation_then_kabsch_alignment,150,210,1.0,6.207671426812617e-15,0.003735757266330654,01101110011100000110101000100000010100110100001000000000,npj SB,npj SB,100.0,True
6MRR,global_rotation_translation,combined_xz_rotation_x_translation_then_kabsch_alignment,150,240,1.0,5.5883379012209595e-15,0.0037357572663302007,01101110011100000110101000100000010100110100001000000000,npj SB,npj SB,100.0,True
6MRR,global_rotation_translation,combined_xz_rotation_x_translation_then_kabsch_alignment,150,270,1.0,5.851739326662654e-15,0.0037357572663299175,01101110011100000110101000100000010100110100001000000000,npj SB,npj SB,100.0,True
6MRR,global_rotation_translation,combined_xz_rotation_x_translation_then_kabsch_alignment,150,300,1.0,5.873506010198731e-15,0.0037357572663300766,01101110011100000110101000100000010100110100001000000000,npj SB,npj SB,100.0,True
6MRR,global_rotation_translation,combined_xz_rotation_x_translation_then_kabsch_alignment,150,330,1.0,6.813713658453235e-15,0.003735757266330276,01101110011100000110101000100000010100110100001000000000,npj SB,npj SB,100.0,True
6MRR,global_rotation_translation,combined_xz_rotation_x_translation_then_kabsch_alignment,150,360,1.0,3.808021658193558e-15,0.0037357572663303676,01101110011100000110101000100000010100110100001000000000,npj SB,npj SB,100.0,True
6MRR,global_rotation_translation,combined_xz_rotation_x_translation_then_kabsch_alignment,180,0,1.0,3.1107083541507316e-15,0.003735757266330351,01101110011100000110101000100000010100110100001000000000,npj SB,npj SB,100.0,True
6MRR,global_rotation_translation,combined_xz_rotation_x_translation_then_kabsch_alignment,180,30,1.0,3.592277228078805e-15,0.003735757266330183,01101110011100000110101000100000010100110100001000000000,npj SB,npj SB,100.0,True
6MRR,global_rotation_translation,combined_xz_rotation_x_translation_then_kabsch_alignment,180,60,1.0,4.224075278303473e-15,0.0037357572663302657,01101110011100000110101000100000010100110100001000000000,npj SB,npj SB,100.0,True
6MRR,global_rotation_translation,combined_xz_rotation_x_translation_then_kabsch_alignment,180,90,1.0,3.900017140577109e-15,0.003735757266330152,01101110011100000110101000100000010100110100001000000000,npj SB,npj SB,100.0,True
6MRR,global_rotation_translation,combined_xz_rotation_x_translation_then_kabsch_alignment,180,120,1.0,6.5677195185577306e-15,0.0037357572663305767,01101110011100000110101000100000010100110100001000000000,npj SB,npj SB,100.0,True
6MRR,global_rotation_translation,combined_xz_rotation_x_translation_then_kabsch_alignment,180,150,1.0,4.549355151048138e-15,0.003735757266330334,01101110011100000110101000100000010100110100001000000000,npj SB,npj SB,100.0,True
6MRR,global_rotation_translation,combined_xz_rotation_x_translation_then_kabsch_alignment,180,180,1.0,7.206247612209816e-15,0.0037357572663303017,01101110011100000110101000100000010100110100001000000000,npj SB,npj SB,100.0,True
6MRR,global_rotation_translation,combined_xz_rotation_x_translation_then_kabsch_alignment,180,210,1.0,5.696917157800337e-15,0.003735757266330197,01101110011100000110101000100000010100110100001000000000,npj SB,npj SB,100.0,True
6MRR,global_rotation_translation,combined_xz_rotation_x_translation_then_kabsch_alignment,180,240,1.0,3.408549013365514e-15,0.0037357572663303078,01101110011100000110101000100000010100110100001000000000,npj SB,npj SB,100.0,True
6MRR,global_rotation_translation,combined_xz_rotation_x_translation_then_kabsch_alignment,180,270,1.0,4.880665784926535e-15,0.0037357572663304565,01101110011100000110101000100000010100110100001000000000,npj SB,npj SB,100.0,True
6MRR,global_rotation_translation,combined_xz_rotation_x_translation_then_kabsch_alignment,180,300,1.0,4.947943972708098e-15,0.0037357572663301803,01101110011100000110101000100000010100110100001000000000,npj SB,npj SB,100.0,True
6MRR,global_rotation_translation,combined_xz_rotation_x_translation_then_kabsch_alignment,180,330,1.0,5.087672141615167e-15,0.0037357572663300237,01101110011100000110101000100000010100110100001000000000,npj SB,npj SB,100.0,True
6MRR,global_rotation_translation,combined_xz_rotation_x_translation_then_kabsch_alignment,180,360,1.0,5.117228850448009e-15,0.0037357572663302497,01101110011100000110101000100000010100110100001000000000,npj SB,npj SB,100.0,True
6MRR,global_rotation_translation,combined_xz_rotation_x_translation_then_kabsch_alignment,210,0,1.0,8.355287950044353e-15,0.0037357572663299305,01101110011100000110101000100000010100110100001000000000,npj SB,npj SB,100.0,True
6MRR,global_rotation_translation,combined_xz_rotation_x_translation_then_kabsch_alignment,210,30,1.0,4.310306691585176e-15,0.0037357572663302726,01101110011100000110101000100000010100110100001000000000,npj SB,npj SB,100.0,True
6MRR,global_rotation_translation,combined_xz_rotation_x_translation_then_kabsch_alignment,210,60,1.0,4.393278904266279e-15,0.003735757266330024,01101110011100000110101000100000010100110100001000000000,npj SB,npj SB,100.0,True
6MRR,global_rotation_translation,combined_xz_rotation_x_translation_then_kabsch_alignment,210,90,1.0,5.652344877079517e-15,0.0037357572663300905,01101110011100000110101000100000010100110100001000000000,npj SB,npj SB,100.0,True
6MRR,global_rotation_translation,combined_xz_rotation_x_translation_then_kabsch_alignment,210,120,1.0,3.4444684468589713e-15,0.0037357572663305823,01101110011100000110101000100000010100110100001000000000,npj SB,npj SB,100.0,True
6MRR,global_rotation_translation,combined_xz_rotation_x_translation_then_kabsch_alignment,210,150,1.0,4.166894066643564e-15,0.003735757266330147,01101110011100000110101000100000010100110100001000000000,npj SB,npj SB,100.0,True
6MRR,global_rotation_translation,combined_xz_rotation_x_translation_then_kabsch_alignment,210,180,1.0,4.8569131809032076e-15,0.0037357572663300974,01101110011100000110101000100000010100110100001000000000,npj SB,npj SB,100.0,True
6MRR,global_rotation_translation,combined_xz_rotation_x_translation_then_kabsch_alignment,210,210,1.0,4.9450123678203125e-15,0.003735757266329868,01101110011100000110101000100000010100110100001000000000,npj SB,npj SB,100.0,True
6MRR,global_rotation_translation,combined_xz_rotation_x_translation_then_kabsch_alignment,210,240,1.0,4.7480982985834846e-15,0.0037357572663300302,01101110011100000110101000100000010100110100001000000000,npj SB,npj SB,100.0,True
6MRR,global_rotation_translation,combined_xz_rotation_x_translation_then_kabsch_alignment,210,270,1.0,5.12299943101218e-15,0.003735757266330222,01101110011100000110101000100000010100110100001000000000,npj SB,npj SB,100.0,True
6MRR,global_rotation_translation,combined_xz_rotation_x_translation_then_kabsch_alignment,210,300,1.0,4.103951263070968e-15,0.0037357572663305498,01101110011100000110101000100000010100110100001000000000,npj SB,npj SB,100.0,True
6MRR,global_rotation_translation,combined_xz_rotation_x_translation_then_kabsch_alignment,210,330,1.0,8.833352858279562e-15,0.0037357572663300953,01101110011100000110101000100000010100110100001000000000,npj SB,npj SB,100.0,True
6MRR,global_rotation_translation,combined_xz_rotation_x_translation_then_kabsch_alignment,210,360,1.0,6.099982148624522e-15,0.0037357572663300562,01101110011100000110101000100000010100110100001000000000,npj SB,npj SB,100.0,True
6MRR,global_rotation_translation,combined_xz_rotation_x_translation_then_kabsch_alignment,240,0,1.0,5.98162106446321e-15,0.003735757266330044,01101110011100000110101000100000010100110100001000000000,npj SB,npj SB,100.0,True
6MRR,global_rotation_translation,combined_xz_rotation_x_translation_then_kabsch_alignment,240,30,1.0,6.35815464869039e-15,0.003735757266329904,01101110011100000110101000100000010100110100001000000000,npj SB,npj SB,100.0,True
6MRR,global_rotation_translation,combined_xz_rotation_x_translation_then_kabsch_alignment,240,60,1.0,4.5527804358949656e-15,0.003735757266330092,01101110011100000110101000100000010100110100001000000000,npj SB,npj SB,100.0,True
6MRR,global_rotation_translation,combined_xz_rotation_x_translation_then_kabsch_alignment,240,90,1.0,4.043055331798916e-15,0.003735757266330288,01101110011100000110101000100000010100110100001000000000,npj SB,npj SB,100.0,True
6MRR,global_rotation_translation,combined_xz_rotation_x_translation_then_kabsch_alignment,240,120,1.0,3.888193872153779e-15,0.0037357572663302314,01101110011100000110101000100000010100110100001000000000,npj SB,npj SB,100.0,True
6MRR,global_rotation_translation,combined_xz_rotation_x_translation_then_kabsch_alignment,240,150,1.0,4.659115830839865e-15,0.0037357572663307744,01101110011100000110101000100000010100110100001000000000,npj SB,npj SB,100.0,True
6MRR,global_rotation_translation,combined_xz_rotation_x_translation_then_kabsch_alignment,240,180,1.0,5.6885110278176925e-15,0.0037357572663303125,01101110011100000110101000100000010100110100001000000000,npj SB,npj SB,100.0,True
6MRR,global_rotation_translation,combined_xz_rotation_x_translation_then_kabsch_alignment,240,210,1.0,5.426406065687181e-15,0.003735757266330179,01101110011100000110101000100000010100110100001000000000,npj SB,npj SB,100.0,True
6MRR,global_rotation_translation,combined_xz_rotation_x_translation_then_kabsch_alignment,240,240,1.0,4.9763091283530375e-15,0.003735757266330632,01101110011100000110101000100000010100110100001000000000,npj SB,npj SB,100.0,True
6MRR,global_rotation_translation,combined_xz_rotation_x_translation_then_kabsch_alignment,240,270,1.0,6.696071319309937e-15,0.0037357572663301634,01101110011100000110101000100000010100110100001000000000,npj SB,npj SB,100.0,True
6MRR,global_rotation_translation,combined_xz_rotation_x_translation_then_kabsch_alignment,240,300,1.0,3.13022616899575e-15,0.0037357572663305008,01101110011100000110101000100000010100110100001000000000,npj SB,npj SB,100.0,True
6MRR,global_rotation_translation,combined_xz_rotation_x_translation_then_kabsch_alignment,240,330,1.0,6.560539794648451e-15,0.0037357572663304327,01101110011100000110101000100000010100110100001000000000,npj SB,npj SB,100.0,True
6MRR,global_rotation_translation,combined_xz_rotation_x_translation_then_kabsch_alignment,240,360,1.0,2.937296885040377e-15,0.003735757266330351,01101110011100000110101000100000010100110100001000000000,npj SB,npj SB,100.0,True
6MRR,global_rotation_translation,combined_xz_rotation_x_translation_then_kabsch_alignment,270,0,1.0,3.9434642139817956e-15,0.0037357572663301694,01101110011100000110101000100000010100110100001000000000,npj SB,npj SB,100.0,True
6MRR,global_rotation_translation,combined_xz_rotation_x_translation_then_kabsch_alignment,270,30,1.0,3.24570642785276e-15,0.0037357572663306083,01101110011100000110101000100000010100110100001000000000,npj SB,npj SB,100.0,True
6MRR,global_rotation_translation,combined_xz_rotation_x_translation_then_kabsch_alignment,270,60,1.0,5.893470199216856e-15,0.0037357572663303017,01101110011100000110101000100000010100110100001000000000,npj SB,npj SB,100.0,True
6MRR,global_rotation_translation,combined_xz_rotation_x_translation_then_kabsch_alignment,270,90,1.0,3.119785382193798e-15,0.003735757266330269,01101110011100000110101000100000010100110100001000000000,npj SB,npj SB,100.0,True
6MRR,global_rotation_translation,combined_xz_rotation_x_translation_then_kabsch_alignment,270,120,1.0,6.3538198182081305e-15,0.0037357572663303806,01101110011100000110101000100000010100110100001000000000,npj SB,npj SB,100.0,True
6MRR,global_rotation_translation,combined_xz_rotation_x_translation_then_kabsch_alignment,270,150,1.0,4.646727496261381e-15,0.0037357572663307115,01101110011100000110101000100000010100110100001000000000,npj SB,npj SB,100.0,True
6MRR,global_rotation_translation,combined_xz_rotation_x_translation_then_kabsch_alignment,270,180,1.0,3.8871681172396565e-15,0.0037357572663301634,01101110011100000110101000100000010100110100001000000000,npj SB,npj SB,100.0,True
6MRR,global_rotation_translation,combined_xz_rotation_x_translation_then_kabsch_alignment,270,210,1.0,3.032934976945657e-15,0.0037357572663301933,01101110011100000110101000100000010100110100001000000000,npj SB,npj SB,100.0,True
6MRR,global_rotation_translation,combined_xz_rotation_x_translation_then_kabsch_alignment,270,240,1.0,3.519792732855082e-15,0.0037357572663301365,01101110011100000110101000100000010100110100001000000000,npj SB,npj SB,100.0,True
6MRR,global_rotation_translation,combined_xz_rotation_x_translation_then_kabsch_alignment,270,270,1.0,6.251433966660888e-15,0.0037357572663302726,01101110011100000110101000100000010100110100001000000000,npj SB,npj SB,100.0,True
6MRR,global_rotation_translation,combined_xz_rotation_x_translation_then_kabsch_alignment,270,300,1.0,7.589358098337533e-15,0.0037357572663304418,01101110011100000110101000100000010100110100001000000000,npj SB,npj SB,100.0,True
6MRR,global_rotation_translation,combined_xz_rotation_x_translation_then_kabsch_alignment,270,330,1.0,8.651357579869322e-15,0.0037357572663299973,01101110011100000110101000100000010100110100001000000000,npj SB,npj SB,100.0,True
6MRR,global_rotation_translation,combined_xz_rotation_x_translation_then_kabsch_alignment,270,360,1.0,4.793652940343085e-15,0.003735757266330396,01101110011100000110101000100000010100110100001000000000,npj SB,npj SB,100.0,True
6MRR,global_rotation_translation,combined_xz_rotation_x_translation_then_kabsch_alignment,300,0,1.0,4.45913046880646e-15,0.0037357572663302787,01101110011100000110101000100000010100110100001000000000,npj SB,npj SB,100.0,True
6MRR,global_rotation_translation,combined_xz_rotation_x_translation_then_kabsch_alignment,300,30,1.0,5.3663810219209616e-15,0.0037357572663302987,01101110011100000110101000100000010100110100001000000000,npj SB,npj SB,100.0,True
6MRR,global_rotation_translation,combined_xz_rotation_x_translation_then_kabsch_alignment,300,60,1.0,6.053807800528751e-15,0.0037357572663300714,01101110011100000110101000100000010100110100001000000000,npj SB,npj SB,100.0,True
6MRR,global_rotation_translation,combined_xz_rotation_x_translation_then_kabsch_alignment,300,90,1.0,4.274496466298815e-15,0.003735757266330466,01101110011100000110101000100000010100110100001000000000,npj SB,npj SB,100.0,True
6MRR,global_rotation_translation,combined_xz_rotation_x_translation_then_kabsch_alignment,300,120,1.0,5.471646996608039e-15,0.0037357572663304288,01101110011100000110101000100000010100110100001000000000,npj SB,npj SB,100.0,True
6MRR,global_rotation_translation,combined_xz_rotation_x_translation_then_kabsch_alignment,300,150,1.0,5.566498153171108e-15,0.0037357572663303026,01101110011100000110101000100000010100110100001000000000,npj SB,npj SB,100.0,True
6MRR,global_rotation_translation,combined_xz_rotation_x_translation_then_kabsch_alignment,300,180,1.0,4.018501727472981e-15,0.0037357572663302236,01101110011100000110101000100000010100110100001000000000,npj SB,npj SB,100.0,True
6MRR,global_rotation_translation,combined_xz_rotation_x_translation_then_kabsch_alignment,300,210,1.0,6.02324957082134e-15,0.0037357572663303013,01101110011100000110101000100000010100110100001000000000,npj SB,npj SB,100.0,True
6MRR,global_rotation_translation,combined_xz_rotation_x_translation_then_kabsch_alignment,300,240,1.0,5.6162282383463555e-15,0.0037357572663299357,01101110011100000110101000100000010100110100001000000000,npj SB,npj SB,100.0,True
6MRR,global_rotation_translation,combined_xz_rotation_x_translation_then_kabsch_alignment,300,270,1.0,7.563327699643258e-15,0.0037357572663306283,01101110011100000110101000100000010100110100001000000000,npj SB,npj SB,100.0,True
6MRR,global_rotation_translation,combined_xz_rotation_x_translation_then_kabsch_alignment,300,300,1.0,2.9945620242464705e-15,0.0037357572663304695,01101110011100000110101000100000010100110100001000000000,npj SB,npj SB,100.0,True
6MRR,global_rotation_translation,combined_xz_rotation_x_translation_then_kabsch_alignment,300,330,1.0,5.7079790506970946e-15,0.0037357572663303668,01101110011100000110101000100000010100110100001000000000,npj SB,npj SB,100.0,True
6MRR,global_rotation_translation,combined_xz_rotation_x_translation_then_kabsch_alignment,300,360,1.0,5.910178188122793e-15,0.0037357572663306473,01101110011100000110101000100000010100110100001000000000,npj SB,npj SB,100.0,True
6MRR,global_rotation_translation,combined_xz_rotation_x_translation_then_kabsch_alignment,330,0,1.0,7.878023296733394e-15,0.0037357572663303425,01101110011100000110101000100000010100110100001000000000,npj SB,npj SB,100.0,True
6MRR,global_rotation_translation,combined_xz_rotation_x_translation_then_kabsch_alignment,330,30,1.0,5.641845680088533e-15,0.003735757266330313,01101110011100000110101000100000010100110100001000000000,npj SB,npj SB,100.0,True
6MRR,global_rotation_translation,combined_xz_rotation_x_translation_then_kabsch_alignment,330,60,1.0,4.956435821296363e-15,0.003735757266330381,01101110011100000110101000100000010100110100001000000000,npj SB,npj SB,100.0,True
6MRR,global_rotation_translation,combined_xz_rotation_x_translation_then_kabsch_alignment,330,90,1.0,7.240166195767227e-15,0.003735757266330337,01101110011100000110101000100000010100110100001000000000,npj SB,npj SB,100.0,True
6MRR,global_rotation_translation,combined_xz_rotation_x_translation_then_kabsch_alignment,330,120,1.0,7.060379454432429e-15,0.0037357572663302445,01101110011100000110101000100000010100110100001000000000,npj SB,npj SB,100.0,True
6MRR,global_rotation_translation,combined_xz_rotation_x_translation_then_kabsch_alignment,330,150,1.0,6.0348546955464224e-15,0.0037357572663306647,01101110011100000110101000100000010100110100001000000000,npj SB,npj SB,100.0,True
6MRR,global_rotation_translation,combined_xz_rotation_x_translation_then_kabsch_alignment,330,180,1.0,4.022198830098399e-15,0.0037357572663299188,01101110011100000110101000100000010100110100001000000000,npj SB,npj SB,100.0,True
6MRR,global_rotation_translation,combined_xz_rotation_x_translation_then_kabsch_alignment,330,210,1.0,6.067266804833295e-15,0.0037357572663301785,01101110011100000110101000100000010100110100001000000000,npj SB,npj SB,100.0,True
6MRR,global_rotation_translation,combined_xz_rotation_x_translation_then_kabsch_alignment,330,240,1.0,4.742406644581541e-15,0.003735757266330267,01101110011100000110101000100000010100110100001000000000,npj SB,npj SB,100.0,True
6MRR,global_rotation_translation,combined_xz_rotation_x_translation_then_kabsch_alignment,330,270,1.0,7.839342550586076e-15,0.0037357572663301907,01101110011100000110101000100000010100110100001000000000,npj SB,npj SB,100.0,True
6MRR,global_rotation_translation,combined_xz_rotation_x_translation_then_kabsch_alignment,330,300,1.0,4.809659071079919e-15,0.0037357572663300385,01101110011100000110101000100000010100110100001000000000,npj SB,npj SB,100.0,True
6MRR,global_rotation_translation,combined_xz_rotation_x_translation_then_kabsch_alignment,330,330,1.0,7.491241442880332e-15,0.0037357572663302475,01101110011100000110101000100000010100110100001000000000,npj SB,npj SB,100.0,True
6MRR,global_rotation_translation,combined_xz_rotation_x_translation_then_kabsch_alignment,330,360,1.0,4.742635970692706e-15,0.0037357572663303177,01101110011100000110101000100000010100110100001000000000,npj SB,npj SB,100.0,True
6MRR,global_rotation_translation,combined_xz_rotation_x_translation_then_kabsch_alignment,360,0,1.0,3.84860218811476e-15,0.003735757266330304,01101110011100000110101000100000010100110100001000000000,npj SB,npj SB,100.0,True
6MRR,global_rotation_translation,combined_xz_rotation_x_translation_then_kabsch_alignment,360,30,1.0,3.0380410711073727e-15,0.0037357572663305402,01101110011100000110101000100000010100110100001000000000,npj SB,npj SB,100.0,True
6MRR,global_rotation_translation,combined_xz_rotation_x_translation_then_kabsch_alignment,360,60,1.0,3.791906096130328e-15,0.0037357572663304795,01101110011100000110101000100000010100110100001000000000,npj SB,npj SB,100.0,True
6MRR,global_rotation_translation,combined_xz_rotation_x_translation_then_kabsch_alignment,360,90,1.0,7.230123751605267e-15,0.0037357572663305927,01101110011100000110101000100000010100110100001000000000,npj SB,npj SB,100.0,True
6MRR,global_rotation_translation,combined_xz_rotation_x_translation_then_kabsch_alignment,360,120,1.0,4.50268212048445e-15,0.0037357572663305784,01101110011100000110101000100000010100110100001000000000,npj SB,npj SB,100.0,True
6MRR,global_rotation_translation,combined_xz_rotation_x_translation_then_kabsch_alignment,360,150,1.0,3.559827612163983e-15,0.0037357572663303247,01101110011100000110101000100000010100110100001000000000,npj SB,npj SB,100.0,True
6MRR,global_rotation_translation,combined_xz_rotation_x_translation_then_kabsch_alignment,360,180,1.0,7.516246460085932e-15,0.0037357572663303915,01101110011100000110101000100000010100110100001000000000,npj SB,npj SB,100.0,True
6MRR,global_rotation_translation,combined_xz_rotation_x_translation_then_kabsch_alignment,360,210,1.0,6.1005153791790396e-15,0.003735757266330079,01101110011100000110101000100000010100110100001000000000,npj SB,npj SB,100.0,True
6MRR,global_rotation_translation,combined_xz_rotation_x_translation_then_kabsch_alignment,360,240,1.0,5.2431333354926135e-15,0.003735757266330145,01101110011100000110101000100000010100110100001000000000,npj SB,npj SB,100.0,True
6MRR,global_rotation_translation,combined_xz_rotation_x_translation_then_kabsch_alignment,360,270,1.0,4.354460578157362e-15,0.0037357572663302796,01101110011100000110101000100000010100110100001000000000,npj SB,npj SB,100.0,True
6MRR,global_rotation_translation,combined_xz_rotation_x_translation_then_kabsch_alignment,360,300,1.0,4.915086471738448e-15,0.0037357572663305303,01101110011100000110101000100000010100110100001000000000,npj SB,npj SB,100.0,True
6MRR,global_rotation_translation,combined_xz_rotation_x_translation_then_kabsch_alignment,360,330,1.0,4.582292646992676e-15,0.0037357572663303715,01101110011100000110101000100000010100110100001000000000,npj SB,npj SB,100.0,True
6MRR,global_rotation_translation,combined_xz_rotation_x_translation_then_kabsch_alignment,360,360,1.0,7.706931461945163e-15,0.0037357572663304305,01101110011100000110101000100000010100110100001000000000,npj SB,npj SB,100.0,True
6MRR,global_rotation_translation,combined_xz_rotation_x_translation_then_kabsch_alignment,0,0,5.0,5.652842485497638e-15,0.0037357572663306838,01101110011100000110101000100000010100110100001000000000,npj SB,npj SB,100.0,True
6MRR,global_rotation_translation,combined_xz_rotation_x_translation_then_kabsch_alignment,0,30,5.0,4.499728166854719e-15,0.003735757266330276,01101110011100000110101000100000010100110100001000000000,npj SB,npj SB,100.0,True
6MRR,global_rotation_translation,combined_xz_rotation_x_translation_then_kabsch_alignment,0,60,5.0,3.7025049310102054e-15,0.003735757266330253,01101110011100000110101000100000010100110100001000000000,npj SB,npj SB,100.0,True
6MRR,global_rotation_translation,combined_xz_rotation_x_translation_then_kabsch_alignment,0,90,5.0,3.818344427628022e-15,0.003735757266330423,01101110011100000110101000100000010100110100001000000000,npj SB,npj SB,100.0,True
6MRR,global_rotation_translation,combined_xz_rotation_x_translation_then_kabsch_alignment,0,120,5.0,3.2741530168139198e-15,0.003735757266330599,01101110011100000110101000100000010100110100001000000000,npj SB,npj SB,100.0,True
6MRR,global_rotation_translation,combined_xz_rotation_x_translation_then_kabsch_alignment,0,150,5.0,5.474350390926333e-15,0.0037357572663306478,01101110011100000110101000100000010100110100001000000000,npj SB,npj SB,100.0,True
6MRR,global_rotation_translation,combined_xz_rotation_x_translation_then_kabsch_alignment,0,180,5.0,6.139795651136642e-15,0.003735757266330755,01101110011100000110101000100000010100110100001000000000,npj SB,npj SB,100.0,True
6MRR,global_rotation_translation,combined_xz_rotation_x_translation_then_kabsch_alignment,0,210,5.0,3.778987772895605e-15,0.0037357572663303906,01101110011100000110101000100000010100110100001000000000,npj SB,npj SB,100.0,True
6MRR,global_rotation_translation,combined_xz_rotation_x_translation_then_kabsch_alignment,0,240,5.0,5.678560467307678e-15,0.003735757266330279,01101110011100000110101000100000010100110100001000000000,npj SB,npj SB,100.0,True
6MRR,global_rotation_translation,combined_xz_rotation_x_translation_then_kabsch_alignment,0,270,5.0,3.141815309503313e-15,0.0037357572663304895,01101110011100000110101000100000010100110100001000000000,npj SB,npj SB,100.0,True
6MRR,global_rotation_translation,combined_xz_rotation_x_translation_then_kabsch_alignment,0,300,5.0,3.0973439014002625e-15,0.0037357572663303694,01101110011100000110101000100000010100110100001000000000,npj SB,npj SB,100.0,True
6MRR,global_rotation_translation,combined_xz_rotation_x_translation_then_kabsch_alignment,0,330,5.0,4.859254789617884e-15,0.0037357572663305866,01101110011100000110101000100000010100110100001000000000,npj SB,npj SB,100.0,True
6MRR,global_rotation_translation,combined_xz_rotation_x_translation_then_kabsch_alignment,0,360,5.0,5.5868780851826135e-15,0.0037357572663305003,01101110011100000110101000100000010100110100001000000000,npj SB,npj SB,100.0,True
6MRR,global_rotation_translation,combined_xz_rotation_x_translation_then_kabsch_alignment,30,0,5.0,9.475726447257734e-15,0.0037357572663297687,01101110011100000110101000100000010100110100001000000000,npj SB,npj SB,100.0,True
6MRR,global_rotation_translation,combined_xz_rotation_x_translation_then_kabsch_alignment,30,30,5.0,3.969441192034408e-15,0.003735757266330115,01101110011100000110101000100000010100110100001000000000,npj SB,npj SB,100.0,True
6MRR,global_rotation_translation,combined_xz_rotation_x_translation_then_kabsch_alignment,30,60,5.0,8.252531825654144e-15,0.0037357572663300406,01101110011100000110101000100000010100110100001000000000,npj SB,npj SB,100.0,True
6MRR,global_rotation_translation,combined_xz_rotation_x_translation_then_kabsch_alignment,30,90,5.0,5.1425991681581815e-15,0.0037357572663300966,01101110011100000110101000100000010100110100001000000000,npj SB,npj SB,100.0,True
6MRR,global_rotation_translation,combined_xz_rotation_x_translation_then_kabsch_alignment,30,120,5.0,4.397073129447365e-15,0.003735757266330079,01101110011100000110101000100000010100110100001000000000,npj SB,npj SB,100.0,True
6MRR,global_rotation_translation,combined_xz_rotation_x_translation_then_kabsch_alignment,30,150,5.0,4.181029660648429e-15,0.003735757266330052,01101110011100000110101000100000010100110100001000000000,npj SB,npj SB,100.0,True
6MRR,global_rotation_translation,combined_xz_rotation_x_translation_then_kabsch_alignment,30,180,5.0,4.283307817823002e-15,0.0037357572663302774,01101110011100000110101000100000010100110100001000000000,npj SB,npj SB,100.0,True
6MRR,global_rotation_translation,combined_xz_rotation_x_translation_then_kabsch_alignment,30,210,5.0,4.89385095854288e-15,0.003735757266330215,01101110011100000110101000100000010100110100001000000000,npj SB,npj SB,100.0,True
6MRR,global_rotation_translation,combined_xz_rotation_x_translation_then_kabsch_alignment,30,240,5.0,3.57548547624641e-15,0.0037357572663304674,01101110011100000110101000100000010100110100001000000000,npj SB,npj SB,100.0,True
6MRR,global_rotation_translation,combined_xz_rotation_x_translation_then_kabsch_alignment,30,270,5.0,4.291784328705807e-15,0.0037357572663300554,01101110011100000110101000100000010100110100001000000000,npj SB,npj SB,100.0,True
6MRR,global_rotation_translation,combined_xz_rotation_x_translation_then_kabsch_alignment,30,300,5.0,4.938171306045204e-15,0.0037357572663301217,01101110011100000110101000100000010100110100001000000000,npj SB,npj SB,100.0,True
6MRR,global_rotation_translation,combined_xz_rotation_x_translation_then_kabsch_alignment,30,330,5.0,6.592044590959674e-15,0.0037357572663298914,01101110011100000110101000100000010100110100001000000000,npj SB,npj SB,100.0,True
6MRR,global_rotation_translation,combined_xz_rotation_x_translation_then_kabsch_alignment,30,360,5.0,7.004226639349751e-15,0.003735757266330114,01101110011100000110101000100000010100110100001000000000,npj SB,npj SB,100.0,True
6MRR,global_rotation_translation,combined_xz_rotation_x_translation_then_kabsch_alignment,60,0,5.0,2.5491969018405334e-15,0.003735757266330388,01101110011100000110101000100000010100110100001000000000,npj SB,npj SB,100.0,True
6MRR,global_rotation_translation,combined_xz_rotation_x_translation_then_kabsch_alignment,60,30,5.0,6.037977650444725e-15,0.0037357572663298385,01101110011100000110101000100000010100110100001000000000,npj SB,npj SB,100.0,True
6MRR,global_rotation_translation,combined_xz_rotation_x_translation_then_kabsch_alignment,60,60,5.0,4.076037288992237e-15,0.003735757266330455,01101110011100000110101000100000010100110100001000000000,npj SB,npj SB,100.0,True
6MRR,global_rotation_translation,combined_xz_rotation_x_translation_then_kabsch_alignment,60,90,5.0,5.188777605425479e-15,0.0037357572663302844,01101110011100000110101000100000010100110100001000000000,npj SB,npj SB,100.0,True
6MRR,global_rotation_translation,combined_xz_rotation_x_translation_then_kabsch_alignment,60,120,5.0,2.760216947270837e-15,0.0037357572663304075,01101110011100000110101000100000010100110100001000000000,npj SB,npj SB,100.0,True
6MRR,global_rotation_translation,combined_xz_rotation_x_translation_then_kabsch_alignment,60,150,5.0,6.96421954848593e-15,0.0037357572663301733,01101110011100000110101000100000010100110100001000000000,npj SB,npj SB,100.0,True
6MRR,global_rotation_translation,combined_xz_rotation_x_translation_then_kabsch_alignment,60,180,5.0,5.091233703093999e-15,0.0037357572663299864,01101110011100000110101000100000010100110100001000000000,npj SB,npj SB,100.0,True
6MRR,global_rotation_translation,combined_xz_rotation_x_translation_then_kabsch_alignment,60,210,5.0,3.2211805631452262e-15,0.0037357572663303694,01101110011100000110101000100000010100110100001000000000,npj SB,npj SB,100.0,True
6MRR,global_rotation_translation,combined_xz_rotation_x_translation_then_kabsch_alignment,60,240,5.0,4.326508936715974e-15,0.0037357572663305016,01101110011100000110101000100000010100110100001000000000,npj SB,npj SB,100.0,True
6MRR,global_rotation_translation,combined_xz_rotation_x_translation_then_kabsch_alignment,60,270,5.0,4.1462889054642115e-15,0.003735757266330155,01101110011100000110101000100000010100110100001000000000,npj SB,npj SB,100.0,True
6MRR,global_rotation_translation,combined_xz_rotation_x_translation_then_kabsch_alignment,60,300,5.0,5.644542761995178e-15,0.0037357572663300484,01101110011100000110101000100000010100110100001000000000,npj SB,npj SB,100.0,True
6MRR,global_rotation_translation,combined_xz_rotation_x_translation_then_kabsch_alignment,60,330,5.0,3.521337348500623e-15,0.00373575726633026,01101110011100000110101000100000010100110100001000000000,npj SB,npj SB,100.0,True
6MRR,global_rotation_translation,combined_xz_rotation_x_translation_then_kabsch_alignment,60,360,5.0,5.350261739898488e-15,0.0037357572663302215,01101110011100000110101000100000010100110100001000000000,npj SB,npj SB,100.0,True
6MRR,global_rotation_translation,combined_xz_rotation_x_translation_then_kabsch_alignment,90,0,5.0,5.016632575871415e-15,0.003735757266330236,01101110011100000110101000100000010100110100001000000000,npj SB,npj SB,100.0,True
6MRR,global_rotation_translation,combined_xz_rotation_x_translation_then_kabsch_alignment,90,30,5.0,3.614210548212344e-15,0.003735757266330564,01101110011100000110101000100000010100110100001000000000,npj SB,npj SB,100.0,True
6MRR,global_rotation_translation,combined_xz_rotation_x_translation_then_kabsch_alignment,90,60,5.0,5.36438776758831e-15,0.003735757266330562,01101110011100000110101000100000010100110100001000000000,npj SB,npj SB,100.0,True
6MRR,global_rotation_translation,combined_xz_rotation_x_translation_then_kabsch_alignment,90,90,5.0,6.674271391672774e-15,0.003735757266330207,01101110011100000110101000100000010100110100001000000000,npj SB,npj SB,100.0,True
6MRR,global_rotation_translation,combined_xz_rotation_x_translation_then_kabsch_alignment,90,120,5.0,3.632120992899566e-15,0.00373575726633026,01101110011100000110101000100000010100110100001000000000,npj SB,npj SB,100.0,True
6MRR,global_rotation_translation,combined_xz_rotation_x_translation_then_kabsch_alignment,90,150,5.0,4.474226743242224e-15,0.0037357572663304075,01101110011100000110101000100000010100110100001000000000,npj SB,npj SB,100.0,True
6MRR,global_rotation_translation,combined_xz_rotation_x_translation_then_kabsch_alignment,90,180,5.0,7.862961131706067e-15,0.0037357572663303568,01101110011100000110101000100000010100110100001000000000,npj SB,npj SB,100.0,True
6MRR,global_rotation_translation,combined_xz_rotation_x_translation_then_kabsch_alignment,90,210,5.0,6.831006823637246e-15,0.003735757266330244,01101110011100000110101000100000010100110100001000000000,npj SB,npj SB,100.0,True
6MRR,global_rotation_translation,combined_xz_rotation_x_translation_then_kabsch_alignment,90,240,5.0,6.283998182346507e-15,0.003735757266330452,01101110011100000110101000100000010100110100001000000000,npj SB,npj SB,100.0,True
6MRR,global_rotation_translation,combined_xz_rotation_x_translation_then_kabsch_alignment,90,270,5.0,3.701427717568613e-15,0.0037357572663302098,01101110011100000110101000100000010100110100001000000000,npj SB,npj SB,100.0,True
6MRR,global_rotation_translation,combined_xz_rotation_x_translation_then_kabsch_alignment,90,300,5.0,4.826964186236101e-15,0.0037357572663301534,01101110011100000110101000100000010100110100001000000000,npj SB,npj SB,100.0,True
6MRR,global_rotation_translation,combined_xz_rotation_x_translation_then_kabsch_alignment,90,330,5.0,5.4970303211325045e-15,0.0037357572663305177,01101110011100000110101000100000010100110100001000000000,npj SB,npj SB,100.0,True
6MRR,global_rotation_translation,combined_xz_rotation_x_translation_then_kabsch_alignment,90,360,5.0,3.968299406204282e-15,0.0037357572663305133,01101110011100000110101000100000010100110100001000000000,npj SB,npj SB,100.0,True
6MRR,global_rotation_translation,combined_xz_rotation_x_translation_then_kabsch_alignment,120,0,5.0,5.229767777849541e-15,0.003735757266330407,01101110011100000110101000100000010100110100001000000000,npj SB,npj SB,100.0,True
6MRR,global_rotation_translation,combined_xz_rotation_x_translation_then_kabsch_alignment,120,30,5.0,3.303331931990371e-15,0.003735757266330201,01101110011100000110101000100000010100110100001000000000,npj SB,npj SB,100.0,True
6MRR,global_rotation_translation,combined_xz_rotation_x_translation_then_kabsch_alignment,120,60,5.0,5.596894486003738e-15,0.003735757266330497,01101110011100000110101000100000010100110100001000000000,npj SB,npj SB,100.0,True
6MRR,global_rotation_translation,combined_xz_rotation_x_translation_then_kabsch_alignment,120,90,5.0,4.523342411224589e-15,0.003735757266330244,01101110011100000110101000100000010100110100001000000000,npj SB,npj SB,100.0,True
6MRR,global_rotation_translation,combined_xz_rotation_x_translation_then_kabsch_alignment,120,120,5.0,4.776303036162423e-15,0.0037357572663300797,01101110011100000110101000100000010100110100001000000000,npj SB,npj SB,100.0,True
6MRR,global_rotation_translation,combined_xz_rotation_x_translation_then_kabsch_alignment,120,150,5.0,5.3357586124089974e-15,0.003735757266330493,01101110011100000110101000100000010100110100001000000000,npj SB,npj SB,100.0,True
6MRR,global_rotation_translation,combined_xz_rotation_x_translation_then_kabsch_alignment,120,180,5.0,4.638039881980399e-15,0.0037357572663303737,01101110011100000110101000100000010100110100001000000000,npj SB,npj SB,100.0,True
6MRR,global_rotation_translation,combined_xz_rotation_x_translation_then_kabsch_alignment,120,210,5.0,5.209278212613491e-15,0.0037357572663298693,01101110011100000110101000100000010100110100001000000000,npj SB,npj SB,100.0,True
6MRR,global_rotation_translation,combined_xz_rotation_x_translation_then_kabsch_alignment,120,240,5.0,3.3267347102567126e-15,0.0037357572663304682,01101110011100000110101000100000010100110100001000000000,npj SB,npj SB,100.0,True
6MRR,global_rotation_translation,combined_xz_rotation_x_translation_then_kabsch_alignment,120,270,5.0,4.136221736075486e-15,0.0037357572663304904,01101110011100000110101000100000010100110100001000000000,npj SB,npj SB,100.0,True
6MRR,global_rotation_translation,combined_xz_rotation_x_translation_then_kabsch_alignment,120,300,5.0,8.248849179078816e-15,0.0037357572663300155,01101110011100000110101000100000010100110100001000000000,npj SB,npj SB,100.0,True
6MRR,global_rotation_translation,combined_xz_rotation_x_translation_then_kabsch_alignment,120,330,5.0,5.26555315303038e-15,0.003735757266330538,01101110011100000110101000100000010100110100001000000000,npj SB,npj SB,100.0,True
6MRR,global_rotation_translation,combined_xz_rotation_x_translation_then_kabsch_alignment,120,360,5.0,6.199256123300654e-15,0.003735757266330319,01101110011100000110101000100000010100110100001000000000,npj SB,npj SB,100.0,True
6MRR,global_rotation_translation,combined_xz_rotation_x_translation_then_kabsch_alignment,150,0,5.0,4.889126188365952e-15,0.0037357572663301503,01101110011100000110101000100000010100110100001000000000,npj SB,npj SB,100.0,True
6MRR,global_rotation_translation,combined_xz_rotation_x_translation_then_kabsch_alignment,150,30,5.0,3.982980566097513e-15,0.00373575726633011,01101110011100000110101000100000010100110100001000000000,npj SB,npj SB,100.0,True
6MRR,global_rotation_translation,combined_xz_rotation_x_translation_then_kabsch_alignment,150,60,5.0,5.209278212613491e-15,0.0037357572663303893,01101110011100000110101000100000010100110100001000000000,npj SB,npj SB,100.0,True
6MRR,global_rotation_translation,combined_xz_rotation_x_translation_then_kabsch_alignment,150,90,5.0,5.335996407965762e-15,0.003735757266330144,01101110011100000110101000100000010100110100001000000000,npj SB,npj SB,100.0,True
6MRR,global_rotation_translation,combined_xz_rotation_x_translation_then_kabsch_alignment,150,120,5.0,4.240307779490433e-15,0.003735757266330136,01101110011100000110101000100000010100110100001000000000,npj SB,npj SB,100.0,True
6MRR,global_rotation_translation,combined_xz_rotation_x_translation_then_kabsch_alignment,150,150,5.0,4.643918001996297e-15,0.003735757266330139,01101110011100000110101000100000010100110100001000000000,npj SB,npj SB,100.0,True
6MRR,global_rotation_translation,combined_xz_rotation_x_translation_then_kabsch_alignment,150,180,5.0,4.4373906584188585e-15,0.003735757266330101,01101110011100000110101000100000010100110100001000000000,npj SB,npj SB,100.0,True
6MRR,global_rotation_translation,combined_xz_rotation_x_translation_then_kabsch_alignment,150,210,5.0,6.664106327304267e-15,0.0037357572663302184,01101110011100000110101000100000010100110100001000000000,npj SB,npj SB,100.0,True
6MRR,global_rotation_translation,combined_xz_rotation_x_translation_then_kabsch_alignment,150,240,5.0,5.290143669872576e-15,0.003735757266329892,01101110011100000110101000100000010100110100001000000000,npj SB,npj SB,100.0,True
6MRR,global_rotation_translation,combined_xz_rotation_x_translation_then_kabsch_alignment,150,270,5.0,4.7346795169985625e-15,0.0037357572663298502,01101110011100000110101000100000010100110100001000000000,npj SB,npj SB,100.0,True
6MRR,global_rotation_translation,combined_xz_rotation_x_translation_then_kabsch_alignment,150,300,5.0,6.996834218013559e-15,0.0037357572663303984,01101110011100000110101000100000010100110100001000000000,npj SB,npj SB,100.0,True
6MRR,global_rotation_translation,combined_xz_rotation_x_translation_then_kabsch_alignment,150,330,5.0,5.972416873762842e-15,0.0037357572663303143,01101110011100000110101000100000010100110100001000000000,npj SB,npj SB,100.0,True
6MRR,global_rotation_translation,combined_xz_rotation_x_translation_then_kabsch_alignment,150,360,5.0,3.413225577015649e-15,0.003735757266330578,01101110011100000110101000100000010100110100001000000000,npj SB,npj SB,100.0,True
6MRR,global_rotation_translation,combined_xz_rotation_x_translation_then_kabsch_alignment,180,0,5.0,3.281972119468557e-15,0.0037357572663303147,01101110011100000110101000100000010100110100001000000000,npj SB,npj SB,100.0,True
6MRR,global_rotation_translation,combined_xz_rotation_x_translation_then_kabsch_alignment,180,30,5.0,3.8455365187422595e-15,0.0037357572663303212,01101110011100000110101000100000010100110100001000000000,npj SB,npj SB,100.0,True
6MRR,global_rotation_translation,combined_xz_rotation_x_translation_then_kabsch_alignment,180,60,5.0,5.852358815640145e-15,0.0037357572663304626,01101110011100000110101000100000010100110100001000000000,npj SB,npj SB,100.0,True
6MRR,global_rotation_translation,combined_xz_rotation_x_translation_then_kabsch_alignment,180,90,5.0,3.714675252770864e-15,0.0037357572663302622,01101110011100000110101000100000010100110100001000000000,npj SB,npj SB,100.0,True
6MRR,global_rotation_translation,combined_xz_rotation_x_translation_then_kabsch_alignment,180,120,5.0,5.911619493072132e-15,0.003735757266330585,01101110011100000110101000100000010100110100001000000000,npj SB,npj SB,100.0,True
6MRR,global_rotation_translation,combined_xz_rotation_x_translation_then_kabsch_alignment,180,150,5.0,3.5638825380813295e-15,0.003735757266330145,01101110011100000110101000100000010100110100001000000000,npj SB,npj SB,100.0,True
6MRR,global_rotation_translation,combined_xz_rotation_x_translation_then_kabsch_alignment,180,180,5.0,7.103430869584352e-15,0.0037357572663301946,01101110011100000110101000100000010100110100001000000000,npj SB,npj SB,100.0,True
6MRR,global_rotation_translation,combined_xz_rotation_x_translation_then_kabsch_alignment,180,210,5.0,6.176876645868721e-15,0.0037357572663301243,01101110011100000110101000100000010100110100001000000000,npj SB,npj SB,100.0,True
6MRR,global_rotation_translation,combined_xz_rotation_x_translation_then_kabsch_alignment,180,240,5.0,4.662615987215814e-15,0.0037357572663303017,01101110011100000110101000100000010100110100001000000000,npj SB,npj SB,100.0,True
6MRR,global_rotation_translation,combined_xz_rotation_x_translation_then_kabsch_alignment,180,270,5.0,4.129730754847417e-15,0.0037357572663304565,01101110011100000110101000100000010100110100001000000000,npj SB,npj SB,100.0,True
6MRR,global_rotation_translation,combined_xz_rotation_x_translation_then_kabsch_alignment,180,300,5.0,4.179642105199547e-15,0.0037357572663301868,01101110011100000110101000100000010100110100001000000000,npj SB,npj SB,100.0,True
6MRR,global_rotation_translation,combined_xz_rotation_x_translation_then_kabsch_alignment,180,330,5.0,5.4575827055509035e-15,0.0037357572663305194,01101110011100000110101000100000010100110100001000000000,npj SB,npj SB,100.0,True
6MRR,global_rotation_translation,combined_xz_rotation_x_translation_then_kabsch_alignment,180,360,5.0,7.267354194955754e-15,0.0037357572663304466,01101110011100000110101000100000010100110100001000000000,npj SB,npj SB,100.0,True
6MRR,global_rotation_translation,combined_xz_rotation_x_translation_then_kabsch_alignment,210,0,5.0,7.82031288491927e-15,0.0037357572663299318,01101110011100000110101000100000010100110100001000000000,npj SB,npj SB,100.0,True
6MRR,global_rotation_translation,combined_xz_rotation_x_translation_then_kabsch_alignment,210,30,5.0,4.009289266670448e-15,0.003735757266330413,01101110011100000110101000100000010100110100001000000000,npj SB,npj SB,100.0,True
6MRR,global_rotation_translation,combined_xz_rotation_x_translation_then_kabsch_alignment,210,60,5.0,4.823132322492687e-15,0.0037357572663301586,01101110011100000110101000100000010100110100001000000000,npj SB,npj SB,100.0,True
6MRR,global_rotation_translation,combined_xz_rotation_x_translation_then_kabsch_alignment,210,90,5.0,3.385711800640368e-15,0.0037357572663306,01101110011100000110101000100000010100110100001000000000,npj SB,npj SB,100.0,True
6MRR,global_rotation_translation,combined_xz_rotation_x_translation_then_kabsch_alignment,210,120,5.0,5.5014307082842195e-15,0.0037357572663306504,01101110011100000110101000100000010100110100001000000000,npj SB,npj SB,100.0,True
6MRR,global_rotation_translation,combined_xz_rotation_x_translation_then_kabsch_alignment,210,150,5.0,3.58510483931224e-15,0.003735757266330082,01101110011100000110101000100000010100110100001000000000,npj SB,npj SB,100.0,True
6MRR,global_rotation_translation,combined_xz_rotation_x_translation_then_kabsch_alignment,210,180,5.0,4.5184909740365464e-15,0.0037357572663301868,01101110011100000110101000100000010100110100001000000000,npj SB,npj SB,100.0,True
6MRR,global_rotation_translation,combined_xz_rotation_x_translation_then_kabsch_alignment,210,210,5.0,5.525184730892649e-15,0.00373575726633006,01101110011100000110101000100000010100110100001000000000,npj SB,npj SB,100.0,True
6MRR,global_rotation_translation,combined_xz_rotation_x_translation_then_kabsch_alignment,210,240,5.0,4.5622463062592865e-15,0.0037357572663298125,01101110011100000110101000100000010100110100001000000000,npj SB,npj SB,100.0,True
6MRR,global_rotation_translation,combined_xz_rotation_x_translation_then_kabsch_alignment,210,270,5.0,5.0157653184280376e-15,0.003735757266330456,01101110011100000110101000100000010100110100001000000000,npj SB,npj SB,100.0,True
6MRR,global_rotation_translation,combined_xz_rotation_x_translation_then_kabsch_alignment,210,300,5.0,6.5553019261624925e-15,0.0037357572663298125,01101110011100000110101000100000010100110100001000000000,npj SB,npj SB,100.0,True
6MRR,global_rotation_translation,combined_xz_rotation_x_translation_then_kabsch_alignment,210,330,5.0,7.708673002280936e-15,0.0037357572663303975,01101110011100000110101000100000010100110100001000000000,npj SB,npj SB,100.0,True
6MRR,global_rotation_translation,combined_xz_rotation_x_translation_then_kabsch_alignment,210,360,5.0,7.399763471548424e-15,0.003735757266330215,01101110011100000110101000100000010100110100001000000000,npj SB,npj SB,100.0,True
6MRR,global_rotation_translation,combined_xz_rotation_x_translation_then_kabsch_alignment,240,0,5.0,5.2702671983452625e-15,0.0037357572663301187,01101110011100000110101000100000010100110100001000000000,npj SB,npj SB,100.0,True
6MRR,global_rotation_translation,combined_xz_rotation_x_translation_then_kabsch_alignment,240,30,5.0,5.498283224339424e-15,0.00373575726632982,01101110011100000110101000100000010100110100001000000000,npj SB,npj SB,100.0,True
6MRR,global_rotation_translation,combined_xz_rotation_x_translation_then_kabsch_alignment,240,60,5.0,5.382805625631991e-15,0.0037357572663301738,01101110011100000110101000100000010100110100001000000000,npj SB,npj SB,100.0,True
6MRR,global_rotation_translation,combined_xz_rotation_x_translation_then_kabsch_alignment,240,90,5.0,4.272969580137204e-15,0.0037357572663301378,01101110011100000110101000100000010100110100001000000000,npj SB,npj SB,100.0,True
6MRR,global_rotation_translation,combined_xz_rotation_x_translation_then_kabsch_alignment,240,120,5.0,3.296080726907193e-15,0.0037357572663307016,01101110011100000110101000100000010100110100001000000000,npj SB,npj SB,100.0,True
6MRR,global_rotation_translation,combined_xz_rotation_x_translation_then_kabsch_alignment,240,150,5.0,4.4617313152147735e-15,0.003735757266330509,01101110011100000110101000100000010100110100001000000000,npj SB,npj SB,100.0,True
6MRR,global_rotation_translation,combined_xz_rotation_x_translation_then_kabsch_alignment,240,180,5.0,5.109713805496031e-15,0.003735757266330203,01101110011100000110101000100000010100110100001000000000,npj SB,npj SB,100.0,True
6MRR,global_rotation_translation,combined_xz_rotation_x_translation_then_kabsch_alignment,240,210,5.0,6.177463529481098e-15,0.0037357572663304357,01101110011100000110101000100000010100110100001000000000,npj SB,npj SB,100.0,True
6MRR,global_rotation_translation,combined_xz_rotation_x_translation_then_kabsch_alignment,240,240,5.0,3.7465975394577175e-15,0.003735757266330752,01101110011100000110101000100000010100110100001000000000,npj SB,npj SB,100.0,True
6MRR,global_rotation_translation,combined_xz_rotation_x_translation_then_kabsch_alignment,240,270,5.0,4.785951740938285e-15,0.003735757266330389,01101110011100000110101000100000010100110100001000000000,npj SB,npj SB,100.0,True
6MRR,global_rotation_translation,combined_xz_rotation_x_translation_then_kabsch_alignment,240,300,5.0,4.17512936525871e-15,0.003735757266330178,01101110011100000110101000100000010100110100001000000000,npj SB,npj SB,100.0,True
6MRR,global_rotation_translation,combined_xz_rotation_x_translation_then_kabsch_alignment,240,330,5.0,5.4713157079074186e-15,0.003735757266330426,01101110011100000110101000100000010100110100001000000000,npj SB,npj SB,100.0,True
6MRR,global_rotation_translation,combined_xz_rotation_x_translation_then_kabsch_alignment,240,360,5.0,3.5416119603664125e-15,0.003735757266330552,01101110011100000110101000100000010100110100001000000000,npj SB,npj SB,100.0,True
6MRR,global_rotation_translation,combined_xz_rotation_x_translation_then_kabsch_alignment,270,0,5.0,5.37957188968977e-15,0.0037357572663302883,01101110011100000110101000100000010100110100001000000000,npj SB,npj SB,100.0,True
6MRR,global_rotation_translation,combined_xz_rotation_x_translation_then_kabsch_alignment,270,30,5.0,3.8682831674935176e-15,0.003735757266330319,01101110011100000110101000100000010100110100001000000000,npj SB,npj SB,100.0,True
6MRR,global_rotation_translation,combined_xz_rotation_x_translation_then_kabsch_alignment,270,60,5.0,6.519686813075932e-15,0.00373575726632983,01101110011100000110101000100000010100110100001000000000,npj SB,npj SB,100.0,True
6MRR,global_rotation_translation,combined_xz_rotation_x_translation_then_kabsch_alignment,270,90,5.0,3.990800546771277e-15,0.0037357572663307696,01101110011100000110101000100000010100110100001000000000,npj SB,npj SB,100.0,True
6MRR,global_rotation_translation,combined_xz_rotation_x_translation_then_kabsch_alignment,270,120,5.0,6.563081210239811e-15,0.0037357572663304635,01101110011100000110101000100000010100110100001000000000,npj SB,npj SB,100.0,True
6MRR,global_rotation_translation,combined_xz_rotation_x_translation_then_kabsch_alignment,270,150,5.0,4.067282457159059e-15,0.003735757266330332,01101110011100000110101000100000010100110100001000000000,npj SB,npj SB,100.0,True
6MRR,global_rotation_translation,combined_xz_rotation_x_translation_then_kabsch_alignment,270,180,5.0,6.4446889818417255e-15,0.0037357572663303156,01101110011100000110101000100000010100110100001000000000,npj SB,npj SB,100.0,True
6MRR,global_rotation_translation,combined_xz_rotation_x_translation_then_kabsch_alignment,270,210,5.0,7.673347073851518e-15,0.003735757266330052,01101110011100000110101000100000010100110100001000000000,npj SB,npj SB,100.0,True
6MRR,global_rotation_translation,combined_xz_rotation_x_translation_then_kabsch_alignment,270,240,5.0,4.943875903602393e-15,0.0037357572663302353,01101110011100000110101000100000010100110100001000000000,npj SB,npj SB,100.0,True
6MRR,global_rotation_translation,combined_xz_rotation_x_translation_then_kabsch_alignment,270,270,5.0,6.1453966633147034e-15,0.003735757266330318,01101110011100000110101000100000010100110100001000000000,npj SB,npj SB,100.0,True
6MRR,global_rotation_translation,combined_xz_rotation_x_translation_then_kabsch_alignment,270,300,5.0,4.886307681528187e-15,0.0037357572663304136,01101110011100000110101000100000010100110100001000000000,npj SB,npj SB,100.0,True
6MRR,global_rotation_translation,combined_xz_rotation_x_translation_then_kabsch_alignment,270,330,5.0,7.604056390266516e-15,0.0037357572663300393,01101110011100000110101000100000010100110100001000000000,npj SB,npj SB,100.0,True
6MRR,global_rotation_translation,combined_xz_rotation_x_translation_then_kabsch_alignment,270,360,5.0,5.475819516946369e-15,0.0037357572663298485,01101110011100000110101000100000010100110100001000000000,npj SB,npj SB,100.0,True
6MRR,global_rotation_translation,combined_xz_rotation_x_translation_then_kabsch_alignment,300,0,5.0,3.347159147171036e-15,0.0037357572663302757,01101110011100000110101000100000010100110100001000000000,npj SB,npj SB,100.0,True
6MRR,global_rotation_translation,combined_xz_rotation_x_translation_then_kabsch_alignment,300,30,5.0,3.3861133112931902e-15,0.00373575726633031,01101110011100000110101000100000010100110100001000000000,npj SB,npj SB,100.0,True
6MRR,global_rotation_translation,combined_xz_rotation_x_translation_then_kabsch_alignment,300,60,5.0,4.250000460991832e-15,0.0037357572663303676,01101110011100000110101000100000010100110100001000000000,npj SB,npj SB,100.0,True
6MRR,global_rotation_translation,combined_xz_rotation_x_translation_then_kabsch_alignment,300,90,5.0,3.027790806393438e-15,0.003735757266330407,01101110011100000110101000100000010100110100001000000000,npj SB,npj SB,100.0,True
6MRR,global_rotation_translation,combined_xz_rotation_x_translation_then_kabsch_alignment,300,120,5.0,4.111430950884062e-15,0.0037357572663307397,01101110011100000110101000100000010100110100001000000000,npj SB,npj SB,100.0,True
6MRR,global_rotation_translation,combined_xz_rotation_x_translation_then_kabsch_alignment,300,150,5.0,4.046550827454305e-15,0.0037357572663300476,01101110011100000110101000100000010100110100001000000000,npj SB,npj SB,100.0,True
6MRR,global_rotation_translation,combined_xz_rotation_x_translation_then_kabsch_alignment,300,180,5.0,4.4857176570723805e-15,0.0037357572663301586,01101110011100000110101000100000010100110100001000000000,npj SB,npj SB,100.0,True
6MRR,global_rotation_translation,combined_xz_rotation_x_translation_then_kabsch_alignment,300,210,5.0,4.072359853588635e-15,0.0037357572663301716,01101110011100000110101000100000010100110100001000000000,npj SB,npj SB,100.0,True
6MRR,global_rotation_translation,combined_xz_rotation_x_translation_then_kabsch_alignment,300,240,5.0,5.974924032081259e-15,0.0037357572663299045,01101110011100000110101000100000010100110100001000000000,npj SB,npj SB,100.0,True
6MRR,global_rotation_translation,combined_xz_rotation_x_translation_then_kabsch_alignment,300,270,5.0,6.282382636255167e-15,0.003735757266330043,01101110011100000110101000100000010100110100001000000000,npj SB,npj SB,100.0,True
6MRR,global_rotation_translation,combined_xz_rotation_x_translation_then_kabsch_alignment,300,300,5.0,3.9747803903857074e-15,0.0037357572663304175,01101110011100000110101000100000010100110100001000000000,npj SB,npj SB,100.0,True
6MRR,global_rotation_translation,combined_xz_rotation_x_translation_then_kabsch_alignment,300,330,5.0,4.54544877293696e-15,0.003735757266330388,01101110011100000110101000100000010100110100001000000000,npj SB,npj SB,100.0,True
6MRR,global_rotation_translation,combined_xz_rotation_x_translation_then_kabsch_alignment,300,360,5.0,4.766425643600887e-15,0.0037357572663305463,01101110011100000110101000100000010100110100001000000000,npj SB,npj SB,100.0,True
6MRR,global_rotation_translation,combined_xz_rotation_x_translation_then_kabsch_alignment,330,0,5.0,5.580093044822964e-15,0.003735757266330625,01101110011100000110101000100000010100110100001000000000,npj SB,npj SB,100.0,True
6MRR,global_rotation_translation,combined_xz_rotation_x_translation_then_kabsch_alignment,330,30,5.0,4.7797742629016e-15,0.0037357572663302492,01101110011100000110101000100000010100110100001000000000,npj SB,npj SB,100.0,True
6MRR,global_rotation_translation,combined_xz_rotation_x_translation_then_kabsch_alignment,330,60,5.0,6.82328395243988e-15,0.0037357572663303915,01101110011100000110101000100000010100110100001000000000,npj SB,npj SB,100.0,True
6MRR,global_rotation_translation,combined_xz_rotation_x_translation_then_kabsch_alignment,330,90,5.0,4.51327287495567e-15,0.003735757266330306,01101110011100000110101000100000010100110100001000000000,npj SB,npj SB,100.0,True
6MRR,global_rotation_translation,combined_xz_rotation_x_translation_then_kabsch_alignment,330,120,5.0,6.863544743039983e-15,0.003735757266330338,01101110011100000110101000100000010100110100001000000000,npj SB,npj SB,100.0,True
6MRR,global_rotation_translation,combined_xz_rotation_x_translation_then_kabsch_alignment,330,150,5.0,5.03970438761983e-15,0.0037357572663302735,01101110011100000110101000100000010100110100001000000000,npj SB,npj SB,100.0,True
6MRR,global_rotation_translation,combined_xz_rotation_x_translation_then_kabsch_alignment,330,180,5.0,5.045886951646264e-15,0.003735757266330105,01101110011100000110101000100000010100110100001000000000,npj SB,npj SB,100.0,True
6MRR,global_rotation_translation,combined_xz_rotation_x_translation_then_kabsch_alignment,330,210,5.0,4.8436461690081735e-15,0.003735757266330043,01101110011100000110101000100000010100110100001000000000,npj SB,npj SB,100.0,True
6MRR,global_rotation_translation,combined_xz_rotation_x_translation_then_kabsch_alignment,330,240,5.0,3.5209576933020084e-15,0.0037357572663303316,01101110011100000110101000100000010100110100001000000000,npj SB,npj SB,100.0,True
6MRR,global_rotation_translation,combined_xz_rotation_x_translation_then_kabsch_alignment,330,270,5.0,3.3703651719048747e-15,0.0037357572663301425,01101110011100000110101000100000010100110100001000000000,npj SB,npj SB,100.0,True
6MRR,global_rotation_translation,combined_xz_rotation_x_translation_then_kabsch_alignment,330,300,5.0,4.842785362452927e-15,0.0037357572663299886,01101110011100000110101000100000010100110100001000000000,npj SB,npj SB,100.0,True
6MRR,global_rotation_translation,combined_xz_rotation_x_translation_then_kabsch_alignment,330,330,5.0,4.306267651752373e-15,0.0037357572663307592,01101110011100000110101000100000010100110100001000000000,npj SB,npj SB,100.0,True
6MRR,global_rotation_translation,combined_xz_rotation_x_translation_then_kabsch_alignment,330,360,5.0,5.2608004281509106e-15,0.0037357572663297353,01101110011100000110101000100000010100110100001000000000,npj SB,npj SB,100.0,True
6MRR,global_rotation_translation,combined_xz_rotation_x_translation_then_kabsch_alignment,360,0,5.0,7.66278056664338e-15,0.0037357572663304795,01101110011100000110101000100000010100110100001000000000,npj SB,npj SB,100.0,True
6MRR,global_rotation_translation,combined_xz_rotation_x_translation_then_kabsch_alignment,360,30,5.0,5.66540584576062e-15,0.003735757266330463,01101110011100000110101000100000010100110100001000000000,npj SB,npj SB,100.0,True
6MRR,global_rotation_translation,combined_xz_rotation_x_translation_then_kabsch_alignment,360,60,5.0,4.145087961060131e-15,0.0037357572663306226,01101110011100000110101000100000010100110100001000000000,npj SB,npj SB,100.0,True
6MRR,global_rotation_translation,combined_xz_rotation_x_translation_then_kabsch_alignment,360,90,5.0,6.768182160027283e-15,0.0037357572663307193,01101110011100000110101000100000010100110100001000000000,npj SB,npj SB,100.0,True
6MRR,global_rotation_translation,combined_xz_rotation_x_translation_then_kabsch_alignment,360,120,5.0,3.2822656246830175e-15,0.0037357572663306374,01101110011100000110101000100000010100110100001000000000,npj SB,npj SB,100.0,True
6MRR,global_rotation_translation,combined_xz_rotation_x_translation_then_kabsch_alignment,360,150,5.0,3.4009042360846034e-15,0.0037357572663303832,01101110011100000110101000100000010100110100001000000000,npj SB,npj SB,100.0,True
6MRR,global_rotation_translation,combined_xz_rotation_x_translation_then_kabsch_alignment,360,180,5.0,6.250176156555554e-15,0.0037357572663300983,01101110011100000110101000100000010100110100001000000000,npj SB,npj SB,100.0,True
6MRR,global_rotation_translation,combined_xz_rotation_x_translation_then_kabsch_alignment,360,210,5.0,4.161083993988409e-15,0.0037357572663303073,01101110011100000110101000100000010100110100001000000000,npj SB,npj SB,100.0,True
6MRR,global_rotation_translation,combined_xz_rotation_x_translation_then_kabsch_alignment,360,240,5.0,4.413339640659862e-15,0.003735757266330064,01101110011100000110101000100000010100110100001000000000,npj SB,npj SB,100.0,True
6MRR,global_rotation_translation,combined_xz_rotation_x_translation_then_kabsch_alignment,360,270,5.0,4.983732165842921e-15,0.003735757266330068,01101110011100000110101000100000010100110100001000000000,npj SB,npj SB,100.0,True
6MRR,global_rotation_translation,combined_xz_rotation_x_translation_then_kabsch_alignment,360,300,5.0,4.060332871353634e-15,0.003735757266330538,01101110011100000110101000100000010100110100001000000000,npj SB,npj SB,100.0,True
6MRR,global_rotation_translation,combined_xz_rotation_x_translation_then_kabsch_alignment,360,330,5.0,2.6965397373480597e-15,0.00373575726633044,01101110011100000110101000100000010100110100001000000000,npj SB,npj SB,100.0,True
6MRR,global_rotation_translation,combined_xz_rotation_x_translation_then_kabsch_alignment,360,360,5.0,6.1061334629151564e-15,0.0037357572663303173,01101110011100000110101000100000010100110100001000000000,npj SB,npj SB,100.0,True
6MRR,global_rotation_translation,combined_xz_rotation_x_translation_then_kabsch_alignment,0,0,10.0,3.0473866062731555e-15,0.0037357572663303954,01101110011100000110101000100000010100110100001000000000,npj SB,npj SB,100.0,True
6MRR,global_rotation_translation,combined_xz_rotation_x_translation_then_kabsch_alignment,0,30,10.0,4.851589786697364e-15,0.003735757266330185,01101110011100000110101000100000010100110100001000000000,npj SB,npj SB,100.0,True
6MRR,global_rotation_translation,combined_xz_rotation_x_translation_then_kabsch_alignment,0,60,10.0,3.6840575984014655e-15,0.0037357572663302423,01101110011100000110101000100000010100110100001000000000,npj SB,npj SB,100.0,True
6MRR,global_rotation_translation,combined_xz_rotation_x_translation_then_kabsch_alignment,0,90,10.0,3.051872900796393e-15,0.0037357572663304518,01101110011100000110101000100000010100110100001000000000,npj SB,npj SB,100.0,True
6MRR,global_rotation_translation,combined_xz_rotation_x_translation_then_kabsch_alignment,0,120,10.0,5.660104462919597e-15,0.0037357572663301673,01101110011100000110101000100000010100110100001000000000,npj SB,npj SB,100.0,True
6MRR,global_rotation_translation,combined_xz_rotation_x_translation_then_kabsch_alignment,0,150,10.0,3.896093970880122e-15,0.0037357572663303676,01101110011100000110101000100000010100110100001000000000,npj SB,npj SB,100.0,True
6MRR,global_rotation_translation,combined_xz_rotation_x_translation_then_kabsch_alignment,0,180,10.0,4.723471751456678e-15,0.0037357572663300194,01101110011100000110101000100000010100110100001000000000,npj SB,npj SB,100.0,True
6MRR,global_rotation_translation,combined_xz_rotation_x_translation_then_kabsch_alignment,0,210,10.0,3.278470036714132e-15,0.0037357572663301378,01101110011100000110101000100000010100110100001000000000,npj SB,npj SB,100.0,True
6MRR,global_rotation_translation,combined_xz_rotation_x_translation_then_kabsch_alignment,0,240,10.0,3.802448685616405e-15,0.0037357572663300957,01101110011100000110101000100000010100110100001000000000,npj SB,npj SB,100.0,True
6MRR,global_rotation_translation,combined_xz_rotation_x_translation_then_kabsch_alignment,0,270,10.0,6.5575346213767175e-15,0.0037357572663304695,01101110011100000110101000100000010100110100001000000000,npj SB,npj SB,100.0,True
6MRR,global_rotation_translation,combined_xz_rotation_x_translation_then_kabsch_alignment,0,300,10.0,3.2559561152034035e-15,0.0037357572663303923,01101110011100000110101000100000010100110100001000000000,npj SB,npj SB,100.0,True
6MRR,global_rotation_translation,combined_xz_rotation_x_translation_then_kabsch_alignment,0,330,10.0,4.3604751319051215e-15,0.003735757266330436,01101110011100000110101000100000010100110100001000000000,npj SB,npj SB,100.0,True
6MRR,global_rotation_translation,combined_xz_rotation_x_translation_then_kabsch_alignment,0,360,10.0,6.491559453256508e-15,0.0037357572663303134,01101110011100000110101000100000010100110100001000000000,npj SB,npj SB,100.0,True
6MRR,global_rotation_translation,combined_xz_rotation_x_translation_then_kabsch_alignment,30,0,10.0,8.664976193386381e-15,0.003735757266329841,01101110011100000110101000100000010100110100001000000000,npj SB,npj SB,100.0,True
6MRR,global_rotation_translation,combined_xz_rotation_x_translation_then_kabsch_alignment,30,30,10.0,3.8986922998735865e-15,0.0037357572663305983,01101110011100000110101000100000010100110100001000000000,npj SB,npj SB,100.0,True
6MRR,global_rotation_translation,combined_xz_rotation_x_translation_then_kabsch_alignment,30,60,10.0,3.773113239344012e-15,0.003735757266330457,01101110011100000110101000100000010100110100001000000000,npj SB,npj SB,100.0,True
6MRR,global_rotation_translation,combined_xz_rotation_x_translation_then_kabsch_alignment,30,90,10.0,5.044809142981335e-15,0.003735757266330253,01101110011100000110101000100000010100110100001000000000,npj SB,npj SB,100.0,True
6MRR,global_rotation_translation,combined_xz_rotation_x_translation_then_kabsch_alignment,30,120,10.0,4.457280506577349e-15,0.0037357572663302874,01101110011100000110101000100000010100110100001000000000,npj SB,npj SB,100.0,True
6MRR,global_rotation_translation,combined_xz_rotation_x_translation_then_kabsch_alignment,30,150,10.0,8.087606840546332e-15,0.0037357572663306686,01101110011100000110101000100000010100110100001000000000,npj SB,npj SB,100.0,True
6MRR,global_rotation_translation,combined_xz_rotation_x_translation_then_kabsch_alignment,30,180,10.0,5.483560060008569e-15,0.0037357572663300706,01101110011100000110101000100000010100110100001000000000,npj SB,npj SB,100.0,True
6MRR,global_rotation_translation,combined_xz_rotation_x_translation_then_kabsch_alignment,30,210,10.0,5.127491026303376e-15,0.0037357572663303446,01101110011100000110101000100000010100110100001000000000,npj SB,npj SB,100.0,True
6MRR,global_rotation_translation,combined_xz_rotation_x_translation_then_kabsch_alignment,30,240,10.0,2.8289710611642452e-15,0.0037357572663303967,01101110011100000110101000100000010100110100001000000000,npj SB,npj SB,100.0,True
6MRR,global_rotation_translation,combined_xz_rotation_x_translation_then_kabsch_alignment,30,270,10.0,4.343735847305895e-15,0.003735757266330037,01101110011100000110101000100000010100110100001000000000,npj SB,npj SB,100.0,True
6MRR,global_rotation_translation,combined_xz_rotation_x_translation_then_kabsch_alignment,30,300,10.0,5.939792362467658e-15,0.0037357572663304084,01101110011100000110101000100000010100110100001000000000,npj SB,npj SB,100.0,True
6MRR,global_rotation_translation,combined_xz_rotation_x_translation_then_kabsch_alignment,30,330,10.0,3.701770501302304e-15,0.0037357572663302098,01101110011100000110101000100000010100110100001000000000,npj SB,npj SB,100.0,True
6MRR,global_rotation_translation,combined_xz_rotation_x_translation_then_kabsch_alignment,30,360,10.0,9.407919155915065e-15,0.00373575726632979,01101110011100000110101000100000010100110100001000000000,npj SB,npj SB,100.0,True
6MRR,global_rotation_translation,combined_xz_rotation_x_translation_then_kabsch_alignment,60,0,10.0,4.286417113330693e-15,0.003735757266330113,01101110011100000110101000100000010100110100001000000000,npj SB,npj SB,100.0,True
6MRR,global_rotation_translation,combined_xz_rotation_x_translation_then_kabsch_alignment,60,30,10.0,5.59086734607486e-15,0.003735757266329885,01101110011100000110101000100000010100110100001000000000,npj SB,npj SB,100.0,True
6MRR,global_rotation_translation,combined_xz_rotation_x_translation_then_kabsch_alignment,60,60,10.0,4.087376816196687e-15,0.003735757266330464,01101110011100000110101000100000010100110100001000000000,npj SB,npj SB,100.0,True
6MRR,global_rotation_translation,combined_xz_rotation_x_translation_then_kabsch_alignment,60,90,10.0,2.889514058610469e-15,0.0037357572663306504,01101110011100000110101000100000010100110100001000000000,npj SB,npj SB,100.0,True
6MRR,global_rotation_translation,combined_xz_rotation_x_translation_then_kabsch_alignment,60,120,10.0,4.03605525849445e-15,0.003735757266329892,01101110011100000110101000100000010100110100001000000000,npj SB,npj SB,100.0,True
6MRR,global_rotation_translation,combined_xz_rotation_x_translation_then_kabsch_alignment,60,150,10.0,7.564669686087078e-15,0.00373575726633039,01101110011100000110101000100000010100110100001000000000,npj SB,npj SB,100.0,True
6MRR,global_rotation_translation,combined_xz_rotation_x_translation_then_kabsch_alignment,60,180,10.0,5.352141719801579e-15,0.0037357572663301248,01101110011100000110101000100000010100110100001000000000,npj SB,npj SB,100.0,True
6MRR,global_rotation_translation,combined_xz_rotation_x_translation_then_kabsch_alignment,60,210,10.0,3.0148318562635917e-15,0.003735757266330499,01101110011100000110101000100000010100110100001000000000,npj SB,npj SB,100.0,True
6MRR,global_rotation_translation,combined_xz_rotation_x_translation_then_kabsch_alignment,60,240,10.0,4.077697651354776e-15,0.003735757266330749,01101110011100000110101000100000010100110100001000000000,npj SB,npj SB,100.0,True
6MRR,global_rotation_translation,combined_xz_rotation_x_translation_then_kabsch_alignment,60,270,10.0,4.904414230613313e-15,0.0037357572663299847,01101110011100000110101000100000010100110100001000000000,npj SB,npj SB,100.0,True
6MRR,global_rotation_translation,combined_xz_rotation_x_translation_then_kabsch_alignment,60,300,10.0,4.1857092644008776e-15,0.0037357572663303503,01101110011100000110101000100000010100110100001000000000,npj SB,npj SB,100.0,True
6MRR,global_rotation_translation,combined_xz_rotation_x_translation_then_kabsch_alignment,60,330,10.0,4.360770007566179e-15,0.0037357572663301586,01101110011100000110101000100000010100110100001000000000,npj SB,npj SB,100.0,True
6MRR,global_rotation_translation,combined_xz_rotation_x_translation_then_kabsch_alignment,60,360,10.0,7.36165995269436e-15,0.003735757266330028,01101110011100000110101000100000010100110100001000000000,npj SB,npj SB,100.0,True
6MRR,global_rotation_translation,combined_xz_rotation_x_translation_then_kabsch_alignment,90,0,10.0,4.200234689939837e-15,0.0037357572663301425,01101110011100000110101000100000010100110100001000000000,npj SB,npj SB,100.0,True
6MRR,global_rotation_translation,combined_xz_rotation_x_translation_then_kabsch_alignment,90,30,10.0,3.9790648125923684e-15,0.003735757266330572,01101110011100000110101000100000010100110100001000000000,npj SB,npj SB,100.0,True
6MRR,global_rotation_translation,combined_xz_rotation_x_translation_then_kabsch_alignment,90,60,10.0,5.4332829445529676e-15,0.0037357572663304192,01101110011100000110101000100000010100110100001000000000,npj SB,npj SB,100.0,True
6MRR,global_rotation_translation,combined_xz_rotation_x_translation_then_kabsch_alignment,90,90,10.0,8.024448164243837e-15,0.003735757266329894,01101110011100000110101000100000010100110100001000000000,npj SB,npj SB,100.0,True
6MRR,global_rotation_translation,combined_xz_rotation_x_translation_then_kabsch_alignment,90,120,10.0,4.749701425202611e-15,0.003735757266330314,01101110011100000110101000100000010100110100001000000000,npj SB,npj SB,100.0,True
6MRR,global_rotation_translation,combined_xz_rotation_x_translation_then_kabsch_alignment,90,150,10.0,4.404816382976707e-15,0.003735757266330512,01101110011100000110101000100000010100110100001000000000,npj SB,npj SB,100.0,True
6MRR,global_rotation_translation,combined_xz_rotation_x_translation_then_kabsch_alignment,90,180,10.0,5.156960114647985e-15,0.0037357572663299452,01101110011100000110101000100000010100110100001000000000,npj SB,npj SB,100.0,True
6MRR,global_rotation_translation,combined_xz_rotation_x_translation_then_kabsch_alignment,90,210,10.0,5.14041335584895e-15,0.0037357572663303845,01101110011100000110101000100000010100110100001000000000,npj SB,npj SB,100.0,True
6MRR,global_rotation_translation,combined_xz_rotation_x_translation_then_kabsch_alignment,90,240,10.0,4.621954160216424e-15,0.003735757266330389,01101110011100000110101000100000010100110100001000000000,npj SB,npj SB,100.0,True
6MRR,global_rotation_translation,combined_xz_rotation_x_translation_then_kabsch_alignment,90,270,10.0,4.8367929032017944e-15,0.003735757266330119,01101110011100000110101000100000010100110100001000000000,npj SB,npj SB,100.0,True
6MRR,global_rotation_translation,combined_xz_rotation_x_translation_then_kabsch_alignment,90,300,10.0,6.088084347126373e-15,0.0037357572663305042,01101110011100000110101000100000010100110100001000000000,npj SB,npj SB,100.0,True
6MRR,global_rotation_translation,combined_xz_rotation_x_translation_then_kabsch_alignment,90,330,10.0,5.8953768093658045e-15,0.0037357572663303754,01101110011100000110101000100000010100110100001000000000,npj SB,npj SB,100.0,True
6MRR,global_rotation_translation,combined_xz_rotation_x_translation_then_kabsch_alignment,90,360,10.0,3.2223339436144724e-15,0.0037357572663304357,01101110011100000110101000100000010100110100001000000000,npj SB,npj SB,100.0,True
6MRR,global_rotation_translation,combined_xz_rotation_x_translation_then_kabsch_alignment,120,0,10.0,4.263116528926526e-15,0.003735757266330231,01101110011100000110101000100000010100110100001000000000,npj SB,npj SB,100.0,True
6MRR,global_rotation_translation,combined_xz_rotation_x_translation_then_kabsch_alignment,120,30,10.0,3.3469425218447673e-15,0.0037357572663302475,01101110011100000110101000100000010100110100001000000000,npj SB,npj SB,100.0,True
6MRR,global_rotation_translation,combined_xz_rotation_x_translation_then_kabsch_alignment,120,60,10.0,5.11949537544351e-15,0.003735757266330317,01101110011100000110101000100000010100110100001000000000,npj SB,npj SB,100.0,True
6MRR,global_rotation_translation,combined_xz_rotation_x_translation_then_kabsch_alignment,120,90,10.0,3.5058605684034102e-15,0.00373575726633074,01101110011100000110101000100000010100110100001000000000,npj SB,npj SB,100.0,True
6MRR,global_rotation_translation,combined_xz_rotation_x_translation_then_kabsch_alignment,120,120,10.0,4.377158166522402e-15,0.00373575726633011,01101110011100000110101000100000010100110100001000000000,npj SB,npj SB,100.0,True
6MRR,global_rotation_translation,combined_xz_rotation_x_translation_then_kabsch_alignment,120,150,10.0,4.207478598022255e-15,0.0037357572663301595,01101110011100000110101000100000010100110100001000000000,npj SB,npj SB,100.0,True
6MRR,global_rotation_translation,combined_xz_rotation_x_translation_then_kabsch_alignment,120,180,10.0,2.8931815328968127e-15,0.0037357572663303195,01101110011100000110101000100000010100110100001000000000,npj SB,npj SB,100.0,True
6MRR,global_rotation_translation,combined_xz_rotation_x_translation_then_kabsch_alignment,120,210,10.0,4.870330145181405e-15,0.0037357572663297618,01101110011100000110101000100000010100110100001000000000,npj SB,npj SB,100.0,True
6MRR,global_rotation_translation,combined_xz_rotation_x_translation_then_kabsch_alignment,120,240,10.0,3.4222417503464305e-15,0.003735757266330574,01101110011100000110101000100000010100110100001000000000,npj SB,npj SB,100.0,True
6MRR,global_rotation_translation,combined_xz_rotation_x_translation_then_kabsch_alignment,120,270,10.0,3.846384876841098e-15,0.0037357572663306803,01101110011100000110101000100000010100110100001000000000,npj SB,npj SB,100.0,True
6MRR,global_rotation_translation,combined_xz_rotation_x_translation_then_kabsch_alignment,120,300,10.0,8.442929757711162e-15,0.0037357572663300463,01101110011100000110101000100000010100110100001000000000,npj SB,npj SB,100.0,True
6MRR,global_rotation_translation,combined_xz_rotation_x_translation_then_kabsch_alignment,120,330,10.0,4.044937897118814e-15,0.0037357572663306296,01101110011100000110101000100000010100110100001000000000,npj SB,npj SB,100.0,True
6MRR,global_rotation_translation,combined_xz_rotation_x_translation_then_kabsch_alignment,120,360,10.0,3.996791550572547e-15,0.0037357572663301378,01101110011100000110101000100000010100110100001000000000,npj SB,npj SB,100.0,True
6MRR,global_rotation_translation,combined_xz_rotation_x_translation_then_kabsch_alignment,150,0,10.0,5.345770826252155e-15,0.0037357572663303676,01101110011100000110101000100000010100110100001000000000,npj SB,npj SB,100.0,True
6MRR,global_rotation_translation,combined_xz_rotation_x_translation_then_kabsch_alignment,150,30,10.0,4.007842253404423e-15,0.0037357572663302002,01101110011100000110101000100000010100110100001000000000,npj SB,npj SB,100.0,True
6MRR,global_rotation_translation,combined_xz_rotation_x_translation_then_kabsch_alignment,150,60,10.0,4.9334154977260765e-15,0.0037357572663303555,01101110011100000110101000100000010100110100001000000000,npj SB,npj SB,100.0,True
6MRR,global_rotation_translation,combined_xz_rotation_x_translation_then_kabsch_alignment,150,90,10.0,3.740011940635258e-15,0.003735757266330028,01101110011100000110101000100000010100110100001000000000,npj SB,npj SB,100.0,True
6MRR,global_rotation_translation,combined_xz_rotation_x_translation_then_kabsch_alignment,150,120,10.0,4.001777202391032e-15,0.003735757266330218,01101110011100000110101000100000010100110100001000000000,npj SB,npj SB,100.0,True
6MRR,global_rotation_translation,combined_xz_rotation_x_translation_then_kabsch_alignment,150,150,10.0,2.5470272359503064e-15,0.0037357572663306035,01101110011100000110101000100000010100110100001000000000,npj SB,npj SB,100.0,True
6MRR,global_rotation_translation,combined_xz_rotation_x_translation_then_kabsch_alignment,150,180,10.0,5.0943124453271155e-15,0.0037357572663300285,01101110011100000110101000100000010100110100001000000000,npj SB,npj SB,100.0,True
6MRR,global_rotation_translation,combined_xz_rotation_x_translation_then_kabsch_alignment,150,210,10.0,4.169177242823787e-15,0.003735757266330323,01101110011100000110101000100000010100110100001000000000,npj SB,npj SB,100.0,True
6MRR,global_rotation_translation,combined_xz_rotation_x_translation_then_kabsch_alignment,150,240,10.0,4.497662857959933e-15,0.003735757266330433,01101110011100000110101000100000010100110100001000000000,npj SB,npj SB,100.0,True
6MRR,global_rotation_translation,combined_xz_rotation_x_translation_then_kabsch_alignment,150,270,10.0,4.790399889921527e-15,0.0037357572663299747,01101110011100000110101000100000010100110100001000000000,npj SB,npj SB,100.0,True
6MRR,global_rotation_translation,combined_xz_rotation_x_translation_then_kabsch_alignment,150,300,10.0,6.617430791441459e-15,0.0037357572663300155,01101110011100000110101000100000010100110100001000000000,npj SB,npj SB,100.0,True
6MRR,global_rotation_translation,combined_xz_rotation_x_translation_then_kabsch_alignment,150,330,10.0,5.658222439912329e-15,0.0037357572663306864,01101110011100000110101000100000010100110100001000000000,npj SB,npj SB,100.0,True
6MRR,global_rotation_translation,combined_xz_rotation_x_translation_then_kabsch_alignment,150,360,10.0,2.6552502157829514e-15,0.003735757266330515,01101110011100000110101000100000010100110100001000000000,npj SB,npj SB,100.0,True
6MRR,global_rotation_translation,combined_xz_rotation_x_translation_then_kabsch_alignment,180,0,10.0,3.3942670601059842e-15,0.0037357572663303793,01101110011100000110101000100000010100110100001000000000,npj SB,npj SB,100.0,True
6MRR,global_rotation_translation,combined_xz_rotation_x_translation_then_kabsch_alignment,180,30,10.0,2.800636525776025e-15,0.0037357572663301577,01101110011100000110101000100000010100110100001000000000,npj SB,npj SB,100.0,True
6MRR,global_rotation_translation,combined_xz_rotation_x_translation_then_kabsch_alignment,180,60,10.0,6.552467033432728e-15,0.003735757266330733,01101110011100000110101000100000010100110100001000000000,npj SB,npj SB,100.0,True
6MRR,global_rotation_translation,combined_xz_rotation_x_translation_then_kabsch_alignment,180,90,10.0,3.547799482009061e-15,0.0037357572663303494,01101110011100000110101000100000010100110100001000000000,npj SB,npj SB,100.0,True
6MRR,global_rotation_translation,combined_xz_rotation_x_translation_then_kabsch_alignment,180,120,10.0,5.993382407519402e-15,0.003735757266330456,01101110011100000110101000100000010100110100001000000000,npj SB,npj SB,100.0,True
6MRR,global_rotation_translation,combined_xz_rotation_x_translation_then_kabsch_alignment,180,150,10.0,4.7398642038846734e-15,0.003735757266330434,01101110011100000110101000100000010100110100001000000000,npj SB,npj SB,100.0,True
6MRR,global_rotation_translation,combined_xz_rotation_x_translation_then_kabsch_alignment,180,180,10.0,3.806123112261168e-15,0.0037357572663299986,01101110011100000110101000100000010100110100001000000000,npj SB,npj SB,100.0,True
6MRR,global_rotation_translation,combined_xz_rotation_x_translation_then_kabsch_alignment,180,210,10.0,3.76561139133423e-15,0.0037357572663299647,01101110011100000110101000100000010100110100001000000000,npj SB,npj SB,100.0,True
6MRR,global_rotation_translation,combined_xz_rotation_x_translation_then_kabsch_alignment,180,240,10.0,2.8385659166794973e-15,0.003735757266330624,01101110011100000110101000100000010100110100001000000000,npj SB,npj SB,100.0,True
6MRR,global_rotation_translation,combined_xz_rotation_x_translation_then_kabsch_alignment,180,270,10.0,4.378234729029678e-15,0.0037357572663304617,01101110011100000110101000100000010100110100001000000000,npj SB,npj SB,100.0,True
6MRR,global_rotation_translation,combined_xz_rotation_x_translation_then_kabsch_alignment,180,300,10.0,4.756375303394357e-15,0.0037357572663304014,01101110011100000110101000100000010100110100001000000000,npj SB,npj SB,100.0,True
6MRR,global_rotation_translation,combined_xz_rotation_x_translation_then_kabsch_alignment,180,330,10.0,3.0049553293283037e-15,0.0037357572663302635,01101110011100000110101000100000010100110100001000000000,npj SB,npj SB,100.0,True
6MRR,global_rotation_translation,combined_xz_rotation_x_translation_then_kabsch_alignment,180,360,10.0,4.973521805494633e-15,0.003735757266330038,01101110011100000110101000100000010100110100001000000000,npj SB,npj SB,100.0,True
6MRR,global_rotation_translation,combined_xz_rotation_x_translation_then_kabsch_alignment,210,0,10.0,6.5736506746398926e-15,0.0037357572663305103,01101110011100000110101000100000010100110100001000000000,npj SB,npj SB,100.0,True
6MRR,global_rotation_translation,combined_xz_rotation_x_translation_then_kabsch_alignment,210,30,10.0,4.005897006242669e-15,0.0037357572663305233,01101110011100000110101000100000010100110100001000000000,npj SB,npj SB,100.0,True
6MRR,global_rotation_translation,combined_xz_rotation_x_translation_then_kabsch_alignment,210,60,10.0,4.700020200182988e-15,0.0037357572663302132,01101110011100000110101000100000010100110100001000000000,npj SB,npj SB,100.0,True
6MRR,global_rotation_translation,combined_xz_rotation_x_translation_then_kabsch_alignment,210,90,10.0,5.0148979110044454e-15,0.0037357572663301534,01101110011100000110101000100000010100110100001000000000,npj SB,npj SB,100.0,True
6MRR,global_rotation_translation,combined_xz_rotation_x_translation_then_kabsch_alignment,210,120,10.0,5.812079441350386e-15,0.003735757266330717,01101110011100000110101000100000010100110100001000000000,npj SB,npj SB,100.0,True
6MRR,global_rotation_translation,combined_xz_rotation_x_translation_then_kabsch_alignment,210,150,10.0,6.920040213844564e-15,0.003735757266330102,01101110011100000110101000100000010100110100001000000000,npj SB,npj SB,100.0,True
6MRR,global_rotation_translation,combined_xz_rotation_x_translation_then_kabsch_alignment,210,180,10.0,7.120710926295661e-15,0.0037357572663303472,01101110011100000110101000100000010100110100001000000000,npj SB,npj SB,100.0,True
6MRR,global_rotation_translation,combined_xz_rotation_x_translation_then_kabsch_alignment,210,210,10.0,5.087458368638497e-15,0.0037357572663300254,01101110011100000110101000100000010100110100001000000000,npj SB,npj SB,100.0,True
6MRR,global_rotation_translation,combined_xz_rotation_x_translation_then_kabsch_alignment,210,240,10.0,4.53922352181815e-15,0.0037357572663301217,01101110011100000110101000100000010100110100001000000000,npj SB,npj SB,100.0,True
6MRR,global_rotation_translation,combined_xz_rotation_x_translation_then_kabsch_alignment,210,270,10.0,4.817717443954257e-15,0.003735757266330379,01101110011100000110101000100000010100110100001000000000,npj SB,npj SB,100.0,True
6MRR,global_rotation_translation,combined_xz_rotation_x_translation_then_kabsch_alignment,210,300,10.0,3.177013322689193e-15,0.003735757266330432,01101110011100000110101000100000010100110100001000000000,npj SB,npj SB,100.0,True
6MRR,global_rotation_translation,combined_xz_rotation_x_translation_then_kabsch_alignment,210,330,10.0,7.614537799613774e-15,0.00373575726633026,01101110011100000110101000100000010100110100001000000000,npj SB,npj SB,100.0,True
6MRR,global_rotation_translation,combined_xz_rotation_x_translation_then_kabsch_alignment,210,360,10.0,6.354247729046875e-15,0.0037357572663301837,01101110011100000110101000100000010100110100001000000000,npj SB,npj SB,100.0,True
6MRR,global_rotation_translation,combined_xz_rotation_x_translation_then_kabsch_alignment,240,0,10.0,6.075178713277324e-15,0.003735757266330135,01101110011100000110101000100000010100110100001000000000,npj SB,npj SB,100.0,True
6MRR,global_rotation_translation,combined_xz_rotation_x_translation_then_kabsch_alignment,240,30,10.0,5.4088405037699604e-15,0.00373575726632984,01101110011100000110101000100000010100110100001000000000,npj SB,npj SB,100.0,True
6MRR,global_rotation_translation,combined_xz_rotation_x_translation_then_kabsch_alignment,240,60,10.0,4.358150501709209e-15,0.003735757266330167,01101110011100000110101000100000010100110100001000000000,npj SB,npj SB,100.0,True
6MRR,global_rotation_translation,combined_xz_rotation_x_translation_then_kabsch_alignment,240,90,10.0,3.5336699675313494e-15,0.00373575726633023,01101110011100000110101000100000010100110100001000000000,npj SB,npj SB,100.0,True
6MRR,global_rotation_translation,combined_xz_rotation_x_translation_then_kabsch_alignment,240,120,10.0,3.2564671221715633e-15,0.0037357572663305138,01101110011100000110101000100000010100110100001000000000,npj SB,npj SB,100.0,True
6MRR,global_rotation_translation,combined_xz_rotation_x_translation_then_kabsch_alignment,240,150,10.0,4.4509930285197905e-15,0.0037357572663303936,01101110011100000110101000100000010100110100001000000000,npj SB,npj SB,100.0,True
6MRR,global_rotation_translation,combined_xz_rotation_x_translation_then_kabsch_alignment,240,180,10.0,4.116189680609586e-15,0.0037357572663301855,01101110011100000110101000100000010100110100001000000000,npj SB,npj SB,100.0,True
6MRR,global_rotation_translation,combined_xz_rotation_x_translation_then_kabsch_alignment,240,210,10.0,5.253421756824119e-15,0.003735757266330436,01101110011100000110101000100000010100110100001000000000,npj SB,npj SB,100.0,True
6MRR,global_rotation_translation,combined_xz_rotation_x_translation_then_kabsch_alignment,240,240,10.0,3.748532278406028e-15,0.003735757266330577,01101110011100000110101000100000010100110100001000000000,npj SB,npj SB,100.0,True
6MRR,global_rotation_translation,combined_xz_rotation_x_translation_then_kabsch_alignment,240,270,10.0,3.781846587450083e-15,0.0037357572663303347,01101110011100000110101000100000010100110100001000000000,npj SB,npj SB,100.0,True
6MRR,global_rotation_translation,combined_xz_rotation_x_translation_then_kabsch_alignment,240,300,10.0,5.390208953373922e-15,0.0037357572663302627,01101110011100000110101000100000010100110100001000000000,npj SB,npj SB,100.0,True
6MRR,global_rotation_translation,combined_xz_rotation_x_translation_then_kabsch_alignment,240,330,10.0,5.506321389502983e-15,0.0037357572663307024,01101110011100000110101000100000010100110100001000000000,npj SB,npj SB,100.0,True
6MRR,global_rotation_translation,combined_xz_rotation_x_translation_then_kabsch_alignment,240,360,10.0,4.359273339820019e-15,0.0037357572663304856,01101110011100000110101000100000010100110100001000000000,npj SB,npj SB,100.0,True
6MRR,global_rotation_translation,combined_xz_rotation_x_translation_then_kabsch_alignment,270,0,10.0,3.696135025336029e-15,0.0037357572663300476,01101110011100000110101000100000010100110100001000000000,npj SB,npj SB,100.0,True
6MRR,global_rotation_translation,combined_xz_rotation_x_translation_then_kabsch_alignment,270,30,10.0,4.682865303932631e-15,0.0037357572663306257,01101110011100000110101000100000010100110100001000000000,npj SB,npj SB,100.0,True
6MRR,global_rotation_translation,combined_xz_rotation_x_translation_then_kabsch_alignment,270,60,10.0,6.469210482858638e-15,0.0037357572663299686,01101110011100000110101000100000010100110100001000000000,npj SB,npj SB,100.0,True
6MRR,global_rotation_translation,combined_xz_rotation_x_translation_then_kabsch_alignment,270,90,10.0,3.825498562203218e-15,0.003735757266330003,01101110011100000110101000100000010100110100001000000000,npj SB,npj SB,100.0,True
6MRR,global_rotation_translation,combined_xz_rotation_x_translation_then_kabsch_alignment,270,120,10.0,3.822275153116365e-15,0.0037357572663304535,01101110011100000110101000100000010100110100001000000000,npj SB,npj SB,100.0,True
6MRR,global_rotation_translation,combined_xz_rotation_x_translation_then_kabsch_alignment,270,150,10.0,4.088618351141258e-15,0.003735757266330491,01101110011100000110101000100000010100110100001000000000,npj SB,npj SB,100.0,True
6MRR,global_rotation_translation,combined_xz_rotation_x_translation_then_kabsch_alignment,270,180,10.0,5.072829208333539e-15,0.0037357572663302614,01101110011100000110101000100000010100110100001000000000,npj SB,npj SB,100.0,True
6MRR,global_rotation_translation,combined_xz_rotation_x_translation_then_kabsch_alignment,270,210,10.0,3.5039987610532543e-15,0.0037357572663301664,01101110011100000110101000100000010100110100001000000000,npj SB,npj SB,100.0,True
6MRR,global_rotation_translation,combined_xz_rotation_x_translation_then_kabsch_alignment,270,240,10.0,4.825236467540993e-15,0.0037357572663300003,01101110011100000110101000100000010100110100001000000000,npj SB,npj SB,100.0,True
6MRR,global_rotation_translation,combined_xz_rotation_x_translation_then_kabsch_alignment,270,270,10.0,3.9739594421663624e-15,0.003735757266330274,01101110011100000110101000100000010100110100001000000000,npj SB,npj SB,100.0,True
6MRR,global_rotation_translation,combined_xz_rotation_x_translation_then_kabsch_alignment,270,300,10.0,5.582415170885549e-15,0.003735757266330598,01101110011100000110101000100000010100110100001000000000,npj SB,npj SB,100.0,True
6MRR,global_rotation_translation,combined_xz_rotation_x_translation_then_kabsch_alignment,270,330,10.0,6.682956498912123e-15,0.0037357572663302844,01101110011100000110101000100000010100110100001000000000,npj SB,npj SB,100.0,True
6MRR,global_rotation_translation,combined_xz_rotation_x_translation_then_kabsch_alignment,270,360,10.0,5.566107378894426e-15,0.0037357572663299808,01101110011100000110101000100000010100110100001000000000,npj SB,npj SB,100.0,True
6MRR,global_rotation_translation,combined_xz_rotation_x_translation_then_kabsch_alignment,300,0,10.0,4.2153981191447574e-15,0.0037357572663302015,01101110011100000110101000100000010100110100001000000000,npj SB,npj SB,100.0,True
6MRR,global_rotation_translation,combined_xz_rotation_x_translation_then_kabsch_alignment,300,30,10.0,5.843742031088564e-15,0.0037357572663304036,01101110011100000110101000100000010100110100001000000000,npj SB,npj SB,100.0,True
6MRR,global_rotation_translation,combined_xz_rotation_x_translation_then_kabsch_alignment,300,60,10.0,5.8545419915022305e-15,0.0037357572663301373,01101110011100000110101000100000010100110100001000000000,npj SB,npj SB,100.0,True
6MRR,global_rotation_translation,combined_xz_rotation_x_translation_then_kabsch_alignment,300,90,10.0,3.078551379842513e-15,0.0037357572663305146,01101110011100000110101000100000010100110100001000000000,npj SB,npj SB,100.0,True
6MRR,global_rotation_translation,combined_xz_rotation_x_translation_then_kabsch_alignment,300,120,10.0,3.739042491909349e-15,0.0037357572663305294,01101110011100000110101000100000010100110100001000000000,npj SB,npj SB,100.0,True
6MRR,global_rotation_translation,combined_xz_rotation_x_translation_then_kabsch_alignment,300,150,10.0,3.8277722754777885e-15,0.0037357572663302353,01101110011100000110101000100000010100110100001000000000,npj SB,npj SB,100.0,True
6MRR,global_rotation_translation,combined_xz_rotation_x_translation_then_kabsch_alignment,300,180,10.0,3.3064033964900612e-15,0.0037357572663302687,01101110011100000110101000100000010100110100001000000000,npj SB,npj SB,100.0,True
6MRR,global_rotation_translation,combined_xz_rotation_x_translation_then_kabsch_alignment,300,210,10.0,4.44822290770636e-15,0.003735757266330737,01101110011100000110101000100000010100110100001000000000,npj SB,npj SB,100.0,True
6MRR,global_rotation_translation,combined_xz_rotation_x_translation_then_kabsch_alignment,300,240,10.0,5.472508253371355e-15,0.0037357572663299426,01101110011100000110101000100000010100110100001000000000,npj SB,npj SB,100.0,True
6MRR,global_rotation_translation,combined_xz_rotation_x_translation_then_kabsch_alignment,300,270,10.0,5.322663496213815e-15,0.0037357572663304865,01101110011100000110101000100000010100110100001000000000,npj SB,npj SB,100.0,True
6MRR,global_rotation_translation,combined_xz_rotation_x_translation_then_kabsch_alignment,300,300,10.0,2.5195149788595648e-15,0.0037357572663303793,01101110011100000110101000100000010100110100001000000000,npj SB,npj SB,100.0,True
6MRR,global_rotation_translation,combined_xz_rotation_x_translation_then_kabsch_alignment,300,330,10.0,4.871148872579489e-15,0.0037357572663305077,01101110011100000110101000100000010100110100001000000000,npj SB,npj SB,100.0,True
6MRR,global_rotation_translation,combined_xz_rotation_x_translation_then_kabsch_alignment,300,360,10.0,5.6644979182161986e-15,0.0037357572663305584,01101110011100000110101000100000010100110100001000000000,npj SB,npj SB,100.0,True
6MRR,global_rotation_translation,combined_xz_rotation_x_translation_then_kabsch_alignment,330,0,10.0,6.047216940712957e-15,0.0037357572663305016,01101110011100000110101000100000010100110100001000000000,npj SB,npj SB,100.0,True
6MRR,global_rotation_translation,combined_xz_rotation_x_translation_then_kabsch_alignment,330,30,10.0,3.573355595975397e-15,0.003735757266330397,01101110011100000110101000100000010100110100001000000000,npj SB,npj SB,100.0,True
6MRR,global_rotation_translation,combined_xz_rotation_x_translation_then_kabsch_alignment,330,60,10.0,4.409566798511042e-15,0.003735757266330087,01101110011100000110101000100000010100110100001000000000,npj SB,npj SB,100.0,True
6MRR,global_rotation_translation,combined_xz_rotation_x_translation_then_kabsch_alignment,330,90,10.0,3.915735610233129e-15,0.0037357572663301525,01101110011100000110101000100000010100110100001000000000,npj SB,npj SB,100.0,True
6MRR,global_rotation_translation,combined_xz_rotation_x_translation_then_kabsch_alignment,330,120,10.0,4.379890462336113e-15,0.0037357572663301968,01101110011100000110101000100000010100110100001000000000,npj SB,npj SB,100.0,True
6MRR,global_rotation_translation,combined_xz_rotation_x_translation_then_kabsch_alignment,330,150,10.0,5.044521688444982e-15,0.003735757266330571,01101110011100000110101000100000010100110100001000000000,npj SB,npj SB,100.0,True
6MRR,global_rotation_translation,combined_xz_rotation_x_translation_then_kabsch_alignment,330,180,10.0,3.2621397843618808e-15,0.0037357572663302757,01101110011100000110101000100000010100110100001000000000,npj SB,npj SB,100.0,True
6MRR,global_rotation_translation,combined_xz_rotation_x_translation_then_kabsch_alignment,330,210,10.0,4.8698835085850205e-15,0.0037357572663299808,01101110011100000110101000100000010100110100001000000000,npj SB,npj SB,100.0,True
6MRR,global_rotation_translation,combined_xz_rotation_x_translation_then_kabsch_alignment,330,240,10.0,3.9611672283449865e-15,0.003735757266330274,01101110011100000110101000100000010100110100001000000000,npj SB,npj SB,100.0,True
6MRR,global_rotation_translation,combined_xz_rotation_x_translation_then_kabsch_alignment,330,270,10.0,4.868189930139803e-15,0.003735757266330197,01101110011100000110101000100000010100110100001000000000,npj SB,npj SB,100.0,True
6MRR,global_rotation_translation,combined_xz_rotation_x_translation_then_kabsch_alignment,330,300,10.0,3.9191423159253966e-15,0.003735757266330328,01101110011100000110101000100000010100110100001000000000,npj SB,npj SB,100.0,True
6MRR,global_rotation_translation,combined_xz_rotation_x_translation_then_kabsch_alignment,330,330,10.0,4.138675128274396e-15,0.0037357572663307467,01101110011100000110101000100000010100110100001000000000,npj SB,npj SB,100.0,True
6MRR,global_rotation_translation,combined_xz_rotation_x_translation_then_kabsch_alignment,330,360,10.0,4.0571979568021655e-15,0.003735757266329833,01101110011100000110101000100000010100110100001000000000,npj SB,npj SB,100.0,True
6MRR,global_rotation_translation,combined_xz_rotation_x_translation_then_kabsch_alignment,360,0,10.0,3.324036506560208e-15,0.0037357572663304557,01101110011100000110101000100000010100110100001000000000,npj SB,npj SB,100.0,True
6MRR,global_rotation_translation,combined_xz_rotation_x_translation_then_kabsch_alignment,360,30,10.0,3.205986313633371e-15,0.0037357572663303308,01101110011100000110101000100000010100110100001000000000,npj SB,npj SB,100.0,True
6MRR,global_rotation_translation,combined_xz_rotation_x_translation_then_kabsch_alignment,360,60,10.0,3.2913161307838322e-15,0.0037357572663303854,01101110011100000110101000100000010100110100001000000000,npj SB,npj SB,100.0,True
6MRR,global_rotation_translation,combined_xz_rotation_x_translation_then_kabsch_alignment,360,90,10.0,6.563306957142855e-15,0.0037357572663307185,01101110011100000110101000100000010100110100001000000000,npj SB,npj SB,100.0,True
6MRR,global_rotation_translation,combined_xz_rotation_x_translation_then_kabsch_alignment,360,120,10.0,3.410315207019691e-15,0.003735757266330752,01101110011100000110101000100000010100110100001000000000,npj SB,npj SB,100.0,True
6MRR,global_rotation_translation,combined_xz_rotation_x_translation_then_kabsch_alignment,360,150,10.0,3.5010763794944363e-15,0.003735757266330396,01101110011100000110101000100000010100110100001000000000,npj SB,npj SB,100.0,True
6MRR,global_rotation_translation,combined_xz_rotation_x_translation_then_kabsch_alignment,360,180,10.0,6.2216439267940645e-15,0.003735757266330043,01101110011100000110101000100000010100110100001000000000,npj SB,npj SB,100.0,True
6MRR,global_rotation_translation,combined_xz_rotation_x_translation_then_kabsch_alignment,360,210,10.0,5.54761453364238e-15,0.0037357572663301577,01101110011100000110101000100000010100110100001000000000,npj SB,npj SB,100.0,True
6MRR,global_rotation_translation,combined_xz_rotation_x_translation_then_kabsch_alignment,360,240,10.0,3.746417618433582e-15,0.0037357572663302896,01101110011100000110101000100000010100110100001000000000,npj SB,npj SB,100.0,True
6MRR,global_rotation_translation,combined_xz_rotation_x_translation_then_kabsch_alignment,360,270,10.0,4.813835858321374e-15,0.0037357572663304366,01101110011100000110101000100000010100110100001000000000,npj SB,npj SB,100.0,True
6MRR,global_rotation_translation,combined_xz_rotation_x_translation_then_kabsch_alignment,360,300,10.0,3.3457009925178674e-15,0.003735757266330262,01101110011100000110101000100000010100110100001000000000,npj SB,npj SB,100.0,True
6MRR,global_rotation_translation,combined_xz_rotation_x_translation_then_kabsch_alignment,360,330,10.0,4.383293179478679e-15,0.0037357572663303928,01101110011100000110101000100000010100110100001000000000,npj SB,npj SB,100.0,True
6MRR,global_rotation_translation,combined_xz_rotation_x_translation_then_kabsch_alignment,360,360,10.0,5.36005988002502e-15,0.003735757266330221,01101110011100000110101000100000010100110100001000000000,npj SB,npj SB,100.0,True
6MRR,global_rotation_translation,combined_xz_rotation_x_translation_then_kabsch_alignment,0,0,50.0,1.5408330620348435e-14,0.003735757266330529,01101110011100000110101000100000010100110100001000000000,npj SB,npj SB,100.0,True
6MRR,global_rotation_translation,combined_xz_rotation_x_translation_then_kabsch_alignment,0,30,50.0,5.4716511375898645e-15,0.0037357572663300463,01101110011100000110101000100000010100110100001000000000,npj SB,npj SB,100.0,True
6MRR,global_rotation_translation,combined_xz_rotation_x_translation_then_kabsch_alignment,0,60,50.0,1.0396188792777974e-14,0.0037357572663307363,01101110011100000110101000100000010100110100001000000000,npj SB,npj SB,100.0,True
6MRR,global_rotation_translation,combined_xz_rotation_x_translation_then_kabsch_alignment,0,90,50.0,1.4183575821086437e-14,0.0037357572663304045,01101110011100000110101000100000010100110100001000000000,npj SB,npj SB,100.0,True
6MRR,global_rotation_translation,combined_xz_rotation_x_translation_then_kabsch_alignment,0,120,50.0,9.558599363503008e-15,0.0037357572663307553,01101110011100000110101000100000010100110100001000000000,npj SB,npj SB,100.0,True
6MRR,global_rotation_translation,combined_xz_rotation_x_translation_then_kabsch_alignment,0,150,50.0,1.179963276888932e-14,0.0037357572663302965,01101110011100000110101000100000010100110100001000000000,npj SB,npj SB,100.0,True
6MRR,global_rotation_translation,combined_xz_rotation_x_translation_then_kabsch_alignment,0,180,50.0,6.308368497390811e-15,0.0037357572663306313,01101110011100000110101000100000010100110100001000000000,npj SB,npj SB,100.0,True
6MRR,global_rotation_translation,combined_xz_rotation_x_translation_then_kabsch_alignment,0,210,50.0,8.26515360764559e-15,0.0037357572663306872,01101110011100000110101000100000010100110100001000000000,npj SB,npj SB,100.0,True
6MRR,global_rotation_translation,combined_xz_rotation_x_translation_then_kabsch_alignment,0,240,50.0,1.9252373053642925e-14,0.003735757266330866,01101110011100000110101000100000010100110100001000000000,npj SB,npj SB,100.0,True
6MRR,global_rotation_translation,combined_xz_rotation_x_translation_then_kabsch_alignment,0,270,50.0,5.21381342738759e-15,0.0037357572663303702,01101110011100000110101000100000010100110100001000000000,npj SB,npj SB,100.0,True
6MRR,global_rotation_translation,combined_xz_rotation_x_translation_then_kabsch_alignment,0,300,50.0,2.169175546705633e-14,0.00373575726633007,01101110011100000110101000100000010100110100001000000000,npj SB,npj SB,100.0,True
6MRR,global_rotation_translation,combined_xz_rotation_x_translation_then_kabsch_alignment,0,330,50.0,1.6430100427790462e-14,0.0037357572663305454,01101110011100000110101000100000010100110100001000000000,npj SB,npj SB,100.0,True
6MRR,global_rotation_translation,combined_xz_rotation_x_translation_then_kabsch_alignment,0,360,50.0,2.0774636237469635e-14,0.0037357572663304435,01101110011100000110101000100000010100110100001000000000,npj SB,npj SB,100.0,True
6MRR,global_rotation_translation,combined_xz_rotation_x_translation_then_kabsch_alignment,30,0,50.0,1.530802552158087e-14,0.0037357572663302345,01101110011100000110101000100000010100110100001000000000,npj SB,npj SB,100.0,True
6MRR,global_rotation_translation,combined_xz_rotation_x_translation_then_kabsch_alignment,30,30,50.0,5.952230231514744e-15,0.003735757266330353,01101110011100000110101000100000010100110100001000000000,npj SB,npj SB,100.0,True
6MRR,global_rotation_translation,combined_xz_rotation_x_translation_then_kabsch_alignment,30,60,50.0,1.0684363478264173e-14,0.003735757266330061,01101110011100000110101000100000010100110100001000000000,npj SB,npj SB,100.0,True
6MRR,global_rotation_translation,combined_xz_rotation_x_translation_then_kabsch_alignment,30,90,50.0,1.0936281061237855e-14,0.003735757266329904,01101110011100000110101000100000010100110100001000000000,npj SB,npj SB,100.0,True
6MRR,global_rotation_translation,combined_xz_rotation_x_translation_then_kabsch_alignment,30,120,50.0,1.1944480921340695e-14,0.003735757266330451,01101110011100000110101000100000010100110100001000000000,npj SB,npj SB,100.0,True
6MRR,global_rotation_translation,combined_xz_rotation_x_translation_then_kabsch_alignment,30,150,50.0,6.673184958482745e-15,0.003735757266330202,01101110011100000110101000100000010100110100001000000000,npj SB,npj SB,100.0,True
6MRR,global_rotation_translation,combined_xz_rotation_x_translation_then_kabsch_alignment,30,180,50.0,6.635375546316149e-15,0.003735757266330381,01101110011100000110101000100000010100110100001000000000,npj SB,npj SB,100.0,True
6MRR,global_rotation_translation,combined_xz_rotation_x_translation_then_kabsch_alignment,30,210,50.0,6.6430201322680954e-15,0.0037357572663303295,01101110011100000110101000100000010100110100001000000000,npj SB,npj SB,100.0,True
6MRR,global_rotation_translation,combined_xz_rotation_x_translation_then_kabsch_alignment,30,240,50.0,2.449906424867338e-14,0.0037357572663308464,01101110011100000110101000100000010100110100001000000000,npj SB,npj SB,100.0,True
6MRR,global_rotation_translation,combined_xz_rotation_x_translation_then_kabsch_alignment,30,270,50.0,9.153702995645469e-15,0.0037357572663308655,01101110011100000110101000100000010100110100001000000000,npj SB,npj SB,100.0,True
6MRR,global_rotation_translation,combined_xz_rotation_x_translation_then_kabsch_alignment,30,300,50.0,1.13811119806338e-14,0.003735757266330557,01101110011100000110101000100000010100110100001000000000,npj SB,npj SB,100.0,True
6MRR,global_rotation_translation,combined_xz_rotation_x_translation_then_kabsch_alignment,30,330,50.0,7.468304065411104e-15,0.0037357572663302262,01101110011100000110101000100000010100110100001000000000,npj SB,npj SB,100.0,True
6MRR,global_rotation_translation,combined_xz_rotation_x_translation_then_kabsch_alignment,30,360,50.0,1.6973945170774378e-14,0.003735757266330292,01101110011100000110101000100000010100110100001000000000,npj SB,npj SB,100.0,True
6MRR,global_rotation_translation,combined_xz_rotation_x_translation_then_kabsch_alignment,60,0,50.0,1.5315992514568753e-14,0.0037357572663302813,01101110011100000110101000100000010100110100001000000000,npj SB,npj SB,100.0,True
6MRR,global_rotation_translation,combined_xz_rotation_x_translation_then_kabsch_alignment,60,30,50.0,1.3214476583112897e-14,0.0037357572663299166,01101110011100000110101000100000010100110100001000000000,npj SB,npj SB,100.0,True
6MRR,global_rotation_translation,combined_xz_rotation_x_translation_then_kabsch_alignment,60,60,50.0,5.72700110327525e-15,0.003735757266330338,01101110011100000110101000100000010100110100001000000000,npj SB,npj SB,100.0,True
6MRR,global_rotation_translation,combined_xz_rotation_x_translation_then_kabsch_alignment,60,90,50.0,6.7345089628255965e-15,0.0037357572663302696,01101110011100000110101000100000010100110100001000000000,npj SB,npj SB,100.0,True
6MRR,global_rotation_translation,combined_xz_rotation_x_translation_then_kabsch_alignment,60,120,50.0,1.7636825821500954e-14,0.0037357572663309874,01101110011100000110101000100000010100110100001000000000,npj SB,npj SB,100.0,True
6MRR,global_rotation_translation,combined_xz_rotation_x_translation_then_kabsch_alignment,60,150,50.0,7.638068382214405e-15,0.003735757266329663,01101110011100000110101000100000010100110100001000000000,npj SB,npj SB,100.0,True
6MRR,global_rotation_translation,combined_xz_rotation_x_translation_then_kabsch_alignment,60,180,50.0,5.911895447551166e-15,0.0037357572663303503,01101110011100000110101000100000010100110100001000000000,npj SB,npj SB,100.0,True
6MRR,global_rotation_translation,combined_xz_rotation_x_translation_then_kabsch_alignment,60,210,50.0,1.753374874813272e-14,0.0037357572663305845,01101110011100000110101000100000010100110100001000000000,npj SB,npj SB,100.0,True
6MRR,global_rotation_translation,combined_xz_rotation_x_translation_then_kabsch_alignment,60,240,50.0,1.1719710483534248e-14,0.0037357572663303663,01101110011100000110101000100000010100110100001000000000,npj SB,npj SB,100.0,True
6MRR,global_rotation_translation,combined_xz_rotation_x_translation_then_kabsch_alignment,60,270,50.0,4.749058999021587e-14,0.0037357572663305923,01101110011100000110101000100000010100110100001000000000,npj SB,npj SB,100.0,True
6MRR,global_rotation_translation,combined_xz_rotation_x_translation_then_kabsch_alignment,60,300,50.0,1.3280482912422277e-14,0.0037357572663305277,01101110011100000110101000100000010100110100001000000000,npj SB,npj SB,100.0,True
6MRR,global_rotation_translation,combined_xz_rotation_x_translation_then_kabsch_alignment,60,330,50.0,1.2423643828084792e-14,0.0037357572663306656,01101110011100000110101000100000010100110100001000000000,npj SB,npj SB,100.0,True
6MRR,global_rotation_translation,combined_xz_rotation_x_translation_then_kabsch_alignment,60,360,50.0,1.5998605081477716e-14,0.003735757266329957,01101110011100000110101000100000010100110100001000000000,npj SB,npj SB,100.0,True
6MRR,global_rotation_translation,combined_xz_rotation_x_translation_then_kabsch_alignment,90,0,50.0,1.481456897809e-14,0.0037357572663303993,01101110011100000110101000100000010100110100001000000000,npj SB,npj SB,100.0,True
6MRR,global_rotation_translation,combined_xz_rotation_x_translation_then_kabsch_alignment,90,30,50.0,8.001215663596828e-15,0.0037357572663303477,01101110011100000110101000100000010100110100001000000000,npj SB,npj SB,100.0,True
6MRR,global_rotation_translation,combined_xz_rotation_x_translation_then_kabsch_alignment,90,60,50.0,4.8124471375015324e-15,0.00373575726633063,01101110011100000110101000100000010100110100001000000000,npj SB,npj SB,100.0,True
6MRR,global_rotation_translation,combined_xz_rotation_x_translation_then_kabsch_alignment,90,90,50.0,7.562992165825478e-15,0.0037357572663304145,01101110011100000110101000100000010100110100001000000000,npj SB,npj SB,100.0,True
6MRR,global_rotation_translation,combined_xz_rotation_x_translation_then_kabsch_alignment,90,120,50.0,7.516110757615982e-15,0.0037357572663304817,01101110011100000110101000100000010100110100001000000000,npj SB,npj SB,100.0,True
6MRR,global_rotation_translation,combined_xz_rotation_x_translation_then_kabsch_alignment,90,150,50.0,6.415484165323556e-15,0.00373575726633034,01101110011100000110101000100000010100110100001000000000,npj SB,npj SB,100.0,True
6MRR,global_rotation_translation,combined_xz_rotation_x_translation_then_kabsch_alignment,90,180,50.0,4.997953377003021e-15,0.003735757266330588,01101110011100000110101000100000010100110100001000000000,npj SB,npj SB,100.0,True
6MRR,global_rotation_translation,combined_xz_rotation_x_translation_then_kabsch_alignment,90,210,50.0,2.900683015539639e-14,0.003735757266330754,01101110011100000110101000100000010100110100001000000000,npj SB,npj SB,100.0,True
6MRR,global_rotation_translation,combined_xz_rotation_x_translation_then_kabsch_alignment,90,240,50.0,1.5009857717060582e-14,0.0037357572663303125,01101110011100000110101000100000010100110100001000000000,npj SB,npj SB,100.0,True
6MRR,global_rotation_translation,combined_xz_rotation_x_translation_then_kabsch_alignment,90,270,50.0,1.4795714274840123e-14,0.003735757266329548,01101110011100000110101000100000010100110100001000000000,npj SB,npj SB,100.0,True
6MRR,global_rotation_translation,combined_xz_rotation_x_translation_then_kabsch_alignment,90,300,50.0,1.089183724402834e-14,0.0037357572663305086,01101110011100000110101000100000010100110100001000000000,npj SB,npj SB,100.0,True
6MRR,global_rotation_translation,combined_xz_rotation_x_translation_then_kabsch_alignment,90,330,50.0,1.4312150403805483e-14,0.0037357572663307,01101110011100000110101000100000010100110100001000000000,npj SB,npj SB,100.0,True
6MRR,global_rotation_translation,combined_xz_rotation_x_translation_then_kabsch_alignment,90,360,50.0,1.596789967470448e-14,0.003735757266330184,01101110011100000110101000100000010100110100001000000000,npj SB,npj SB,100.0,True
6MRR,global_rotation_translation,combined_xz_rotation_x_translation_then_kabsch_alignment,120,0,50.0,1.4686225236047466e-14,0.0037357572663303377,01101110011100000110101000100000010100110100001000000000,npj SB,npj SB,100.0,True
6MRR,global_rotation_translation,combined_xz_rotation_x_translation_then_kabsch_alignment,120,30,50.0,6.288899976462863e-15,0.003735757266330945,01101110011100000110101000100000010100110100001000000000,npj SB,npj SB,100.0,True
6MRR,global_rotation_translation,combined_xz_rotation_x_translation_then_kabsch_alignment,120,60,50.0,6.623563734816224e-15,0.0037357572663303056,01101110011100000110101000100000010100110100001000000000,npj SB,npj SB,100.0,True
6MRR,global_rotation_translation,combined_xz_rotation_x_translation_then_kabsch_alignment,120,90,50.0,7.174070182667656e-15,0.0037357572663305333,01101110011100000110101000100000010100110100001000000000,npj SB,npj SB,100.0,True
6MRR,global_rotation_translation,combined_xz_rotation_x_translation_then_kabsch_alignment,120,120,50.0,1.6366303480060714e-14,0.003735757266329711,01101110011100000110101000100000010100110100001000000000,npj SB,npj SB,100.0,True
6MRR,global_rotation_translation,combined_xz_rotation_x_translation_then_kabsch_alignment,120,150,50.0,6.8305059482278624e-15,0.0037357572663305806,01101110011100000110101000100000010100110100001000000000,npj SB,npj SB,100.0,True
6MRR,global_rotation_translation,combined_xz_rotation_x_translation_then_kabsch_alignment,120,180,50.0,5.919785362669884e-15,0.0037357572663306022,01101110011100000110101000100000010100110100001000000000,npj SB,npj SB,100.0,True
6MRR,global_rotation_translation,combined_xz_rotation_x_translation_then_kabsch_alignment,120,210,50.0,8.031244565164563e-15,0.0037357572663301135,01101110011100000110101000100000010100110100001000000000,npj SB,npj SB,100.0,True
6MRR,global_rotation_translation,combined_xz_rotation_x_translation_then_kabsch_alignment,120,240,50.0,5.866341820783141e-15,0.003735757266330287,01101110011100000110101000100000010100110100001000000000,npj SB,npj SB,100.0,True
6MRR,global_rotation_translation,combined_xz_rotation_x_translation_then_kabsch_alignment,120,270,50.0,8.097238507216547e-15,0.0037357572663305767,01101110011100000110101000100000010100110100001000000000,npj SB,npj SB,100.0,True
6MRR,global_rotation_translation,combined_xz_rotation_x_translation_then_kabsch_alignment,120,300,50.0,6.686752686086589e-15,0.0037357572663302497,01101110011100000110101000100000010100110100001000000000,npj SB,npj SB,100.0,True
6MRR,global_rotation_translation,combined_xz_rotation_x_translation_then_kabsch_alignment,120,330,50.0,1.3929932367562057e-14,0.003735757266331162,01101110011100000110101000100000010100110100001000000000,npj SB,npj SB,100.0,True
6MRR,global_rotation_translation,combined_xz_rotation_x_translation_then_kabsch_alignment,120,360,50.0,1.64995084048899e-14,0.003735757266330488,01101110011100000110101000100000010100110100001000000000,npj SB,npj SB,100.0,True
6MRR,global_rotation_translation,combined_xz_rotation_x_translation_then_kabsch_alignment,150,0,50.0,1.9206723841711498e-14,0.0037357572663299777,01101110011100000110101000100000010100110100001000000000,npj SB,npj SB,100.0,True
6MRR,global_rotation_translation,combined_xz_rotation_x_translation_then_kabsch_alignment,150,30,50.0,7.603674975860063e-15,0.0037357572663301595,01101110011100000110101000100000010100110100001000000000,npj SB,npj SB,100.0,True
6MRR,global_rotation_translation,combined_xz_rotation_x_translation_then_kabsch_alignment,150,60,50.0,6.2170084043626595e-15,0.0037357572663307115,01101110011100000110101000100000010100110100001000000000,npj SB,npj SB,100.0,True
6MRR,global_rotation_translation,combined_xz_rotation_x_translation_then_kabsch_alignment,150,90,50.0,1.620549552493515e-14,0.0037357572663303962,01101110011100000110101000100000010100110100001000000000,npj SB,npj SB,100.0,True
6MRR,global_rotation_translation,combined_xz_rotation_x_translation_then_kabsch_alignment,150,120,50.0,9.07989948376892e-15,0.003735757266330155,01101110011100000110101000100000010100110100001000000000,npj SB,npj SB,100.0,True
6MRR,global_rotation_translation,combined_xz_rotation_x_translation_then_kabsch_alignment,150,150,50.0,2.3273782025250588e-14,0.0037357572663308434,01101110011100000110101000100000010100110100001000000000,npj SB,npj SB,100.0,True
6MRR,global_rotation_translation,combined_xz_rotation_x_translation_then_kabsch_alignment,150,180,50.0,6.069581731900537e-15,0.0037357572663303104,01101110011100000110101000100000010100110100001000000000,npj SB,npj SB,100.0,True
6MRR,global_rotation_translation,combined_xz_rotation_x_translation_then_kabsch_alignment,150,210,50.0,6.542722244747023e-15,0.0037357572663300176,01101110011100000110101000100000010100110100001000000000,npj SB,npj SB,100.0,True
6MRR,global_rotation_translation,combined_xz_rotation_x_translation_then_kabsch_alignment,150,240,50.0,5.934907651421718e-15,0.003735757266330287,01101110011100000110101000100000010100110100001000000000,npj SB,npj SB,100.0,True
6MRR,global_rotation_translation,combined_xz_rotation_x_translation_then_kabsch_alignment,150,270,50.0,1.0455804602764274e-14,0.0037357572663301673,01101110011100000110101000100000010100110100001000000000,npj SB,npj SB,100.0,True
6MRR,global_rotation_translation,combined_xz_rotation_x_translation_then_kabsch_alignment,150,300,50.0,1.4192982840799788e-14,0.003735757266329974,01101110011100000110101000100000010100110100001000000000,npj SB,npj SB,100.0,True
6MRR,global_rotation_translation,combined_xz_rotation_x_translation_then_kabsch_alignment,150,330,50.0,9.61126377936627e-15,0.0037357572663298637,01101110011100000110101000100000010100110100001000000000,npj SB,npj SB,100.0,True
6MRR,global_rotation_translation,combined_xz_rotation_x_translation_then_kabsch_alignment,150,360,50.0,1.600049141318296e-14,0.0037357572663302397,01101110011100000110101000100000010100110100001000000000,npj SB,npj SB,100.0,True
6MRR,global_rotation_translation,combined_xz_rotation_x_translation_then_kabsch_alignment,180,0,50.0,2.02474951796524e-14,0.0037357572663301057,01101110011100000110101000100000010100110100001000000000,npj SB,npj SB,100.0,True
6MRR,global_rotation_translation,combined_xz_rotation_x_translation_then_kabsch_alignment,180,30,50.0,2.2842200925777408e-14,0.0037357572663309154,01101110011100000110101000100000010100110100001000000000,npj SB,npj SB,100.0,True
6MRR,global_rotation_translation,combined_xz_rotation_x_translation_then_kabsch_alignment,180,60,50.0,2.3632152411015884e-14,0.0037357572663304127,01101110011100000110101000100000010100110100001000000000,npj SB,npj SB,100.0,True
6MRR,global_rotation_translation,combined_xz_rotation_x_translation_then_kabsch_alignment,180,90,50.0,5.718385613419517e-15,0.003735757266330341,01101110011100000110101000100000010100110100001000000000,npj SB,npj SB,100.0,True
6MRR,global_rotation_translation,combined_xz_rotation_x_translation_then_kabsch_alignment,180,120,50.0,2.639769232031925e-14,0.0037357572663301824,01101110011100000110101000100000010100110100001000000000,npj SB,npj SB,100.0,True
6MRR,global_rotation_translation,combined_xz_rotation_x_translation_then_kabsch_alignment,180,150,50.0,7.840752886859197e-15,0.003735757266330008,01101110011100000110101000100000010100110100001000000000,npj SB,npj SB,100.0,True
6MRR,global_rotation_translation,combined_xz_rotation_x_translation_then_kabsch_alignment,180,180,50.0,6.187475977043801e-15,0.0037357572663303047,01101110011100000110101000100000010100110100001000000000,npj SB,npj SB,100.0,True
6MRR,global_rotation_translation,combined_xz_rotation_x_translation_then_kabsch_alignment,180,210,50.0,1.2348011229230779e-14,0.003735757266330704,01101110011100000110101000100000010100110100001000000000,npj SB,npj SB,100.0,True
6MRR,global_rotation_translation,combined_xz_rotation_x_translation_then_kabsch_alignment,180,240,50.0,7.954683826075445e-15,0.0037357572663306846,01101110011100000110101000100000010100110100001000000000,npj SB,npj SB,100.0,True
6MRR,global_rotation_translation,combined_xz_rotation_x_translation_then_kabsch_alignment,180,270,50.0,1.3005643721544585e-14,0.0037357572663305754,01101110011100000110101000100000010100110100001000000000,npj SB,npj SB,100.0,True
6MRR,global_rotation_translation,combined_xz_rotation_x_translation_then_kabsch_alignment,180,300,50.0,7.981254755024382e-15,0.0037357572663304726,01101110011100000110101000100000010100110100001000000000,npj SB,npj SB,100.0,True
6MRR,global_rotation_translation,combined_xz_rotation_x_translation_then_kabsch_alignment,180,330,50.0,5.065105145126113e-15,0.0037357572663302627,01101110011100000110101000100000010100110100001000000000,npj SB,npj SB,100.0,True
6MRR,global_rotation_translation,combined_xz_rotation_x_translation_then_kabsch_alignment,180,360,50.0,1.74050020933218e-14,0.0037357572663306647,01101110011100000110101000100000010100110100001000000000,npj SB,npj SB,100.0,True
6MRR,global_rotation_translation,combined_xz_rotation_x_translation_then_kabsch_alignment,210,0,50.0,2.10525866152812e-14,0.003735757266330027,01101110011100000110101000100000010100110100001000000000,npj SB,npj SB,100.0,True
6MRR,global_rotation_translation,combined_xz_rotation_x_translation_then_kabsch_alignment,210,30,50.0,1.0796560054483656e-14,0.0037357572663306235,01101110011100000110101000100000010100110100001000000000,npj SB,npj SB,100.0,True
6MRR,global_rotation_translation,combined_xz_rotation_x_translation_then_kabsch_alignment,210,60,50.0,9.312019342767313e-15,0.003735757266330192,01101110011100000110101000100000010100110100001000000000,npj SB,npj SB,100.0,True
6MRR,global_rotation_translation,combined_xz_rotation_x_translation_then_kabsch_alignment,210,90,50.0,1.0681512918750038e-14,0.003735757266330049,01101110011100000110101000100000010100110100001000000000,npj SB,npj SB,100.0,True
6MRR,global_rotation_translation,combined_xz_rotation_x_translation_then_kabsch_alignment,210,120,50.0,2.0504057361121037e-14,0.0037357572663305402,01101110011100000110101000100000010100110100001000000000,npj SB,npj SB,100.0,True
6MRR,global_rotation_translation,combined_xz_rotation_x_translation_then_kabsch_alignment,210,150,50.0,7.289817366813697e-15,0.0037357572663305376,01101110011100000110101000100000010100110100001000000000,npj SB,npj SB,100.0,True
6MRR,global_rotation_translation,combined_xz_rotation_x_translation_then_kabsch_alignment,210,180,50.0,6.187783570098766e-15,0.0037357572663303633,01101110011100000110101000100000010100110100001000000000,npj SB,npj SB,100.0,True
6MRR,global_rotation_translation,combined_xz_rotation_x_translation_then_kabsch_alignment,210,210,50.0,1.365518237211437e-14,0.003735757266329914,01101110011100000110101000100000010100110100001000000000,npj SB,npj SB,100.0,True
6MRR,global_rotation_translation,combined_xz_rotation_x_translation_then_kabsch_alignment,210,240,50.0,1.0215608966016672e-14,0.0037357572663301356,01101110011100000110101000100000010100110100001000000000,npj SB,npj SB,100.0,True
6MRR,global_rotation_translation,combined_xz_rotation_x_translation_then_kabsch_alignment,210,270,50.0,1.2280417451751378e-14,0.003735757266330189,01101110011100000110101000100000010100110100001000000000,npj SB,npj SB,100.0,True
6MRR,global_rotation_translation,combined_xz_rotation_x_translation_then_kabsch_alignment,210,300,50.0,7.861347263634468e-15,0.0037357572663307857,01101110011100000110101000100000010100110100001000000000,npj SB,npj SB,100.0,True
6MRR,global_rotation_translation,combined_xz_rotation_x_translation_then_kabsch_alignment,210,330,50.0,7.920337914291952e-15,0.003735757266330068,01101110011100000110101000100000010100110100001000000000,npj SB,npj SB,100.0,True
6MRR,global_rotation_translation,combined_xz_rotation_x_translation_then_kabsch_alignment,210,360,50.0,1.5442265712070043e-14,0.0037357572663304596,01101110011100000110101000100000010100110100001000000000,npj SB,npj SB,100.0,True
6MRR,global_rotation_translation,combined_xz_rotation_x_translation_then_kabsch_alignment,240,0,50.0,1.8970111513025093e-14,0.0037357572663302406,01101110011100000110101000100000010100110100001000000000,npj SB,npj SB,100.0,True
6MRR,global_rotation_translation,combined_xz_rotation_x_translation_then_kabsch_alignment,240,30,50.0,1.6180958681599792e-14,0.0037357572663299803,01101110011100000110101000100000010100110100001000000000,npj SB,npj SB,100.0,True
6MRR,global_rotation_translation,combined_xz_rotation_x_translation_then_kabsch_alignment,240,60,50.0,6.807965024414661e-15,0.003735757266330278,01101110011100000110101000100000010100110100001000000000,npj SB,npj SB,100.0,True
6MRR,global_rotation_translation,combined_xz_rotation_x_translation_then_kabsch_alignment,240,90,50.0,3.5307596308481117e-14,0.003735757266330732,01101110011100000110101000100000010100110100001000000000,npj SB,npj SB,100.0,True
6MRR,global_rotation_translation,combined_xz_rotation_x_translation_then_kabsch_alignment,240,120,50.0,6.845350771356715e-15,0.0037357572663303607,01101110011100000110101000100000010100110100001000000000,npj SB,npj SB,100.0,True
6MRR,global_rotation_translation,combined_xz_rotation_x_translation_then_kabsch_alignment,240,150,50.0,1.208388940298383e-14,0.0037357572663303355,01101110011100000110101000100000010100110100001000000000,npj SB,npj SB,100.0,True
6MRR,global_rotation_translation,combined_xz_rotation_x_translation_then_kabsch_alignment,240,180,50.0,6.340225781408522e-15,0.0037357572663303646,01101110011100000110101000100000010100110100001000000000,npj SB,npj SB,100.0,True
6MRR,global_rotation_translation,combined_xz_rotation_x_translation_then_kabsch_alignment,240,210,50.0,8.227374153483377e-15,0.0037357572663301204,01101110011100000110101000100000010100110100001000000000,npj SB,npj SB,100.0,True
6MRR,global_rotation_translation,combined_xz_rotation_x_translation_then_kabsch_alignment,240,240,50.0,1.1208171496748812e-14,0.0037357572663309934,01101110011100000110101000100000010100110100001000000000,npj SB,npj SB,100.0,True
6MRR,global_rotation_translation,combined_xz_rotation_x_translation_then_kabsch_alignment,240,270,50.0,1.5547223914392327e-14,0.003735757266330181,01101110011100000110101000100000010100110100001000000000,npj SB,npj SB,100.0,True
6MRR,global_rotation_translation,combined_xz_rotation_x_translation_then_kabsch_alignment,240,300,50.0,6.076043919356932e-15,0.0037357572663300966,01101110011100000110101000100000010100110100001000000000,npj SB,npj SB,100.0,True
6MRR,global_rotation_translation,combined_xz_rotation_x_translation_then_kabsch_alignment,240,330,50.0,1.653386438417412e-14,0.0037357572663300606,01101110011100000110101000100000010100110100001000000000,npj SB,npj SB,100.0,True
6MRR,global_rotation_translation,combined_xz_rotation_x_translation_then_kabsch_alignment,240,360,50.0,2.0821703232566986e-14,0.0037357572663302627,01101110011100000110101000100000010100110100001000000000,npj SB,npj SB,100.0,True
6MRR,global_rotation_translation,combined_xz_rotation_x_translation_then_kabsch_alignment,270,0,50.0,1.4655955039149264e-14,0.003735757266330182,01101110011100000110101000100000010100110100001000000000,npj SB,npj SB,100.0,True
6MRR,global_rotation_translation,combined_xz_rotation_x_translation_then_kabsch_alignment,270,30,50.0,1.4081793891192209e-14,0.0037357572663304617,01101110011100000110101000100000010100110100001000000000,npj SB,npj SB,100.0,True
6MRR,global_rotation_translation,combined_xz_rotation_x_translation_then_kabsch_alignment,270,60,50.0,1.0118048892342964e-14,0.003735757266330252,01101110011100000110101000100000010100110100001000000000,npj SB,npj SB,100.0,True
6MRR,global_rotation_translation,combined_xz_rotation_x_translation_then_kabsch_alignment,270,90,50.0,1.3751691162447127e-14,0.003735757266330065,01101110011100000110101000100000010100110100001000000000,npj SB,npj SB,100.0,True
6MRR,global_rotation_translation,combined_xz_rotation_x_translation_then_kabsch_alignment,270,120,50.0,9.38878666700965e-15,0.003735757266330464,01101110011100000110101000100000010100110100001000000000,npj SB,npj SB,100.0,True
6MRR,global_rotation_translation,combined_xz_rotation_x_translation_then_kabsch_alignment,270,150,50.0,2.949660459952333e-14,0.0037357572663306807,01101110011100000110101000100000010100110100001000000000,npj SB,npj SB,100.0,True
6MRR,global_rotation_translation,combined_xz_rotation_x_translation_then_kabsch_alignment,270,180,50.0,8.347148538997133e-15,0.003735757266330304,01101110011100000110101000100000010100110100001000000000,npj SB,npj SB,100.0,True
6MRR,global_rotation_translation,combined_xz_rotation_x_translation_then_kabsch_alignment,270,210,50.0,3.989528571197734e-15,0.003735757266330526,01101110011100000110101000100000010100110100001000000000,npj SB,npj SB,100.0,True
6MRR,global_rotation_translation,combined_xz_rotation_x_translation_then_kabsch_alignment,270,240,50.0,5.22907453097034e-15,0.003735757266330467,01101110011100000110101000100000010100110100001000000000,npj SB,npj SB,100.0,True
6MRR,global_rotation_translation,combined_xz_rotation_x_translation_then_kabsch_alignment,270,270,50.0,5.6291878523452e-15,0.0037357572663304192,01101110011100000110101000100000010100110100001000000000,npj SB,npj SB,100.0,True
6MRR,global_rotation_translation,combined_xz_rotation_x_translation_then_kabsch_alignment,270,300,50.0,6.9201449893180735e-15,0.003735757266330745,01101110011100000110101000100000010100110100001000000000,npj SB,npj SB,100.0,True
6MRR,global_rotation_translation,combined_xz_rotation_x_translation_then_kabsch_alignment,270,330,50.0,9.114330639232807e-15,0.0037357572663300315,01101110011100000110101000100000010100110100001000000000,npj SB,npj SB,100.0,True
6MRR,global_rotation_translation,combined_xz_rotation_x_translation_then_kabsch_alignment,270,360,50.0,1.461932489263885e-14,0.00373575726632994,01101110011100000110101000100000010100110100001000000000,npj SB,npj SB,100.0,True
6MRR,global_rotation_translation,combined_xz_rotation_x_translation_then_kabsch_alignment,300,0,50.0,1.4691013325970938e-14,0.003735757266330144,01101110011100000110101000100000010100110100001000000000,npj SB,npj SB,100.0,True
6MRR,global_rotation_translation,combined_xz_rotation_x_translation_then_kabsch_alignment,300,30,50.0,9.300605509223957e-15,0.003735757266330236,01101110011100000110101000100000010100110100001000000000,npj SB,npj SB,100.0,True
6MRR,global_rotation_translation,combined_xz_rotation_x_translation_then_kabsch_alignment,300,60,50.0,1.0054790642509224e-14,0.003735757266330222,01101110011100000110101000100000010100110100001000000000,npj SB,npj SB,100.0,True
6MRR,global_rotation_translation,combined_xz_rotation_x_translation_then_kabsch_alignment,300,90,50.0,6.8230714250773695e-15,0.003735757266330622,01101110011100000110101000100000010100110100001000000000,npj SB,npj SB,100.0,True
6MRR,global_rotation_translation,combined_xz_rotation_x_translation_then_kabsch_alignment,300,120,50.0,5.110565120006347e-15,0.0037357572663304977,01101110011100000110101000100000010100110100001000000000,npj SB,npj SB,100.0,True
6MRR,global_rotation_translation,combined_xz_rotation_x_translation_then_kabsch_alignment,300,150,50.0,7.43368604962117e-15,0.003735757266330557,01101110011100000110101000100000010100110100001000000000,npj SB,npj SB,100.0,True
6MRR,global_rotation_translation,combined_xz_rotation_x_translation_then_kabsch_alignment,300,180,50.0,6.094155128283955e-15,0.003735757266330304,01101110011100000110101000100000010100110100001000000000,npj SB,npj SB,100.0,True
6MRR,global_rotation_translation,combined_xz_rotation_x_translation_then_kabsch_alignment,300,210,50.0,1.3731429890415845e-14,0.0037357572663303815,01101110011100000110101000100000010100110100001000000000,npj SB,npj SB,100.0,True
6MRR,global_rotation_translation,combined_xz_rotation_x_translation_then_kabsch_alignment,300,240,50.0,1.2929490172655041e-14,0.003735757266329674,01101110011100000110101000100000010100110100001000000000,npj SB,npj SB,100.0,True
6MRR,global_rotation_translation,combined_xz_rotation_x_translation_then_kabsch_alignment,300,270,50.0,7.731521487127099e-15,0.003735757266330102,01101110011100000110101000100000010100110100001000000000,npj SB,npj SB,100.0,True
6MRR,global_rotation_translation,combined_xz_rotation_x_translation_then_kabsch_alignment,300,300,50.0,1.1303763729236061e-14,0.003735757266330358,01101110011100000110101000100000010100110100001000000000,npj SB,npj SB,100.0,True
6MRR,global_rotation_translation,combined_xz_rotation_x_translation_then_kabsch_alignment,300,330,50.0,8.828064705561042e-15,0.003735757266330821,01101110011100000110101000100000010100110100001000000000,npj SB,npj SB,100.0,True
6MRR,global_rotation_translation,combined_xz_rotation_x_translation_then_kabsch_alignment,300,360,50.0,1.9837696257085552e-14,0.0037357572663300987,01101110011100000110101000100000010100110100001000000000,npj SB,npj SB,100.0,True
6MRR,global_rotation_translation,combined_xz_rotation_x_translation_then_kabsch_alignment,330,0,50.0,1.4532223308146957e-14,0.0037357572663302987,01101110011100000110101000100000010100110100001000000000,npj SB,npj SB,100.0,True
6MRR,global_rotation_translation,combined_xz_rotation_x_translation_then_kabsch_alignment,330,30,50.0,1.1894722901292156e-14,0.0037357572663314596,01101110011100000110101000100000010100110100001000000000,npj SB,npj SB,100.0,True
6MRR,global_rotation_translation,combined_xz_rotation_x_translation_then_kabsch_alignment,330,60,50.0,9.210242054067182e-15,0.0037357572663305493,01101110011100000110101000100000010100110100001000000000,npj SB,npj SB,100.0,True
6MRR,global_rotation_translation,combined_xz_rotation_x_translation_then_kabsch_alignment,330,90,50.0,1.2582882555445143e-14,0.0037357572663300515,01101110011100000110101000100000010100110100001000000000,npj SB,npj SB,100.0,True
6MRR,global_rotation_translation,combined_xz_rotation_x_translation_then_kabsch_alignment,330,120,50.0,7.759417366621661e-15,0.0037357572663297756,01101110011100000110101000100000010100110100001000000000,npj SB,npj SB,100.0,True
6MRR,global_rotation_translation,combined_xz_rotation_x_translation_then_kabsch_alignment,330,150,50.0,6.4210195889333256e-15,0.00373575726633038,01101110011100000110101000100000010100110100001000000000,npj SB,npj SB,100.0,True
6MRR,global_rotation_translation,combined_xz_rotation_x_translation_then_kabsch_alignment,330,180,50.0,4.93664774277876e-15,0.0037357572663304904,01101110011100000110101000100000010100110100001000000000,npj SB,npj SB,100.0,True
6MRR,global_rotation_translation,combined_xz_rotation_x_translation_then_kabsch_alignment,330,210,50.0,2.7950653411630643e-14,0.003735757266331406,01101110011100000110101000100000010100110100001000000000,npj SB,npj SB,100.0,True
6MRR,global_rotation_translation,combined_xz_rotation_x_translation_then_kabsch_alignment,330,240,50.0,1.0038047065560392e-14,0.0037357572663297687,01101110011100000110101000100000010100110100001000000000,npj SB,npj SB,100.0,True
6MRR,global_rotation_translation,combined_xz_rotation_x_translation_then_kabsch_alignment,330,270,50.0,1.362115758526058e-14,0.0037357572663300597,01101110011100000110101000100000010100110100001000000000,npj SB,npj SB,100.0,True
6MRR,global_rotation_translation,combined_xz_rotation_x_translation_then_kabsch_alignment,330,300,50.0,5.32443406846049e-15,0.0037357572663302063,01101110011100000110101000100000010100110100001000000000,npj SB,npj SB,100.0,True
6MRR,global_rotation_translation,combined_xz_rotation_x_translation_then_kabsch_alignment,330,330,50.0,7.633842979079851e-15,0.0037357572663302557,01101110011100000110101000100000010100110100001000000000,npj SB,npj SB,100.0,True
6MRR,global_rotation_translation,combined_xz_rotation_x_translation_then_kabsch_alignment,330,360,50.0,1.5715276868975176e-14,0.003735757266330188,01101110011100000110101000100000010100110100001000000000,npj SB,npj SB,100.0,True
6MRR,global_rotation_translation,combined_xz_rotation_x_translation_then_kabsch_alignment,360,0,50.0,1.4691685586169064e-14,0.0037357572663303347,01101110011100000110101000100000010100110100001000000000,npj SB,npj SB,100.0,True
6MRR,global_rotation_translation,combined_xz_rotation_x_translation_then_kabsch_alignment,360,30,50.0,6.255238536315782e-15,0.003735757266330028,01101110011100000110101000100000010100110100001000000000,npj SB,npj SB,100.0,True
6MRR,global_rotation_translation,combined_xz_rotation_x_translation_then_kabsch_alignment,360,60,50.0,8.286649967154417e-15,0.0037357572663308004,01101110011100000110101000100000010100110100001000000000,npj SB,npj SB,100.0,True
6MRR,global_rotation_translation,combined_xz_rotation_x_translation_then_kabsch_alignment,360,90,50.0,1.3664756476430531e-14,0.003735757266330637,01101110011100000110101000100000010100110100001000000000,npj SB,npj SB,100.0,True
6MRR,global_rotation_translation,combined_xz_rotation_x_translation_then_kabsch_alignment,360,120,50.0,8.446242134943313e-15,0.0037357572663307918,01101110011100000110101000100000010100110100001000000000,npj SB,npj SB,100.0,True
6MRR,global_rotation_translation,combined_xz_rotation_x_translation_then_kabsch_alignment,360,150,50.0,1.0807700662403737e-14,0.0037357572663307558,01101110011100000110101000100000010100110100001000000000,npj SB,npj SB,100.0,True
6MRR,global_rotation_translation,combined_xz_rotation_x_translation_then_kabsch_alignment,360,180,50.0,6.600453910645822e-15,0.0037357572663307783,01101110011100000110101000100000010100110100001000000000,npj SB,npj SB,100.0,True
6MRR,global_rotation_translation,combined_xz_rotation_x_translation_then_kabsch_alignment,360,210,50.0,5.475275430186624e-15,0.0037357572663301282,01101110011100000110101000100000010100110100001000000000,npj SB,npj SB,100.0,True
6MRR,global_rotation_translation,combined_xz_rotation_x_translation_then_kabsch_alignment,360,240,50.0,2.4074556398542515e-14,0.003735757266331572,01101110011100000110101000100000010100110100001000000000,npj SB,npj SB,100.0,True
6MRR,global_rotation_translation,combined_xz_rotation_x_translation_then_kabsch_alignment,360,270,50.0,5.672814066493203e-15,0.0037357572663301508,01101110011100000110101000100000010100110100001000000000,npj SB,npj SB,100.0,True
6MRR,global_rotation_translation,combined_xz_rotation_x_translation_then_kabsch_alignment,360,300,50.0,2.400185650606984e-14,0.003735757266330215,01101110011100000110101000100000010100110100001000000000,npj SB,npj SB,100.0,True
6MRR,global_rotation_translation,combined_xz_rotation_x_translation_then_kabsch_alignment,360,330,50.0,2.1897748859923662e-14,0.003735757266330401,01101110011100000110101000100000010100110100001000000000,npj SB,npj SB,100.0,True
6MRR,global_rotation_translation,combined_xz_rotation_x_translation_then_kabsch_alignment,360,360,50.0,1.4192061675034824e-14,0.003735757266330549,01101110011100000110101000100000010100110100001000000000,npj SB,npj SB,100.0,True
6MRR,global_rotation_translation,combined_xz_rotation_x_translation_then_kabsch_alignment,0,0,100.0,1.5782621027052033e-14,0.0037357572663311313,01101110011100000110101000100000010100110100001000000000,npj SB,npj SB,100.0,True
6MRR,global_rotation_translation,combined_xz_rotation_x_translation_then_kabsch_alignment,0,30,100.0,2.2307392107619457e-14,0.00373575726633056,01101110011100000110101000100000010100110100001000000000,npj SB,npj SB,100.0,True
6MRR,global_rotation_translation,combined_xz_rotation_x_translation_then_kabsch_alignment,0,60,100.0,1.889111097350355e-14,0.003735757266329826,01101110011100000110101000100000010100110100001000000000,npj SB,npj SB,100.0,True
6MRR,global_rotation_translation,combined_xz_rotation_x_translation_then_kabsch_alignment,0,90,100.0,1.3889941494406701e-14,0.0037357572663306747,01101110011100000110101000100000010100110100001000000000,npj SB,npj SB,100.0,True
6MRR,global_rotation_translation,combined_xz_rotation_x_translation_then_kabsch_alignment,0,120,100.0,2.2267299752342827e-14,0.003735757266330827,01101110011100000110101000100000010100110100001000000000,npj SB,npj SB,100.0,True
6MRR,global_rotation_translation,combined_xz_rotation_x_translation_then_kabsch_alignment,0,150,100.0,1.677143417122844e-14,0.0037357572663302336,01101110011100000110101000100000010100110100001000000000,npj SB,npj SB,100.0,True
6MRR,global_rotation_translation,combined_xz_rotation_x_translation_then_kabsch_alignment,0,180,100.0,5.309380920273799e-15,0.003735757266330682,01101110011100000110101000100000010100110100001000000000,npj SB,npj SB,100.0,True
6MRR,global_rotation_translation,combined_xz_rotation_x_translation_then_kabsch_alignment,0,210,100.0,1.672576541746924e-14,0.0037357572663293793,01101110011100000110101000100000010100110100001000000000,npj SB,npj SB,100.0,True
6MRR,global_rotation_translation,combined_xz_rotation_x_translation_then_kabsch_alignment,0,240,100.0,3.2323820588332654e-14,0.0037357572663305645,01101110011100000110101000100000010100110100001000000000,npj SB,npj SB,100.0,True
6MRR,global_rotation_translation,combined_xz_rotation_x_translation_then_kabsch_alignment,0,270,100.0,7.789854504631401e-15,0.003735757266330783,01101110011100000110101000100000010100110100001000000000,npj SB,npj SB,100.0,True
6MRR,global_rotation_translation,combined_xz_rotation_x_translation_then_kabsch_alignment,0,300,100.0,3.30800054401839e-14,0.003735757266330401,01101110011100000110101000100000010100110100001000000000,npj SB,npj SB,100.0,True
6MRR,global_rotation_translation,combined_xz_rotation_x_translation_then_kabsch_alignment,0,330,100.0,1.674836522239343e-14,0.003735757266329799,01101110011100000110101000100000010100110100001000000000,npj SB,npj SB,100.0,True
6MRR,global_rotation_translation,combined_xz_rotation_x_translation_then_kabsch_alignment,0,360,100.0,1.5169055625490803e-14,0.003735757266330479,01101110011100000110101000100000010100110100001000000000,npj SB,npj SB,100.0,True
6MRR,global_rotation_translation,combined_xz_rotation_x_translation_then_kabsch_alignment,30,0,100.0,1.672626723287283e-14,0.003735757266330393,01101110011100000110101000100000010100110100001000000000,npj SB,npj SB,100.0,True
6MRR,global_rotation_translation,combined_xz_rotation_x_translation_then_kabsch_alignment,30,30,100.0,1.5527717947134267e-14,0.003735757266330309,01101110011100000110101000100000010100110100001000000000,npj SB,npj SB,100.0,True
6MRR,global_rotation_translation,combined_xz_rotation_x_translation_then_kabsch_alignment,30,60,100.0,4.8030006409690964e-14,0.0037357572663309583,01101110011100000110101000100000010100110100001000000000,npj SB,npj SB,100.0,True
6MRR,global_rotation_translation,combined_xz_rotation_x_translation_then_kabsch_alignment,30,90,100.0,8.418246893603339e-15,0.0037357572663303962,01101110011100000110101000100000010100110100001000000000,npj SB,npj SB,100.0,True
6MRR,global_rotation_translation,combined_xz_rotation_x_translation_then_kabsch_alignment,30,120,100.0,1.2051565162669646e-14,0.0037357572663301334,01101110011100000110101000100000010100110100001000000000,npj SB,npj SB,100.0,True
6MRR,global_rotation_translation,combined_xz_rotation_x_translation_then_kabsch_alignment,30,150,100.0,3.9280635644316625e-14,0.0037357572663294274,01101110011100000110101000100000010100110100001000000000,npj SB,npj SB,100.0,True
6MRR,global_rotation_translation,combined_xz_rotation_x_translation_then_kabsch_alignment,30,180,100.0,5.3995495499274935e-15,0.0037357572663306725,01101110011100000110101000100000010100110100001000000000,npj SB,npj SB,100.0,True
6MRR,global_rotation_translation,combined_xz_rotation_x_translation_then_kabsch_alignment,30,210,100.0,1.4823082455660183e-14,0.003735757266329561,01101110011100000110101000100000010100110100001000000000,npj SB,npj SB,100.0,True
6MRR,global_rotation_translation,combined_xz_rotation_x_translation_then_kabsch_alignment,30,240,100.0,3.184167219972998e-14,0.0037357572663300675,01101110011100000110101000100000010100110100001000000000,npj SB,npj SB,100.0,True
6MRR,global_rotation_translation,combined_xz_rotation_x_translation_then_kabsch_alignment,30,270,100.0,1.7844281811196964e-14,0.0037357572663294964,01101110011100000110101000100000010100110100001000000000,npj SB,npj SB,100.0,True
6MRR,global_rotation_translation,combined_xz_rotation_x_translation_then_kabsch_alignment,30,300,100.0,2.2514140985861454e-14,0.0037357572663309427,01101110011100000110101000100000010100110100001000000000,npj SB,npj SB,100.0,True
6MRR,global_rotation_translation,combined_xz_rotation_x_translation_then_kabsch_alignment,30,330,100.0,8.786408241981497e-15,0.0037357572663304075,01101110011100000110101000100000010100110100001000000000,npj SB,npj SB,100.0,True
6MRR,global_rotation_translation,combined_xz_rotation_x_translation_then_kabsch_alignment,30,360,100.0,1.5116601245569196e-14,0.0037357572663303824,01101110011100000110101000100000010100110100001000000000,npj SB,npj SB,100.0,True
6MRR,global_rotation_translation,combined_xz_rotation_x_translation_then_kabsch_alignment,60,0,100.0,1.5606826705215705e-14,0.0037357572663310012,01101110011100000110101000100000010100110100001000000000,npj SB,npj SB,100.0,True
6MRR,global_rotation_translation,combined_xz_rotation_x_translation_then_kabsch_alignment,60,30,100.0,2.2413179027666417e-14,0.003735757266330451,01101110011100000110101000100000010100110100001000000000,npj SB,npj SB,100.0,True
6MRR,global_rotation_translation,combined_xz_rotation_x_translation_then_kabsch_alignment,60,60,100.0,3.0195519600363405e-14,0.0037357572663298507,01101110011100000110101000100000010100110100001000000000,npj SB,npj SB,100.0,True
6MRR,global_rotation_translation,combined_xz_rotation_x_translation_then_kabsch_alignment,60,90,100.0,1.0874448920719237e-14,0.0037357572663306348,01101110011100000110101000100000010100110100001000000000,npj SB,npj SB,100.0,True
6MRR,global_rotation_translation,combined_xz_rotation_x_translation_then_kabsch_alignment,60,120,100.0,1.4711333001145885e-14,0.0037357572663304825,01101110011100000110101000100000010100110100001000000000,npj SB,npj SB,100.0,True
6MRR,global_rotation_translation,combined_xz_rotation_x_translation_then_kabsch_alignment,60,150,100.0,1.907957585713941e-14,0.0037357572663302614,01101110011100000110101000100000010100110100001000000000,npj SB,npj SB,100.0,True
6MRR,global_rotation_translation,combined_xz_rotation_x_translation_then_kabsch_alignment,60,180,100.0,5.065105145126113e-15,0.0037357572663307783,01101110011100000110101000100000010100110100001000000000,npj SB,npj SB,100.0,True
6MRR,global_rotation_translation,combined_xz_rotation_x_translation_then_kabsch_alignment,60,210,100.0,2.5305577454402028e-14,0.003735757266330258,01101110011100000110101000100000010100110100001000000000,npj SB,npj SB,100.0,True
6MRR,global_rotation_translation,combined_xz_rotation_x_translation_then_kabsch_alignment,60,240,100.0,2.880096963436553e-14,0.0037357572663289673,01101110011100000110101000100000010100110100001000000000,npj SB,npj SB,100.0,True
6MRR,global_rotation_translation,combined_xz_rotation_x_translation_then_kabsch_alignment,60,270,100.0,1.4744809079880627e-14,0.0037357572663301738,01101110011100000110101000100000010100110100001000000000,npj SB,npj SB,100.0,True
6MRR,global_rotation_translation,combined_xz_rotation_x_translation_then_kabsch_alignment,60,300,100.0,1.6431562763524434e-14,0.0037357572663285652,01101110011100000110101000100000010100110100001000000000,npj SB,npj SB,100.0,True
6MRR,global_rotation_translation,combined_xz_rotation_x_translation_then_kabsch_alignment,60,330,100.0,1.9691103204333452e-14,0.0037357572663306135,01101110011100000110101000100000010100110100001000000000,npj SB,npj SB,100.0,True
6MRR,global_rotation_translation,combined_xz_rotation_x_translation_then_kabsch_alignment,60,360,100.0,1.471870550260242e-14,0.003735757266330506,01101110011100000110101000100000010100110100001000000000,npj SB,npj SB,100.0,True
6MRR,global_rotation_translation,combined_xz_rotation_x_translation_then_kabsch_alignment,90,0,100.0,1.587851536660857e-14,0.003735757266330988,01101110011100000110101000100000010100110100001000000000,npj SB,npj SB,100.0,True
6MRR,global_rotation_translation,combined_xz_rotation_x_translation_then_kabsch_alignment,90,30,100.0,1.1424890021304213e-14,0.003735757266330568,01101110011100000110101000100000010100110100001000000000,npj SB,npj SB,100.0,True
6MRR,global_rotation_translation,combined_xz_rotation_x_translation_then_kabsch_alignment,90,60,100.0,3.250215061462705e-14,0.0037357572663298576,01101110011100000110101000100000010100110100001000000000,npj SB,npj SB,100.0,True
6MRR,global_rotation_translation,combined_xz_rotation_x_translation_then_kabsch_alignment,90,90,100.0,1.9002829111391082e-14,0.0037357572663304925,01101110011100000110101000100000010100110100001000000000,npj SB,npj SB,100.0,True
6MRR,global_rotation_translation,combined_xz_rotation_x_translation_then_kabsch_alignment,90,120,100.0,2.950342503793418e-14,0.00373575726632978,01101110011100000110101000100000010100110100001000000000,npj SB,npj SB,100.0,True
6MRR,global_rotation_translation,combined_xz_rotation_x_translation_then_kabsch_alignment,90,150,100.0,3.238704977202414e-14,0.0037357572663300627,01101110011100000110101000100000010100110100001000000000,npj SB,npj SB,100.0,True
6MRR,global_rotation_translation,combined_xz_rotation_x_translation_then_kabsch_alignment,90,180,100.0,8.991672621786595e-15,0.0037357572663300506,01101110011100000110101000100000010100110100001000000000,npj SB,npj SB,100.0,True
6MRR,global_rotation_translation,combined_xz_rotation_x_translation_then_kabsch_alignment,90,210,100.0,1.1156039543054627e-14,0.003735757266330598,01101110011100000110101000100000010100110100001000000000,npj SB,npj SB,100.0,True
6MRR,global_rotation_translation,combined_xz_rotation_x_translation_then_kabsch_alignment,90,240,100.0,2.8136895842069476e-14,0.0037357572663314605,01101110011100000110101000100000010100110100001000000000,npj SB,npj SB,100.0,True
6MRR,global_rotation_translation,combined_xz_rotation_x_translation_then_kabsch_alignment,90,270,100.0,1.3127194630081057e-14,0.0037357572663302414,01101110011100000110101000100000010100110100001000000000,npj SB,npj SB,100.0,True
6MRR,global_rotation_translation,combined_xz_rotation_x_translation_then_kabsch_alignment,90,300,100.0,2.0346820325289623e-14,0.003735757266331042,01101110011100000110101000100000010100110100001000000000,npj SB,npj SB,100.0,True
6MRR,global_rotation_translation,combined_xz_rotation_x_translation_then_kabsch_alignment,90,330,100.0,4.6367424703716534e-14,0.003735757266329954,01101110011100000110101000100000010100110100001000000000,npj SB,npj SB,100.0,True
6MRR,global_rotation_translation,combined_xz_rotation_x_translation_then_kabsch_alignment,90,360,100.0,1.4817358414650024e-14,0.0037357572663305368,01101110011100000110101000100000010100110100001000000000,npj SB,npj SB,100.0,True
6MRR,global_rotation_translation,combined_xz_rotation_x_translation_then_kabsch_alignment,120,0,100.0,1.5354165911846816e-14,0.003735757266330489,01101110011100000110101000100000010100110100001000000000,npj SB,npj SB,100.0,True
6MRR,global_rotation_translation,combined_xz_rotation_x_translation_then_kabsch_alignment,120,30,100.0,3.886571539593529e-14,0.0037357572663308134,01101110011100000110101000100000010100110100001000000000,npj SB,npj SB,100.0,True
6MRR,global_rotation_translation,combined_xz_rotation_x_translation_then_kabsch_alignment,120,60,100.0,1.2540747652141521e-14,0.0037357572663304153,01101110011100000110101000100000010100110100001000000000,npj SB,npj SB,100.0,True
6MRR,global_rotation_translation,combined_xz_rotation_x_translation_then_kabsch_alignment,120,90,100.0,2.0024534147023885e-14,0.0037357572663306105,01101110011100000110101000100000010100110100001000000000,npj SB,npj SB,100.0,True
6MRR,global_rotation_translation,combined_xz_rotation_x_translation_then_kabsch_alignment,120,120,100.0,1.925878618568528e-14,0.0037357572663304873,01101110011100000110101000100000010100110100001000000000,npj SB,npj SB,100.0,True
6MRR,global_rotation_translation,combined_xz_rotation_x_translation_then_kabsch_alignment,120,150,100.0,1.455814454166724e-14,0.0037357572663314007,01101110011100000110101000100000010100110100001000000000,npj SB,npj SB,100.0,True
6MRR,global_rotation_translation,combined_xz_rotation_x_translation_then_kabsch_alignment,120,180,100.0,6.016429406447858e-15,0.0037357572663309496,01101110011100000110101000100000010100110100001000000000,npj SB,npj SB,100.0,True
6MRR,global_rotation_translation,combined_xz_rotation_x_translation_then_kabsch_alignment,120,210,100.0,2.0121194482566713e-14,0.0037357572663296074,01101110011100000110101000100000010100110100001000000000,npj SB,npj SB,100.0,True
6MRR,global_rotation_translation,combined_xz_rotation_x_translation_then_kabsch_alignment,120,240,100.0,1.7321737055619773e-14,0.0037357572663306855,01101110011100000110101000100000010100110100001000000000,npj SB,npj SB,100.0,True
6MRR,global_rotation_translation,combined_xz_rotation_x_translation_then_kabsch_alignment,120,270,100.0,9.940494877956685e-15,0.0037357572663306153,01101110011100000110101000100000010100110100001000000000,npj SB,npj SB,100.0,True
6MRR,global_rotation_translation,combined_xz_rotation_x_translation_then_kabsch_alignment,120,300,100.0,9.80536753088479e-15,0.003735757266330581,01101110011100000110101000100000010100110100001000000000,npj SB,npj SB,100.0,True
6MRR,global_rotation_translation,combined_xz_rotation_x_translation_then_kabsch_alignment,120,330,100.0,1.2728971635499437e-14,0.0037357572663314063,01101110011100000110101000100000010100110100001000000000,npj SB,npj SB,100.0,True
6MRR,global_rotation_translation,combined_xz_rotation_x_translation_then_kabsch_alignment,120,360,100.0,1.5269119482528222e-14,0.003735757266330891,01101110011100000110101000100000010100110100001000000000,npj SB,npj SB,100.0,True
6MRR,global_rotation_translation,combined_xz_rotation_x_translation_then_kabsch_alignment,150,0,100.0,1.505420893411211e-14,0.0037357572663305498,01101110011100000110101000100000010100110100001000000000,npj SB,npj SB,100.0,True
6MRR,global_rotation_translation,combined_xz_rotation_x_translation_then_kabsch_alignment,150,30,100.0,3.174168863892765e-14,0.0037357572663313343,01101110011100000110101000100000010100110100001000000000,npj SB,npj SB,100.0,True
6MRR,global_rotation_translation,combined_xz_rotation_x_translation_then_kabsch_alignment,150,60,100.0,1.634413759188242e-14,0.0037357572663306144,01101110011100000110101000100000010100110100001000000000,npj SB,npj SB,100.0,True
6MRR,global_rotation_translation,combined_xz_rotation_x_translation_then_kabsch_alignment,150,90,100.0,1.615458937962402e-14,0.003735757266330747,01101110011100000110101000100000010100110100001000000000,npj SB,npj SB,100.0,True
6MRR,global_rotation_translation,combined_xz_rotation_x_translation_then_kabsch_alignment,150,120,100.0,2.0135170991204083e-14,0.0037357572663298845,01101110011100000110101000100000010100110100001000000000,npj SB,npj SB,100.0,True
6MRR,global_rotation_translation,combined_xz_rotation_x_translation_then_kabsch_alignment,150,150,100.0,2.0452151577218664e-14,0.003735757266329668,01101110011100000110101000100000010100110100001000000000,npj SB,npj SB,100.0,True
6MRR,global_rotation_translation,combined_xz_rotation_x_translation_then_kabsch_alignment,150,180,100.0,8.41437827005315e-15,0.0037357572663304084,01101110011100000110101000100000010100110100001000000000,npj SB,npj SB,100.0,True
6MRR,global_rotation_translation,combined_xz_rotation_x_translation_then_kabsch_alignment,150,210,100.0,2.483532624834225e-14,0.003735757266330178,01101110011100000110101000100000010100110100001000000000,npj SB,npj SB,100.0,True
6MRR,global_rotation_translation,combined_xz_rotation_x_translation_then_kabsch_alignment,150,240,100.0,1.811463341955054e-14,0.0037357572663309314,01101110011100000110101000100000010100110100001000000000,npj SB,npj SB,100.0,True
6MRR,global_rotation_translation,combined_xz_rotation_x_translation_then_kabsch_alignment,150,270,100.0,4.000657671512934e-14,0.0037357572663308265,01101110011100000110101000100000010100110100001000000000,npj SB,npj SB,100.0,True
6MRR,global_rotation_translation,combined_xz_rotation_x_translation_then_kabsch_alignment,150,300,100.0,1.490522599710539e-14,0.0037357572663297704,01101110011100000110101000100000010100110100001000000000,npj SB,npj SB,100.0,True
6MRR,global_rotation_translation,combined_xz_rotation_x_translation_then_kabsch_alignment,150,330,100.0,4.996299570815703e-14,0.0037357572663323127,01101110011100000110101000100000010100110100001000000000,npj SB,npj SB,100.0,True
6MRR,global_rotation_translation,combined_xz_rotation_x_translation_then_kabsch_alignment,150,360,100.0,1.5407858007160672e-14,0.003735757266330778,01101110011100000110101000100000010100110100001000000000,npj SB,npj SB,100.0,True
6MRR,global_rotation_translation,combined_xz_rotation_x_translation_then_kabsch_alignment,180,0,100.0,1.5024849032499513e-14,0.003735757266330653,01101110011100000110101000100000010100110100001000000000,npj SB,npj SB,100.0,True
6MRR,global_rotation_translation,combined_xz_rotation_x_translation_then_kabsch_alignment,180,30,100.0,1.467708898152709e-14,0.0037357572663302154,01101110011100000110101000100000010100110100001000000000,npj SB,npj SB,100.0,True
6MRR,global_rotation_translation,combined_xz_rotation_x_translation_then_kabsch_alignment,180,60,100.0,2.2218266640073943e-14,0.0037357572663306114,01101110011100000110101000100000010100110100001000000000,npj SB,npj SB,100.0,True
6MRR,global_rotation_translation,combined_xz_rotation_x_translation_then_kabsch_alignment,180,90,100.0,7.091836321554277e-15,0.0037357572663310593,01101110011100000110101000100000010100110100001000000000,npj SB,npj SB,100.0,True
6MRR,global_rotation_translation,combined_xz_rotation_x_translation_then_kabsch_alignment,180,120,100.0,3.3082255923157615e-14,0.0037357572663298997,01101110011100000110101000100000010100110100001000000000,npj SB,npj SB,100.0,True
6MRR,global_rotation_translation,combined_xz_rotation_x_translation_then_kabsch_alignment,180,150,100.0,1.6081941027496842e-14,0.0037357572663293632,01101110011100000110101000100000010100110100001000000000,npj SB,npj SB,100.0,True
6MRR,global_rotation_translation,combined_xz_rotation_x_translation_then_kabsch_alignment,180,180,100.0,8.493798364734519e-15,0.00373575726633029,01101110011100000110101000100000010100110100001000000000,npj SB,npj SB,100.0,True
6MRR,global_rotation_translation,combined_xz_rotation_x_translation_then_kabsch_alignment,180,210,100.0,1.780087424533114e-14,0.003735757266330147,01101110011100000110101000100000010100110100001000000000,npj SB,npj SB,100.0,True
6MRR,global_rotation_translation,combined_xz_rotation_x_translation_then_kabsch_alignment,180,240,100.0,1.6805164787918118e-14,0.0037357572663298147,01101110011100000110101000100000010100110100001000000000,npj SB,npj SB,100.0,True
6MRR,global_rotation_translation,combined_xz_rotation_x_translation_then_kabsch_alignment,180,270,100.0,1.3936775290121698e-14,0.0037357572663302115,01101110011100000110101000100000010100110100001000000000,npj SB,npj SB,100.0,True
6MRR,global_rotation_translation,combined_xz_rotation_x_translation_then_kabsch_alignment,180,300,100.0,1.9684511052175172e-14,0.0037357572663306387,01101110011100000110101000100000010100110100001000000000,npj SB,npj SB,100.0,True
6MRR,global_rotation_translation,combined_xz_rotation_x_translation_then_kabsch_alignment,180,330,100.0,1.5150420159057867e-14,0.003735757266330585,01101110011100000110101000100000010100110100001000000000,npj SB,npj SB,100.0,True
6MRR,global_rotation_translation,combined_xz_rotation_x_translation_then_kabsch_alignment,180,360,100.0,1.525543763802869e-14,0.0037357572663304457,01101110011100000110101000100000010100110100001000000000,npj SB,npj SB,100.0,True
6MRR,global_rotation_translation,combined_xz_rotation_x_translation_then_kabsch_alignment,210,0,100.0,1.596150734621643e-14,0.003735757266330652,01101110011100000110101000100000010100110100001000000000,npj SB,npj SB,100.0,True
6MRR,global_rotation_translation,combined_xz_rotation_x_translation_then_kabsch_alignment,210,30,100.0,2.0906830367382737e-14,0.0037357572663307297,01101110011100000110101000100000010100110100001000000000,npj SB,npj SB,100.0,True
6MRR,global_rotation_translation,combined_xz_rotation_x_translation_then_kabsch_alignment,210,60,100.0,2.386582880406601e-14,0.0037357572663294083,01101110011100000110101000100000010100110100001000000000,npj SB,npj SB,100.0,True
6MRR,global_rotation_translation,combined_xz_rotation_x_translation_then_kabsch_alignment,210,90,100.0,1.2385885258719272e-14,0.003735757266329598,01101110011100000110101000100000010100110100001000000000,npj SB,npj SB,100.0,True
6MRR,global_rotation_translation,combined_xz_rotation_x_translation_then_kabsch_alignment,210,120,100.0,1.572261094315726e-14,0.003735757266329381,01101110011100000110101000100000010100110100001000000000,npj SB,npj SB,100.0,True
6MRR,global_rotation_translation,combined_xz_rotation_x_translation_then_kabsch_alignment,210,150,100.0,2.7510293356093588e-14,0.003735757266329243,01101110011100000110101000100000010100110100001000000000,npj SB,npj SB,100.0,True
6MRR,global_rotation_translation,combined_xz_rotation_x_translation_then_kabsch_alignment,210,180,100.0,6.477512934794051e-15,0.003735757266331,01101110011100000110101000100000010100110100001000000000,npj SB,npj SB,100.0,True
6MRR,global_rotation_translation,combined_xz_rotation_x_translation_then_kabsch_alignment,210,210,100.0,3.196847999516719e-14,0.0037357572663294786,01101110011100000110101000100000010100110100001000000000,npj SB,npj SB,100.0,True
6MRR,global_rotation_translation,combined_xz_rotation_x_translation_then_kabsch_alignment,210,240,100.0,1.9627520281174095e-14,0.003735757266329651,01101110011100000110101000100000010100110100001000000000,npj SB,npj SB,100.0,True
6MRR,global_rotation_translation,combined_xz_rotation_x_translation_then_kabsch_alignment,210,270,100.0,1.9209328422849137e-14,0.0037357572663301113,01101110011100000110101000100000010100110100001000000000,npj SB,npj SB,100.0,True
6MRR,global_rotation_translation,combined_xz_rotation_x_translation_then_kabsch_alignment,210,300,100.0,5.130457123167786e-14,0.0037357572663310346,01101110011100000110101000100000010100110100001000000000,npj SB,npj SB,100.0,True
6MRR,global_rotation_translation,combined_xz_rotation_x_translation_then_kabsch_alignment,210,330,100.0,1.5104311414039007e-14,0.0037357572663293676,01101110011100000110101000100000010100110100001000000000,npj SB,npj SB,100.0,True
6MRR,global_rotation_translation,combined_xz_rotation_x_translation_then_kabsch_alignment,210,360,100.0,1.736112266210301e-14,0.003735757266330626,01101110011100000110101000100000010100110100001000000000,npj SB,npj SB,100.0,True
6MRR,global_rotation_translation,combined_xz_rotation_x_translation_then_kabsch_alignment,240,0,100.0,1.636580507771978e-14,0.003735757266330955,01101110011100000110101000100000010100110100001000000000,npj SB,npj SB,100.0,True
6MRR,global_rotation_translation,combined_xz_rotation_x_translation_then_kabsch_alignment,240,30,100.0,1.1854545930995274e-14,0.0037357572663307822,01101110011100000110101000100000010100110100001000000000,npj SB,npj SB,100.0,True
6MRR,global_rotation_translation,combined_xz_rotation_x_translation_then_kabsch_alignment,240,60,100.0,2.1940815311998067e-14,0.00373575726632943,01101110011100000110101000100000010100110100001000000000,npj SB,npj SB,100.0,True
6MRR,global_rotation_translation,combined_xz_rotation_x_translation_then_kabsch_alignment,240,90,100.0,1.2364793299414014e-14,0.0037357572663301126,01101110011100000110101000100000010100110100001000000000,npj SB,npj SB,100.0,True
6MRR,global_rotation_translation,combined_xz_rotation_x_translation_then_kabsch_alignment,240,120,100.0,2.6341628301143825e-14,0.0037357572663306617,01101110011100000110101000100000010100110100001000000000,npj SB,npj SB,100.0,True
6MRR,global_rotation_translation,combined_xz_rotation_x_translation_then_kabsch_alignment,240,150,100.0,2.1187658405146312e-14,0.0037357572663305957,01101110011100000110101000100000010100110100001000000000,npj SB,npj SB,100.0,True
6MRR,global_rotation_translation,combined_xz_rotation_x_translation_then_kabsch_alignment,240,180,100.0,6.221088925457534e-15,0.003735757266330699,01101110011100000110101000100000010100110100001000000000,npj SB,npj SB,100.0,True
6MRR,global_rotation_translation,combined_xz_rotation_x_translation_then_kabsch_alignment,240,210,100.0,1.3696959291708032e-14,0.0037357572663311604,01101110011100000110101000100000010100110100001000000000,npj SB,npj SB,100.0,True
6MRR,global_rotation_translation,combined_xz_rotation_x_translation_then_kabsch_alignment,240,240,100.0,1.6161589509999593e-14,0.0037357572663313373,01101110011100000110101000100000010100110100001000000000,npj SB,npj SB,100.0,True
6MRR,global_rotation_translation,combined_xz_rotation_x_translation_then_kabsch_alignment,240,270,100.0,8.726791459918648e-15,0.0037357572663305645,01101110011100000110101000100000010100110100001000000000,npj SB,npj SB,100.0,True
6MRR,global_rotation_translation,combined_xz_rotation_x_translation_then_kabsch_alignment,240,300,100.0,1.3789180162051431e-14,0.0037357572663304812,01101110011100000110101000100000010100110100001000000000,npj SB,npj SB,100.0,True
6MRR,global_rotation_translation,combined_xz_rotation_x_translation_then_kabsch_alignment,240,330,100.0,1.0434563509414266e-14,0.0037357572663312866,01101110011100000110101000100000010100110100001000000000,npj SB,npj SB,100.0,True
6MRR,global_rotation_translation,combined_xz_rotation_x_translation_then_kabsch_alignment,240,360,100.0,1.5934735080445458e-14,0.003735757266330672,01101110011100000110101000100000010100110100001000000000,npj SB,npj SB,100.0,True
6MRR,global_rotation_translation,combined_xz_rotation_x_translation_then_kabsch_alignment,270,0,100.0,1.5787017658674072e-14,0.00373575726633066,01101110011100000110101000100000010100110100001000000000,npj SB,npj SB,100.0,True
6MRR,global_rotation_translation,combined_xz_rotation_x_translation_then_kabsch_alignment,270,30,100.0,3.6948129979578005e-14,0.0037357572663310012,01101110011100000110101000100000010100110100001000000000,npj SB,npj SB,100.0,True
6MRR,global_rotation_translation,combined_xz_rotation_x_translation_then_kabsch_alignment,270,60,100.0,1.652247518252434e-14,0.003735757266330768,01101110011100000110101000100000010100110100001000000000,npj SB,npj SB,100.0,True
6MRR,global_rotation_translation,combined_xz_rotation_x_translation_then_kabsch_alignment,270,90,100.0,1.3074701054469492e-14,0.0037357572663301586,01101110011100000110101000100000010100110100001000000000,npj SB,npj SB,100.0,True
6MRR,global_rotation_translation,combined_xz_rotation_x_translation_then_kabsch_alignment,270,120,100.0,2.3481581715853965e-14,0.0037357572663303676,01101110011100000110101000100000010100110100001000000000,npj SB,npj SB,100.0,True
6MRR,global_rotation_translation,combined_xz_rotation_x_translation_then_kabsch_alignment,270,150,100.0,1.7181615213816083e-14,0.0037357572663304648,01101110011100000110101000100000010100110100001000000000,npj SB,npj SB,100.0,True
6MRR,global_rotation_translation,combined_xz_rotation_x_translation_then_kabsch_alignment,270,180,100.0,8.908677614342416e-15,0.003735757266330257,01101110011100000110101000100000010100110100001000000000,npj SB,npj SB,100.0,True
6MRR,global_rotation_translation,combined_xz_rotation_x_translation_then_kabsch_alignment,270,210,100.0,2.926586981608671e-14,0.0037357572663303893,01101110011100000110101000100000010100110100001000000000,npj SB,npj SB,100.0,True
6MRR,global_rotation_translation,combined_xz_rotation_x_translation_then_kabsch_alignment,270,240,100.0,2.3330350046639934e-14,0.0037357572663300463,01101110011100000110101000100000010100110100001000000000,npj SB,npj SB,100.0,True
6MRR,global_rotation_translation,combined_xz_rotation_x_translation_then_kabsch_alignment,270,270,100.0,1.7476589789213186e-14,0.0037357572663306695,01101110011100000110101000100000010100110100001000000000,npj SB,npj SB,100.0,True
6MRR,global_rotation_translation,combined_xz_rotation_x_translation_then_kabsch_alignment,270,300,100.0,3.654644893480411e-14,0.003735757266329193,01101110011100000110101000100000010100110100001000000000,npj SB,npj SB,100.0,True
6MRR,global_rotation_translation,combined_xz_rotation_x_translation_then_kabsch_alignment,270,330,100.0,1.355263775832096e-14,0.003735757266330037,01101110011100000110101000100000010100110100001000000000,npj SB,npj SB,100.0,True
6MRR,global_rotation_translation,combined_xz_rotation_x_translation_then_kabsch_alignment,270,360,100.0,1.6501727432511962e-14,0.003735757266330258,01101110011100000110101000100000010100110100001000000000,npj SB,npj SB,100.0,True
6MRR,global_rotation_translation,combined_xz_rotation_x_translation_then_kabsch_alignment,300,0,100.0,1.5064849198536532e-14,0.0037357572663306578,01101110011100000110101000100000010100110100001000000000,npj SB,npj SB,100.0,True
6MRR,global_rotation_translation,combined_xz_rotation_x_translation_then_kabsch_alignment,300,30,100.0,1.6084600828662666e-14,0.0037357572663311903,01101110011100000110101000100000010100110100001000000000,npj SB,npj SB,100.0,True
6MRR,global_rotation_translation,combined_xz_rotation_x_translation_then_kabsch_alignment,300,60,100.0,1.781272316289422e-14,0.0037357572663295536,01101110011100000110101000100000010100110100001000000000,npj SB,npj SB,100.0,True
6MRR,global_rotation_translation,combined_xz_rotation_x_translation_then_kabsch_alignment,300,90,100.0,8.760293055371623e-15,0.003735757266329587,01101110011100000110101000100000010100110100001000000000,npj SB,npj SB,100.0,True
6MRR,global_rotation_translation,combined_xz_rotation_x_translation_then_kabsch_alignment,300,120,100.0,1.1602068866934315e-14,0.0037357572663308494,01101110011100000110101000100000010100110100001000000000,npj SB,npj SB,100.0,True
6MRR,global_rotation_translation,combined_xz_rotation_x_translation_then_kabsch_alignment,300,150,100.0,2.102979206111216e-14,0.003735757266330105,01101110011100000110101000100000010100110100001000000000,npj SB,npj SB,100.0,True
6MRR,global_rotation_translation,combined_xz_rotation_x_translation_then_kabsch_alignment,300,180,100.0,5.9656145571392735e-15,0.003735757266330512,01101110011100000110101000100000010100110100001000000000,npj SB,npj SB,100.0,True
6MRR,global_rotation_translation,combined_xz_rotation_x_translation_then_kabsch_alignment,300,210,100.0,1.7716072966689426e-14,0.0037357572663304158,01101110011100000110101000100000010100110100001000000000,npj SB,npj SB,100.0,True
6MRR,global_rotation_translation,combined_xz_rotation_x_translation_then_kabsch_alignment,300,240,100.0,1.234213798826592e-14,0.0037357572663295523,01101110011100000110101000100000010100110100001000000000,npj SB,npj SB,100.0,True
6MRR,global_rotation_translation,combined_xz_rotation_x_translation_then_kabsch_alignment,300,270,100.0,2.3294645409853792e-14,0.003735757266329209,01101110011100000110101000100000010100110100001000000000,npj SB,npj SB,100.0,True
6MRR,global_rotation_translation,combined_xz_rotation_x_translation_then_kabsch_alignment,300,300,100.0,9.75495547320455e-15,0.003735757266330164,01101110011100000110101000100000010100110100001000000000,npj SB,npj SB,100.0,True
6MRR,global_rotation_translation,combined_xz_rotation_x_translation_then_kabsch_alignment,300,330,100.0,2.278101572832502e-14,0.003735757266330168,01101110011100000110101000100000010100110100001000000000,npj SB,npj SB,100.0,True
6MRR,global_rotation_translation,combined_xz_rotation_x_translation_then_kabsch_alignment,300,360,100.0,1.6059698690091595e-14,0.003735757266330769,01101110011100000110101000100000010100110100001000000000,npj SB,npj SB,100.0,True
6MRR,global_rotation_translation,combined_xz_rotation_x_translation_then_kabsch_alignment,330,0,100.0,1.5824197998551103e-14,0.0037357572663309765,01101110011100000110101000100000010100110100001000000000,npj SB,npj SB,100.0,True
6MRR,global_rotation_translation,combined_xz_rotation_x_translation_then_kabsch_alignment,330,30,100.0,4.874708271869276e-14,0.0037357572663310077,01101110011100000110101000100000010100110100001000000000,npj SB,npj SB,100.0,True
6MRR,global_rotation_translation,combined_xz_rotation_x_translation_then_kabsch_alignment,330,60,100.0,1.4208300232845423e-14,0.0037357572663296356,01101110011100000110101000100000010100110100001000000000,npj SB,npj SB,100.0,True
6MRR,global_rotation_translation,combined_xz_rotation_x_translation_then_kabsch_alignment,330,90,100.0,4.0373739720706174e-14,0.0037357572663316123,01101110011100000110101000100000010100110100001000000000,npj SB,npj SB,100.0,True
6MRR,global_rotation_translation,combined_xz_rotation_x_translation_then_kabsch_alignment,330,120,100.0,2.0028299464731668e-14,0.003735757266330592,01101110011100000110101000100000010100110100001000000000,npj SB,npj SB,100.0,True
6MRR,global_rotation_translation,combined_xz_rotation_x_translation_then_kabsch_alignment,330,150,100.0,1.3477315497496407e-14,0.0037357572663303164,01101110011100000110101000100000010100110100001000000000,npj SB,npj SB,100.0,True
6MRR,global_rotation_translation,combined_xz_rotation_x_translation_then_kabsch_alignment,330,180,100.0,6.3041000699883675e-15,0.003735757266330744,01101110011100000110101000100000010100110100001000000000,npj SB,npj SB,100.0,True
6MRR,global_rotation_translation,combined_xz_rotation_x_translation_then_kabsch_alignment,330,210,100.0,1.6872035663192925e-14,0.003735757266328503,01101110011100000110101000100000010100110100001000000000,npj SB,npj SB,100.0,True
6MRR,global_rotation_translation,combined_xz_rotation_x_translation_then_kabsch_alignment,330,240,100.0,1.8303214858553838e-14,0.003735757266329943,01101110011100000110101000100000010100110100001000000000,npj SB,npj SB,100.0,True
6MRR,global_rotation_translation,combined_xz_rotation_x_translation_then_kabsch_alignment,330,270,100.0,1.04130005726006e-14,0.003735757266328458,01101110011100000110101000100000010100110100001000000000,npj SB,npj SB,100.0,True
6MRR,global_rotation_translation,combined_xz_rotation_x_translation_then_kabsch_alignment,330,300,100.0,1.3235638805190932e-14,0.0037357572663302115,01101110011100000110101000100000010100110100001000000000,npj SB,npj SB,100.0,True
6MRR,global_rotation_translation,combined_xz_rotation_x_translation_then_kabsch_alignment,330,330,100.0,1.326409411907583e-14,0.0037357572663304973,01101110011100000110101000100000010100110100001000000000,npj SB,npj SB,100.0,True
6MRR,global_rotation_translation,combined_xz_rotation_x_translation_then_kabsch_alignment,330,360,100.0,1.522322737569568e-14,0.0037357572663303177,01101110011100000110101000100000010100110100001000000000,npj SB,npj SB,100.0,True
6MRR,global_rotation_translation,combined_xz_rotation_x_translation_then_kabsch_alignment,360,0,100.0,1.5629703471987232e-14,0.0037357572663311613,01101110011100000110101000100000010100110100001000000000,npj SB,npj SB,100.0,True
6MRR,global_rotation_translation,combined_xz_rotation_x_translation_then_kabsch_alignment,360,30,100.0,1.7110265922956507e-14,0.0037357572663301764,01101110011100000110101000100000010100110100001000000000,npj SB,npj SB,100.0,True
6MRR,global_rotation_translation,combined_xz_rotation_x_translation_then_kabsch_alignment,360,60,100.0,1.1968652475556455e-14,0.0037357572663309735,01101110011100000110101000100000010100110100001000000000,npj SB,npj SB,100.0,True
6MRR,global_rotation_translation,combined_xz_rotation_x_translation_then_kabsch_alignment,360,90,100.0,1.4565095619021185e-14,0.003735757266330255,01101110011100000110101000100000010100110100001000000000,npj SB,npj SB,100.0,True
6MRR,global_rotation_translation,combined_xz_rotation_x_translation_then_kabsch_alignment,360,120,100.0,2.2125939259834723e-14,0.0037357572663321145,01101110011100000110101000100000010100110100001000000000,npj SB,npj SB,100.0,True
6MRR,global_rotation_translation,combined_xz_rotation_x_translation_then_kabsch_alignment,360,150,100.0,1.548976463552622e-14,0.0037357572663300844,01101110011100000110101000100000010100110100001000000000,npj SB,npj SB,100.0,True
6MRR,global_rotation_translation,combined_xz_rotation_x_translation_then_kabsch_alignment,360,180,100.0,6.8421130484992455e-15,0.0037357572663306764,01101110011100000110101000100000010100110100001000000000,npj SB,npj SB,100.0,True
6MRR,global_rotation_translation,combined_xz_rotation_x_translation_then_kabsch_alignment,360,210,100.0,1.610131509347743e-14,0.003735757266329796,01101110011100000110101000100000010100110100001000000000,npj SB,npj SB,100.0,True
6MRR,global_rotation_translation,combined_xz_rotation_x_translation_then_kabsch_alignment,360,240,100.0,3.9363955399786045e-14,0.0037357572663298095,01101110011100000110101000100000010100110100001000000000,npj SB,npj SB,100.0,True
6MRR,global_rotation_translation,combined_xz_rotation_x_translation_then_kabsch_alignment,360,270,100.0,8.056477692764587e-15,0.0037357572663303125,01101110011100000110101000100000010100110100001000000000,npj SB,npj SB,100.0,True
6MRR,global_rotation_translation,combined_xz_rotation_x_translation_then_kabsch_alignment,360,300,100.0,3.448057983699685e-14,0.0037357572663306296,01101110011100000110101000100000010100110100001000000000,npj SB,npj SB,100.0,True
6MRR,global_rotation_translation,combined_xz_rotation_x_translation_then_kabsch_alignment,360,330,100.0,2.4674172757886926e-14,0.0037357572663306348,01101110011100000110101000100000010100110100001000000000,npj SB,npj SB,100.0,True
6MRR,global_rotation_translation,combined_xz_rotation_x_translation_then_kabsch_alignment,360,360,100.0,1.5523387997144436e-14,0.0037357572663310715,01101110011100000110101000100000010100110100001000000000,npj SB,npj SB,100.0,True
8HFE,global_rotation_translation,combined_xz_rotation_x_translation_then_kabsch_alignment,0,0,0.0,1.4394435972265675e-14,0.0013304409016188636,01101110011100000110101000100000010100110100001000000000,npj SB,npj SB,100.0,True
8HFE,global_rotation_translation,combined_xz_rotation_x_translation_then_kabsch_alignment,0,30,0.0,1.1724740938454045e-13,0.001330440901619159,01101110011100000110101000100000010100110100001000000000,npj SB,npj SB,100.0,True
8HFE,global_rotation_translation,combined_xz_rotation_x_translation_then_kabsch_alignment,0,60,0.0,1.273360351748356e-13,0.0013304409016193124,01101110011100000110101000100000010100110100001000000000,npj SB,npj SB,100.0,True
8HFE,global_rotation_translation,combined_xz_rotation_x_translation_then_kabsch_alignment,0,90,0.0,5.87404720000097e-14,0.0013304409016185684,01101110011100000110101000100000010100110100001000000000,npj SB,npj SB,100.0,True
8HFE,global_rotation_translation,combined_xz_rotation_x_translation_then_kabsch_alignment,0,120,0.0,1.60630706015429e-13,0.0013304409016180261,01101110011100000110101000100000010100110100001000000000,npj SB,npj SB,100.0,True
8HFE,global_rotation_translation,combined_xz_rotation_x_translation_then_kabsch_alignment,0,150,0.0,4.245607586536968e-14,0.0013304409016188098,01101110011100000110101000100000010100110100001000000000,npj SB,npj SB,100.0,True
8HFE,global_rotation_translation,combined_xz_rotation_x_translation_then_kabsch_alignment,0,180,0.0,1.019676126166031e-13,0.0013304409016188794,01101110011100000110101000100000010100110100001000000000,npj SB,npj SB,100.0,True
8HFE,global_rotation_translation,combined_xz_rotation_x_translation_then_kabsch_alignment,0,210,0.0,5.525641807415617e-14,0.0013304409016190117,01101110011100000110101000100000010100110100001000000000,npj SB,npj SB,100.0,True
8HFE,global_rotation_translation,combined_xz_rotation_x_translation_then_kabsch_alignment,0,240,0.0,3.234540672216331e-14,0.001330440901619205,01101110011100000110101000100000010100110100001000000000,npj SB,npj SB,100.0,True
8HFE,global_rotation_translation,combined_xz_rotation_x_translation_then_kabsch_alignment,0,270,0.0,1.7242039689672668e-13,0.0013304409016196375,01101110011100000110101000100000010100110100001000000000,npj SB,npj SB,100.0,True
8HFE,global_rotation_translation,combined_xz_rotation_x_translation_then_kabsch_alignment,0,300,0.0,1.7705384940618382e-13,0.0013304409016194607,01101110011100000110101000100000010100110100001000000000,npj SB,npj SB,100.0,True
8HFE,global_rotation_translation,combined_xz_rotation_x_translation_then_kabsch_alignment,0,330,0.0,9.645341477373667e-14,0.0013304409016191303,01101110011100000110101000100000010100110100001000000000,npj SB,npj SB,100.0,True
8HFE,global_rotation_translation,combined_xz_rotation_x_translation_then_kabsch_alignment,0,360,0.0,8.77613031305925e-15,0.0013304409016187855,01101110011100000110101000100000010100110100001000000000,npj SB,npj SB,100.0,True
8HFE,global_rotation_translation,combined_xz_rotation_x_translation_then_kabsch_alignment,30,0,0.0,7.639525389312172e-14,0.0013304409016194508,01101110011100000110101000100000010100110100001000000000,npj SB,npj SB,100.0,True
8HFE,global_rotation_translation,combined_xz_rotation_x_translation_then_kabsch_alignment,30,30,0.0,1.1175467621915392e-13,0.0013304409016187098,01101110011100000110101000100000010100110100001000000000,npj SB,npj SB,100.0,True
8HFE,global_rotation_translation,combined_xz_rotation_x_translation_then_kabsch_alignment,30,60,0.0,1.2598603198911247e-13,0.0013304409016190537,01101110011100000110101000100000010100110100001000000000,npj SB,npj SB,100.0,True
8HFE,global_rotation_translation,combined_xz_rotation_x_translation_then_kabsch_alignment,30,90,0.0,1.0076608054385892e-13,0.0013304409016190288,01101110011100000110101000100000010100110100001000000000,npj SB,npj SB,100.0,True
8HFE,global_rotation_translation,combined_xz_rotation_x_translation_then_kabsch_alignment,30,120,0.0,1.1954874497022634e-13,0.001330440901619588,01101110011100000110101000100000010100110100001000000000,npj SB,npj SB,100.0,True
8HFE,global_rotation_translation,combined_xz_rotation_x_translation_then_kabsch_alignment,30,150,0.0,1.209431878210059e-13,0.0013304409016198027,01101110011100000110101000100000010100110100001000000000,npj SB,npj SB,100.0,True
8HFE,global_rotation_translation,combined_xz_rotation_x_translation_then_kabsch_alignment,30,180,0.0,9.506413903366459e-14,0.0013304409016190552,01101110011100000110101000100000010100110100001000000000,npj SB,npj SB,100.0,True
8HFE,global_rotation_translation,combined_xz_rotation_x_translation_then_kabsch_alignment,30,210,0.0,1.28545796442304e-13,0.001330440901619724,01101110011100000110101000100000010100110100001000000000,npj SB,npj SB,100.0,True
8HFE,global_rotation_translation,combined_xz_rotation_x_translation_then_kabsch_alignment,30,240,0.0,1.2136143289834058e-13,0.0013304409016193948,01101110011100000110101000100000010100110100001000000000,npj SB,npj SB,100.0,True
8HFE,global_rotation_translation,combined_xz_rotation_x_translation_then_kabsch_alignment,30,270,0.0,1.1791459602565343e-13,0.0013304409016190895,01101110011100000110101000100000010100110100001000000000,npj SB,npj SB,100.0,True
8HFE,global_rotation_translation,combined_xz_rotation_x_translation_then_kabsch_alignment,30,300,0.0,7.65085302999385e-14,0.0013304409016195397,01101110011100000110101000100000010100110100001000000000,npj SB,npj SB,100.0,True
8HFE,global_rotation_translation,combined_xz_rotation_x_translation_then_kabsch_alignment,30,330,0.0,8.784734261583379e-14,0.0013304409016192647,01101110011100000110101000100000010100110100001000000000,npj SB,npj SB,100.0,True
8HFE,global_rotation_translation,combined_xz_rotation_x_translation_then_kabsch_alignment,30,360,0.0,7.923904398707179e-14,0.0013304409016189442,01101110011100000110101000100000010100110100001000000000,npj SB,npj SB,100.0,True
8HFE,global_rotation_translation,combined_xz_rotation_x_translation_then_kabsch_alignment,60,0,0.0,4.310109154764776e-14,0.0013304409016188907,01101110011100000110101000100000010100110100001000000000,npj SB,npj SB,100.0,True
8HFE,global_rotation_translation,combined_xz_rotation_x_translation_then_kabsch_alignment,60,30,0.0,8.109162950749972e-14,0.0013304409016185624,01101110011100000110101000100000010100110100001000000000,npj SB,npj SB,100.0,True
8HFE,global_rotation_translation,combined_xz_rotation_x_translation_then_kabsch_alignment,60,60,0.0,6.043273163856019e-14,0.0013304409016184227,01101110011100000110101000100000010100110100001000000000,npj SB,npj SB,100.0,True
8HFE,global_rotation_translation,combined_xz_rotation_x_translation_then_kabsch_alignment,60,90,0.0,1.1801768599431428e-13,0.0013304409016196626,01101110011100000110101000100000010100110100001000000000,npj SB,npj SB,100.0,True
8HFE,global_rotation_translation,combined_xz_rotation_x_translation_then_kabsch_alignment,60,120,0.0,9.374864665228208e-14,0.0013304409016192617,01101110011100000110101000100000010100110100001000000000,npj SB,npj SB,100.0,True
8HFE,global_rotation_translation,combined_xz_rotation_x_translation_then_kabsch_alignment,60,150,0.0,1.0204528572226952e-13,0.0013304409016194792,01101110011100000110101000100000010100110100001000000000,npj SB,npj SB,100.0,True
8HFE,global_rotation_translation,combined_xz_rotation_x_translation_then_kabsch_alignment,60,180,0.0,8.271814544854832e-14,0.0013304409016188941,01101110011100000110101000100000010100110100001000000000,npj SB,npj SB,100.0,True
8HFE,global_rotation_translation,combined_xz_rotation_x_translation_then_kabsch_alignment,60,210,0.0,1.5336947835469793e-13,0.0013304409016180138,01101110011100000110101000100000010100110100001000000000,npj SB,npj SB,100.0,True
8HFE,global_rotation_translation,combined_xz_rotation_x_translation_then_kabsch_alignment,60,240,0.0,1.7175896097909223e-13,0.0013304409016186684,01101110011100000110101000100000010100110100001000000000,npj SB,npj SB,100.0,True
8HFE,global_rotation_translation,combined_xz_rotation_x_translation_then_kabsch_alignment,60,270,0.0,6.445682887887666e-14,0.00133044090161858,01101110011100000110101000100000010100110100001000000000,npj SB,npj SB,100.0,True
8HFE,global_rotation_translation,combined_xz_rotation_x_translation_then_kabsch_alignment,60,300,0.0,3.409265037180885e-14,0.001330440901618366,01101110011100000110101000100000010100110100001000000000,npj SB,npj SB,100.0,True
8HFE,global_rotation_translation,combined_xz_rotation_x_translation_then_kabsch_alignment,60,330,0.0,5.754893500914931e-14,0.0013304409016191758,01101110011100000110101000100000010100110100001000000000,npj SB,npj SB,100.0,True
8HFE,global_rotation_translation,combined_xz_rotation_x_translation_then_kabsch_alignment,60,360,0.0,4.51228021149155e-14,0.001330440901618498,01101110011100000110101000100000010100110100001000000000,npj SB,npj SB,100.0,True
8HFE,global_rotation_translation,combined_xz_rotation_x_translation_then_kabsch_alignment,90,0,0.0,8.365729870590448e-14,0.0013304409016185355,01101110011100000110101000100000010100110100001000000000,npj SB,npj SB,100.0,True
8HFE,global_rotation_translation,combined_xz_rotation_x_translation_then_kabsch_alignment,90,30,0.0,7.402370202298929e-14,0.0013304409016182252,01101110011100000110101000100000010100110100001000000000,npj SB,npj SB,100.0,True
8HFE,global_rotation_translation,combined_xz_rotation_x_translation_then_kabsch_alignment,90,60,0.0,3.2181212156089734e-14,0.0013304409016186183,01101110011100000110101000100000010100110100001000000000,npj SB,npj SB,100.0,True
8HFE,global_rotation_translation,combined_xz_rotation_x_translation_then_kabsch_alignment,90,90,0.0,3.7313062622903546e-14,0.0013304409016191854,01101110011100000110101000100000010100110100001000000000,npj SB,npj SB,100.0,True
8HFE,global_rotation_translation,combined_xz_rotation_x_translation_then_kabsch_alignment,90,120,0.0,5.134932502408614e-14,0.0013304409016189418,01101110011100000110101000100000010100110100001000000000,npj SB,npj SB,100.0,True
8HFE,global_rotation_translation,combined_xz_rotation_x_translation_then_kabsch_alignment,90,150,0.0,1.1351003701951451e-13,0.0013304409016191006,01101110011100000110101000100000010100110100001000000000,npj SB,npj SB,100.0,True
8HFE,global_rotation_translation,combined_xz_rotation_x_translation_then_kabsch_alignment,90,180,0.0,9.47690648251444e-14,0.0013304409016191554,01101110011100000110101000100000010100110100001000000000,npj SB,npj SB,100.0,True
8HFE,global_rotation_translation,combined_xz_rotation_x_translation_then_kabsch_alignment,90,210,0.0,9.89918172147786e-14,0.0013304409016197123,01101110011100000110101000100000010100110100001000000000,npj SB,npj SB,100.0,True
8HFE,global_rotation_translation,combined_xz_rotation_x_translation_then_kabsch_alignment,90,240,0.0,2.2451450020033396e-13,0.001330440901618243,01101110011100000110101000100000010100110100001000000000,npj SB,npj SB,100.0,True
8HFE,global_rotation_translation,combined_xz_rotation_x_translation_then_kabsch_alignment,90,270,0.0,1.0040153243118302e-13,0.0013304409016181682,01101110011100000110101000100000010100110100001000000000,npj SB,npj SB,100.0,True
8HFE,global_rotation_translation,combined_xz_rotation_x_translation_then_kabsch_alignment,90,300,0.0,8.865951433027151e-14,0.001330440901618448,01101110011100000110101000100000010100110100001000000000,npj SB,npj SB,100.0,True
8HFE,global_rotation_translation,combined_xz_rotation_x_translation_then_kabsch_alignment,90,330,0.0,8.144758961059684e-14,0.00133044090161863,01101110011100000110101000100000010100110100001000000000,npj SB,npj SB,100.0,True
8HFE,global_rotation_translation,combined_xz_rotation_x_translation_then_kabsch_alignment,90,360,0.0,8.774030509150009e-14,0.0013304409016186955,01101110011100000110101000100000010100110100001000000000,npj SB,npj SB,100.0,True
8HFE,global_rotation_translation,combined_xz_rotation_x_translation_then_kabsch_alignment,120,0,0.0,1.5127919923997645e-13,0.0013304409016183351,01101110011100000110101000100000010100110100001000000000,npj SB,npj SB,100.0,True
8HFE,global_rotation_translation,combined_xz_rotation_x_translation_then_kabsch_alignment,120,30,0.0,1.6784018163538993e-13,0.0013304409016193183,01101110011100000110101000100000010100110100001000000000,npj SB,npj SB,100.0,True
8HFE,global_rotation_translation,combined_xz_rotation_x_translation_then_kabsch_alignment,120,60,0.0,2.1469702499945106e-13,0.001330440901619663,01101110011100000110101000100000010100110100001000000000,npj SB,npj SB,100.0,True
8HFE,global_rotation_translation,combined_xz_rotation_x_translation_then_kabsch_alignment,120,90,0.0,8.70339432918952e-14,0.0013304409016195555,01101110011100000110101000100000010100110100001000000000,npj SB,npj SB,100.0,True
8HFE,global_rotation_translation,combined_xz_rotation_x_translation_then_kabsch_alignment,120,120,0.0,1.1082418508443463e-13,0.0013304409016195178,01101110011100000110101000100000010100110100001000000000,npj SB,npj SB,100.0,True
8HFE,global_rotation_translation,combined_xz_rotation_x_translation_then_kabsch_alignment,120,150,0.0,1.3019369502093336e-13,0.0013304409016185554,01101110011100000110101000100000010100110100001000000000,npj SB,npj SB,100.0,True
8HFE,global_rotation_translation,combined_xz_rotation_x_translation_then_kabsch_alignment,120,180,0.0,1.2811936485546763e-13,0.0013304409016189455,01101110011100000110101000100000010100110100001000000000,npj SB,npj SB,100.0,True
8HFE,global_rotation_translation,combined_xz_rotation_x_translation_then_kabsch_alignment,120,210,0.0,1.8419397911301561e-13,0.001330440901618021,01101110011100000110101000100000010100110100001000000000,npj SB,npj SB,100.0,True
8HFE,global_rotation_translation,combined_xz_rotation_x_translation_then_kabsch_alignment,120,240,0.0,9.427782808884938e-14,0.001330440901618702,01101110011100000110101000100000010100110100001000000000,npj SB,npj SB,100.0,True
8HFE,global_rotation_translation,combined_xz_rotation_x_translation_then_kabsch_alignment,120,270,0.0,1.7519897678955753e-13,0.0013304409016180352,01101110011100000110101000100000010100110100001000000000,npj SB,npj SB,100.0,True
8HFE,global_rotation_translation,combined_xz_rotation_x_translation_then_kabsch_alignment,120,300,0.0,1.5721854981788446e-13,0.0013304409016188666,01101110011100000110101000100000010100110100001000000000,npj SB,npj SB,100.0,True
8HFE,global_rotation_translation,combined_xz_rotation_x_translation_then_kabsch_alignment,120,330,0.0,1.1101190315660127e-13,0.0013304409016185216,01101110011100000110101000100000010100110100001000000000,npj SB,npj SB,100.0,True
8HFE,global_rotation_translation,combined_xz_rotation_x_translation_then_kabsch_alignment,120,360,0.0,1.4335431619932152e-13,0.0013304409016188323,01101110011100000110101000100000010100110100001000000000,npj SB,npj SB,100.0,True
8HFE,global_rotation_translation,combined_xz_rotation_x_translation_then_kabsch_alignment,150,0,0.0,8.362205046134998e-14,0.0013304409016188712,01101110011100000110101000100000010100110100001000000000,npj SB,npj SB,100.0,True
8HFE,global_rotation_translation,combined_xz_rotation_x_translation_then_kabsch_alignment,150,30,0.0,1.6092524068185226e-13,0.001330440901619133,01101110011100000110101000100000010100110100001000000000,npj SB,npj SB,100.0,True
8HFE,global_rotation_translation,combined_xz_rotation_x_translation_then_kabsch_alignment,150,60,0.0,1.1954257964467777e-13,0.0013304409016186454,01101110011100000110101000100000010100110100001000000000,npj SB,npj SB,100.0,True
8HFE,global_rotation_translation,combined_xz_rotation_x_translation_then_kabsch_alignment,150,90,0.0,1.6161078078620204e-13,0.001330440901619496,01101110011100000110101000100000010100110100001000000000,npj SB,npj SB,100.0,True
8HFE,global_rotation_translation,combined_xz_rotation_x_translation_then_kabsch_alignment,150,120,0.0,1.3095852588190755e-13,0.0013304409016196674,01101110011100000110101000100000010100110100001000000000,npj SB,npj SB,100.0,True
8HFE,global_rotation_translation,combined_xz_rotation_x_translation_then_kabsch_alignment,150,150,0.0,1.2016828019928748e-13,0.0013304409016183893,01101110011100000110101000100000010100110100001000000000,npj SB,npj SB,100.0,True
8HFE,global_rotation_translation,combined_xz_rotation_x_translation_then_kabsch_alignment,150,180,0.0,1.3066272046351794e-13,0.0013304409016192456,01101110011100000110101000100000010100110100001000000000,npj SB,npj SB,100.0,True
8HFE,global_rotation_translation,combined_xz_rotation_x_translation_then_kabsch_alignment,150,210,0.0,2.0884194097856088e-13,0.0013304409016179609,01101110011100000110101000100000010100110100001000000000,npj SB,npj SB,100.0,True
8HFE,global_rotation_translation,combined_xz_rotation_x_translation_then_kabsch_alignment,150,240,0.0,1.4565841458411366e-13,0.00133044090161791,01101110011100000110101000100000010100110100001000000000,npj SB,npj SB,100.0,True
8HFE,global_rotation_translation,combined_xz_rotation_x_translation_then_kabsch_alignment,150,270,0.0,9.715767204823805e-14,0.0013304409016188395,01101110011100000110101000100000010100110100001000000000,npj SB,npj SB,100.0,True
8HFE,global_rotation_translation,combined_xz_rotation_x_translation_then_kabsch_alignment,150,300,0.0,1.6917749632613008e-13,0.0013304409016180714,01101110011100000110101000100000010100110100001000000000,npj SB,npj SB,100.0,True
8HFE,global_rotation_translation,combined_xz_rotation_x_translation_then_kabsch_alignment,150,330,0.0,1.314864960034257e-13,0.0013304409016189358,01101110011100000110101000100000010100110100001000000000,npj SB,npj SB,100.0,True
8HFE,global_rotation_translation,combined_xz_rotation_x_translation_then_kabsch_alignment,150,360,0.0,1.1414459224017822e-13,0.0013304409016183908,01101110011100000110101000100000010100110100001000000000,npj SB,npj SB,100.0,True
8HFE,global_rotation_translation,combined_xz_rotation_x_translation_then_kabsch_alignment,180,0,0.0,1.149761377050013e-13,0.001330440901618338,01101110011100000110101000100000010100110100001000000000,npj SB,npj SB,100.0,True
8HFE,global_rotation_translation,combined_xz_rotation_x_translation_then_kabsch_alignment,180,30,0.0,7.296570056398158e-14,0.0013304409016182607,01101110011100000110101000100000010100110100001000000000,npj SB,npj SB,100.0,True
8HFE,global_rotation_translation,combined_xz_rotation_x_translation_then_kabsch_alignment,180,60,0.0,1.622570899447013e-13,0.0013304409016192437,01101110011100000110101000100000010100110100001000000000,npj SB,npj SB,100.0,True
8HFE,global_rotation_translation,combined_xz_rotation_x_translation_then_kabsch_alignment,180,90,0.0,1.8485079196317872e-13,0.0013304409016193124,01101110011100000110101000100000010100110100001000000000,npj SB,npj SB,100.0,True
8HFE,global_rotation_translation,combined_xz_rotation_x_translation_then_kabsch_alignment,180,120,0.0,1.4336459857537785e-13,0.0013304409016182699,01101110011100000110101000100000010100110100001000000000,npj SB,npj SB,100.0,True
8HFE,global_rotation_translation,combined_xz_rotation_x_translation_then_kabsch_alignment,180,150,0.0,7.073979784314272e-14,0.0013304409016177076,01101110011100000110101000100000010100110100001000000000,npj SB,npj SB,100.0,True
8HFE,global_rotation_translation,combined_xz_rotation_x_translation_then_kabsch_alignment,180,180,0.0,9.239050135430966e-14,0.0013304409016187194,01101110011100000110101000100000010100110100001000000000,npj SB,npj SB,100.0,True
8HFE,global_rotation_translation,combined_xz_rotation_x_translation_then_kabsch_alignment,180,210,0.0,7.743019442969548e-14,0.0013304409016188293,01101110011100000110101000100000010100110100001000000000,npj SB,npj SB,100.0,True
8HFE,global_rotation_translation,combined_xz_rotation_x_translation_then_kabsch_alignment,180,240,0.0,1.8308499763116833e-13,0.0013304409016181144,01101110011100000110101000100000010100110100001000000000,npj SB,npj SB,100.0,True
8HFE,global_rotation_translation,combined_xz_rotation_x_translation_then_kabsch_alignment,180,270,0.0,1.2393197061642608e-13,0.0013304409016180792,01101110011100000110101000100000010100110100001000000000,npj SB,npj SB,100.0,True
8HFE,global_rotation_translation,combined_xz_rotation_x_translation_then_kabsch_alignment,180,300,0.0,5.1054232199312886e-14,0.001330440901618182,01101110011100000110101000100000010100110100001000000000,npj SB,npj SB,100.0,True
8HFE,global_rotation_translation,combined_xz_rotation_x_translation_then_kabsch_alignment,180,330,0.0,1.2570637666572163e-13,0.0013304409016191294,01101110011100000110101000100000010100110100001000000000,npj SB,npj SB,100.0,True
8HFE,global_rotation_translation,combined_xz_rotation_x_translation_then_kabsch_alignment,180,360,0.0,9.383705079802153e-14,0.0013304409016180524,01101110011100000110101000100000010100110100001000000000,npj SB,npj SB,100.0,True
8HFE,global_rotation_translation,combined_xz_rotation_x_translation_then_kabsch_alignment,210,0,0.0,1.1203626376992786e-13,0.0013304409016186534,01101110011100000110101000100000010100110100001000000000,npj SB,npj SB,100.0,True
8HFE,global_rotation_translation,combined_xz_rotation_x_translation_then_kabsch_alignment,210,30,0.0,1.1961346170228157e-13,0.001330440901618765,01101110011100000110101000100000010100110100001000000000,npj SB,npj SB,100.0,True
8HFE,global_rotation_translation,combined_xz_rotation_x_translation_then_kabsch_alignment,210,60,0.0,1.3144865392714092e-13,0.0013304409016190709,01101110011100000110101000100000010100110100001000000000,npj SB,npj SB,100.0,True
8HFE,global_rotation_translation,combined_xz_rotation_x_translation_then_kabsch_alignment,210,90,0.0,1.1217761376649454e-13,0.001330440901619647,01101110011100000110101000100000010100110100001000000000,npj SB,npj SB,100.0,True
8HFE,global_rotation_translation,combined_xz_rotation_x_translation_then_kabsch_alignment,210,120,0.0,1.4531899620169203e-13,0.0013304409016190876,01101110011100000110101000100000010100110100001000000000,npj SB,npj SB,100.0,True
8HFE,global_rotation_translation,combined_xz_rotation_x_translation_then_kabsch_alignment,210,150,0.0,1.2372066782927352e-13,0.001330440901618619,01101110011100000110101000100000010100110100001000000000,npj SB,npj SB,100.0,True
8HFE,global_rotation_translation,combined_xz_rotation_x_translation_then_kabsch_alignment,210,180,0.0,1.0601458076261992e-13,0.001330440901619181,01101110011100000110101000100000010100110100001000000000,npj SB,npj SB,100.0,True
8HFE,global_rotation_translation,combined_xz_rotation_x_translation_then_kabsch_alignment,210,210,0.0,1.3400307276782686e-13,0.0013304409016188527,01101110011100000110101000100000010100110100001000000000,npj SB,npj SB,100.0,True
8HFE,global_rotation_translation,combined_xz_rotation_x_translation_then_kabsch_alignment,210,240,0.0,9.573435438953395e-14,0.0013304409016194482,01101110011100000110101000100000010100110100001000000000,npj SB,npj SB,100.0,True
8HFE,global_rotation_translation,combined_xz_rotation_x_translation_then_kabsch_alignment,210,270,0.0,9.329351997151858e-14,0.0013304409016183898,01101110011100000110101000100000010100110100001000000000,npj SB,npj SB,100.0,True
8HFE,global_rotation_translation,combined_xz_rotation_x_translation_then_kabsch_alignment,210,300,0.0,1.2535152043399189e-13,0.0013304409016180994,01101110011100000110101000100000010100110100001000000000,npj SB,npj SB,100.0,True
8HFE,global_rotation_translation,combined_xz_rotation_x_translation_then_kabsch_alignment,210,330,0.0,1.534310382147207e-13,0.0013304409016189347,01101110011100000110101000100000010100110100001000000000,npj SB,npj SB,100.0,True
8HFE,global_rotation_translation,combined_xz_rotation_x_translation_then_kabsch_alignment,210,360,0.0,9.893177011924252e-14,0.0013304409016179717,01101110011100000110101000100000010100110100001000000000,npj SB,npj SB,100.0,True
8HFE,global_rotation_translation,combined_xz_rotation_x_translation_then_kabsch_alignment,240,0,0.0,1.11106472463772e-13,0.0013304409016181577,01101110011100000110101000100000010100110100001000000000,npj SB,npj SB,100.0,True
8HFE,global_rotation_translation,combined_xz_rotation_x_translation_then_kabsch_alignment,240,30,0.0,1.151714875958812e-13,0.0013304409016187397,01101110011100000110101000100000010100110100001000000000,npj SB,npj SB,100.0,True
8HFE,global_rotation_translation,combined_xz_rotation_x_translation_then_kabsch_alignment,240,60,0.0,1.309163088857594e-13,0.001330440901618465,01101110011100000110101000100000010100110100001000000000,npj SB,npj SB,100.0,True
8HFE,global_rotation_translation,combined_xz_rotation_x_translation_then_kabsch_alignment,240,90,0.0,1.3233995510678514e-13,0.0013304409016181946,01101110011100000110101000100000010100110100001000000000,npj SB,npj SB,100.0,True
8HFE,global_rotation_translation,combined_xz_rotation_x_translation_then_kabsch_alignment,240,120,0.0,1.0719682040518629e-13,0.0013304409016183902,01101110011100000110101000100000010100110100001000000000,npj SB,npj SB,100.0,True
8HFE,global_rotation_translation,combined_xz_rotation_x_translation_then_kabsch_alignment,240,150,0.0,1.3464642180495278e-13,0.0013304409016179053,01101110011100000110101000100000010100110100001000000000,npj SB,npj SB,100.0,True
8HFE,global_rotation_translation,combined_xz_rotation_x_translation_then_kabsch_alignment,240,180,0.0,1.2218458049616125e-13,0.0013304409016187241,01101110011100000110101000100000010100110100001000000000,npj SB,npj SB,100.0,True
8HFE,global_rotation_translation,combined_xz_rotation_x_translation_then_kabsch_alignment,240,210,0.0,1.4411834468566704e-13,0.0013304409016189562,01101110011100000110101000100000010100110100001000000000,npj SB,npj SB,100.0,True
8HFE,global_rotation_translation,combined_xz_rotation_x_translation_then_kabsch_alignment,240,240,0.0,1.1235979100746125e-13,0.0013304409016188282,01101110011100000110101000100000010100110100001000000000,npj SB,npj SB,100.0,True
8HFE,global_rotation_translation,combined_xz_rotation_x_translation_then_kabsch_alignment,240,270,0.0,1.6459016101079109e-13,0.001330440901618805,01101110011100000110101000100000010100110100001000000000,npj SB,npj SB,100.0,True
8HFE,global_rotation_translation,combined_xz_rotation_x_translation_then_kabsch_alignment,240,300,0.0,1.7824766735075956e-13,0.001330440901619383,01101110011100000110101000100000010100110100001000000000,npj SB,npj SB,100.0,True
8HFE,global_rotation_translation,combined_xz_rotation_x_translation_then_kabsch_alignment,240,330,0.0,1.68313774728709e-13,0.0013304409016186853,01101110011100000110101000100000010100110100001000000000,npj SB,npj SB,100.0,True
8HFE,global_rotation_translation,combined_xz_rotation_x_translation_then_kabsch_alignment,240,360,0.0,1.059728591629079e-13,0.0013304409016188868,01101110011100000110101000100000010100110100001000000000,npj SB,npj SB,100.0,True
8HFE,global_rotation_translation,combined_xz_rotation_x_translation_then_kabsch_alignment,270,0,0.0,8.615514467057871e-14,0.0013304409016186005,01101110011100000110101000100000010100110100001000000000,npj SB,npj SB,100.0,True
8HFE,global_rotation_translation,combined_xz_rotation_x_translation_then_kabsch_alignment,270,30,0.0,1.2604049979167122e-13,0.0013304409016190986,01101110011100000110101000100000010100110100001000000000,npj SB,npj SB,100.0,True
8HFE,global_rotation_translation,combined_xz_rotation_x_translation_then_kabsch_alignment,270,60,0.0,6.291179271699806e-14,0.001330440901619039,01101110011100000110101000100000010100110100001000000000,npj SB,npj SB,100.0,True
8HFE,global_rotation_translation,combined_xz_rotation_x_translation_then_kabsch_alignment,270,90,0.0,1.1777074429286306e-13,0.0013304409016182232,01101110011100000110101000100000010100110100001000000000,npj SB,npj SB,100.0,True
8HFE,global_rotation_translation,combined_xz_rotation_x_translation_then_kabsch_alignment,270,120,0.0,2.0169940734399556e-13,0.0013304409016177085,01101110011100000110101000100000010100110100001000000000,npj SB,npj SB,100.0,True
8HFE,global_rotation_translation,combined_xz_rotation_x_translation_then_kabsch_alignment,270,150,0.0,1.0104911393693673e-13,0.0013304409016187942,01101110011100000110101000100000010100110100001000000000,npj SB,npj SB,100.0,True
8HFE,global_rotation_translation,combined_xz_rotation_x_translation_then_kabsch_alignment,270,180,0.0,1.162875889685882e-13,0.001330440901618686,01101110011100000110101000100000010100110100001000000000,npj SB,npj SB,100.0,True
8HFE,global_rotation_translation,combined_xz_rotation_x_translation_then_kabsch_alignment,270,210,0.0,7.482585519195719e-14,0.0013304409016189744,01101110011100000110101000100000010100110100001000000000,npj SB,npj SB,100.0,True
8HFE,global_rotation_translation,combined_xz_rotation_x_translation_then_kabsch_alignment,270,240,0.0,1.0483658499396379e-13,0.0013304409016183997,01101110011100000110101000100000010100110100001000000000,npj SB,npj SB,100.0,True
8HFE,global_rotation_translation,combined_xz_rotation_x_translation_then_kabsch_alignment,270,270,0.0,4.075997565073161e-14,0.0013304409016187786,01101110011100000110101000100000010100110100001000000000,npj SB,npj SB,100.0,True
8HFE,global_rotation_translation,combined_xz_rotation_x_translation_then_kabsch_alignment,270,300,0.0,1.5785949701736416e-13,0.0013304409016190782,01101110011100000110101000100000010100110100001000000000,npj SB,npj SB,100.0,True
8HFE,global_rotation_translation,combined_xz_rotation_x_translation_then_kabsch_alignment,270,330,0.0,1.2013300807815037e-13,0.0013304409016192047,01101110011100000110101000100000010100110100001000000000,npj SB,npj SB,100.0,True
8HFE,global_rotation_translation,combined_xz_rotation_x_translation_then_kabsch_alignment,270,360,0.0,7.394213592498737e-14,0.001330440901618268,01101110011100000110101000100000010100110100001000000000,npj SB,npj SB,100.0,True
8HFE,global_rotation_translation,combined_xz_rotation_x_translation_then_kabsch_alignment,300,0,0.0,9.761177075004063e-14,0.001330440901618788,01101110011100000110101000100000010100110100001000000000,npj SB,npj SB,100.0,True
8HFE,global_rotation_translation,combined_xz_rotation_x_translation_then_kabsch_alignment,300,30,0.0,1.2115173039722236e-13,0.0013304409016190119,01101110011100000110101000100000010100110100001000000000,npj SB,npj SB,100.0,True
8HFE,global_rotation_translation,combined_xz_rotation_x_translation_then_kabsch_alignment,300,60,0.0,1.257078424498142e-13,0.0013304409016188688,01101110011100000110101000100000010100110100001000000000,npj SB,npj SB,100.0,True
8HFE,global_rotation_translation,combined_xz_rotation_x_translation_then_kabsch_alignment,300,90,0.0,1.7220332144453863e-13,0.0013304409016183711,01101110011100000110101000100000010100110100001000000000,npj SB,npj SB,100.0,True
8HFE,global_rotation_translation,combined_xz_rotation_x_translation_then_kabsch_alignment,300,120,0.0,1.457873885951246e-13,0.0013304409016184696,01101110011100000110101000100000010100110100001000000000,npj SB,npj SB,100.0,True
8HFE,global_rotation_translation,combined_xz_rotation_x_translation_then_kabsch_alignment,300,150,0.0,2.0087646048046898e-13,0.0013304409016181968,01101110011100000110101000100000010100110100001000000000,npj SB,npj SB,100.0,True
8HFE,global_rotation_translation,combined_xz_rotation_x_translation_then_kabsch_alignment,300,180,0.0,1.6894425768605112e-13,0.0013304409016186914,01101110011100000110101000100000010100110100001000000000,npj SB,npj SB,100.0,True
8HFE,global_rotation_translation,combined_xz_rotation_x_translation_then_kabsch_alignment,300,210,0.0,1.1292903627664747e-13,0.0013304409016182857,01101110011100000110101000100000010100110100001000000000,npj SB,npj SB,100.0,True
8HFE,global_rotation_translation,combined_xz_rotation_x_translation_then_kabsch_alignment,300,240,0.0,1.5987442061532803e-13,0.0013304409016187456,01101110011100000110101000100000010100110100001000000000,npj SB,npj SB,100.0,True
8HFE,global_rotation_translation,combined_xz_rotation_x_translation_then_kabsch_alignment,300,270,0.0,8.869276061036766e-14,0.0013304409016187209,01101110011100000110101000100000010100110100001000000000,npj SB,npj SB,100.0,True
8HFE,global_rotation_translation,combined_xz_rotation_x_translation_then_kabsch_alignment,300,300,0.0,1.7903363473328282e-13,0.0013304409016191873,01101110011100000110101000100000010100110100001000000000,npj SB,npj SB,100.0,True
8HFE,global_rotation_translation,combined_xz_rotation_x_translation_then_kabsch_alignment,300,330,0.0,1.4489106172062045e-13,0.0013304409016187788,01101110011100000110101000100000010100110100001000000000,npj SB,npj SB,100.0,True
8HFE,global_rotation_translation,combined_xz_rotation_x_translation_then_kabsch_alignment,300,360,0.0,9.211286883297307e-14,0.0013304409016187363,01101110011100000110101000100000010100110100001000000000,npj SB,npj SB,100.0,True
8HFE,global_rotation_translation,combined_xz_rotation_x_translation_then_kabsch_alignment,330,0,0.0,9.215886577421638e-14,0.0013304409016191194,01101110011100000110101000100000010100110100001000000000,npj SB,npj SB,100.0,True
8HFE,global_rotation_translation,combined_xz_rotation_x_translation_then_kabsch_alignment,330,30,0.0,8.61936325637965e-14,0.0013304409016186489,01101110011100000110101000100000010100110100001000000000,npj SB,npj SB,100.0,True
8HFE,global_rotation_translation,combined_xz_rotation_x_translation_then_kabsch_alignment,330,60,0.0,1.1555322404507243e-13,0.0013304409016176165,01101110011100000110101000100000010100110100001000000000,npj SB,npj SB,100.0,True
8HFE,global_rotation_translation,combined_xz_rotation_x_translation_then_kabsch_alignment,330,90,0.0,4.3720794379792146e-14,0.0013304409016188842,01101110011100000110101000100000010100110100001000000000,npj SB,npj SB,100.0,True
8HFE,global_rotation_translation,combined_xz_rotation_x_translation_then_kabsch_alignment,330,120,0.0,7.663847097026302e-14,0.001330440901618949,01101110011100000110101000100000010100110100001000000000,npj SB,npj SB,100.0,True
8HFE,global_rotation_translation,combined_xz_rotation_x_translation_then_kabsch_alignment,330,150,0.0,1.7688413438908215e-13,0.0013304409016178826,01101110011100000110101000100000010100110100001000000000,npj SB,npj SB,100.0,True
8HFE,global_rotation_translation,combined_xz_rotation_x_translation_then_kabsch_alignment,330,180,0.0,9.883906778453677e-14,0.001330440901619383,01101110011100000110101000100000010100110100001000000000,npj SB,npj SB,100.0,True
8HFE,global_rotation_translation,combined_xz_rotation_x_translation_then_kabsch_alignment,330,210,0.0,1.2477360342583575e-13,0.0013304409016190344,01101110011100000110101000100000010100110100001000000000,npj SB,npj SB,100.0,True
8HFE,global_rotation_translation,combined_xz_rotation_x_translation_then_kabsch_alignment,330,240,0.0,1.3289432938960212e-13,0.0013304409016188532,01101110011100000110101000100000010100110100001000000000,npj SB,npj SB,100.0,True
8HFE,global_rotation_translation,combined_xz_rotation_x_translation_then_kabsch_alignment,330,270,0.0,1.5715759421918315e-13,0.001330440901619934,01101110011100000110101000100000010100110100001000000000,npj SB,npj SB,100.0,True
8HFE,global_rotation_translation,combined_xz_rotation_x_translation_then_kabsch_alignment,330,300,0.0,1.2909648168617953e-13,0.001330440901618409,01101110011100000110101000100000010100110100001000000000,npj SB,npj SB,100.0,True
8HFE,global_rotation_translation,combined_xz_rotation_x_translation_then_kabsch_alignment,330,330,0.0,1.666890046015084e-13,0.0013304409016200956,01101110011100000110101000100000010100110100001000000000,npj SB,npj SB,100.0,True
8HFE,global_rotation_translation,combined_xz_rotation_x_translation_then_kabsch_alignment,330,360,0.0,1.210239074949546e-13,0.0013304409016191806,01101110011100000110101000100000010100110100001000000000,npj SB,npj SB,100.0,True
8HFE,global_rotation_translation,combined_xz_rotation_x_translation_then_kabsch_alignment,360,0,0.0,1.4559894693264595e-14,0.001330440901618766,01101110011100000110101000100000010100110100001000000000,npj SB,npj SB,100.0,True
8HFE,global_rotation_translation,combined_xz_rotation_x_translation_then_kabsch_alignment,360,30,0.0,1.0090860948049604e-13,0.0013304409016199404,01101110011100000110101000100000010100110100001000000000,npj SB,npj SB,100.0,True
8HFE,global_rotation_translation,combined_xz_rotation_x_translation_then_kabsch_alignment,360,60,0.0,1.529559364563959e-13,0.0013304409016188148,01101110011100000110101000100000010100110100001000000000,npj SB,npj SB,100.0,True
8HFE,global_rotation_translation,combined_xz_rotation_x_translation_then_kabsch_alignment,360,90,0.0,5.840702047445572e-14,0.0013304409016189251,01101110011100000110101000100000010100110100001000000000,npj SB,npj SB,100.0,True
8HFE,global_rotation_translation,combined_xz_rotation_x_translation_then_kabsch_alignment,360,120,0.0,1.6497035354567784e-13,0.0013304409016182538,01101110011100000110101000100000010100110100001000000000,npj SB,npj SB,100.0,True
8HFE,global_rotation_translation,combined_xz_rotation_x_translation_then_kabsch_alignment,360,150,0.0,3.653079926372914e-14,0.001330440901619011,01101110011100000110101000100000010100110100001000000000,npj SB,npj SB,100.0,True
8HFE,global_rotation_translation,combined_xz_rotation_x_translation_then_kabsch_alignment,360,180,0.0,1.2042445915435972e-13,0.0013304409016190045,01101110011100000110101000100000010100110100001000000000,npj SB,npj SB,100.0,True
8HFE,global_rotation_translation,combined_xz_rotation_x_translation_then_kabsch_alignment,360,210,0.0,6.394596479608939e-14,0.0013304409016193148,01101110011100000110101000100000010100110100001000000000,npj SB,npj SB,100.0,True
8HFE,global_rotation_translation,combined_xz_rotation_x_translation_then_kabsch_alignment,360,240,0.0,4.313100654216029e-14,0.0013304409016189351,01101110011100000110101000100000010100110100001000000000,npj SB,npj SB,100.0,True
8HFE,global_rotation_translation,combined_xz_rotation_x_translation_then_kabsch_alignment,360,270,0.0,1.618773545115969e-13,0.0013304409016192836,01101110011100000110101000100000010100110100001000000000,npj SB,npj SB,100.0,True
8HFE,global_rotation_translation,combined_xz_rotation_x_translation_then_kabsch_alignment,360,300,0.0,1.7134974453352879e-13,0.0013304409016193744,01101110011100000110101000100000010100110100001000000000,npj SB,npj SB,100.0,True
8HFE,global_rotation_translation,combined_xz_rotation_x_translation_then_kabsch_alignment,360,330,0.0,1.0881963043751504e-13,0.0013304409016187478,01101110011100000110101000100000010100110100001000000000,npj SB,npj SB,100.0,True
8HFE,global_rotation_translation,combined_xz_rotation_x_translation_then_kabsch_alignment,360,360,0.0,1.228073229156731e-14,0.0013304409016186103,01101110011100000110101000100000010100110100001000000000,npj SB,npj SB,100.0,True
8HFE,global_rotation_translation,combined_xz_rotation_x_translation_then_kabsch_alignment,0,0,0.5,1.8049120845966202e-14,0.0013304409016186103,01101110011100000110101000100000010100110100001000000000,npj SB,npj SB,100.0,True
8HFE,global_rotation_translation,combined_xz_rotation_x_translation_then_kabsch_alignment,0,30,0.5,7.516981615004097e-14,0.0013304409016190277,01101110011100000110101000100000010100110100001000000000,npj SB,npj SB,100.0,True
8HFE,global_rotation_translation,combined_xz_rotation_x_translation_then_kabsch_alignment,0,60,0.5,1.3033231787081845e-13,0.001330440901619466,01101110011100000110101000100000010100110100001000000000,npj SB,npj SB,100.0,True
8HFE,global_rotation_translation,combined_xz_rotation_x_translation_then_kabsch_alignment,0,90,0.5,5.86682803108664e-14,0.0013304409016185693,01101110011100000110101000100000010100110100001000000000,npj SB,npj SB,100.0,True
8HFE,global_rotation_translation,combined_xz_rotation_x_translation_then_kabsch_alignment,0,120,0.5,1.6635068254172397e-13,0.0013304409016181402,01101110011100000110101000100000010100110100001000000000,npj SB,npj SB,100.0,True
8HFE,global_rotation_translation,combined_xz_rotation_x_translation_then_kabsch_alignment,0,150,0.5,4.2299547222366333e-14,0.0013304409016186693,01101110011100000110101000100000010100110100001000000000,npj SB,npj SB,100.0,True
8HFE,global_rotation_translation,combined_xz_rotation_x_translation_then_kabsch_alignment,0,180,0.5,1.2822035761968845e-13,0.0013304409016190169,01101110011100000110101000100000010100110100001000000000,npj SB,npj SB,100.0,True
8HFE,global_rotation_translation,combined_xz_rotation_x_translation_then_kabsch_alignment,0,210,0.5,5.012638446598018e-14,0.0013304409016188273,01101110011100000110101000100000010100110100001000000000,npj SB,npj SB,100.0,True
8HFE,global_rotation_translation,combined_xz_rotation_x_translation_then_kabsch_alignment,0,240,0.5,2.609641821527276e-14,0.0013304409016192875,01101110011100000110101000100000010100110100001000000000,npj SB,npj SB,100.0,True
8HFE,global_rotation_translation,combined_xz_rotation_x_translation_then_kabsch_alignment,0,270,0.5,1.7235840323630706e-13,0.0013304409016196943,01101110011100000110101000100000010100110100001000000000,npj SB,npj SB,100.0,True
8HFE,global_rotation_translation,combined_xz_rotation_x_translation_then_kabsch_alignment,0,300,0.5,1.674312919294244e-13,0.0013304409016195893,01101110011100000110101000100000010100110100001000000000,npj SB,npj SB,100.0,True
8HFE,global_rotation_translation,combined_xz_rotation_x_translation_then_kabsch_alignment,0,330,0.5,9.387827757630598e-14,0.001330440901619044,01101110011100000110101000100000010100110100001000000000,npj SB,npj SB,100.0,True
8HFE,global_rotation_translation,combined_xz_rotation_x_translation_then_kabsch_alignment,0,360,0.5,1.8059326739258987e-14,0.0013304409016186688,01101110011100000110101000100000010100110100001000000000,npj SB,npj SB,100.0,True
8HFE,global_rotation_translation,combined_xz_rotation_x_translation_then_kabsch_alignment,30,0,0.5,8.224678768954658e-14,0.001330440901619166,01101110011100000110101000100000010100110100001000000000,npj SB,npj SB,100.0,True
8HFE,global_rotation_translation,combined_xz_rotation_x_translation_then_kabsch_alignment,30,30,0.5,9.626984679048928e-14,0.0013304409016190897,01101110011100000110101000100000010100110100001000000000,npj SB,npj SB,100.0,True
8HFE,global_rotation_translation,combined_xz_rotation_x_translation_then_kabsch_alignment,30,60,0.5,1.2754857169569303e-13,0.0013304409016189087,01101110011100000110101000100000010100110100001000000000,npj SB,npj SB,100.0,True
8HFE,global_rotation_translation,combined_xz_rotation_x_translation_then_kabsch_alignment,30,90,0.5,1.069576279146166e-13,0.0013304409016192324,01101110011100000110101000100000010100110100001000000000,npj SB,npj SB,100.0,True
8HFE,global_rotation_translation,combined_xz_rotation_x_translation_then_kabsch_alignment,30,120,0.5,1.0281699749203178e-13,0.001330440901619291,01101110011100000110101000100000010100110100001000000000,npj SB,npj SB,100.0,True
8HFE,global_rotation_translation,combined_xz_rotation_x_translation_then_kabsch_alignment,30,150,0.5,1.199395941320632e-13,0.0013304409016196058,01101110011100000110101000100000010100110100001000000000,npj SB,npj SB,100.0,True
8HFE,global_rotation_translation,combined_xz_rotation_x_translation_then_kabsch_alignment,30,180,0.5,9.354795462705798e-14,0.001330440901618811,01101110011100000110101000100000010100110100001000000000,npj SB,npj SB,100.0,True
8HFE,global_rotation_translation,combined_xz_rotation_x_translation_then_kabsch_alignment,30,210,0.5,1.2443052564562447e-13,0.0013304409016199356,01101110011100000110101000100000010100110100001000000000,npj SB,npj SB,100.0,True
8HFE,global_rotation_translation,combined_xz_rotation_x_translation_then_kabsch_alignment,30,240,0.5,1.2282532633488374e-13,0.0013304409016195232,01101110011100000110101000100000010100110100001000000000,npj SB,npj SB,100.0,True
8HFE,global_rotation_translation,combined_xz_rotation_x_translation_then_kabsch_alignment,30,270,0.5,1.0855303939375438e-13,0.0013304409016188594,01101110011100000110101000100000010100110100001000000000,npj SB,npj SB,100.0,True
8HFE,global_rotation_translation,combined_xz_rotation_x_translation_then_kabsch_alignment,30,300,0.5,8.105753877176542e-14,0.001330440901619607,01101110011100000110101000100000010100110100001000000000,npj SB,npj SB,100.0,True
8HFE,global_rotation_translation,combined_xz_rotation_x_translation_then_kabsch_alignment,30,330,0.5,8.426301003740171e-14,0.0013304409016193985,01101110011100000110101000100000010100110100001000000000,npj SB,npj SB,100.0,True
8HFE,global_rotation_translation,combined_xz_rotation_x_translation_then_kabsch_alignment,30,360,0.5,7.88877167771345e-14,0.001330440901619054,01101110011100000110101000100000010100110100001000000000,npj SB,npj SB,100.0,True
8HFE,global_rotation_translation,combined_xz_rotation_x_translation_then_kabsch_alignment,60,0,0.5,5.3116675168008577e-14,0.0013304409016185353,01101110011100000110101000100000010100110100001000000000,npj SB,npj SB,100.0,True
8HFE,global_rotation_translation,combined_xz_rotation_x_translation_then_kabsch_alignment,60,30,0.5,9.850246584442121e-14,0.0013304409016190273,01101110011100000110101000100000010100110100001000000000,npj SB,npj SB,100.0,True
8HFE,global_rotation_translation,combined_xz_rotation_x_translation_then_kabsch_alignment,60,60,0.5,5.708359484816736e-14,0.0013304409016184596,01101110011100000110101000100000010100110100001000000000,npj SB,npj SB,100.0,True
8HFE,global_rotation_translation,combined_xz_rotation_x_translation_then_kabsch_alignment,60,90,0.5,1.3176646926993025e-13,0.001330440901619253,01101110011100000110101000100000010100110100001000000000,npj SB,npj SB,100.0,True
8HFE,global_rotation_translation,combined_xz_rotation_x_translation_then_kabsch_alignment,60,120,0.5,9.031499724602816e-14,0.0013304409016191984,01101110011100000110101000100000010100110100001000000000,npj SB,npj SB,100.0,True
8HFE,global_rotation_translation,combined_xz_rotation_x_translation_then_kabsch_alignment,60,150,0.5,1.0953647975949086e-13,0.0013304409016189423,01101110011100000110101000100000010100110100001000000000,npj SB,npj SB,100.0,True
8HFE,global_rotation_translation,combined_xz_rotation_x_translation_then_kabsch_alignment,60,180,0.5,5.556815986848345e-14,0.0013304409016188876,01101110011100000110101000100000010100110100001000000000,npj SB,npj SB,100.0,True
8HFE,global_rotation_translation,combined_xz_rotation_x_translation_then_kabsch_alignment,60,210,0.5,1.584478553812004e-13,0.0013304409016178071,01101110011100000110101000100000010100110100001000000000,npj SB,npj SB,100.0,True
8HFE,global_rotation_translation,combined_xz_rotation_x_translation_then_kabsch_alignment,60,240,0.5,1.7166775050882556e-13,0.001330440901618164,01101110011100000110101000100000010100110100001000000000,npj SB,npj SB,100.0,True
8HFE,global_rotation_translation,combined_xz_rotation_x_translation_then_kabsch_alignment,60,270,0.5,6.772162501609562e-14,0.0013304409016187055,01101110011100000110101000100000010100110100001000000000,npj SB,npj SB,100.0,True
8HFE,global_rotation_translation,combined_xz_rotation_x_translation_then_kabsch_alignment,60,300,0.5,4.5690917319802593e-14,0.0013304409016191635,01101110011100000110101000100000010100110100001000000000,npj SB,npj SB,100.0,True
8HFE,global_rotation_translation,combined_xz_rotation_x_translation_then_kabsch_alignment,60,330,0.5,4.6830079531745425e-14,0.0013304409016194417,01101110011100000110101000100000010100110100001000000000,npj SB,npj SB,100.0,True
8HFE,global_rotation_translation,combined_xz_rotation_x_translation_then_kabsch_alignment,60,360,0.5,3.671067757172216e-14,0.0013304409016185103,01101110011100000110101000100000010100110100001000000000,npj SB,npj SB,100.0,True
8HFE,global_rotation_translation,combined_xz_rotation_x_translation_then_kabsch_alignment,90,0,0.5,8.630472339692628e-14,0.0013304409016183403,01101110011100000110101000100000010100110100001000000000,npj SB,npj SB,100.0,True
8HFE,global_rotation_translation,combined_xz_rotation_x_translation_then_kabsch_alignment,90,30,0.5,6.634726078225981e-14,0.0013304409016188124,01101110011100000110101000100000010100110100001000000000,npj SB,npj SB,100.0,True
8HFE,global_rotation_translation,combined_xz_rotation_x_translation_then_kabsch_alignment,90,60,0.5,3.520541723068982e-14,0.0013304409016185411,01101110011100000110101000100000010100110100001000000000,npj SB,npj SB,100.0,True
8HFE,global_rotation_translation,combined_xz_rotation_x_translation_then_kabsch_alignment,90,90,0.5,3.763267695629975e-14,0.0013304409016191851,01101110011100000110101000100000010100110100001000000000,npj SB,npj SB,100.0,True
8HFE,global_rotation_translation,combined_xz_rotation_x_translation_then_kabsch_alignment,90,120,0.5,4.743602837736481e-14,0.001330440901618734,01101110011100000110101000100000010100110100001000000000,npj SB,npj SB,100.0,True
8HFE,global_rotation_translation,combined_xz_rotation_x_translation_then_kabsch_alignment,90,150,0.5,1.0136044677346753e-13,0.00133044090161865,01101110011100000110101000100000010100110100001000000000,npj SB,npj SB,100.0,True
8HFE,global_rotation_translation,combined_xz_rotation_x_translation_then_kabsch_alignment,90,180,0.5,7.937147896365171e-14,0.0013304409016191116,01101110011100000110101000100000010100110100001000000000,npj SB,npj SB,100.0,True
8HFE,global_rotation_translation,combined_xz_rotation_x_translation_then_kabsch_alignment,90,210,0.5,1.3006625817840593e-13,0.0013304409016187068,01101110011100000110101000100000010100110100001000000000,npj SB,npj SB,100.0,True
8HFE,global_rotation_translation,combined_xz_rotation_x_translation_then_kabsch_alignment,90,240,0.5,2.0616556491601966e-13,0.00133044090161831,01101110011100000110101000100000010100110100001000000000,npj SB,npj SB,100.0,True
8HFE,global_rotation_translation,combined_xz_rotation_x_translation_then_kabsch_alignment,90,270,0.5,1.0050425252922973e-13,0.0013304409016182469,01101110011100000110101000100000010100110100001000000000,npj SB,npj SB,100.0,True
8HFE,global_rotation_translation,combined_xz_rotation_x_translation_then_kabsch_alignment,90,300,0.5,6.160962034566055e-14,0.0013304409016184665,01101110011100000110101000100000010100110100001000000000,npj SB,npj SB,100.0,True
8HFE,global_rotation_translation,combined_xz_rotation_x_translation_then_kabsch_alignment,90,330,0.5,8.599673569354042e-14,0.0013304409016188369,01101110011100000110101000100000010100110100001000000000,npj SB,npj SB,100.0,True
8HFE,global_rotation_translation,combined_xz_rotation_x_translation_then_kabsch_alignment,90,360,0.5,8.804428651075461e-14,0.0013304409016186367,01101110011100000110101000100000010100110100001000000000,npj SB,npj SB,100.0,True
8HFE,global_rotation_translation,combined_xz_rotation_x_translation_then_kabsch_alignment,120,0,0.5,1.5485800915598694e-13,0.001330440901618471,01101110011100000110101000100000010100110100001000000000,npj SB,npj SB,100.0,True
8HFE,global_rotation_translation,combined_xz_rotation_x_translation_then_kabsch_alignment,120,30,0.5,1.7136022879184964e-13,0.0013304409016193569,01101110011100000110101000100000010100110100001000000000,npj SB,npj SB,100.0,True
8HFE,global_rotation_translation,combined_xz_rotation_x_translation_then_kabsch_alignment,120,60,0.5,2.1203980686275228e-13,0.0013304409016196709,01101110011100000110101000100000010100110100001000000000,npj SB,npj SB,100.0,True
8HFE,global_rotation_translation,combined_xz_rotation_x_translation_then_kabsch_alignment,120,90,0.5,9.097361634874976e-14,0.0013304409016194167,01101110011100000110101000100000010100110100001000000000,npj SB,npj SB,100.0,True
8HFE,global_rotation_translation,combined_xz_rotation_x_translation_then_kabsch_alignment,120,120,0.5,1.0775572136516579e-13,0.0013304409016195629,01101110011100000110101000100000010100110100001000000000,npj SB,npj SB,100.0,True
8HFE,global_rotation_translation,combined_xz_rotation_x_translation_then_kabsch_alignment,120,150,0.5,1.4541532965357237e-13,0.0013304409016186,01101110011100000110101000100000010100110100001000000000,npj SB,npj SB,100.0,True
8HFE,global_rotation_translation,combined_xz_rotation_x_translation_then_kabsch_alignment,120,180,0.5,1.3388339090953927e-13,0.0013304409016197665,01101110011100000110101000100000010100110100001000000000,npj SB,npj SB,100.0,True
8HFE,global_rotation_translation,combined_xz_rotation_x_translation_then_kabsch_alignment,120,210,0.5,1.7361848144545437e-13,0.0013304409016180738,01101110011100000110101000100000010100110100001000000000,npj SB,npj SB,100.0,True
8HFE,global_rotation_translation,combined_xz_rotation_x_translation_then_kabsch_alignment,120,240,0.5,9.651070816445796e-14,0.0013304409016187204,01101110011100000110101000100000010100110100001000000000,npj SB,npj SB,100.0,True
8HFE,global_rotation_translation,combined_xz_rotation_x_translation_then_kabsch_alignment,120,270,0.5,1.9401166687383666e-13,0.001330440901618075,01101110011100000110101000100000010100110100001000000000,npj SB,npj SB,100.0,True
8HFE,global_rotation_translation,combined_xz_rotation_x_translation_then_kabsch_alignment,120,300,0.5,1.598222602893916e-13,0.0013304409016187257,01101110011100000110101000100000010100110100001000000000,npj SB,npj SB,100.0,True
8HFE,global_rotation_translation,combined_xz_rotation_x_translation_then_kabsch_alignment,120,330,0.5,9.354598492689612e-14,0.0013304409016181957,01101110011100000110101000100000010100110100001000000000,npj SB,npj SB,100.0,True
8HFE,global_rotation_translation,combined_xz_rotation_x_translation_then_kabsch_alignment,120,360,0.5,1.7195918583478424e-13,0.001330440901618038,01101110011100000110101000100000010100110100001000000000,npj SB,npj SB,100.0,True
8HFE,global_rotation_translation,combined_xz_rotation_x_translation_then_kabsch_alignment,150,0,0.5,1.038458974391416e-13,0.001330440901618605,01101110011100000110101000100000010100110100001000000000,npj SB,npj SB,100.0,True
8HFE,global_rotation_translation,combined_xz_rotation_x_translation_then_kabsch_alignment,150,30,0.5,1.6509958697391052e-13,0.0013304409016194711,01101110011100000110101000100000010100110100001000000000,npj SB,npj SB,100.0,True
8HFE,global_rotation_translation,combined_xz_rotation_x_translation_then_kabsch_alignment,150,60,0.5,1.201667468440893e-13,0.0013304409016186832,01101110011100000110101000100000010100110100001000000000,npj SB,npj SB,100.0,True
8HFE,global_rotation_translation,combined_xz_rotation_x_translation_then_kabsch_alignment,150,90,0.5,1.514934172173185e-13,0.001330440901619207,01101110011100000110101000100000010100110100001000000000,npj SB,npj SB,100.0,True
8HFE,global_rotation_translation,combined_xz_rotation_x_translation_then_kabsch_alignment,150,120,0.5,1.3144865392714092e-13,0.001330440901619448,01101110011100000110101000100000010100110100001000000000,npj SB,npj SB,100.0,True
8HFE,global_rotation_translation,combined_xz_rotation_x_translation_then_kabsch_alignment,150,150,0.5,1.1854578075965986e-13,0.001330440901618739,01101110011100000110101000100000010100110100001000000000,npj SB,npj SB,100.0,True
8HFE,global_rotation_translation,combined_xz_rotation_x_translation_then_kabsch_alignment,150,180,0.5,1.147210430846877e-13,0.0013304409016188837,01101110011100000110101000100000010100110100001000000000,npj SB,npj SB,100.0,True
8HFE,global_rotation_translation,combined_xz_rotation_x_translation_then_kabsch_alignment,150,210,0.5,1.982189567109598e-13,0.001330440901618072,01101110011100000110101000100000010100110100001000000000,npj SB,npj SB,100.0,True
8HFE,global_rotation_translation,combined_xz_rotation_x_translation_then_kabsch_alignment,150,240,0.5,1.5534152766632004e-13,0.001330440901618046,01101110011100000110101000100000010100110100001000000000,npj SB,npj SB,100.0,True
8HFE,global_rotation_translation,combined_xz_rotation_x_translation_then_kabsch_alignment,150,270,0.5,8.642419998211867e-14,0.001330440901618732,01101110011100000110101000100000010100110100001000000000,npj SB,npj SB,100.0,True
8HFE,global_rotation_translation,combined_xz_rotation_x_translation_then_kabsch_alignment,150,300,0.5,1.6728816470977005e-13,0.001330440901618126,01101110011100000110101000100000010100110100001000000000,npj SB,npj SB,100.0,True
8HFE,global_rotation_translation,combined_xz_rotation_x_translation_then_kabsch_alignment,150,330,0.5,1.5426312598027852e-13,0.001330440901618585,01101110011100000110101000100000010100110100001000000000,npj SB,npj SB,100.0,True
8HFE,global_rotation_translation,combined_xz_rotation_x_translation_then_kabsch_alignment,150,360,0.5,1.0434859750106483e-13,0.001330440901618793,01101110011100000110101000100000010100110100001000000000,npj SB,npj SB,100.0,True
8HFE,global_rotation_translation,combined_xz_rotation_x_translation_then_kabsch_alignment,180,0,0.5,9.921446477861046e-14,0.001330440901618343,01101110011100000110101000100000010100110100001000000000,npj SB,npj SB,100.0,True
8HFE,global_rotation_translation,combined_xz_rotation_x_translation_then_kabsch_alignment,180,30,0.5,8.740365040126096e-14,0.001330440901619101,01101110011100000110101000100000010100110100001000000000,npj SB,npj SB,100.0,True
8HFE,global_rotation_translation,combined_xz_rotation_x_translation_then_kabsch_alignment,180,60,0.5,1.5692292894334098e-13,0.0013304409016192307,01101110011100000110101000100000010100110100001000000000,npj SB,npj SB,100.0,True
8HFE,global_rotation_translation,combined_xz_rotation_x_translation_then_kabsch_alignment,180,90,0.5,1.848577694395222e-13,0.0013304409016193122,01101110011100000110101000100000010100110100001000000000,npj SB,npj SB,100.0,True
8HFE,global_rotation_translation,combined_xz_rotation_x_translation_then_kabsch_alignment,180,120,0.5,1.555430436934419e-13,0.0013304409016193187,01101110011100000110101000100000010100110100001000000000,npj SB,npj SB,100.0,True
8HFE,global_rotation_translation,combined_xz_rotation_x_translation_then_kabsch_alignment,180,150,0.5,7.269499246680727e-14,0.001330440901618386,01101110011100000110101000100000010100110100001000000000,npj SB,npj SB,100.0,True
8HFE,global_rotation_translation,combined_xz_rotation_x_translation_then_kabsch_alignment,180,180,0.5,7.944341231802116e-14,0.0013304409016185324,01101110011100000110101000100000010100110100001000000000,npj SB,npj SB,100.0,True
8HFE,global_rotation_translation,combined_xz_rotation_x_translation_then_kabsch_alignment,180,210,0.5,8.882976998871212e-14,0.001330440901618401,01101110011100000110101000100000010100110100001000000000,npj SB,npj SB,100.0,True
8HFE,global_rotation_translation,combined_xz_rotation_x_translation_then_kabsch_alignment,180,240,0.5,1.6624846979072788e-13,0.0013304409016180957,01101110011100000110101000100000010100110100001000000000,npj SB,npj SB,100.0,True
8HFE,global_rotation_translation,combined_xz_rotation_x_translation_then_kabsch_alignment,180,270,0.5,1.2391561496549755e-13,0.0013304409016181792,01101110011100000110101000100000010100110100001000000000,npj SB,npj SB,100.0,True
8HFE,global_rotation_translation,combined_xz_rotation_x_translation_then_kabsch_alignment,180,300,0.5,5.2463969872841746e-14,0.0013304409016182352,01101110011100000110101000100000010100110100001000000000,npj SB,npj SB,100.0,True
8HFE,global_rotation_translation,combined_xz_rotation_x_translation_then_kabsch_alignment,180,330,0.5,1.1780359548637902e-13,0.00133044090161877,01101110011100000110101000100000010100110100001000000000,npj SB,npj SB,100.0,True
8HFE,global_rotation_translation,combined_xz_rotation_x_translation_then_kabsch_alignment,180,360,0.5,1.0001907703143996e-13,0.0013304409016182965,01101110011100000110101000100000010100110100001000000000,npj SB,npj SB,100.0,True
8HFE,global_rotation_translation,combined_xz_rotation_x_translation_then_kabsch_alignment,210,0,0.5,1.2325213464168573e-13,0.0013304409016186847,01101110011100000110101000100000010100110100001000000000,npj SB,npj SB,100.0,True
8HFE,global_rotation_translation,combined_xz_rotation_x_translation_then_kabsch_alignment,210,30,0.5,1.0385476883492558e-13,0.0013304409016183032,01101110011100000110101000100000010100110100001000000000,npj SB,npj SB,100.0,True
8HFE,global_rotation_translation,combined_xz_rotation_x_translation_then_kabsch_alignment,210,60,0.5,1.1680142127178836e-13,0.0013304409016194321,01101110011100000110101000100000010100110100001000000000,npj SB,npj SB,100.0,True
8HFE,global_rotation_translation,combined_xz_rotation_x_translation_then_kabsch_alignment,210,90,0.5,1.2875633604040861e-13,0.0013304409016196628,01101110011100000110101000100000010100110100001000000000,npj SB,npj SB,100.0,True
8HFE,global_rotation_translation,combined_xz_rotation_x_translation_then_kabsch_alignment,210,120,0.5,1.4870186057432614e-13,0.0013304409016188239,01101110011100000110101000100000010100110100001000000000,npj SB,npj SB,100.0,True
8HFE,global_rotation_translation,combined_xz_rotation_x_translation_then_kabsch_alignment,210,150,0.5,1.274662016407449e-13,0.0013304409016181894,01101110011100000110101000100000010100110100001000000000,npj SB,npj SB,100.0,True
8HFE,global_rotation_translation,combined_xz_rotation_x_translation_then_kabsch_alignment,210,180,0.5,1.0753662194648068e-13,0.0013304409016183297,01101110011100000110101000100000010100110100001000000000,npj SB,npj SB,100.0,True
8HFE,global_rotation_translation,combined_xz_rotation_x_translation_then_kabsch_alignment,210,210,0.5,1.3098103604938626e-13,0.0013304409016190715,01101110011100000110101000100000010100110100001000000000,npj SB,npj SB,100.0,True
8HFE,global_rotation_translation,combined_xz_rotation_x_translation_then_kabsch_alignment,210,240,0.5,1.1550856702533394e-13,0.0013304409016187055,01101110011100000110101000100000010100110100001000000000,npj SB,npj SB,100.0,True
8HFE,global_rotation_translation,combined_xz_rotation_x_translation_then_kabsch_alignment,210,270,0.5,9.880876928373884e-14,0.001330440901618599,01101110011100000110101000100000010100110100001000000000,npj SB,npj SB,100.0,True
8HFE,global_rotation_translation,combined_xz_rotation_x_translation_then_kabsch_alignment,210,300,0.5,1.2276718079133994e-13,0.0013304409016183475,01101110011100000110101000100000010100110100001000000000,npj SB,npj SB,100.0,True
8HFE,global_rotation_translation,combined_xz_rotation_x_translation_then_kabsch_alignment,210,330,0.5,1.6324912856941e-13,0.001330440901619138,01101110011100000110101000100000010100110100001000000000,npj SB,npj SB,100.0,True
8HFE,global_rotation_translation,combined_xz_rotation_x_translation_then_kabsch_alignment,210,360,0.5,1.163652043237816e-13,0.0013304409016184058,01101110011100000110101000100000010100110100001000000000,npj SB,npj SB,100.0,True
8HFE,global_rotation_translation,combined_xz_rotation_x_translation_then_kabsch_alignment,240,0,0.5,9.889684225681811e-14,0.0013304409016186517,01101110011100000110101000100000010100110100001000000000,npj SB,npj SB,100.0,True
8HFE,global_rotation_translation,combined_xz_rotation_x_translation_then_kabsch_alignment,240,30,0.5,1.0656109485814722e-13,0.0013304409016184754,01101110011100000110101000100000010100110100001000000000,npj SB,npj SB,100.0,True
8HFE,global_rotation_translation,combined_xz_rotation_x_translation_then_kabsch_alignment,240,60,0.5,1.2740836629593097e-13,0.0013304409016186144,01101110011100000110101000100000010100110100001000000000,npj SB,npj SB,100.0,True
8HFE,global_rotation_translation,combined_xz_rotation_x_translation_then_kabsch_alignment,240,90,0.5,8.935096426412691e-14,0.0013304409016188746,01101110011100000110101000100000010100110100001000000000,npj SB,npj SB,100.0,True
8HFE,global_rotation_translation,combined_xz_rotation_x_translation_then_kabsch_alignment,240,120,0.5,1.0465715751427731e-13,0.0013304409016183616,01101110011100000110101000100000010100110100001000000000,npj SB,npj SB,100.0,True
8HFE,global_rotation_translation,combined_xz_rotation_x_translation_then_kabsch_alignment,240,150,0.5,1.228193254883717e-13,0.0013304409016180018,01101110011100000110101000100000010100110100001000000000,npj SB,npj SB,100.0,True
8HFE,global_rotation_translation,combined_xz_rotation_x_translation_then_kabsch_alignment,240,180,0.5,1.2779536331294759e-13,0.0013304409016182284,01101110011100000110101000100000010100110100001000000000,npj SB,npj SB,100.0,True
8HFE,global_rotation_translation,combined_xz_rotation_x_translation_then_kabsch_alignment,240,210,0.5,1.4059381259011802e-13,0.0013304409016192537,01101110011100000110101000100000010100110100001000000000,npj SB,npj SB,100.0,True
8HFE,global_rotation_translation,combined_xz_rotation_x_translation_then_kabsch_alignment,240,240,0.5,9.7661309697023e-14,0.0013304409016187623,01101110011100000110101000100000010100110100001000000000,npj SB,npj SB,100.0,True
8HFE,global_rotation_translation,combined_xz_rotation_x_translation_then_kabsch_alignment,240,270,0.5,1.6668679376937948e-13,0.0013304409016193885,01101110011100000110101000100000010100110100001000000000,npj SB,npj SB,100.0,True
8HFE,global_rotation_translation,combined_xz_rotation_x_translation_then_kabsch_alignment,240,300,0.5,1.9517445573065332e-13,0.0013304409016188163,01101110011100000110101000100000010100110100001000000000,npj SB,npj SB,100.0,True
8HFE,global_rotation_translation,combined_xz_rotation_x_translation_then_kabsch_alignment,240,330,0.5,1.7097915749788022e-13,0.001330440901618414,01101110011100000110101000100000010100110100001000000000,npj SB,npj SB,100.0,True
8HFE,global_rotation_translation,combined_xz_rotation_x_translation_then_kabsch_alignment,240,360,0.5,1.0600415190215865e-13,0.001330440901618886,01101110011100000110101000100000010100110100001000000000,npj SB,npj SB,100.0,True
8HFE,global_rotation_translation,combined_xz_rotation_x_translation_then_kabsch_alignment,270,0,0.5,6.753089787207823e-14,0.0013304409016184184,01101110011100000110101000100000010100110100001000000000,npj SB,npj SB,100.0,True
8HFE,global_rotation_translation,combined_xz_rotation_x_translation_then_kabsch_alignment,270,30,0.5,1.4272343119065826e-13,0.0013304409016190427,01101110011100000110101000100000010100110100001000000000,npj SB,npj SB,100.0,True
8HFE,global_rotation_translation,combined_xz_rotation_x_translation_then_kabsch_alignment,270,60,0.5,6.299959707614978e-14,0.0013304409016190923,01101110011100000110101000100000010100110100001000000000,npj SB,npj SB,100.0,True
8HFE,global_rotation_translation,combined_xz_rotation_x_translation_then_kabsch_alignment,270,90,0.5,1.1746525875128127e-13,0.0013304409016181868,01101110011100000110101000100000010100110100001000000000,npj SB,npj SB,100.0,True
8HFE,global_rotation_translation,combined_xz_rotation_x_translation_then_kabsch_alignment,270,120,0.5,2.0972940524976425e-13,0.0013304409016177653,01101110011100000110101000100000010100110100001000000000,npj SB,npj SB,100.0,True
8HFE,global_rotation_translation,combined_xz_rotation_x_translation_then_kabsch_alignment,270,150,0.5,1.1188650130328396e-13,0.001330440901618848,01101110011100000110101000100000010100110100001000000000,npj SB,npj SB,100.0,True
8HFE,global_rotation_translation,combined_xz_rotation_x_translation_then_kabsch_alignment,270,180,0.5,1.3086844649314358e-13,0.0013304409016184448,01101110011100000110101000100000010100110100001000000000,npj SB,npj SB,100.0,True
8HFE,global_rotation_translation,combined_xz_rotation_x_translation_then_kabsch_alignment,270,210,0.5,7.987134510505231e-14,0.0013304409016183058,01101110011100000110101000100000010100110100001000000000,npj SB,npj SB,100.0,True
8HFE,global_rotation_translation,combined_xz_rotation_x_translation_then_kabsch_alignment,270,240,0.5,8.846237793284325e-14,0.001330440901618415,01101110011100000110101000100000010100110100001000000000,npj SB,npj SB,100.0,True
8HFE,global_rotation_translation,combined_xz_rotation_x_translation_then_kabsch_alignment,270,270,0.5,4.0610521903423954e-14,0.0013304409016187972,01101110011100000110101000100000010100110100001000000000,npj SB,npj SB,100.0,True
8HFE,global_rotation_translation,combined_xz_rotation_x_translation_then_kabsch_alignment,270,300,0.5,1.5148003746892617e-13,0.0013304409016187705,01101110011100000110101000100000010100110100001000000000,npj SB,npj SB,100.0,True
8HFE,global_rotation_translation,combined_xz_rotation_x_translation_then_kabsch_alignment,270,330,0.5,1.2738522480566478e-13,0.0013304409016184162,01101110011100000110101000100000010100110100001000000000,npj SB,npj SB,100.0,True
8HFE,global_rotation_translation,combined_xz_rotation_x_translation_then_kabsch_alignment,270,360,0.5,7.395708606298281e-14,0.001330440901618268,01101110011100000110101000100000010100110100001000000000,npj SB,npj SB,100.0,True
8HFE,global_rotation_translation,combined_xz_rotation_x_translation_then_kabsch_alignment,300,0,0.5,9.219484737296573e-14,0.0013304409016192465,01101110011100000110101000100000010100110100001000000000,npj SB,npj SB,100.0,True
8HFE,global_rotation_translation,combined_xz_rotation_x_translation_then_kabsch_alignment,300,30,0.5,1.1035140571769469e-13,0.0013304409016187781,01101110011100000110101000100000010100110100001000000000,npj SB,npj SB,100.0,True
8HFE,global_rotation_translation,combined_xz_rotation_x_translation_then_kabsch_alignment,300,60,0.5,1.1353762956193398e-13,0.0013304409016188937,01101110011100000110101000100000010100110100001000000000,npj SB,npj SB,100.0,True
8HFE,global_rotation_translation,combined_xz_rotation_x_translation_then_kabsch_alignment,300,90,0.5,1.7666837173990462e-13,0.0013304409016187146,01101110011100000110101000100000010100110100001000000000,npj SB,npj SB,100.0,True
8HFE,global_rotation_translation,combined_xz_rotation_x_translation_then_kabsch_alignment,300,120,0.5,1.4940402306920445e-13,0.0013304409016187035,01101110011100000110101000100000010100110100001000000000,npj SB,npj SB,100.0,True
8HFE,global_rotation_translation,combined_xz_rotation_x_translation_then_kabsch_alignment,300,150,0.5,1.8756312475286898e-13,0.0013304409016183306,01101110011100000110101000100000010100110100001000000000,npj SB,npj SB,100.0,True
8HFE,global_rotation_translation,combined_xz_rotation_x_translation_then_kabsch_alignment,300,180,0.5,1.5887406753253098e-13,0.0013304409016189817,01101110011100000110101000100000010100110100001000000000,npj SB,npj SB,100.0,True
8HFE,global_rotation_translation,combined_xz_rotation_x_translation_then_kabsch_alignment,300,210,0.5,1.1422689002503188e-13,0.0013304409016181907,01101110011100000110101000100000010100110100001000000000,npj SB,npj SB,100.0,True
8HFE,global_rotation_translation,combined_xz_rotation_x_translation_then_kabsch_alignment,300,240,0.5,1.5340671751473553e-13,0.001330440901618983,01101110011100000110101000100000010100110100001000000000,npj SB,npj SB,100.0,True
8HFE,global_rotation_translation,combined_xz_rotation_x_translation_then_kabsch_alignment,300,270,0.5,1.0378732720886957e-13,0.0013304409016187825,01101110011100000110101000100000010100110100001000000000,npj SB,npj SB,100.0,True
8HFE,global_rotation_translation,combined_xz_rotation_x_translation_then_kabsch_alignment,300,300,0.5,1.7690288392196802e-13,0.0013304409016194297,01101110011100000110101000100000010100110100001000000000,npj SB,npj SB,100.0,True
8HFE,global_rotation_translation,combined_xz_rotation_x_translation_then_kabsch_alignment,300,330,0.5,1.35303054385669e-13,0.0013304409016195243,01101110011100000110101000100000010100110100001000000000,npj SB,npj SB,100.0,True
8HFE,global_rotation_translation,combined_xz_rotation_x_translation_then_kabsch_alignment,300,360,0.5,9.206284609203068e-14,0.0013304409016187753,01101110011100000110101000100000010100110100001000000000,npj SB,npj SB,100.0,True
8HFE,global_rotation_translation,combined_xz_rotation_x_translation_then_kabsch_alignment,330,0,0.5,8.467529122816526e-14,0.001330440901618677,01101110011100000110101000100000010100110100001000000000,npj SB,npj SB,100.0,True
8HFE,global_rotation_translation,combined_xz_rotation_x_translation_then_kabsch_alignment,330,30,0.5,8.518080689309623e-14,0.00133044090161888,01101110011100000110101000100000010100110100001000000000,npj SB,npj SB,100.0,True
8HFE,global_rotation_translation,combined_xz_rotation_x_translation_then_kabsch_alignment,330,60,0.5,1.2981242861201942e-13,0.0013304409016183843,01101110011100000110101000100000010100110100001000000000,npj SB,npj SB,100.0,True
8HFE,global_rotation_translation,combined_xz_rotation_x_translation_then_kabsch_alignment,330,90,0.5,5.1592755982936207e-14,0.0013304409016186766,01101110011100000110101000100000010100110100001000000000,npj SB,npj SB,100.0,True
8HFE,global_rotation_translation,combined_xz_rotation_x_translation_then_kabsch_alignment,330,120,0.5,7.372251892334721e-14,0.001330440901618233,01101110011100000110101000100000010100110100001000000000,npj SB,npj SB,100.0,True
8HFE,global_rotation_translation,combined_xz_rotation_x_translation_then_kabsch_alignment,330,150,0.5,2.0500130249384928e-13,0.001330440901617866,01101110011100000110101000100000010100110100001000000000,npj SB,npj SB,100.0,True
8HFE,global_rotation_translation,combined_xz_rotation_x_translation_then_kabsch_alignment,330,180,0.5,9.808255466551748e-14,0.0013304409016188566,01101110011100000110101000100000010100110100001000000000,npj SB,npj SB,100.0,True
8HFE,global_rotation_translation,combined_xz_rotation_x_translation_then_kabsch_alignment,330,210,0.5,1.4961723125985972e-13,0.0013304409016182414,01101110011100000110101000100000010100110100001000000000,npj SB,npj SB,100.0,True
8HFE,global_rotation_translation,combined_xz_rotation_x_translation_then_kabsch_alignment,330,240,0.5,1.4679627503028563e-13,0.0013304409016185483,01101110011100000110101000100000010100110100001000000000,npj SB,npj SB,100.0,True
8HFE,global_rotation_translation,combined_xz_rotation_x_translation_then_kabsch_alignment,330,270,0.5,1.4930285849338414e-13,0.001330440901619654,01101110011100000110101000100000010100110100001000000000,npj SB,npj SB,100.0,True
8HFE,global_rotation_translation,combined_xz_rotation_x_translation_then_kabsch_alignment,330,300,0.5,1.3051597812824699e-13,0.001330440901618458,01101110011100000110101000100000010100110100001000000000,npj SB,npj SB,100.0,True
8HFE,global_rotation_translation,combined_xz_rotation_x_translation_then_kabsch_alignment,330,330,0.5,1.6716916582897901e-13,0.0013304409016200505,01101110011100000110101000100000010100110100001000000000,npj SB,npj SB,100.0,True
8HFE,global_rotation_translation,combined_xz_rotation_x_translation_then_kabsch_alignment,330,360,0.5,1.021228997509844e-13,0.0013304409016188146,01101110011100000110101000100000010100110100001000000000,npj SB,npj SB,100.0,True
8HFE,global_rotation_translation,combined_xz_rotation_x_translation_then_kabsch_alignment,360,0,0.5,1.673542386369241e-14,0.0013304409016185127,01101110011100000110101000100000010100110100001000000000,npj SB,npj SB,100.0,True
8HFE,global_rotation_translation,combined_xz_rotation_x_translation_then_kabsch_alignment,360,30,0.5,8.365069079140864e-14,0.0013304409016193033,01101110011100000110101000100000010100110100001000000000,npj SB,npj SB,100.0,True
8HFE,global_rotation_translation,combined_xz_rotation_x_translation_then_kabsch_alignment,360,60,0.5,1.4651515363535226e-13,0.0013304409016191108,01101110011100000110101000100000010100110100001000000000,npj SB,npj SB,100.0,True
8HFE,global_rotation_translation,combined_xz_rotation_x_translation_then_kabsch_alignment,360,90,0.5,5.855195908765602e-14,0.0013304409016188469,01101110011100000110101000100000010100110100001000000000,npj SB,npj SB,100.0,True
8HFE,global_rotation_translation,combined_xz_rotation_x_translation_then_kabsch_alignment,360,120,0.5,1.5876617105280986e-13,0.0013304409016189377,01101110011100000110101000100000010100110100001000000000,npj SB,npj SB,100.0,True
8HFE,global_rotation_translation,combined_xz_rotation_x_translation_then_kabsch_alignment,360,150,0.5,4.1481407498961865e-14,0.0013304409016188339,01101110011100000110101000100000010100110100001000000000,npj SB,npj SB,100.0,True
8HFE,global_rotation_translation,combined_xz_rotation_x_translation_then_kabsch_alignment,360,180,0.5,1.1227489380491052e-13,0.0013304409016187692,01101110011100000110101000100000010100110100001000000000,npj SB,npj SB,100.0,True
8HFE,global_rotation_translation,combined_xz_rotation_x_translation_then_kabsch_alignment,360,210,0.5,6.268586525456726e-14,0.0013304409016184503,01101110011100000110101000100000010100110100001000000000,npj SB,npj SB,100.0,True
8HFE,global_rotation_translation,combined_xz_rotation_x_translation_then_kabsch_alignment,360,240,0.5,3.711004398834338e-14,0.001330440901619135,01101110011100000110101000100000010100110100001000000000,npj SB,npj SB,100.0,True
8HFE,global_rotation_translation,combined_xz_rotation_x_translation_then_kabsch_alignment,360,270,0.5,1.6179765627555184e-13,0.00133044090161934,01101110011100000110101000100000010100110100001000000000,npj SB,npj SB,100.0,True
8HFE,global_rotation_translation,combined_xz_rotation_x_translation_then_kabsch_alignment,360,300,0.5,1.615608918076822e-13,0.0013304409016203222,01101110011100000110101000100000010100110100001000000000,npj SB,npj SB,100.0,True
8HFE,global_rotation_translation,combined_xz_rotation_x_translation_then_kabsch_alignment,360,330,0.5,1.1289680679652838e-13,0.0013304409016189967,01101110011100000110101000100000010100110100001000000000,npj SB,npj SB,100.0,True
8HFE,global_rotation_translation,combined_xz_rotation_x_translation_then_kabsch_alignment,360,360,0.5,1.595765031102203e-14,0.0013304409016187272,01101110011100000110101000100000010100110100001000000000,npj SB,npj SB,100.0,True
8HFE,global_rotation_translation,combined_xz_rotation_x_translation_then_kabsch_alignment,0,0,1.0,1.8008239432554196e-14,0.0013304409016185127,01101110011100000110101000100000010100110100001000000000,npj SB,npj SB,100.0,True
8HFE,global_rotation_translation,combined_xz_rotation_x_translation_then_kabsch_alignment,0,30,1.0,8.428050196971686e-14,0.0013304409016190886,01101110011100000110101000100000010100110100001000000000,npj SB,npj SB,100.0,True
8HFE,global_rotation_translation,combined_xz_rotation_x_translation_then_kabsch_alignment,0,60,1.0,1.3630437821582345e-13,0.001330440901619081,01101110011100000110101000100000010100110100001000000000,npj SB,npj SB,100.0,True
8HFE,global_rotation_translation,combined_xz_rotation_x_translation_then_kabsch_alignment,0,90,1.0,5.863372243036546e-14,0.0013304409016185697,01101110011100000110101000100000010100110100001000000000,npj SB,npj SB,100.0,True
8HFE,global_rotation_translation,combined_xz_rotation_x_translation_then_kabsch_alignment,0,120,1.0,1.7273029813857835e-13,0.0013304409016177915,01101110011100000110101000100000010100110100001000000000,npj SB,npj SB,100.0,True
8HFE,global_rotation_translation,combined_xz_rotation_x_translation_then_kabsch_alignment,0,150,1.0,4.40953305764892e-14,0.001330440901618818,01101110011100000110101000100000010100110100001000000000,npj SB,npj SB,100.0,True
8HFE,global_rotation_translation,combined_xz_rotation_x_translation_then_kabsch_alignment,0,180,1.0,1.134406202314776e-13,0.0013304409016188983,01101110011100000110101000100000010100110100001000000000,npj SB,npj SB,100.0,True
8HFE,global_rotation_translation,combined_xz_rotation_x_translation_then_kabsch_alignment,0,210,1.0,5.889710518298052e-14,0.0013304409016188271,01101110011100000110101000100000010100110100001000000000,npj SB,npj SB,100.0,True
8HFE,global_rotation_translation,combined_xz_rotation_x_translation_then_kabsch_alignment,0,240,1.0,4.064113670000978e-14,0.0013304409016185563,01101110011100000110101000100000010100110100001000000000,npj SB,npj SB,100.0,True
8HFE,global_rotation_translation,combined_xz_rotation_x_translation_then_kabsch_alignment,0,270,1.0,1.7226537091472107e-13,0.0013304409016196932,01101110011100000110101000100000010100110100001000000000,npj SB,npj SB,100.0,True
8HFE,global_rotation_translation,combined_xz_rotation_x_translation_then_kabsch_alignment,0,300,1.0,1.5751712523535172e-13,0.0013304409016191743,01101110011100000110101000100000010100110100001000000000,npj SB,npj SB,100.0,True
8HFE,global_rotation_translation,combined_xz_rotation_x_translation_then_kabsch_alignment,0,330,1.0,9.135561808438958e-14,0.0013304409016191702,01101110011100000110101000100000010100110100001000000000,npj SB,npj SB,100.0,True
8HFE,global_rotation_translation,combined_xz_rotation_x_translation_then_kabsch_alignment,0,360,1.0,1.801846848162248e-14,0.0013304409016185713,01101110011100000110101000100000010100110100001000000000,npj SB,npj SB,100.0,True
8HFE,global_rotation_translation,combined_xz_rotation_x_translation_then_kabsch_alignment,30,0,1.0,8.234754057399276e-14,0.001330440901619166,01101110011100000110101000100000010100110100001000000000,npj SB,npj SB,100.0,True
8HFE,global_rotation_translation,combined_xz_rotation_x_translation_then_kabsch_alignment,30,30,1.0,8.480195265541171e-14,0.0013304409016195306,01101110011100000110101000100000010100110100001000000000,npj SB,npj SB,100.0,True
8HFE,global_rotation_translation,combined_xz_rotation_x_translation_then_kabsch_alignment,30,60,1.0,1.2645463551603018e-13,0.0013304409016189425,01101110011100000110101000100000010100110100001000000000,npj SB,npj SB,100.0,True
8HFE,global_rotation_translation,combined_xz_rotation_x_translation_then_kabsch_alignment,30,90,1.0,9.372898996310698e-14,0.0013304409016189867,01101110011100000110101000100000010100110100001000000000,npj SB,npj SB,100.0,True
8HFE,global_rotation_translation,combined_xz_rotation_x_translation_then_kabsch_alignment,30,120,1.0,1.0001723477110382e-13,0.0013304409016195176,01101110011100000110101000100000010100110100001000000000,npj SB,npj SB,100.0,True
8HFE,global_rotation_translation,combined_xz_rotation_x_translation_then_kabsch_alignment,30,150,1.0,1.2727090201892552e-13,0.0013304409016200742,01101110011100000110101000100000010100110100001000000000,npj SB,npj SB,100.0,True
8HFE,global_rotation_translation,combined_xz_rotation_x_translation_then_kabsch_alignment,30,180,1.0,9.336459474203787e-14,0.001330440901618808,01101110011100000110101000100000010100110100001000000000,npj SB,npj SB,100.0,True
8HFE,global_rotation_translation,combined_xz_rotation_x_translation_then_kabsch_alignment,30,210,1.0,1.169669461951845e-13,0.0013304409016198992,01101110011100000110101000100000010100110100001000000000,npj SB,npj SB,100.0,True
8HFE,global_rotation_translation,combined_xz_rotation_x_translation_then_kabsch_alignment,30,240,1.0,1.4349820241673283e-13,0.001330440901619796,01101110011100000110101000100000010100110100001000000000,npj SB,npj SB,100.0,True
8HFE,global_rotation_translation,combined_xz_rotation_x_translation_then_kabsch_alignment,30,270,1.0,1.015801701349369e-13,0.0013304409016187864,01101110011100000110101000100000010100110100001000000000,npj SB,npj SB,100.0,True
8HFE,global_rotation_translation,combined_xz_rotation_x_translation_then_kabsch_alignment,30,300,1.0,8.022353252152934e-14,0.0013304409016193287,01101110011100000110101000100000010100110100001000000000,npj SB,npj SB,100.0,True
8HFE,global_rotation_translation,combined_xz_rotation_x_translation_then_kabsch_alignment,30,330,1.0,7.175102726394008e-14,0.001330440901619488,01101110011100000110101000100000010100110100001000000000,npj SB,npj SB,100.0,True
8HFE,global_rotation_translation,combined_xz_rotation_x_translation_then_kabsch_alignment,30,360,1.0,7.889705909703782e-14,0.0013304409016190535,01101110011100000110101000100000010100110100001000000000,npj SB,npj SB,100.0,True
8HFE,global_rotation_translation,combined_xz_rotation_x_translation_then_kabsch_alignment,60,0,1.0,5.3196401354351656e-14,0.001330440901618594,01101110011100000110101000100000010100110100001000000000,npj SB,npj SB,100.0,True
8HFE,global_rotation_translation,combined_xz_rotation_x_translation_then_kabsch_alignment,60,30,1.0,8.949931944024457e-14,0.0013304409016185216,01101110011100000110101000100000010100110100001000000000,npj SB,npj SB,100.0,True
8HFE,global_rotation_translation,combined_xz_rotation_x_translation_then_kabsch_alignment,60,60,1.0,6.466588593039007e-14,0.0013304409016183666,01101110011100000110101000100000010100110100001000000000,npj SB,npj SB,100.0,True
8HFE,global_rotation_translation,combined_xz_rotation_x_translation_then_kabsch_alignment,60,90,1.0,1.4524670418352037e-13,0.0013304409016192567,01101110011100000110101000100000010100110100001000000000,npj SB,npj SB,100.0,True
8HFE,global_rotation_translation,combined_xz_rotation_x_translation_then_kabsch_alignment,60,120,1.0,1.0205250812200411e-13,0.0013304409016189934,01101110011100000110101000100000010100110100001000000000,npj SB,npj SB,100.0,True
8HFE,global_rotation_translation,combined_xz_rotation_x_translation_then_kabsch_alignment,60,150,1.0,1.1817838914388673e-13,0.0013304409016198448,01101110011100000110101000100000010100110100001000000000,npj SB,npj SB,100.0,True
8HFE,global_rotation_translation,combined_xz_rotation_x_translation_then_kabsch_alignment,60,180,1.0,5.5422067417196965e-14,0.0013304409016188653,01101110011100000110101000100000010100110100001000000000,npj SB,npj SB,100.0,True
8HFE,global_rotation_translation,combined_xz_rotation_x_translation_then_kabsch_alignment,60,210,1.0,1.4063869280218998e-13,0.0013304409016179591,01101110011100000110101000100000010100110100001000000000,npj SB,npj SB,100.0,True
8HFE,global_rotation_translation,combined_xz_rotation_x_translation_then_kabsch_alignment,60,240,1.0,1.719358784707721e-13,0.0013304409016180135,01101110011100000110101000100000010100110100001000000000,npj SB,npj SB,100.0,True
8HFE,global_rotation_translation,combined_xz_rotation_x_translation_then_kabsch_alignment,60,270,1.0,7.229849909588432e-14,0.0013304409016190524,01101110011100000110101000100000010100110100001000000000,npj SB,npj SB,100.0,True
8HFE,global_rotation_translation,combined_xz_rotation_x_translation_then_kabsch_alignment,60,300,1.0,4.865937049965281e-14,0.0013304409016192844,01101110011100000110101000100000010100110100001000000000,npj SB,npj SB,100.0,True
8HFE,global_rotation_translation,combined_xz_rotation_x_translation_then_kabsch_alignment,60,330,1.0,6.563244745379616e-14,0.001330440901618739,01101110011100000110101000100000010100110100001000000000,npj SB,npj SB,100.0,True
8HFE,global_rotation_translation,combined_xz_rotation_x_translation_then_kabsch_alignment,60,360,1.0,3.6685572817659934e-14,0.00133044090161851,01101110011100000110101000100000010100110100001000000000,npj SB,npj SB,100.0,True
8HFE,global_rotation_translation,combined_xz_rotation_x_translation_then_kabsch_alignment,90,0,1.0,8.652434763586097e-14,0.001330440901618398,01101110011100000110101000100000010100110100001000000000,npj SB,npj SB,100.0,True
8HFE,global_rotation_translation,combined_xz_rotation_x_translation_then_kabsch_alignment,90,30,1.0,7.916925238433422e-14,0.0013304409016182735,01101110011100000110101000100000010100110100001000000000,npj SB,npj SB,100.0,True
8HFE,global_rotation_translation,combined_xz_rotation_x_translation_then_kabsch_alignment,90,60,1.0,3.0183952795044905e-14,0.00133044090161893,01101110011100000110101000100000010100110100001000000000,npj SB,npj SB,100.0,True
8HFE,global_rotation_translation,combined_xz_rotation_x_translation_then_kabsch_alignment,90,90,1.0,3.782314918743691e-14,0.0013304409016191656,01101110011100000110101000100000010100110100001000000000,npj SB,npj SB,100.0,True
8HFE,global_rotation_translation,combined_xz_rotation_x_translation_then_kabsch_alignment,90,120,1.0,5.850158638527829e-14,0.0013304409016194677,01101110011100000110101000100000010100110100001000000000,npj SB,npj SB,100.0,True
8HFE,global_rotation_translation,combined_xz_rotation_x_translation_then_kabsch_alignment,90,150,1.0,1.0710912117027006e-13,0.0013304409016189351,01101110011100000110101000100000010100110100001000000000,npj SB,npj SB,100.0,True
8HFE,global_rotation_translation,combined_xz_rotation_x_translation_then_kabsch_alignment,90,180,1.0,6.430514197232264e-14,0.001330440901618994,01101110011100000110101000100000010100110100001000000000,npj SB,npj SB,100.0,True
8HFE,global_rotation_translation,combined_xz_rotation_x_translation_then_kabsch_alignment,90,210,1.0,1.2183723712202123e-13,0.001330440901618896,01101110011100000110101000100000010100110100001000000000,npj SB,npj SB,100.0,True
8HFE,global_rotation_translation,combined_xz_rotation_x_translation_then_kabsch_alignment,90,240,1.0,2.1487096072612468e-13,0.001330440901618276,01101110011100000110101000100000010100110100001000000000,npj SB,npj SB,100.0,True
8HFE,global_rotation_translation,combined_xz_rotation_x_translation_then_kabsch_alignment,90,270,1.0,7.577042249410126e-14,0.0013304409016183644,01101110011100000110101000100000010100110100001000000000,npj SB,npj SB,100.0,True
8HFE,global_rotation_translation,combined_xz_rotation_x_translation_then_kabsch_alignment,90,300,1.0,6.535109993315353e-14,0.0013304409016182842,01101110011100000110101000100000010100110100001000000000,npj SB,npj SB,100.0,True
8HFE,global_rotation_translation,combined_xz_rotation_x_translation_then_kabsch_alignment,90,330,1.0,7.666491336493573e-14,0.001330440901618516,01101110011100000110101000100000010100110100001000000000,npj SB,npj SB,100.0,True
8HFE,global_rotation_translation,combined_xz_rotation_x_translation_then_kabsch_alignment,90,360,1.0,8.819692892322568e-14,0.001330440901618636,01101110011100000110101000100000010100110100001000000000,npj SB,npj SB,100.0,True
8HFE,global_rotation_translation,combined_xz_rotation_x_translation_then_kabsch_alignment,120,0,1.0,1.549638705875172e-13,0.0013304409016184702,01101110011100000110101000100000010100110100001000000000,npj SB,npj SB,100.0,True
8HFE,global_rotation_translation,combined_xz_rotation_x_translation_then_kabsch_alignment,120,30,1.0,1.635589452269802e-13,0.0013304409016191565,01101110011100000110101000100000010100110100001000000000,npj SB,npj SB,100.0,True
8HFE,global_rotation_translation,combined_xz_rotation_x_translation_then_kabsch_alignment,120,60,1.0,2.1713599365359608e-13,0.001330440901619577,01101110011100000110101000100000010100110100001000000000,npj SB,npj SB,100.0,True
8HFE,global_rotation_translation,combined_xz_rotation_x_translation_then_kabsch_alignment,120,90,1.0,1.1019768146051508e-13,0.0013304409016193063,01101110011100000110101000100000010100110100001000000000,npj SB,npj SB,100.0,True
8HFE,global_rotation_translation,combined_xz_rotation_x_translation_then_kabsch_alignment,120,120,1.0,1.0458142427581613e-13,0.001330440901619414,01101110011100000110101000100000010100110100001000000000,npj SB,npj SB,100.0,True
8HFE,global_rotation_translation,combined_xz_rotation_x_translation_then_kabsch_alignment,120,150,1.0,1.5633943911405545e-13,0.0013304409016189301,01101110011100000110101000100000010100110100001000000000,npj SB,npj SB,100.0,True
8HFE,global_rotation_translation,combined_xz_rotation_x_translation_then_kabsch_alignment,120,180,1.0,1.3378839468723704e-13,0.0013304409016196863,01101110011100000110101000100000010100110100001000000000,npj SB,npj SB,100.0,True
8HFE,global_rotation_translation,combined_xz_rotation_x_translation_then_kabsch_alignment,120,210,1.0,1.6695216050708032e-13,0.001330440901618499,01101110011100000110101000100000010100110100001000000000,npj SB,npj SB,100.0,True
8HFE,global_rotation_translation,combined_xz_rotation_x_translation_then_kabsch_alignment,120,240,1.0,9.211886973649629e-14,0.0013304409016185862,01101110011100000110101000100000010100110100001000000000,npj SB,npj SB,100.0,True
8HFE,global_rotation_translation,combined_xz_rotation_x_translation_then_kabsch_alignment,120,270,1.0,1.8924528629125687e-13,0.0013304409016178483,01101110011100000110101000100000010100110100001000000000,npj SB,npj SB,100.0,True
8HFE,global_rotation_translation,combined_xz_rotation_x_translation_then_kabsch_alignment,120,300,1.0,1.569170578150818e-13,0.0013304409016181556,01101110011100000110101000100000010100110100001000000000,npj SB,npj SB,100.0,True
8HFE,global_rotation_translation,combined_xz_rotation_x_translation_then_kabsch_alignment,120,330,1.0,7.871175773886586e-14,0.0013304409016185697,01101110011100000110101000100000010100110100001000000000,npj SB,npj SB,100.0,True
8HFE,global_rotation_translation,combined_xz_rotation_x_translation_then_kabsch_alignment,120,360,1.0,1.7198704336664568e-13,0.0013304409016180378,01101110011100000110101000100000010100110100001000000000,npj SB,npj SB,100.0,True
8HFE,global_rotation_translation,combined_xz_rotation_x_translation_then_kabsch_alignment,150,0,1.0,1.0387783091822398e-13,0.0013304409016186636,01101110011100000110101000100000010100110100001000000000,npj SB,npj SB,100.0,True
8HFE,global_rotation_translation,combined_xz_rotation_x_translation_then_kabsch_alignment,150,30,1.0,1.6830830094980902e-13,0.001330440901619519,01101110011100000110101000100000010100110100001000000000,npj SB,npj SB,100.0,True
8HFE,global_rotation_translation,combined_xz_rotation_x_translation_then_kabsch_alignment,150,60,1.0,1.2096299197203417e-13,0.0013304409016184093,01101110011100000110101000100000010100110100001000000000,npj SB,npj SB,100.0,True
8HFE,global_rotation_translation,combined_xz_rotation_x_translation_then_kabsch_alignment,150,90,1.0,1.7023718680443517e-13,0.001330440901619625,01101110011100000110101000100000010100110100001000000000,npj SB,npj SB,100.0,True
8HFE,global_rotation_translation,combined_xz_rotation_x_translation_then_kabsch_alignment,150,120,1.0,1.320932846938513e-13,0.0013304409016196568,01101110011100000110101000100000010100110100001000000000,npj SB,npj SB,100.0,True
8HFE,global_rotation_translation,combined_xz_rotation_x_translation_then_kabsch_alignment,150,150,1.0,1.0982207711482811e-13,0.0013304409016182738,01101110011100000110101000100000010100110100001000000000,npj SB,npj SB,100.0,True
8HFE,global_rotation_translation,combined_xz_rotation_x_translation_then_kabsch_alignment,150,180,1.0,1.1445089139299402e-13,0.0013304409016189618,01101110011100000110101000100000010100110100001000000000,npj SB,npj SB,100.0,True
8HFE,global_rotation_translation,combined_xz_rotation_x_translation_then_kabsch_alignment,150,210,1.0,1.984734969597947e-13,0.0013304409016181504,01101110011100000110101000100000010100110100001000000000,npj SB,npj SB,100.0,True
8HFE,global_rotation_translation,combined_xz_rotation_x_translation_then_kabsch_alignment,150,240,1.0,1.532011887550777e-13,0.0013304409016181515,01101110011100000110101000100000010100110100001000000000,npj SB,npj SB,100.0,True
8HFE,global_rotation_translation,combined_xz_rotation_x_translation_then_kabsch_alignment,150,270,1.0,9.382919602457638e-14,0.0013304409016186144,01101110011100000110101000100000010100110100001000000000,npj SB,npj SB,100.0,True
8HFE,global_rotation_translation,combined_xz_rotation_x_translation_then_kabsch_alignment,150,300,1.0,1.7082713813940304e-13,0.0013304409016185275,01101110011100000110101000100000010100110100001000000000,npj SB,npj SB,100.0,True
8HFE,global_rotation_translation,combined_xz_rotation_x_translation_then_kabsch_alignment,150,330,1.0,1.3722188212752687e-13,0.0013304409016185836,01101110011100000110101000100000010100110100001000000000,npj SB,npj SB,100.0,True
8HFE,global_rotation_translation,combined_xz_rotation_x_translation_then_kabsch_alignment,150,360,1.0,1.0435919180511782e-13,0.001330440901618793,01101110011100000110101000100000010100110100001000000000,npj SB,npj SB,100.0,True
8HFE,global_rotation_translation,combined_xz_rotation_x_translation_then_kabsch_alignment,180,0,1.0,9.929243585365956e-14,0.0013304409016183427,01101110011100000110101000100000010100110100001000000000,npj SB,npj SB,100.0,True
8HFE,global_rotation_translation,combined_xz_rotation_x_translation_then_kabsch_alignment,180,30,1.0,7.198177977865467e-14,0.00133044090161962,01101110011100000110101000100000010100110100001000000000,npj SB,npj SB,100.0,True
8HFE,global_rotation_translation,combined_xz_rotation_x_translation_then_kabsch_alignment,180,60,1.0,1.674433970801757e-13,0.001330440901619435,01101110011100000110101000100000010100110100001000000000,npj SB,npj SB,100.0,True
8HFE,global_rotation_translation,combined_xz_rotation_x_translation_then_kabsch_alignment,180,90,1.0,1.849285261081431e-13,0.0013304409016193122,01101110011100000110101000100000010100110100001000000000,npj SB,npj SB,100.0,True
8HFE,global_rotation_translation,combined_xz_rotation_x_translation_then_kabsch_alignment,180,120,1.0,1.4926089209686745e-13,0.0013304409016192526,01101110011100000110101000100000010100110100001000000000,npj SB,npj SB,100.0,True
8HFE,global_rotation_translation,combined_xz_rotation_x_translation_then_kabsch_alignment,180,150,1.0,7.409336672167726e-14,0.0013304409016184334,01101110011100000110101000100000010100110100001000000000,npj SB,npj SB,100.0,True
8HFE,global_rotation_translation,combined_xz_rotation_x_translation_then_kabsch_alignment,180,180,1.0,5.965557497763869e-14,0.001330440901618415,01101110011100000110101000100000010100110100001000000000,npj SB,npj SB,100.0,True
8HFE,global_rotation_translation,combined_xz_rotation_x_translation_then_kabsch_alignment,180,210,1.0,8.27827194308985e-14,0.001330440901618784,01101110011100000110101000100000010100110100001000000000,npj SB,npj SB,100.0,True
8HFE,global_rotation_translation,combined_xz_rotation_x_translation_then_kabsch_alignment,180,240,1.0,1.7488633833461694e-13,0.001330440901618037,01101110011100000110101000100000010100110100001000000000,npj SB,npj SB,100.0,True
8HFE,global_rotation_translation,combined_xz_rotation_x_translation_then_kabsch_alignment,180,270,1.0,1.2386207228045481e-13,0.0013304409016181816,01101110011100000110101000100000010100110100001000000000,npj SB,npj SB,100.0,True
8HFE,global_rotation_translation,combined_xz_rotation_x_translation_then_kabsch_alignment,180,300,1.0,6.043806715542386e-14,0.0013304409016188707,01101110011100000110101000100000010100110100001000000000,npj SB,npj SB,100.0,True
8HFE,global_rotation_translation,combined_xz_rotation_x_translation_then_kabsch_alignment,180,330,1.0,1.2183723712202123e-13,0.0013304409016188811,01101110011100000110101000100000010100110100001000000000,npj SB,npj SB,100.0,True
8HFE,global_rotation_translation,combined_xz_rotation_x_translation_then_kabsch_alignment,180,360,1.0,1.0009642134795871e-13,0.0013304409016182963,01101110011100000110101000100000010100110100001000000000,npj SB,npj SB,100.0,True
8HFE,global_rotation_translation,combined_xz_rotation_x_translation_then_kabsch_alignment,210,0,1.0,1.2328950347782168e-13,0.0013304409016186452,01101110011100000110101000100000010100110100001000000000,npj SB,npj SB,100.0,True
8HFE,global_rotation_translation,combined_xz_rotation_x_translation_then_kabsch_alignment,210,30,1.0,1.1448308573720125e-13,0.001330440901618444,01101110011100000110101000100000010100110100001000000000,npj SB,npj SB,100.0,True
8HFE,global_rotation_translation,combined_xz_rotation_x_translation_then_kabsch_alignment,210,60,1.0,1.4156031990378595e-13,0.0013304409016180005,01101110011100000110101000100000010100110100001000000000,npj SB,npj SB,100.0,True
8HFE,global_rotation_translation,combined_xz_rotation_x_translation_then_kabsch_alignment,210,90,1.0,1.2033529878229402e-13,0.0013304409016191097,01101110011100000110101000100000010100110100001000000000,npj SB,npj SB,100.0,True
8HFE,global_rotation_translation,combined_xz_rotation_x_translation_then_kabsch_alignment,210,120,1.0,1.4564196851401808e-13,0.0013304409016185478,01101110011100000110101000100000010100110100001000000000,npj SB,npj SB,100.0,True
8HFE,global_rotation_translation,combined_xz_rotation_x_translation_then_kabsch_alignment,210,150,1.0,1.2732735267910362e-13,0.0013304409016181237,01101110011100000110101000100000010100110100001000000000,npj SB,npj SB,100.0,True
8HFE,global_rotation_translation,combined_xz_rotation_x_translation_then_kabsch_alignment,210,180,1.0,1.0723462930494174e-13,0.0013304409016183084,01101110011100000110101000100000010100110100001000000000,npj SB,npj SB,100.0,True
8HFE,global_rotation_translation,combined_xz_rotation_x_translation_then_kabsch_alignment,210,210,1.0,1.202479877259144e-13,0.001330440901618825,01101110011100000110101000100000010100110100001000000000,npj SB,npj SB,100.0,True
8HFE,global_rotation_translation,combined_xz_rotation_x_translation_then_kabsch_alignment,210,240,1.0,1.1085244617057585e-13,0.0013304409016189527,01101110011100000110101000100000010100110100001000000000,npj SB,npj SB,100.0,True
8HFE,global_rotation_translation,combined_xz_rotation_x_translation_then_kabsch_alignment,210,270,1.0,1.2776796556254169e-13,0.0013304409016180933,01101110011100000110101000100000010100110100001000000000,npj SB,npj SB,100.0,True
8HFE,global_rotation_translation,combined_xz_rotation_x_translation_then_kabsch_alignment,210,300,1.0,1.2787788157035343e-13,0.001330440901618284,01101110011100000110101000100000010100110100001000000000,npj SB,npj SB,100.0,True
8HFE,global_rotation_translation,combined_xz_rotation_x_translation_then_kabsch_alignment,210,330,1.0,1.574635989676699e-13,0.001330440901619889,01101110011100000110101000100000010100110100001000000000,npj SB,npj SB,100.0,True
8HFE,global_rotation_translation,combined_xz_rotation_x_translation_then_kabsch_alignment,210,360,1.0,1.1650288377159783e-13,0.0013304409016184832,01101110011100000110101000100000010100110100001000000000,npj SB,npj SB,100.0,True
8HFE,global_rotation_translation,combined_xz_rotation_x_translation_then_kabsch_alignment,240,0,1.0,9.894341000008814e-14,0.0013304409016186515,01101110011100000110101000100000010100110100001000000000,npj SB,npj SB,100.0,True
8HFE,global_rotation_translation,combined_xz_rotation_x_translation_then_kabsch_alignment,240,30,1.0,1.1418816904424983e-13,0.0013304409016181788,01101110011100000110101000100000010100110100001000000000,npj SB,npj SB,100.0,True
8HFE,global_rotation_translation,combined_xz_rotation_x_translation_then_kabsch_alignment,240,60,1.0,1.2433275296914684e-13,0.0013304409016182,01101110011100000110101000100000010100110100001000000000,npj SB,npj SB,100.0,True
8HFE,global_rotation_translation,combined_xz_rotation_x_translation_then_kabsch_alignment,240,90,1.0,9.522294411106913e-14,0.0013304409016186792,01101110011100000110101000100000010100110100001000000000,npj SB,npj SB,100.0,True
8HFE,global_rotation_translation,combined_xz_rotation_x_translation_then_kabsch_alignment,240,120,1.0,1.0224551796061855e-13,0.001330440901618215,01101110011100000110101000100000010100110100001000000000,npj SB,npj SB,100.0,True
8HFE,global_rotation_translation,combined_xz_rotation_x_translation_then_kabsch_alignment,240,150,1.0,1.3887430075735143e-13,0.0013304409016174693,01101110011100000110101000100000010100110100001000000000,npj SB,npj SB,100.0,True
8HFE,global_rotation_translation,combined_xz_rotation_x_translation_then_kabsch_alignment,240,180,1.0,1.1657087218730254e-13,0.0013304409016181087,01101110011100000110101000100000010100110100001000000000,npj SB,npj SB,100.0,True
8HFE,global_rotation_translation,combined_xz_rotation_x_translation_then_kabsch_alignment,240,210,1.0,1.321713770948163e-13,0.00133044090161893,01101110011100000110101000100000010100110100001000000000,npj SB,npj SB,100.0,True
8HFE,global_rotation_translation,combined_xz_rotation_x_translation_then_kabsch_alignment,240,240,1.0,1.0861964247280802e-13,0.0013304409016187016,01101110011100000110101000100000010100110100001000000000,npj SB,npj SB,100.0,True
8HFE,global_rotation_translation,combined_xz_rotation_x_translation_then_kabsch_alignment,240,270,1.0,1.7121070023726574e-13,0.00133044090161917,01101110011100000110101000100000010100110100001000000000,npj SB,npj SB,100.0,True
8HFE,global_rotation_translation,combined_xz_rotation_x_translation_then_kabsch_alignment,240,300,1.0,1.8041871157076403e-13,0.0013304409016179288,01101110011100000110101000100000010100110100001000000000,npj SB,npj SB,100.0,True
8HFE,global_rotation_translation,combined_xz_rotation_x_translation_then_kabsch_alignment,240,330,1.0,1.7206630550245494e-13,0.0013304409016191732,01101110011100000110101000100000010100110100001000000000,npj SB,npj SB,100.0,True
8HFE,global_rotation_translation,combined_xz_rotation_x_translation_then_kabsch_alignment,240,360,1.0,1.027309401448822e-13,0.0013304409016187005,01101110011100000110101000100000010100110100001000000000,npj SB,npj SB,100.0,True
8HFE,global_rotation_translation,combined_xz_rotation_x_translation_then_kabsch_alignment,270,0,1.0,6.78004833666275e-14,0.0013304409016184175,01101110011100000110101000100000010100110100001000000000,npj SB,npj SB,100.0,True
8HFE,global_rotation_translation,combined_xz_rotation_x_translation_then_kabsch_alignment,270,30,1.0,1.3380801899815644e-13,0.0013304409016193148,01101110011100000110101000100000010100110100001000000000,npj SB,npj SB,100.0,True
8HFE,global_rotation_translation,combined_xz_rotation_x_translation_then_kabsch_alignment,270,60,1.0,6.80635870650494e-14,0.001330440901619253,01101110011100000110101000100000010100110100001000000000,npj SB,npj SB,100.0,True
8HFE,global_rotation_translation,combined_xz_rotation_x_translation_then_kabsch_alignment,270,90,1.0,7.191263177009391e-14,0.0013304409016185502,01101110011100000110101000100000010100110100001000000000,npj SB,npj SB,100.0,True
8HFE,global_rotation_translation,combined_xz_rotation_x_translation_then_kabsch_alignment,270,120,1.0,2.1861240065383264e-13,0.0013304409016177813,01101110011100000110101000100000010100110100001000000000,npj SB,npj SB,100.0,True
8HFE,global_rotation_translation,combined_xz_rotation_x_translation_then_kabsch_alignment,270,150,1.0,1.0593633928420423e-13,0.0013304409016190262,01101110011100000110101000100000010100110100001000000000,npj SB,npj SB,100.0,True
8HFE,global_rotation_translation,combined_xz_rotation_x_translation_then_kabsch_alignment,270,180,1.0,1.2013454186397833e-13,0.0013304409016184052,01101110011100000110101000100000010100110100001000000000,npj SB,npj SB,100.0,True
8HFE,global_rotation_translation,combined_xz_rotation_x_translation_then_kabsch_alignment,270,210,1.0,8.532345582850278e-14,0.0013304409016187946,01101110011100000110101000100000010100110100001000000000,npj SB,npj SB,100.0,True
8HFE,global_rotation_translation,combined_xz_rotation_x_translation_then_kabsch_alignment,270,240,1.0,8.34212928317793e-14,0.00133044090161847,01101110011100000110101000100000010100110100001000000000,npj SB,npj SB,100.0,True
8HFE,global_rotation_translation,combined_xz_rotation_x_translation_then_kabsch_alignment,270,270,1.0,4.050603107092756e-14,0.0013304409016187966,01101110011100000110101000100000010100110100001000000000,npj SB,npj SB,100.0,True
8HFE,global_rotation_translation,combined_xz_rotation_x_translation_then_kabsch_alignment,270,300,1.0,1.4616606433195348e-13,0.0013304409016183666,01101110011100000110101000100000010100110100001000000000,npj SB,npj SB,100.0,True
8HFE,global_rotation_translation,combined_xz_rotation_x_translation_then_kabsch_alignment,270,330,1.0,1.1184202770822845e-13,0.0013304409016184698,01101110011100000110101000100000010100110100001000000000,npj SB,npj SB,100.0,True
8HFE,global_rotation_translation,combined_xz_rotation_x_translation_then_kabsch_alignment,270,360,1.0,6.815556858323713e-14,0.0013304409016185101,01101110011100000110101000100000010100110100001000000000,npj SB,npj SB,100.0,True
8HFE,global_rotation_translation,combined_xz_rotation_x_translation_then_kabsch_alignment,300,0,1.0,9.223680816435446e-14,0.0013304409016192465,01101110011100000110101000100000010100110100001000000000,npj SB,npj SB,100.0,True
8HFE,global_rotation_translation,combined_xz_rotation_x_translation_then_kabsch_alignment,300,30,1.0,1.211627564093982e-13,0.001330440901618694,01101110011100000110101000100000010100110100001000000000,npj SB,npj SB,100.0,True
8HFE,global_rotation_translation,combined_xz_rotation_x_translation_then_kabsch_alignment,300,60,1.0,8.2063436803623e-14,0.0013304409016182892,01101110011100000110101000100000010100110100001000000000,npj SB,npj SB,100.0,True
8HFE,global_rotation_translation,combined_xz_rotation_x_translation_then_kabsch_alignment,300,90,1.0,1.6509623878837088e-13,0.0013304409016179693,01101110011100000110101000100000010100110100001000000000,npj SB,npj SB,100.0,True
8HFE,global_rotation_translation,combined_xz_rotation_x_translation_then_kabsch_alignment,300,120,1.0,1.6040571685031265e-13,0.001330440901618567,01101110011100000110101000100000010100110100001000000000,npj SB,npj SB,100.0,True
8HFE,global_rotation_translation,combined_xz_rotation_x_translation_then_kabsch_alignment,300,150,1.0,2.1551144273033158e-13,0.001330440901618441,01101110011100000110101000100000010100110100001000000000,npj SB,npj SB,100.0,True
8HFE,global_rotation_translation,combined_xz_rotation_x_translation_then_kabsch_alignment,300,180,1.0,1.6065594023316312e-13,0.0013304409016187096,01101110011100000110101000100000010100110100001000000000,npj SB,npj SB,100.0,True
8HFE,global_rotation_translation,combined_xz_rotation_x_translation_then_kabsch_alignment,300,210,1.0,1.2233227934359416e-13,0.0013304409016182484,01101110011100000110101000100000010100110100001000000000,npj SB,npj SB,100.0,True
8HFE,global_rotation_translation,combined_xz_rotation_x_translation_then_kabsch_alignment,300,240,1.0,1.558947744575762e-13,0.0013304409016186031,01101110011100000110101000100000010100110100001000000000,npj SB,npj SB,100.0,True
8HFE,global_rotation_translation,combined_xz_rotation_x_translation_then_kabsch_alignment,300,270,1.0,1.0892075549039297e-13,0.0013304409016187914,01101110011100000110101000100000010100110100001000000000,npj SB,npj SB,100.0,True
8HFE,global_rotation_translation,combined_xz_rotation_x_translation_then_kabsch_alignment,300,300,1.0,1.7491372967588536e-13,0.001330440901619634,01101110011100000110101000100000010100110100001000000000,npj SB,npj SB,100.0,True
8HFE,global_rotation_translation,combined_xz_rotation_x_translation_then_kabsch_alignment,300,330,1.0,1.3549765583877674e-13,0.0013304409016194352,01101110011100000110101000100000010100110100001000000000,npj SB,npj SB,100.0,True
8HFE,global_rotation_translation,combined_xz_rotation_x_translation_then_kabsch_alignment,300,360,1.0,1.0663671807590153e-13,0.0013304409016191513,01101110011100000110101000100000010100110100001000000000,npj SB,npj SB,100.0,True
8HFE,global_rotation_translation,combined_xz_rotation_x_translation_then_kabsch_alignment,330,0,1.0,8.462522678507321e-14,0.001330440901618677,01101110011100000110101000100000010100110100001000000000,npj SB,npj SB,100.0,True
8HFE,global_rotation_translation,combined_xz_rotation_x_translation_then_kabsch_alignment,330,30,1.0,8.69280238863491e-14,0.0013304409016184516,01101110011100000110101000100000010100110100001000000000,npj SB,npj SB,100.0,True
8HFE,global_rotation_translation,combined_xz_rotation_x_translation_then_kabsch_alignment,330,60,1.0,1.1398305155317723e-13,0.0013304409016174894,01101110011100000110101000100000010100110100001000000000,npj SB,npj SB,100.0,True
8HFE,global_rotation_translation,combined_xz_rotation_x_translation_then_kabsch_alignment,330,90,1.0,5.823325079142694e-14,0.0013304409016186738,01101110011100000110101000100000010100110100001000000000,npj SB,npj SB,100.0,True
8HFE,global_rotation_translation,combined_xz_rotation_x_translation_then_kabsch_alignment,330,120,1.0,7.516552635248203e-14,0.001330440901618065,01101110011100000110101000100000010100110100001000000000,npj SB,npj SB,100.0,True
8HFE,global_rotation_translation,combined_xz_rotation_x_translation_then_kabsch_alignment,330,150,1.0,2.340102825696383e-13,0.0013304409016174604,01101110011100000110101000100000010100110100001000000000,npj SB,npj SB,100.0,True
8HFE,global_rotation_translation,combined_xz_rotation_x_translation_then_kabsch_alignment,330,180,1.0,8.381573236634385e-14,0.0013304409016186586,01101110011100000110101000100000010100110100001000000000,npj SB,npj SB,100.0,True
8HFE,global_rotation_translation,combined_xz_rotation_x_translation_then_kabsch_alignment,330,210,1.0,1.2338362274823287e-13,0.0013304409016184054,01101110011100000110101000100000010100110100001000000000,npj SB,npj SB,100.0,True
8HFE,global_rotation_translation,combined_xz_rotation_x_translation_then_kabsch_alignment,330,240,1.0,1.4564702904107013e-13,0.0013304409016183661,01101110011100000110101000100000010100110100001000000000,npj SB,npj SB,100.0,True
8HFE,global_rotation_translation,combined_xz_rotation_x_translation_then_kabsch_alignment,330,270,1.0,1.5323606392066004e-13,0.0013304409016195611,01101110011100000110101000100000010100110100001000000000,npj SB,npj SB,100.0,True
8HFE,global_rotation_translation,combined_xz_rotation_x_translation_then_kabsch_alignment,330,300,1.0,1.328222112368066e-13,0.0013304409016183536,01101110011100000110101000100000010100110100001000000000,npj SB,npj SB,100.0,True
8HFE,global_rotation_translation,combined_xz_rotation_x_translation_then_kabsch_alignment,330,330,1.0,1.4642300444516717e-13,0.001330440901619454,01101110011100000110101000100000010100110100001000000000,npj SB,npj SB,100.0,True
8HFE,global_rotation_translation,combined_xz_rotation_x_translation_then_kabsch_alignment,330,360,1.0,1.0212470402656074e-13,0.0013304409016188146,01101110011100000110101000100000010100110100001000000000,npj SB,npj SB,100.0,True
8HFE,global_rotation_translation,combined_xz_rotation_x_translation_then_kabsch_alignment,360,0,1.0,1.6954196859713067e-14,0.0013304409016185713,01101110011100000110101000100000010100110100001000000000,npj SB,npj SB,100.0,True
8HFE,global_rotation_translation,combined_xz_rotation_x_translation_then_kabsch_alignment,360,30,1.0,7.823274850013405e-14,0.0013304409016191654,01101110011100000110101000100000010100110100001000000000,npj SB,npj SB,100.0,True
8HFE,global_rotation_translation,combined_xz_rotation_x_translation_then_kabsch_alignment,360,60,1.0,1.4168944801340092e-13,0.0013304409016190175,01101110011100000110101000100000010100110100001000000000,npj SB,npj SB,100.0,True
8HFE,global_rotation_translation,combined_xz_rotation_x_translation_then_kabsch_alignment,360,90,1.0,5.850788534479967e-14,0.0013304409016188469,01101110011100000110101000100000010100110100001000000000,npj SB,npj SB,100.0,True
8HFE,global_rotation_translation,combined_xz_rotation_x_translation_then_kabsch_alignment,360,120,1.0,1.6482844305726494e-13,0.0013304409016185155,01101110011100000110101000100000010100110100001000000000,npj SB,npj SB,100.0,True
8HFE,global_rotation_translation,combined_xz_rotation_x_translation_then_kabsch_alignment,360,150,1.0,3.7907091243819475e-14,0.0013304409016185689,01101110011100000110101000100000010100110100001000000000,npj SB,npj SB,100.0,True
8HFE,global_rotation_translation,combined_xz_rotation_x_translation_then_kabsch_alignment,360,180,1.0,1.0267577175233899e-13,0.0013304409016186912,01101110011100000110101000100000010100110100001000000000,npj SB,npj SB,100.0,True
8HFE,global_rotation_translation,combined_xz_rotation_x_translation_then_kabsch_alignment,360,210,1.0,4.751753030663148e-14,0.0013304409016189282,01101110011100000110101000100000010100110100001000000000,npj SB,npj SB,100.0,True
8HFE,global_rotation_translation,combined_xz_rotation_x_translation_then_kabsch_alignment,360,240,1.0,3.2645931462624624e-14,0.001330440901619043,01101110011100000110101000100000010100110100001000000000,npj SB,npj SB,100.0,True
8HFE,global_rotation_translation,combined_xz_rotation_x_translation_then_kabsch_alignment,360,270,1.0,1.751842521536271e-13,0.0013304409016194803,01101110011100000110101000100000010100110100001000000000,npj SB,npj SB,100.0,True
8HFE,global_rotation_translation,combined_xz_rotation_x_translation_then_kabsch_alignment,360,300,1.0,1.5211276166404645e-13,0.001330440901619909,01101110011100000110101000100000010100110100001000000000,npj SB,npj SB,100.0,True
8HFE,global_rotation_translation,combined_xz_rotation_x_translation_then_kabsch_alignment,360,330,1.0,8.445958540766897e-14,0.0013304409016196594,01101110011100000110101000100000010100110100001000000000,npj SB,npj SB,100.0,True
8HFE,global_rotation_translation,combined_xz_rotation_x_translation_then_kabsch_alignment,360,360,1.0,1.609561527264916e-14,0.0013304409016187272,01101110011100000110101000100000010100110100001000000000,npj SB,npj SB,100.0,True
8HFE,global_rotation_translation,combined_xz_rotation_x_translation_then_kabsch_alignment,0,0,5.0,1.1373221004669566e-14,0.0013304409016186688,01101110011100000110101000100000010100110100001000000000,npj SB,npj SB,100.0,True
8HFE,global_rotation_translation,combined_xz_rotation_x_translation_then_kabsch_alignment,0,30,5.0,1.1203009619478827e-13,0.0013304409016190273,01101110011100000110101000100000010100110100001000000000,npj SB,npj SB,100.0,True
8HFE,global_rotation_translation,combined_xz_rotation_x_translation_then_kabsch_alignment,0,60,5.0,1.4157203410959885e-13,0.001330440901619096,01101110011100000110101000100000010100110100001000000000,npj SB,npj SB,100.0,True
8HFE,global_rotation_translation,combined_xz_rotation_x_translation_then_kabsch_alignment,0,90,5.0,1.1046447349087428e-13,0.0013304409016183386,01101110011100000110101000100000010100110100001000000000,npj SB,npj SB,100.0,True
8HFE,global_rotation_translation,combined_xz_rotation_x_translation_then_kabsch_alignment,0,120,5.0,1.8795566858243323e-13,0.0013304409016178902,01101110011100000110101000100000010100110100001000000000,npj SB,npj SB,100.0,True
8HFE,global_rotation_translation,combined_xz_rotation_x_translation_then_kabsch_alignment,0,150,5.0,3.3088817433404863e-14,0.001330440901618462,01101110011100000110101000100000010100110100001000000000,npj SB,npj SB,100.0,True
8HFE,global_rotation_translation,combined_xz_rotation_x_translation_then_kabsch_alignment,0,180,5.0,1.0438390766636251e-13,0.001330440901618675,01101110011100000110101000100000010100110100001000000000,npj SB,npj SB,100.0,True
8HFE,global_rotation_translation,combined_xz_rotation_x_translation_then_kabsch_alignment,0,210,5.0,4.3400374995512144e-14,0.0013304409016196698,01101110011100000110101000100000010100110100001000000000,npj SB,npj SB,100.0,True
8HFE,global_rotation_translation,combined_xz_rotation_x_translation_then_kabsch_alignment,0,240,5.0,3.2265555481656384e-14,0.0013304409016191017,01101110011100000110101000100000010100110100001000000000,npj SB,npj SB,100.0,True
8HFE,global_rotation_translation,combined_xz_rotation_x_translation_then_kabsch_alignment,0,270,5.0,1.7149995765826894e-13,0.0013304409016193525,01101110011100000110101000100000010100110100001000000000,npj SB,npj SB,100.0,True
8HFE,global_rotation_translation,combined_xz_rotation_x_translation_then_kabsch_alignment,0,300,5.0,1.8499228357464978e-13,0.001330440901619727,01101110011100000110101000100000010100110100001000000000,npj SB,npj SB,100.0,True
8HFE,global_rotation_translation,combined_xz_rotation_x_translation_then_kabsch_alignment,0,330,5.0,8.913623753993041e-14,0.001330440901618936,01101110011100000110101000100000010100110100001000000000,npj SB,npj SB,100.0,True
8HFE,global_rotation_translation,combined_xz_rotation_x_translation_then_kabsch_alignment,0,360,5.0,1.0016450852622367e-14,0.001330440901618844,01101110011100000110101000100000010100110100001000000000,npj SB,npj SB,100.0,True
8HFE,global_rotation_translation,combined_xz_rotation_x_translation_then_kabsch_alignment,30,0,5.0,7.523841964711648e-14,0.0013304409016190765,01101110011100000110101000100000010100110100001000000000,npj SB,npj SB,100.0,True
8HFE,global_rotation_translation,combined_xz_rotation_x_translation_then_kabsch_alignment,30,30,5.0,8.793958402810818e-14,0.0013304409016191828,01101110011100000110101000100000010100110100001000000000,npj SB,npj SB,100.0,True
8HFE,global_rotation_translation,combined_xz_rotation_x_translation_then_kabsch_alignment,30,60,5.0,1.3328475205920798e-13,0.0013304409016192229,01101110011100000110101000100000010100110100001000000000,npj SB,npj SB,100.0,True
8HFE,global_rotation_translation,combined_xz_rotation_x_translation_then_kabsch_alignment,30,90,5.0,8.473619932200903e-14,0.0013304409016191257,01101110011100000110101000100000010100110100001000000000,npj SB,npj SB,100.0,True
8HFE,global_rotation_translation,combined_xz_rotation_x_translation_then_kabsch_alignment,30,120,5.0,1.3778603491665454e-13,0.0013304409016189676,01101110011100000110101000100000010100110100001000000000,npj SB,npj SB,100.0,True
8HFE,global_rotation_translation,combined_xz_rotation_x_translation_then_kabsch_alignment,30,150,5.0,1.298479094796147e-13,0.0013304409016185249,01101110011100000110101000100000010100110100001000000000,npj SB,npj SB,100.0,True
8HFE,global_rotation_translation,combined_xz_rotation_x_translation_then_kabsch_alignment,30,180,5.0,7.731111861349114e-14,0.0013304409016188369,01101110011100000110101000100000010100110100001000000000,npj SB,npj SB,100.0,True
8HFE,global_rotation_translation,combined_xz_rotation_x_translation_then_kabsch_alignment,30,210,5.0,1.3195651178640103e-13,0.0013304409016193447,01101110011100000110101000100000010100110100001000000000,npj SB,npj SB,100.0,True
8HFE,global_rotation_translation,combined_xz_rotation_x_translation_then_kabsch_alignment,30,240,5.0,1.599962538543528e-13,0.0013304409016200484,01101110011100000110101000100000010100110100001000000000,npj SB,npj SB,100.0,True
8HFE,global_rotation_translation,combined_xz_rotation_x_translation_then_kabsch_alignment,30,270,5.0,1.4678497774670285e-13,0.001330440901619218,01101110011100000110101000100000010100110100001000000000,npj SB,npj SB,100.0,True
8HFE,global_rotation_translation,combined_xz_rotation_x_translation_then_kabsch_alignment,30,300,5.0,7.669374921601744e-14,0.0013304409016191632,01101110011100000110101000100000010100110100001000000000,npj SB,npj SB,100.0,True
8HFE,global_rotation_translation,combined_xz_rotation_x_translation_then_kabsch_alignment,30,330,5.0,9.55629029627702e-14,0.0013304409016193348,01101110011100000110101000100000010100110100001000000000,npj SB,npj SB,100.0,True
8HFE,global_rotation_translation,combined_xz_rotation_x_translation_then_kabsch_alignment,30,360,5.0,7.383677633105056e-14,0.0013304409016190247,01101110011100000110101000100000010100110100001000000000,npj SB,npj SB,100.0,True
8HFE,global_rotation_translation,combined_xz_rotation_x_translation_then_kabsch_alignment,60,0,5.0,4.262391919689185e-14,0.0013304409016189674,01101110011100000110101000100000010100110100001000000000,npj SB,npj SB,100.0,True
8HFE,global_rotation_translation,combined_xz_rotation_x_translation_then_kabsch_alignment,60,30,5.0,7.746588148253262e-14,0.0013304409016186719,01101110011100000110101000100000010100110100001000000000,npj SB,npj SB,100.0,True
8HFE,global_rotation_translation,combined_xz_rotation_x_translation_then_kabsch_alignment,60,60,5.0,6.264249394787196e-14,0.0013304409016189045,01101110011100000110101000100000010100110100001000000000,npj SB,npj SB,100.0,True
8HFE,global_rotation_translation,combined_xz_rotation_x_translation_then_kabsch_alignment,60,90,5.0,1.311750259061068e-13,0.0013304409016196264,01101110011100000110101000100000010100110100001000000000,npj SB,npj SB,100.0,True
8HFE,global_rotation_translation,combined_xz_rotation_x_translation_then_kabsch_alignment,60,120,5.0,9.119614003619909e-14,0.0013304409016195954,01101110011100000110101000100000010100110100001000000000,npj SB,npj SB,100.0,True
8HFE,global_rotation_translation,combined_xz_rotation_x_translation_then_kabsch_alignment,60,150,5.0,8.333731683424058e-14,0.001330440901619262,01101110011100000110101000100000010100110100001000000000,npj SB,npj SB,100.0,True
8HFE,global_rotation_translation,combined_xz_rotation_x_translation_then_kabsch_alignment,60,180,5.0,5.4638558907139505e-14,0.0013304409016185197,01101110011100000110101000100000010100110100001000000000,npj SB,npj SB,100.0,True
8HFE,global_rotation_translation,combined_xz_rotation_x_translation_then_kabsch_alignment,60,210,5.0,1.3662337327784153e-13,0.0013304409016178587,01101110011100000110101000100000010100110100001000000000,npj SB,npj SB,100.0,True
8HFE,global_rotation_translation,combined_xz_rotation_x_translation_then_kabsch_alignment,60,240,5.0,1.709683804364266e-13,0.0013304409016173934,01101110011100000110101000100000010100110100001000000000,npj SB,npj SB,100.0,True
8HFE,global_rotation_translation,combined_xz_rotation_x_translation_then_kabsch_alignment,60,270,5.0,4.627196964862599e-14,0.0013304409016188057,01101110011100000110101000100000010100110100001000000000,npj SB,npj SB,100.0,True
8HFE,global_rotation_translation,combined_xz_rotation_x_translation_then_kabsch_alignment,60,300,5.0,5.4364713587437344e-14,0.0013304409016186845,01101110011100000110101000100000010100110100001000000000,npj SB,npj SB,100.0,True
8HFE,global_rotation_translation,combined_xz_rotation_x_translation_then_kabsch_alignment,60,330,5.0,6.823932602801739e-14,0.0013304409016188195,01101110011100000110101000100000010100110100001000000000,npj SB,npj SB,100.0,True
8HFE,global_rotation_translation,combined_xz_rotation_x_translation_then_kabsch_alignment,60,360,5.0,4.5533368928371e-14,0.0013304409016187302,01101110011100000110101000100000010100110100001000000000,npj SB,npj SB,100.0,True
8HFE,global_rotation_translation,combined_xz_rotation_x_translation_then_kabsch_alignment,90,0,5.0,8.438974440308842e-14,0.0013304409016186114,01101110011100000110101000100000010100110100001000000000,npj SB,npj SB,100.0,True
8HFE,global_rotation_translation,combined_xz_rotation_x_translation_then_kabsch_alignment,90,30,5.0,7.397639218622975e-14,0.001330440901618705,01101110011100000110101000100000010100110100001000000000,npj SB,npj SB,100.0,True
8HFE,global_rotation_translation,combined_xz_rotation_x_translation_then_kabsch_alignment,90,60,5.0,4.310216029782578e-14,0.0013304409016186584,01101110011100000110101000100000010100110100001000000000,npj SB,npj SB,100.0,True
8HFE,global_rotation_translation,combined_xz_rotation_x_translation_then_kabsch_alignment,90,90,5.0,3.737227407928232e-14,0.0013304409016188395,01101110011100000110101000100000010100110100001000000000,npj SB,npj SB,100.0,True
8HFE,global_rotation_translation,combined_xz_rotation_x_translation_then_kabsch_alignment,90,120,5.0,6.586505319747506e-14,0.0013304409016188865,01101110011100000110101000100000010100110100001000000000,npj SB,npj SB,100.0,True
8HFE,global_rotation_translation,combined_xz_rotation_x_translation_then_kabsch_alignment,90,150,5.0,1.0168169956571344e-13,0.0013304409016186521,01101110011100000110101000100000010100110100001000000000,npj SB,npj SB,100.0,True
8HFE,global_rotation_translation,combined_xz_rotation_x_translation_then_kabsch_alignment,90,180,5.0,6.36426894669395e-14,0.0013304409016187623,01101110011100000110101000100000010100110100001000000000,npj SB,npj SB,100.0,True
8HFE,global_rotation_translation,combined_xz_rotation_x_translation_then_kabsch_alignment,90,210,5.0,9.68042804358914e-14,0.0013304409016193072,01101110011100000110101000100000010100110100001000000000,npj SB,npj SB,100.0,True
8HFE,global_rotation_translation,combined_xz_rotation_x_translation_then_kabsch_alignment,90,240,5.0,1.7910154833884056e-13,0.001330440901618498,01101110011100000110101000100000010100110100001000000000,npj SB,npj SB,100.0,True
8HFE,global_rotation_translation,combined_xz_rotation_x_translation_then_kabsch_alignment,90,270,5.0,1.013149899868789e-13,0.001330440901618269,01101110011100000110101000100000010100110100001000000000,npj SB,npj SB,100.0,True
8HFE,global_rotation_translation,combined_xz_rotation_x_translation_then_kabsch_alignment,90,300,5.0,7.577285426785525e-14,0.001330440901618388,01101110011100000110101000100000010100110100001000000000,npj SB,npj SB,100.0,True
8HFE,global_rotation_translation,combined_xz_rotation_x_translation_then_kabsch_alignment,90,330,5.0,1.1111973890829257e-13,0.0013304409016187799,01101110011100000110101000100000010100110100001000000000,npj SB,npj SB,100.0,True
8HFE,global_rotation_translation,combined_xz_rotation_x_translation_then_kabsch_alignment,90,360,5.0,8.917757129477881e-14,0.0013304409016184756,01101110011100000110101000100000010100110100001000000000,npj SB,npj SB,100.0,True
8HFE,global_rotation_translation,combined_xz_rotation_x_translation_then_kabsch_alignment,120,0,5.0,1.4710723661872298e-13,0.0013304409016188696,01101110011100000110101000100000010100110100001000000000,npj SB,npj SB,100.0,True
8HFE,global_rotation_translation,combined_xz_rotation_x_translation_then_kabsch_alignment,120,30,5.0,1.4116537438574044e-13,0.0013304409016192615,01101110011100000110101000100000010100110100001000000000,npj SB,npj SB,100.0,True
8HFE,global_rotation_translation,combined_xz_rotation_x_translation_then_kabsch_alignment,120,60,5.0,2.2124981223772395e-13,0.0013304409016193885,01101110011100000110101000100000010100110100001000000000,npj SB,npj SB,100.0,True
8HFE,global_rotation_translation,combined_xz_rotation_x_translation_then_kabsch_alignment,120,90,5.0,1.3461904963866297e-13,0.0013304409016193523,01101110011100000110101000100000010100110100001000000000,npj SB,npj SB,100.0,True
8HFE,global_rotation_translation,combined_xz_rotation_x_translation_then_kabsch_alignment,120,120,5.0,9.858286916519194e-14,0.001330440901619447,01101110011100000110101000100000010100110100001000000000,npj SB,npj SB,100.0,True
8HFE,global_rotation_translation,combined_xz_rotation_x_translation_then_kabsch_alignment,120,150,5.0,1.4953469536981644e-13,0.0013304409016190795,01101110011100000110101000100000010100110100001000000000,npj SB,npj SB,100.0,True
8HFE,global_rotation_translation,combined_xz_rotation_x_translation_then_kabsch_alignment,120,180,5.0,1.3342983033265819e-13,0.0013304409016195917,01101110011100000110101000100000010100110100001000000000,npj SB,npj SB,100.0,True
8HFE,global_rotation_translation,combined_xz_rotation_x_translation_then_kabsch_alignment,120,210,5.0,1.6503037733474532e-13,0.0013304409016186315,01101110011100000110101000100000010100110100001000000000,npj SB,npj SB,100.0,True
8HFE,global_rotation_translation,combined_xz_rotation_x_translation_then_kabsch_alignment,120,240,5.0,1.144879141079985e-13,0.0013304409016184555,01101110011100000110101000100000010100110100001000000000,npj SB,npj SB,100.0,True
8HFE,global_rotation_translation,combined_xz_rotation_x_translation_then_kabsch_alignment,120,270,5.0,1.62903097104524e-13,0.0013304409016183807,01101110011100000110101000100000010100110100001000000000,npj SB,npj SB,100.0,True
8HFE,global_rotation_translation,combined_xz_rotation_x_translation_then_kabsch_alignment,120,300,5.0,1.5216090460378827e-13,0.0013304409016181129,01101110011100000110101000100000010100110100001000000000,npj SB,npj SB,100.0,True
8HFE,global_rotation_translation,combined_xz_rotation_x_translation_then_kabsch_alignment,120,330,5.0,9.605907721361763e-14,0.00133044090161913,01101110011100000110101000100000010100110100001000000000,npj SB,npj SB,100.0,True
8HFE,global_rotation_translation,combined_xz_rotation_x_translation_then_kabsch_alignment,120,360,5.0,1.4339287130769695e-13,0.0013304409016188323,01101110011100000110101000100000010100110100001000000000,npj SB,npj SB,100.0,True
8HFE,global_rotation_translation,combined_xz_rotation_x_translation_then_kabsch_alignment,150,0,5.0,9.637505872387598e-14,0.0013304409016189327,01101110011100000110101000100000010100110100001000000000,npj SB,npj SB,100.0,True
8HFE,global_rotation_translation,combined_xz_rotation_x_translation_then_kabsch_alignment,150,30,5.0,1.5228679148894543e-13,0.0013304409016197153,01101110011100000110101000100000010100110100001000000000,npj SB,npj SB,100.0,True
8HFE,global_rotation_translation,combined_xz_rotation_x_translation_then_kabsch_alignment,150,60,5.0,1.2281782523093125e-13,0.0013304409016183694,01101110011100000110101000100000010100110100001000000000,npj SB,npj SB,100.0,True
8HFE,global_rotation_translation,combined_xz_rotation_x_translation_then_kabsch_alignment,150,90,5.0,1.4974894797263118e-13,0.001330440901619555,01101110011100000110101000100000010100110100001000000000,npj SB,npj SB,100.0,True
8HFE,global_rotation_translation,combined_xz_rotation_x_translation_then_kabsch_alignment,150,120,5.0,1.3076421484590148e-13,0.0013304409016191797,01101110011100000110101000100000010100110100001000000000,npj SB,npj SB,100.0,True
8HFE,global_rotation_translation,combined_xz_rotation_x_translation_then_kabsch_alignment,150,150,5.0,1.0580058365539502e-13,0.0013304409016187712,01101110011100000110101000100000010100110100001000000000,npj SB,npj SB,100.0,True
8HFE,global_rotation_translation,combined_xz_rotation_x_translation_then_kabsch_alignment,150,180,5.0,1.240894691380019e-13,0.0013304409016185238,01101110011100000110101000100000010100110100001000000000,npj SB,npj SB,100.0,True
8HFE,global_rotation_translation,combined_xz_rotation_x_translation_then_kabsch_alignment,150,210,5.0,1.8294404527828092e-13,0.001330440901619108,01101110011100000110101000100000010100110100001000000000,npj SB,npj SB,100.0,True
8HFE,global_rotation_translation,combined_xz_rotation_x_translation_then_kabsch_alignment,150,240,5.0,1.5020475343407517e-13,0.0013304409016179192,01101110011100000110101000100000010100110100001000000000,npj SB,npj SB,100.0,True
8HFE,global_rotation_translation,combined_xz_rotation_x_translation_then_kabsch_alignment,150,270,5.0,1.0511566994657478e-13,0.0013304409016187241,01101110011100000110101000100000010100110100001000000000,npj SB,npj SB,100.0,True
8HFE,global_rotation_translation,combined_xz_rotation_x_translation_then_kabsch_alignment,150,300,5.0,1.6817030290533044e-13,0.0013304409016182588,01101110011100000110101000100000010100110100001000000000,npj SB,npj SB,100.0,True
8HFE,global_rotation_translation,combined_xz_rotation_x_translation_then_kabsch_alignment,150,330,5.0,1.2029854395590753e-13,0.0013304409016191246,01101110011100000110101000100000010100110100001000000000,npj SB,npj SB,100.0,True
8HFE,global_rotation_translation,combined_xz_rotation_x_translation_then_kabsch_alignment,150,360,5.0,1.1462945583726053e-13,0.0013304409016184767,01101110011100000110101000100000010100110100001000000000,npj SB,npj SB,100.0,True
8HFE,global_rotation_translation,combined_xz_rotation_x_translation_then_kabsch_alignment,180,0,5.0,1.1644118552960778e-13,0.0013304409016185255,01101110011100000110101000100000010100110100001000000000,npj SB,npj SB,100.0,True
8HFE,global_rotation_translation,combined_xz_rotation_x_translation_then_kabsch_alignment,180,30,5.0,7.818327212173807e-14,0.0013304409016192187,01101110011100000110101000100000010100110100001000000000,npj SB,npj SB,100.0,True
8HFE,global_rotation_translation,combined_xz_rotation_x_translation_then_kabsch_alignment,180,60,5.0,1.9702270166156717e-13,0.0013304409016193265,01101110011100000110101000100000010100110100001000000000,npj SB,npj SB,100.0,True
8HFE,global_rotation_translation,combined_xz_rotation_x_translation_then_kabsch_alignment,180,90,5.0,1.8556809386786816e-13,0.0013304409016193116,01101110011100000110101000100000010100110100001000000000,npj SB,npj SB,100.0,True
8HFE,global_rotation_translation,combined_xz_rotation_x_translation_then_kabsch_alignment,180,120,5.0,1.5400131942391032e-13,0.0013304409016187317,01101110011100000110101000100000010100110100001000000000,npj SB,npj SB,100.0,True
8HFE,global_rotation_translation,combined_xz_rotation_x_translation_then_kabsch_alignment,180,150,5.0,6.868609586095182e-14,0.0013304409016175087,01101110011100000110101000100000010100110100001000000000,npj SB,npj SB,100.0,True
8HFE,global_rotation_translation,combined_xz_rotation_x_translation_then_kabsch_alignment,180,180,5.0,5.749768358185332e-14,0.0013304409016183505,01101110011100000110101000100000010100110100001000000000,npj SB,npj SB,100.0,True
8HFE,global_rotation_translation,combined_xz_rotation_x_translation_then_kabsch_alignment,180,210,5.0,1.0235178826895759e-13,0.0013304409016190468,01101110011100000110101000100000010100110100001000000000,npj SB,npj SB,100.0,True
8HFE,global_rotation_translation,combined_xz_rotation_x_translation_then_kabsch_alignment,180,240,5.0,2.2406019238957654e-13,0.0013304409016179134,01101110011100000110101000100000010100110100001000000000,npj SB,npj SB,100.0,True
8HFE,global_rotation_translation,combined_xz_rotation_x_translation_then_kabsch_alignment,180,270,5.0,1.2363276681083813e-13,0.0013304409016180814,01101110011100000110101000100000010100110100001000000000,npj SB,npj SB,100.0,True
8HFE,global_rotation_translation,combined_xz_rotation_x_translation_then_kabsch_alignment,180,300,5.0,5.335549633685665e-14,0.0013304409016190637,01101110011100000110101000100000010100110100001000000000,npj SB,npj SB,100.0,True
8HFE,global_rotation_translation,combined_xz_rotation_x_translation_then_kabsch_alignment,180,330,5.0,1.178833388424021e-13,0.0013304409016190763,01101110011100000110101000100000010100110100001000000000,npj SB,npj SB,100.0,True
8HFE,global_rotation_translation,combined_xz_rotation_x_translation_then_kabsch_alignment,180,360,5.0,9.579784828565114e-14,0.0013304409016181656,01101110011100000110101000100000010100110100001000000000,npj SB,npj SB,100.0,True
8HFE,global_rotation_translation,combined_xz_rotation_x_translation_then_kabsch_alignment,210,0,5.0,1.1095545501555045e-13,0.0013304409016185227,01101110011100000110101000100000010100110100001000000000,npj SB,npj SB,100.0,True
8HFE,global_rotation_translation,combined_xz_rotation_x_translation_then_kabsch_alignment,210,30,5.0,1.1354898924818356e-13,0.0013304409016189108,01101110011100000110101000100000010100110100001000000000,npj SB,npj SB,100.0,True
8HFE,global_rotation_translation,combined_xz_rotation_x_translation_then_kabsch_alignment,210,60,5.0,1.2408649931811712e-13,0.0013304409016193642,01101110011100000110101000100000010100110100001000000000,npj SB,npj SB,100.0,True
8HFE,global_rotation_translation,combined_xz_rotation_x_translation_then_kabsch_alignment,210,90,5.0,1.3791836279260575e-13,0.0013304409016182705,01101110011100000110101000100000010100110100001000000000,npj SB,npj SB,100.0,True
8HFE,global_rotation_translation,combined_xz_rotation_x_translation_then_kabsch_alignment,210,120,5.0,1.5737083551926515e-13,0.0013304409016187814,01101110011100000110101000100000010100110100001000000000,npj SB,npj SB,100.0,True
8HFE,global_rotation_translation,combined_xz_rotation_x_translation_then_kabsch_alignment,210,150,5.0,1.2559932822321786e-13,0.0013304409016183987,01101110011100000110101000100000010100110100001000000000,npj SB,npj SB,100.0,True
8HFE,global_rotation_translation,combined_xz_rotation_x_translation_then_kabsch_alignment,210,180,5.0,9.457443497864592e-14,0.0013304409016181306,01101110011100000110101000100000010100110100001000000000,npj SB,npj SB,100.0,True
8HFE,global_rotation_translation,combined_xz_rotation_x_translation_then_kabsch_alignment,210,210,5.0,1.742868685962688e-13,0.0013304409016188098,01101110011100000110101000100000010100110100001000000000,npj SB,npj SB,100.0,True
8HFE,global_rotation_translation,combined_xz_rotation_x_translation_then_kabsch_alignment,210,240,5.0,1.1286375182427457e-13,0.0013304409016195405,01101110011100000110101000100000010100110100001000000000,npj SB,npj SB,100.0,True
8HFE,global_rotation_translation,combined_xz_rotation_x_translation_then_kabsch_alignment,210,270,5.0,1.183715675830086e-13,0.0013304409016187389,01101110011100000110101000100000010100110100001000000000,npj SB,npj SB,100.0,True
8HFE,global_rotation_translation,combined_xz_rotation_x_translation_then_kabsch_alignment,210,300,5.0,1.5319908396522369e-13,0.001330440901618382,01101110011100000110101000100000010100110100001000000000,npj SB,npj SB,100.0,True
8HFE,global_rotation_translation,combined_xz_rotation_x_translation_then_kabsch_alignment,210,330,5.0,1.53639557593324e-13,0.0013304409016196307,01101110011100000110101000100000010100110100001000000000,npj SB,npj SB,100.0,True
8HFE,global_rotation_translation,combined_xz_rotation_x_translation_then_kabsch_alignment,210,360,5.0,1.084919152700014e-13,0.0013304409016189655,01101110011100000110101000100000010100110100001000000000,npj SB,npj SB,100.0,True
8HFE,global_rotation_translation,combined_xz_rotation_x_translation_then_kabsch_alignment,240,0,5.0,1.0372383880397451e-13,0.001330440901618606,01101110011100000110101000100000010100110100001000000000,npj SB,npj SB,100.0,True
8HFE,global_rotation_translation,combined_xz_rotation_x_translation_then_kabsch_alignment,240,30,5.0,1.0078847823768595e-13,0.0013304409016185758,01101110011100000110101000100000010100110100001000000000,npj SB,npj SB,100.0,True
8HFE,global_rotation_translation,combined_xz_rotation_x_translation_then_kabsch_alignment,240,60,5.0,1.0351890129703122e-13,0.0013304409016183095,01101110011100000110101000100000010100110100001000000000,npj SB,npj SB,100.0,True
8HFE,global_rotation_translation,combined_xz_rotation_x_translation_then_kabsch_alignment,240,90,5.0,1.1481255727197736e-13,0.0013304409016186834,01101110011100000110101000100000010100110100001000000000,npj SB,npj SB,100.0,True
8HFE,global_rotation_translation,combined_xz_rotation_x_translation_then_kabsch_alignment,240,120,5.0,1.3706468624684914e-13,0.001330440901617946,01101110011100000110101000100000010100110100001000000000,npj SB,npj SB,100.0,True
8HFE,global_rotation_translation,combined_xz_rotation_x_translation_then_kabsch_alignment,240,150,5.0,1.287291428164314e-13,0.0013304409016180066,01101110011100000110101000100000010100110100001000000000,npj SB,npj SB,100.0,True
8HFE,global_rotation_translation,combined_xz_rotation_x_translation_then_kabsch_alignment,240,180,5.0,1.3558465972018022e-13,0.0013304409016183906,01101110011100000110101000100000010100110100001000000000,npj SB,npj SB,100.0,True
8HFE,global_rotation_translation,combined_xz_rotation_x_translation_then_kabsch_alignment,240,210,5.0,1.291193164757251e-13,0.0013304409016188226,01101110011100000110101000100000010100110100001000000000,npj SB,npj SB,100.0,True
8HFE,global_rotation_translation,combined_xz_rotation_x_translation_then_kabsch_alignment,240,240,5.0,1.0999014795816171e-13,0.0013304409016184815,01101110011100000110101000100000010100110100001000000000,npj SB,npj SB,100.0,True
8HFE,global_rotation_translation,combined_xz_rotation_x_translation_then_kabsch_alignment,240,270,5.0,1.6140884923036527e-13,0.0013304409016190483,01101110011100000110101000100000010100110100001000000000,npj SB,npj SB,100.0,True
8HFE,global_rotation_translation,combined_xz_rotation_x_translation_then_kabsch_alignment,240,300,5.0,1.883063013842917e-13,0.0013304409016177377,01101110011100000110101000100000010100110100001000000000,npj SB,npj SB,100.0,True
8HFE,global_rotation_translation,combined_xz_rotation_x_translation_then_kabsch_alignment,240,330,5.0,1.723487815318177e-13,0.0013304409016185854,01101110011100000110101000100000010100110100001000000000,npj SB,npj SB,100.0,True
8HFE,global_rotation_translation,combined_xz_rotation_x_translation_then_kabsch_alignment,240,360,5.0,1.0671617269326314e-13,0.0013304409016188599,01101110011100000110101000100000010100110100001000000000,npj SB,npj SB,100.0,True
8HFE,global_rotation_translation,combined_xz_rotation_x_translation_then_kabsch_alignment,270,0,5.0,7.968888737340704e-14,0.0013304409016186294,01101110011100000110101000100000010100110100001000000000,npj SB,npj SB,100.0,True
8HFE,global_rotation_translation,combined_xz_rotation_x_translation_then_kabsch_alignment,270,30,5.0,1.6000776992714053e-13,0.0013304409016187692,01101110011100000110101000100000010100110100001000000000,npj SB,npj SB,100.0,True
8HFE,global_rotation_translation,combined_xz_rotation_x_translation_then_kabsch_alignment,270,60,5.0,6.254756039568357e-14,0.0013304409016188586,01101110011100000110101000100000010100110100001000000000,npj SB,npj SB,100.0,True
8HFE,global_rotation_translation,combined_xz_rotation_x_translation_then_kabsch_alignment,270,90,5.0,1.1602902549428987e-13,0.0013304409016181799,01101110011100000110101000100000010100110100001000000000,npj SB,npj SB,100.0,True
8HFE,global_rotation_translation,combined_xz_rotation_x_translation_then_kabsch_alignment,270,120,5.0,1.906421928383453e-13,0.0013304409016177796,01101110011100000110101000100000010100110100001000000000,npj SB,npj SB,100.0,True
8HFE,global_rotation_translation,combined_xz_rotation_x_translation_then_kabsch_alignment,270,150,5.0,9.493030454898649e-14,0.0013304409016189384,01101110011100000110101000100000010100110100001000000000,npj SB,npj SB,100.0,True
8HFE,global_rotation_translation,combined_xz_rotation_x_translation_then_kabsch_alignment,270,180,5.0,1.1892598236658786e-13,0.0013304409016181844,01101110011100000110101000100000010100110100001000000000,npj SB,npj SB,100.0,True
8HFE,global_rotation_translation,combined_xz_rotation_x_translation_then_kabsch_alignment,270,210,5.0,8.012240845019492e-14,0.0013304409016182592,01101110011100000110101000100000010100110100001000000000,npj SB,npj SB,100.0,True
8HFE,global_rotation_translation,combined_xz_rotation_x_translation_then_kabsch_alignment,270,240,5.0,8.552621175430736e-14,0.0013304409016182263,01101110011100000110101000100000010100110100001000000000,npj SB,npj SB,100.0,True
8HFE,global_rotation_translation,combined_xz_rotation_x_translation_then_kabsch_alignment,270,270,5.0,7.290759578153085e-14,0.0013304409016188117,01101110011100000110101000100000010100110100001000000000,npj SB,npj SB,100.0,True
8HFE,global_rotation_translation,combined_xz_rotation_x_translation_then_kabsch_alignment,270,300,5.0,1.5315427514898516e-13,0.0013304409016189921,01101110011100000110101000100000010100110100001000000000,npj SB,npj SB,100.0,True
8HFE,global_rotation_translation,combined_xz_rotation_x_translation_then_kabsch_alignment,270,330,5.0,1.1202804026095313e-13,0.0013304409016187326,01101110011100000110101000100000010100110100001000000000,npj SB,npj SB,100.0,True
8HFE,global_rotation_translation,combined_xz_rotation_x_translation_then_kabsch_alignment,270,360,5.0,7.415613323231789e-14,0.0013304409016181309,01101110011100000110101000100000010100110100001000000000,npj SB,npj SB,100.0,True
8HFE,global_rotation_translation,combined_xz_rotation_x_translation_then_kabsch_alignment,300,0,5.0,1.0864974892982634e-13,0.00133044090161918,01101110011100000110101000100000010100110100001000000000,npj SB,npj SB,100.0,True
8HFE,global_rotation_translation,combined_xz_rotation_x_translation_then_kabsch_alignment,300,30,5.0,1.2182513779111208e-13,0.0013304409016186324,01101110011100000110101000100000010100110100001000000000,npj SB,npj SB,100.0,True
8HFE,global_rotation_translation,combined_xz_rotation_x_translation_then_kabsch_alignment,300,60,5.0,5.266465461247715e-14,0.0013304409016186966,01101110011100000110101000100000010100110100001000000000,npj SB,npj SB,100.0,True
8HFE,global_rotation_translation,combined_xz_rotation_x_translation_then_kabsch_alignment,300,90,5.0,1.8039828465258222e-13,0.0013304409016182217,01101110011100000110101000100000010100110100001000000000,npj SB,npj SB,100.0,True
8HFE,global_rotation_translation,combined_xz_rotation_x_translation_then_kabsch_alignment,300,120,5.0,1.545364127956241e-13,0.001330440901618179,01101110011100000110101000100000010100110100001000000000,npj SB,npj SB,100.0,True
8HFE,global_rotation_translation,combined_xz_rotation_x_translation_then_kabsch_alignment,300,150,5.0,2.094507171511751e-13,0.0013304409016181354,01101110011100000110101000100000010100110100001000000000,npj SB,npj SB,100.0,True
8HFE,global_rotation_translation,combined_xz_rotation_x_translation_then_kabsch_alignment,300,180,5.0,1.5017653617673364e-13,0.0013304409016186925,01101110011100000110101000100000010100110100001000000000,npj SB,npj SB,100.0,True
8HFE,global_rotation_translation,combined_xz_rotation_x_translation_then_kabsch_alignment,300,210,5.0,1.3137574217936914e-13,0.0013304409016183633,01101110011100000110101000100000010100110100001000000000,npj SB,npj SB,100.0,True
8HFE,global_rotation_translation,combined_xz_rotation_x_translation_then_kabsch_alignment,300,240,5.0,1.4891638341233667e-13,0.0013304409016192788,01101110011100000110101000100000010100110100001000000000,npj SB,npj SB,100.0,True
8HFE,global_rotation_translation,combined_xz_rotation_x_translation_then_kabsch_alignment,300,270,5.0,1.3822530215878746e-13,0.0013304409016189117,01101110011100000110101000100000010100110100001000000000,npj SB,npj SB,100.0,True
8HFE,global_rotation_translation,combined_xz_rotation_x_translation_then_kabsch_alignment,300,300,5.0,2.0615841483053109e-13,0.0013304409016191149,01101110011100000110101000100000010100110100001000000000,npj SB,npj SB,100.0,True
8HFE,global_rotation_translation,combined_xz_rotation_x_translation_then_kabsch_alignment,300,330,5.0,1.1722658457502705e-13,0.0013304409016185487,01101110011100000110101000100000010100110100001000000000,npj SB,npj SB,100.0,True
8HFE,global_rotation_translation,combined_xz_rotation_x_translation_then_kabsch_alignment,300,360,5.0,9.1697858095458e-14,0.0013304409016186996,01101110011100000110101000100000010100110100001000000000,npj SB,npj SB,100.0,True
8HFE,global_rotation_translation,combined_xz_rotation_x_translation_then_kabsch_alignment,330,0,5.0,8.992857523356374e-14,0.001330440901619082,01101110011100000110101000100000010100110100001000000000,npj SB,npj SB,100.0,True
8HFE,global_rotation_translation,combined_xz_rotation_x_translation_then_kabsch_alignment,330,30,5.0,9.866694201290211e-14,0.0013304409016189084,01101110011100000110101000100000010100110100001000000000,npj SB,npj SB,100.0,True
8HFE,global_rotation_translation,combined_xz_rotation_x_translation_then_kabsch_alignment,330,60,5.0,1.1250114397552188e-13,0.0013304409016178537,01101110011100000110101000100000010100110100001000000000,npj SB,npj SB,100.0,True
8HFE,global_rotation_translation,combined_xz_rotation_x_translation_then_kabsch_alignment,330,90,5.0,5.327254953763497e-14,0.0013304409016186005,01101110011100000110101000100000010100110100001000000000,npj SB,npj SB,100.0,True
8HFE,global_rotation_translation,combined_xz_rotation_x_translation_then_kabsch_alignment,330,120,5.0,7.335921582708582e-14,0.001330440901618067,01101110011100000110101000100000010100110100001000000000,npj SB,npj SB,100.0,True
8HFE,global_rotation_translation,combined_xz_rotation_x_translation_then_kabsch_alignment,330,150,5.0,2.0307983110245735e-13,0.0013304409016176467,01101110011100000110101000100000010100110100001000000000,npj SB,npj SB,100.0,True
8HFE,global_rotation_translation,combined_xz_rotation_x_translation_then_kabsch_alignment,330,180,5.0,8.412294364161179e-14,0.0013304409016187864,01101110011100000110101000100000010100110100001000000000,npj SB,npj SB,100.0,True
8HFE,global_rotation_translation,combined_xz_rotation_x_translation_then_kabsch_alignment,330,210,5.0,1.1940107509250816e-13,0.001330440901618915,01101110011100000110101000100000010100110100001000000000,npj SB,npj SB,100.0,True
8HFE,global_rotation_translation,combined_xz_rotation_x_translation_then_kabsch_alignment,330,240,5.0,1.4731251194495572e-13,0.0013304409016188564,01101110011100000110101000100000010100110100001000000000,npj SB,npj SB,100.0,True
8HFE,global_rotation_translation,combined_xz_rotation_x_translation_then_kabsch_alignment,330,270,5.0,1.5092556318732702e-13,0.0013304409016195444,01101110011100000110101000100000010100110100001000000000,npj SB,npj SB,100.0,True
8HFE,global_rotation_translation,combined_xz_rotation_x_translation_then_kabsch_alignment,330,300,5.0,1.3005775794912662e-13,0.0013304409016187439,01101110011100000110101000100000010100110100001000000000,npj SB,npj SB,100.0,True
8HFE,global_rotation_translation,combined_xz_rotation_x_translation_then_kabsch_alignment,330,330,5.0,1.6484828434738312e-13,0.0013304409016194443,01101110011100000110101000100000010100110100001000000000,npj SB,npj SB,100.0,True
8HFE,global_rotation_translation,combined_xz_rotation_x_translation_then_kabsch_alignment,330,360,5.0,1.2125510738821197e-13,0.0013304409016192589,01101110011100000110101000100000010100110100001000000000,npj SB,npj SB,100.0,True
8HFE,global_rotation_translation,combined_xz_rotation_x_translation_then_kabsch_alignment,360,0,5.0,1.8274854588738932e-14,0.0013304409016189414,01101110011100000110101000100000010100110100001000000000,npj SB,npj SB,100.0,True
8HFE,global_rotation_translation,combined_xz_rotation_x_translation_then_kabsch_alignment,360,30,5.0,1.1351652998582914e-13,0.0013304409016194165,01101110011100000110101000100000010100110100001000000000,npj SB,npj SB,100.0,True
8HFE,global_rotation_translation,combined_xz_rotation_x_translation_then_kabsch_alignment,360,60,5.0,1.4630750020382442e-13,0.0013304409016189984,01101110011100000110101000100000010100110100001000000000,npj SB,npj SB,100.0,True
8HFE,global_rotation_translation,combined_xz_rotation_x_translation_then_kabsch_alignment,360,90,5.0,1.0889410821036351e-13,0.0013304409016187168,01101110011100000110101000100000010100110100001000000000,npj SB,npj SB,100.0,True
8HFE,global_rotation_translation,combined_xz_rotation_x_translation_then_kabsch_alignment,360,120,5.0,1.6954767424045167e-13,0.0013304409016183542,01101110011100000110101000100000010100110100001000000000,npj SB,npj SB,100.0,True
8HFE,global_rotation_translation,combined_xz_rotation_x_translation_then_kabsch_alignment,360,150,5.0,1.742847541443801e-14,0.0013304409016180823,01101110011100000110101000100000010100110100001000000000,npj SB,npj SB,100.0,True
8HFE,global_rotation_translation,combined_xz_rotation_x_translation_then_kabsch_alignment,360,180,5.0,1.0271120851425183e-13,0.0013304409016185756,01101110011100000110101000100000010100110100001000000000,npj SB,npj SB,100.0,True
8HFE,global_rotation_translation,combined_xz_rotation_x_translation_then_kabsch_alignment,360,210,5.0,6.201502961466319e-14,0.0013304409016188792,01101110011100000110101000100000010100110100001000000000,npj SB,npj SB,100.0,True
8HFE,global_rotation_translation,combined_xz_rotation_x_translation_then_kabsch_alignment,360,240,5.0,3.50887710736596e-14,0.0013304409016190587,01101110011100000110101000100000010100110100001000000000,npj SB,npj SB,100.0,True
8HFE,global_rotation_translation,combined_xz_rotation_x_translation_then_kabsch_alignment,360,270,5.0,1.7539553732690353e-13,0.0013304409016195121,01101110011100000110101000100000010100110100001000000000,npj SB,npj SB,100.0,True
8HFE,global_rotation_translation,combined_xz_rotation_x_translation_then_kabsch_alignment,360,300,5.0,1.9139675976629681e-13,0.0013304409016201002,01101110011100000110101000100000010100110100001000000000,npj SB,npj SB,100.0,True
8HFE,global_rotation_translation,combined_xz_rotation_x_translation_then_kabsch_alignment,360,330,5.0,8.19482828567341e-14,0.0013304409016195629,01101110011100000110101000100000010100110100001000000000,npj SB,npj SB,100.0,True
8HFE,global_rotation_translation,combined_xz_rotation_x_translation_then_kabsch_alignment,360,360,5.0,1.6513752833229226e-14,0.00133044090161861,01101110011100000110101000100000010100110100001000000000,npj SB,npj SB,100.0,True
8HFE,global_rotation_translation,combined_xz_rotation_x_translation_then_kabsch_alignment,0,0,10.0,3.2379568400463666e-14,0.0013304409016189611,01101110011100000110101000100000010100110100001000000000,npj SB,npj SB,100.0,True
8HFE,global_rotation_translation,combined_xz_rotation_x_translation_then_kabsch_alignment,0,30,10.0,1.4810495551058732e-13,0.0013304409016192285,01101110011100000110101000100000010100110100001000000000,npj SB,npj SB,100.0,True
8HFE,global_rotation_translation,combined_xz_rotation_x_translation_then_kabsch_alignment,0,60,10.0,1.2101477212129594e-13,0.0013304409016192923,01101110011100000110101000100000010100110100001000000000,npj SB,npj SB,100.0,True
8HFE,global_rotation_translation,combined_xz_rotation_x_translation_then_kabsch_alignment,0,90,10.0,1.2811936485546763e-13,0.0013304409016181692,01101110011100000110101000100000010100110100001000000000,npj SB,npj SB,100.0,True
8HFE,global_rotation_translation,combined_xz_rotation_x_translation_then_kabsch_alignment,0,120,10.0,1.838603083785585e-13,0.0013304409016179637,01101110011100000110101000100000010100110100001000000000,npj SB,npj SB,100.0,True
8HFE,global_rotation_translation,combined_xz_rotation_x_translation_then_kabsch_alignment,0,150,10.0,3.663028179480165e-14,0.0013304409016182115,01101110011100000110101000100000010100110100001000000000,npj SB,npj SB,100.0,True
8HFE,global_rotation_translation,combined_xz_rotation_x_translation_then_kabsch_alignment,0,180,10.0,9.562072992590321e-14,0.0013304409016183954,01101110011100000110101000100000010100110100001000000000,npj SB,npj SB,100.0,True
8HFE,global_rotation_translation,combined_xz_rotation_x_translation_then_kabsch_alignment,0,210,10.0,5.2668153227681466e-14,0.0013304409016195184,01101110011100000110101000100000010100110100001000000000,npj SB,npj SB,100.0,True
8HFE,global_rotation_translation,combined_xz_rotation_x_translation_then_kabsch_alignment,0,240,10.0,1.8512769528391683e-14,0.0013304409016184993,01101110011100000110101000100000010100110100001000000000,npj SB,npj SB,100.0,True
8HFE,global_rotation_translation,combined_xz_rotation_x_translation_then_kabsch_alignment,0,270,10.0,1.7016356978390702e-13,0.0013304409016191988,01101110011100000110101000100000010100110100001000000000,npj SB,npj SB,100.0,True
8HFE,global_rotation_translation,combined_xz_rotation_x_translation_then_kabsch_alignment,0,300,10.0,1.768007790750172e-13,0.0013304409016188646,01101110011100000110101000100000010100110100001000000000,npj SB,npj SB,100.0,True
8HFE,global_rotation_translation,combined_xz_rotation_x_translation_then_kabsch_alignment,0,330,10.0,6.461956646413759e-14,0.0013304409016184752,01101110011100000110101000100000010100110100001000000000,npj SB,npj SB,100.0,True
8HFE,global_rotation_translation,combined_xz_rotation_x_translation_then_kabsch_alignment,0,360,10.0,3.9627659925632305e-14,0.0013304409016189221,01101110011100000110101000100000010100110100001000000000,npj SB,npj SB,100.0,True
8HFE,global_rotation_translation,combined_xz_rotation_x_translation_then_kabsch_alignment,30,0,10.0,8.410158492585214e-14,0.0013304409016195661,01101110011100000110101000100000010100110100001000000000,npj SB,npj SB,100.0,True
8HFE,global_rotation_translation,combined_xz_rotation_x_translation_then_kabsch_alignment,30,30,10.0,9.176414498634262e-14,0.0013304409016191,01101110011100000110101000100000010100110100001000000000,npj SB,npj SB,100.0,True
8HFE,global_rotation_translation,combined_xz_rotation_x_translation_then_kabsch_alignment,30,60,10.0,1.5330218468392052e-13,0.0013304409016187265,01101110011100000110101000100000010100110100001000000000,npj SB,npj SB,100.0,True
8HFE,global_rotation_translation,combined_xz_rotation_x_translation_then_kabsch_alignment,30,90,10.0,1.1135826464938476e-13,0.001330440901618978,01101110011100000110101000100000010100110100001000000000,npj SB,npj SB,100.0,True
8HFE,global_rotation_translation,combined_xz_rotation_x_translation_then_kabsch_alignment,30,120,10.0,1.234821469445594e-13,0.0013304409016196526,01101110011100000110101000100000010100110100001000000000,npj SB,npj SB,100.0,True
8HFE,global_rotation_translation,combined_xz_rotation_x_translation_then_kabsch_alignment,30,150,10.0,1.4318969776386887e-13,0.001330440901618653,01101110011100000110101000100000010100110100001000000000,npj SB,npj SB,100.0,True
8HFE,global_rotation_translation,combined_xz_rotation_x_translation_then_kabsch_alignment,30,180,10.0,7.604956676853752e-14,0.0013304409016184136,01101110011100000110101000100000010100110100001000000000,npj SB,npj SB,100.0,True
8HFE,global_rotation_translation,combined_xz_rotation_x_translation_then_kabsch_alignment,30,210,10.0,1.1623528819746419e-13,0.0013304409016202045,01101110011100000110101000100000010100110100001000000000,npj SB,npj SB,100.0,True
8HFE,global_rotation_translation,combined_xz_rotation_x_translation_then_kabsch_alignment,30,240,10.0,1.597415367291752e-13,0.0013304409016200076,01101110011100000110101000100000010100110100001000000000,npj SB,npj SB,100.0,True
8HFE,global_rotation_translation,combined_xz_rotation_x_translation_then_kabsch_alignment,30,270,10.0,1.0232478085687837e-13,0.0013304409016191008,01101110011100000110101000100000010100110100001000000000,npj SB,npj SB,100.0,True
8HFE,global_rotation_translation,combined_xz_rotation_x_translation_then_kabsch_alignment,30,300,10.0,6.912997839202377e-14,0.0013304409016189967,01101110011100000110101000100000010100110100001000000000,npj SB,npj SB,100.0,True
8HFE,global_rotation_translation,combined_xz_rotation_x_translation_then_kabsch_alignment,30,330,10.0,9.299084614806786e-14,0.0013304409016196804,01101110011100000110101000100000010100110100001000000000,npj SB,npj SB,100.0,True
8HFE,global_rotation_translation,combined_xz_rotation_x_translation_then_kabsch_alignment,30,360,10.0,8.364408235488503e-14,0.0013304409016187992,01101110011100000110101000100000010100110100001000000000,npj SB,npj SB,100.0,True
8HFE,global_rotation_translation,combined_xz_rotation_x_translation_then_kabsch_alignment,60,0,10.0,4.857978426464037e-14,0.0013304409016189653,01101110011100000110101000100000010100110100001000000000,npj SB,npj SB,100.0,True
8HFE,global_rotation_translation,combined_xz_rotation_x_translation_then_kabsch_alignment,60,30,10.0,6.968482170281755e-14,0.0013304409016188382,01101110011100000110101000100000010100110100001000000000,npj SB,npj SB,100.0,True
8HFE,global_rotation_translation,combined_xz_rotation_x_translation_then_kabsch_alignment,60,60,10.0,5.7843545837251e-14,0.0013304409016185017,01101110011100000110101000100000010100110100001000000000,npj SB,npj SB,100.0,True
8HFE,global_rotation_translation,combined_xz_rotation_x_translation_then_kabsch_alignment,60,90,10.0,1.447218253908048e-13,0.0013304409016190615,01101110011100000110101000100000010100110100001000000000,npj SB,npj SB,100.0,True
8HFE,global_rotation_translation,combined_xz_rotation_x_translation_then_kabsch_alignment,60,120,10.0,8.093696983885693e-14,0.0013304409016194852,01101110011100000110101000100000010100110100001000000000,npj SB,npj SB,100.0,True
8HFE,global_rotation_translation,combined_xz_rotation_x_translation_then_kabsch_alignment,60,150,10.0,8.606313169876147e-14,0.0013304409016201043,01101110011100000110101000100000010100110100001000000000,npj SB,npj SB,100.0,True
8HFE,global_rotation_translation,combined_xz_rotation_x_translation_then_kabsch_alignment,60,180,10.0,5.352444692419014e-14,0.0013304409016184403,01101110011100000110101000100000010100110100001000000000,npj SB,npj SB,100.0,True
8HFE,global_rotation_translation,combined_xz_rotation_x_translation_then_kabsch_alignment,60,210,10.0,1.6348372984178128e-13,0.0013304409016177475,01101110011100000110101000100000010100110100001000000000,npj SB,npj SB,100.0,True
8HFE,global_rotation_translation,combined_xz_rotation_x_translation_then_kabsch_alignment,60,240,10.0,1.6341580907445397e-13,0.0013304409016178657,01101110011100000110101000100000010100110100001000000000,npj SB,npj SB,100.0,True
8HFE,global_rotation_translation,combined_xz_rotation_x_translation_then_kabsch_alignment,60,270,10.0,4.938106902774472e-14,0.0013304409016187393,01101110011100000110101000100000010100110100001000000000,npj SB,npj SB,100.0,True
8HFE,global_rotation_translation,combined_xz_rotation_x_translation_then_kabsch_alignment,60,300,10.0,3.835528256169721e-14,0.0013304409016194072,01101110011100000110101000100000010100110100001000000000,npj SB,npj SB,100.0,True
8HFE,global_rotation_translation,combined_xz_rotation_x_translation_then_kabsch_alignment,60,330,10.0,6.496651201582163e-14,0.0013304409016190106,01101110011100000110101000100000010100110100001000000000,npj SB,npj SB,100.0,True
8HFE,global_rotation_translation,combined_xz_rotation_x_translation_then_kabsch_alignment,60,360,10.0,4.483193531766383e-14,0.0013304409016187129,01101110011100000110101000100000010100110100001000000000,npj SB,npj SB,100.0,True
8HFE,global_rotation_translation,combined_xz_rotation_x_translation_then_kabsch_alignment,90,0,10.0,8.811750422528801e-14,0.0013304409016186684,01101110011100000110101000100000010100110100001000000000,npj SB,npj SB,100.0,True
8HFE,global_rotation_translation,combined_xz_rotation_x_translation_then_kabsch_alignment,90,30,10.0,7.003561520994532e-14,0.0013304409016186114,01101110011100000110101000100000010100110100001000000000,npj SB,npj SB,100.0,True
8HFE,global_rotation_translation,combined_xz_rotation_x_translation_then_kabsch_alignment,90,60,10.0,3.524203505940189e-14,0.0013304409016187781,01101110011100000110101000100000010100110100001000000000,npj SB,npj SB,100.0,True
8HFE,global_rotation_translation,combined_xz_rotation_x_translation_then_kabsch_alignment,90,90,10.0,3.84991333574968e-14,0.0013304409016187005,01101110011100000110101000100000010100110100001000000000,npj SB,npj SB,100.0,True
8HFE,global_rotation_translation,combined_xz_rotation_x_translation_then_kabsch_alignment,90,120,10.0,6.096926094363078e-14,0.0013304409016187927,01101110011100000110101000100000010100110100001000000000,npj SB,npj SB,100.0,True
8HFE,global_rotation_translation,combined_xz_rotation_x_translation_then_kabsch_alignment,90,150,10.0,9.915315877735e-14,0.00133044090161858,01101110011100000110101000100000010100110100001000000000,npj SB,npj SB,100.0,True
8HFE,global_rotation_translation,combined_xz_rotation_x_translation_then_kabsch_alignment,90,180,10.0,6.338812494134866e-14,0.0013304409016185064,01101110011100000110101000100000010100110100001000000000,npj SB,npj SB,100.0,True
8HFE,global_rotation_translation,combined_xz_rotation_x_translation_then_kabsch_alignment,90,210,10.0,1.1663921590811198e-13,0.001330440901619284,01101110011100000110101000100000010100110100001000000000,npj SB,npj SB,100.0,True
8HFE,global_rotation_translation,combined_xz_rotation_x_translation_then_kabsch_alignment,90,240,10.0,2.1595643154915287e-13,0.0013304409016178826,01101110011100000110101000100000010100110100001000000000,npj SB,npj SB,100.0,True
8HFE,global_rotation_translation,combined_xz_rotation_x_translation_then_kabsch_alignment,90,270,10.0,7.761321388509313e-14,0.0013304409016183323,01101110011100000110101000100000010100110100001000000000,npj SB,npj SB,100.0,True
8HFE,global_rotation_translation,combined_xz_rotation_x_translation_then_kabsch_alignment,90,300,10.0,6.63639218784373e-14,0.0013304409016182633,01101110011100000110101000100000010100110100001000000000,npj SB,npj SB,100.0,True
8HFE,global_rotation_translation,combined_xz_rotation_x_translation_then_kabsch_alignment,90,330,10.0,1.403668990824484e-13,0.001330440901619462,01101110011100000110101000100000010100110100001000000000,npj SB,npj SB,100.0,True
8HFE,global_rotation_translation,combined_xz_rotation_x_translation_then_kabsch_alignment,90,360,10.0,9.662137905381244e-14,0.0013304409016185665,01101110011100000110101000100000010100110100001000000000,npj SB,npj SB,100.0,True
8HFE,global_rotation_translation,combined_xz_rotation_x_translation_then_kabsch_alignment,120,0,10.0,1.5284717747096344e-13,0.0013304409016185877,01101110011100000110101000100000010100110100001000000000,npj SB,npj SB,100.0,True
8HFE,global_rotation_translation,combined_xz_rotation_x_translation_then_kabsch_alignment,120,30,10.0,1.5170611813209626e-13,0.0013304409016195035,01101110011100000110101000100000010100110100001000000000,npj SB,npj SB,100.0,True
8HFE,global_rotation_translation,combined_xz_rotation_x_translation_then_kabsch_alignment,120,60,10.0,1.9993496181765188e-13,0.0013304409016197292,01101110011100000110101000100000010100110100001000000000,npj SB,npj SB,100.0,True
8HFE,global_rotation_translation,combined_xz_rotation_x_translation_then_kabsch_alignment,120,90,10.0,1.6809578070191123e-13,0.0013304409016196767,01101110011100000110101000100000010100110100001000000000,npj SB,npj SB,100.0,True
8HFE,global_rotation_translation,combined_xz_rotation_x_translation_then_kabsch_alignment,120,120,10.0,7.955755978950082e-14,0.0013304409016190253,01101110011100000110101000100000010100110100001000000000,npj SB,npj SB,100.0,True
8HFE,global_rotation_translation,combined_xz_rotation_x_translation_then_kabsch_alignment,120,150,10.0,1.4999483728286914e-13,0.0013304409016172297,01101110011100000110101000100000010100110100001000000000,npj SB,npj SB,100.0,True
8HFE,global_rotation_translation,combined_xz_rotation_x_translation_then_kabsch_alignment,120,180,10.0,1.3336905483742825e-13,0.0013304409016191066,01101110011100000110101000100000010100110100001000000000,npj SB,npj SB,100.0,True
8HFE,global_rotation_translation,combined_xz_rotation_x_translation_then_kabsch_alignment,120,210,10.0,1.8238823907849993e-13,0.0013304409016182538,01101110011100000110101000100000010100110100001000000000,npj SB,npj SB,100.0,True
8HFE,global_rotation_translation,combined_xz_rotation_x_translation_then_kabsch_alignment,120,240,10.0,1.1356521540029031e-13,0.001330440901618624,01101110011100000110101000100000010100110100001000000000,npj SB,npj SB,100.0,True
8HFE,global_rotation_translation,combined_xz_rotation_x_translation_then_kabsch_alignment,120,270,10.0,1.9208937943477336e-13,0.0013304409016182406,01101110011100000110101000100000010100110100001000000000,npj SB,npj SB,100.0,True
8HFE,global_rotation_translation,combined_xz_rotation_x_translation_then_kabsch_alignment,120,300,10.0,1.3694633455190093e-13,0.0013304409016182874,01101110011100000110101000100000010100110100001000000000,npj SB,npj SB,100.0,True
8HFE,global_rotation_translation,combined_xz_rotation_x_translation_then_kabsch_alignment,120,330,10.0,8.115976802007437e-14,0.001330440901618686,01101110011100000110101000100000010100110100001000000000,npj SB,npj SB,100.0,True
8HFE,global_rotation_translation,combined_xz_rotation_x_translation_then_kabsch_alignment,120,360,10.0,1.3707678463771463e-13,0.0013304409016180877,01101110011100000110101000100000010100110100001000000000,npj SB,npj SB,100.0,True
8HFE,global_rotation_translation,combined_xz_rotation_x_translation_then_kabsch_alignment,150,0,10.0,8.685592491041069e-14,0.0013304409016189882,01101110011100000110101000100000010100110100001000000000,npj SB,npj SB,100.0,True
8HFE,global_rotation_translation,combined_xz_rotation_x_translation_then_kabsch_alignment,150,30,10.0,1.479328567295147e-13,0.001330440901619096,01101110011100000110101000100000010100110100001000000000,npj SB,npj SB,100.0,True
8HFE,global_rotation_translation,combined_xz_rotation_x_translation_then_kabsch_alignment,150,60,10.0,1.2090966571420418e-13,0.0013304409016182547,01101110011100000110101000100000010100110100001000000000,npj SB,npj SB,100.0,True
8HFE,global_rotation_translation,combined_xz_rotation_x_translation_then_kabsch_alignment,150,90,10.0,1.687194336723192e-13,0.0013304409016196238,01101110011100000110101000100000010100110100001000000000,npj SB,npj SB,100.0,True
8HFE,global_rotation_translation,combined_xz_rotation_x_translation_then_kabsch_alignment,150,120,10.0,1.0292446799016184e-13,0.0013304409016189958,01101110011100000110101000100000010100110100001000000000,npj SB,npj SB,100.0,True
8HFE,global_rotation_translation,combined_xz_rotation_x_translation_then_kabsch_alignment,150,150,10.0,1.0986401410785438e-13,0.0013304409016185964,01101110011100000110101000100000010100110100001000000000,npj SB,npj SB,100.0,True
8HFE,global_rotation_translation,combined_xz_rotation_x_translation_then_kabsch_alignment,150,180,10.0,1.3287491681438505e-13,0.0013304409016186894,01101110011100000110101000100000010100110100001000000000,npj SB,npj SB,100.0,True
8HFE,global_rotation_translation,combined_xz_rotation_x_translation_then_kabsch_alignment,150,210,10.0,1.3647055123085739e-13,0.0013304409016176135,01101110011100000110101000100000010100110100001000000000,npj SB,npj SB,100.0,True
8HFE,global_rotation_translation,combined_xz_rotation_x_translation_then_kabsch_alignment,150,240,10.0,1.5539726705759068e-13,0.0013304409016182028,01101110011100000110101000100000010100110100001000000000,npj SB,npj SB,100.0,True
8HFE,global_rotation_translation,combined_xz_rotation_x_translation_then_kabsch_alignment,150,270,10.0,1.1272326221783802e-13,0.001330440901618607,01101110011100000110101000100000010100110100001000000000,npj SB,npj SB,100.0,True
8HFE,global_rotation_translation,combined_xz_rotation_x_translation_then_kabsch_alignment,150,300,10.0,1.6617086802549642e-13,0.0013304409016185981,01101110011100000110101000100000010100110100001000000000,npj SB,npj SB,100.0,True
8HFE,global_rotation_translation,combined_xz_rotation_x_translation_then_kabsch_alignment,150,330,10.0,1.4304163682285124e-13,0.001330440901618841,01101110011100000110101000100000010100110100001000000000,npj SB,npj SB,100.0,True
8HFE,global_rotation_translation,combined_xz_rotation_x_translation_then_kabsch_alignment,150,360,10.0,1.0795048239221474e-13,0.0013304409016189874,01101110011100000110101000100000010100110100001000000000,npj SB,npj SB,100.0,True
8HFE,global_rotation_translation,combined_xz_rotation_x_translation_then_kabsch_alignment,180,0,10.0,1.0331757005912836e-13,0.0013304409016186161,01101110011100000110101000100000010100110100001000000000,npj SB,npj SB,100.0,True
8HFE,global_rotation_translation,combined_xz_rotation_x_translation_then_kabsch_alignment,180,30,10.0,6.125870224272422e-14,0.001330440901619031,01101110011100000110101000100000010100110100001000000000,npj SB,npj SB,100.0,True
8HFE,global_rotation_translation,combined_xz_rotation_x_translation_then_kabsch_alignment,180,60,10.0,1.8028691726973585e-13,0.0013304409016196908,01101110011100000110101000100000010100110100001000000000,npj SB,npj SB,100.0,True
8HFE,global_rotation_translation,combined_xz_rotation_x_translation_then_kabsch_alignment,180,90,10.0,1.869836038208692e-13,0.0013304409016193528,01101110011100000110101000100000010100110100001000000000,npj SB,npj SB,100.0,True
8HFE,global_rotation_translation,combined_xz_rotation_x_translation_then_kabsch_alignment,180,120,10.0,1.3134207695200923e-13,0.0013304409016190897,01101110011100000110101000100000010100110100001000000000,npj SB,npj SB,100.0,True
8HFE,global_rotation_translation,combined_xz_rotation_x_translation_then_kabsch_alignment,180,150,10.0,6.168135678022153e-14,0.0013304409016181168,01101110011100000110101000100000010100110100001000000000,npj SB,npj SB,100.0,True
8HFE,global_rotation_translation,combined_xz_rotation_x_translation_then_kabsch_alignment,180,180,10.0,6.987494358560243e-14,0.001330440901618561,01101110011100000110101000100000010100110100001000000000,npj SB,npj SB,100.0,True
8HFE,global_rotation_translation,combined_xz_rotation_x_translation_then_kabsch_alignment,180,210,10.0,1.1074268630677559e-13,0.0013304409016180773,01101110011100000110101000100000010100110100001000000000,npj SB,npj SB,100.0,True
8HFE,global_rotation_translation,combined_xz_rotation_x_translation_then_kabsch_alignment,180,240,10.0,2.0796486602398475e-13,0.0013304409016186155,01101110011100000110101000100000010100110100001000000000,npj SB,npj SB,100.0,True
8HFE,global_rotation_translation,combined_xz_rotation_x_translation_then_kabsch_alignment,180,270,10.0,1.0579710045127037e-13,0.0013304409016184988,01101110011100000110101000100000010100110100001000000000,npj SB,npj SB,100.0,True
8HFE,global_rotation_translation,combined_xz_rotation_x_translation_then_kabsch_alignment,180,300,10.0,6.184245951005038e-14,0.0013304409016190834,01101110011100000110101000100000010100110100001000000000,npj SB,npj SB,100.0,True
8HFE,global_rotation_translation,combined_xz_rotation_x_translation_then_kabsch_alignment,180,330,10.0,1.4805860500295293e-13,0.0013304409016192398,01101110011100000110101000100000010100110100001000000000,npj SB,npj SB,100.0,True
8HFE,global_rotation_translation,combined_xz_rotation_x_translation_then_kabsch_alignment,180,360,10.0,1.0000618049640712e-13,0.0013304409016182206,01101110011100000110101000100000010100110100001000000000,npj SB,npj SB,100.0,True
8HFE,global_rotation_translation,combined_xz_rotation_x_translation_then_kabsch_alignment,210,0,10.0,1.1351166029591223e-13,0.0013304409016187996,01101110011100000110101000100000010100110100001000000000,npj SB,npj SB,100.0,True
8HFE,global_rotation_translation,combined_xz_rotation_x_translation_then_kabsch_alignment,210,30,10.0,1.0426910590919633e-13,0.0013304409016186766,01101110011100000110101000100000010100110100001000000000,npj SB,npj SB,100.0,True
8HFE,global_rotation_translation,combined_xz_rotation_x_translation_then_kabsch_alignment,210,60,10.0,1.1793803347664566e-13,0.0013304409016194545,01101110011100000110101000100000010100110100001000000000,npj SB,npj SB,100.0,True
8HFE,global_rotation_translation,combined_xz_rotation_x_translation_then_kabsch_alignment,210,90,10.0,1.1524985459529373e-13,0.0013304409016181705,01101110011100000110101000100000010100110100001000000000,npj SB,npj SB,100.0,True
8HFE,global_rotation_translation,combined_xz_rotation_x_translation_then_kabsch_alignment,210,120,10.0,1.8001996858480892e-13,0.001330440901619448,01101110011100000110101000100000010100110100001000000000,npj SB,npj SB,100.0,True
8HFE,global_rotation_translation,combined_xz_rotation_x_translation_then_kabsch_alignment,210,150,10.0,1.2518052302839315e-13,0.001330440901618775,01101110011100000110101000100000010100110100001000000000,npj SB,npj SB,100.0,True
8HFE,global_rotation_translation,combined_xz_rotation_x_translation_then_kabsch_alignment,210,180,10.0,1.1566160502386378e-13,0.0013304409016179522,01101110011100000110101000100000010100110100001000000000,npj SB,npj SB,100.0,True
8HFE,global_rotation_translation,combined_xz_rotation_x_translation_then_kabsch_alignment,210,210,10.0,1.4551539814169474e-13,0.0013304409016189622,01101110011100000110101000100000010100110100001000000000,npj SB,npj SB,100.0,True
8HFE,global_rotation_translation,combined_xz_rotation_x_translation_then_kabsch_alignment,210,240,10.0,1.2258205707713085e-13,0.001330440901619679,01101110011100000110101000100000010100110100001000000000,npj SB,npj SB,100.0,True
8HFE,global_rotation_translation,combined_xz_rotation_x_translation_then_kabsch_alignment,210,270,10.0,1.2324166933708366e-13,0.0013304409016178858,01101110011100000110101000100000010100110100001000000000,npj SB,npj SB,100.0,True
8HFE,global_rotation_translation,combined_xz_rotation_x_translation_then_kabsch_alignment,210,300,10.0,1.6914481870363947e-13,0.001330440901617166,01101110011100000110101000100000010100110100001000000000,npj SB,npj SB,100.0,True
8HFE,global_rotation_translation,combined_xz_rotation_x_translation_then_kabsch_alignment,210,330,10.0,1.5050989726919632e-13,0.001330440901618195,01101110011100000110101000100000010100110100001000000000,npj SB,npj SB,100.0,True
8HFE,global_rotation_translation,combined_xz_rotation_x_translation_then_kabsch_alignment,210,360,10.0,1.0873620560617548e-13,0.0013304409016188959,01101110011100000110101000100000010100110100001000000000,npj SB,npj SB,100.0,True
8HFE,global_rotation_translation,combined_xz_rotation_x_translation_then_kabsch_alignment,240,0,10.0,1.0950114839524682e-13,0.0013304409016187933,01101110011100000110101000100000010100110100001000000000,npj SB,npj SB,100.0,True
8HFE,global_rotation_translation,combined_xz_rotation_x_translation_then_kabsch_alignment,240,30,10.0,1.2319979922883975e-13,0.0013304409016185676,01101110011100000110101000100000010100110100001000000000,npj SB,npj SB,100.0,True
8HFE,global_rotation_translation,combined_xz_rotation_x_translation_then_kabsch_alignment,240,60,10.0,1.4325659681768694e-13,0.0013304409016181918,01101110011100000110101000100000010100110100001000000000,npj SB,npj SB,100.0,True
8HFE,global_rotation_translation,combined_xz_rotation_x_translation_then_kabsch_alignment,240,90,10.0,1.0678694111071026e-13,0.0013304409016193538,01101110011100000110101000100000010100110100001000000000,npj SB,npj SB,100.0,True
8HFE,global_rotation_translation,combined_xz_rotation_x_translation_then_kabsch_alignment,240,120,10.0,1.1026245557346477e-13,0.0013304409016185927,01101110011100000110101000100000010100110100001000000000,npj SB,npj SB,100.0,True
8HFE,global_rotation_translation,combined_xz_rotation_x_translation_then_kabsch_alignment,240,150,10.0,1.1788802794822575e-13,0.0013304409016180827,01101110011100000110101000100000010100110100001000000000,npj SB,npj SB,100.0,True
8HFE,global_rotation_translation,combined_xz_rotation_x_translation_then_kabsch_alignment,240,180,10.0,1.3655693525737732e-13,0.0013304409016180706,01101110011100000110101000100000010100110100001000000000,npj SB,npj SB,100.0,True
8HFE,global_rotation_translation,combined_xz_rotation_x_translation_then_kabsch_alignment,240,210,10.0,1.2162684002171329e-13,0.0013304409016186881,01101110011100000110101000100000010100110100001000000000,npj SB,npj SB,100.0,True
8HFE,global_rotation_translation,combined_xz_rotation_x_translation_then_kabsch_alignment,240,240,10.0,1.157209324541972e-13,0.0013304409016192834,01101110011100000110101000100000010100110100001000000000,npj SB,npj SB,100.0,True
8HFE,global_rotation_translation,combined_xz_rotation_x_translation_then_kabsch_alignment,240,270,10.0,1.6415409597369845e-13,0.0013304409016192651,01101110011100000110101000100000010100110100001000000000,npj SB,npj SB,100.0,True
8HFE,global_rotation_translation,combined_xz_rotation_x_translation_then_kabsch_alignment,240,300,10.0,1.7210913470174986e-13,0.0013304409016191329,01101110011100000110101000100000010100110100001000000000,npj SB,npj SB,100.0,True
8HFE,global_rotation_translation,combined_xz_rotation_x_translation_then_kabsch_alignment,240,330,10.0,1.5776842624384452e-13,0.0013304409016182091,01101110011100000110101000100000010100110100001000000000,npj SB,npj SB,100.0,True
8HFE,global_rotation_translation,combined_xz_rotation_x_translation_then_kabsch_alignment,240,360,10.0,1.034387720944543e-13,0.0013304409016191023,01101110011100000110101000100000010100110100001000000000,npj SB,npj SB,100.0,True
8HFE,global_rotation_translation,combined_xz_rotation_x_translation_then_kabsch_alignment,270,0,10.0,9.11739121070758e-14,0.0013304409016187686,01101110011100000110101000100000010100110100001000000000,npj SB,npj SB,100.0,True
8HFE,global_rotation_translation,combined_xz_rotation_x_translation_then_kabsch_alignment,270,30,10.0,1.8012255026875075e-13,0.0013304409016197196,01101110011100000110101000100000010100110100001000000000,npj SB,npj SB,100.0,True
8HFE,global_rotation_translation,combined_xz_rotation_x_translation_then_kabsch_alignment,270,60,10.0,6.735057472545833e-14,0.0013304409016191346,01101110011100000110101000100000010100110100001000000000,npj SB,npj SB,100.0,True
8HFE,global_rotation_translation,combined_xz_rotation_x_translation_then_kabsch_alignment,270,90,10.0,1.150081850166321e-13,0.0013304409016182482,01101110011100000110101000100000010100110100001000000000,npj SB,npj SB,100.0,True
8HFE,global_rotation_translation,combined_xz_rotation_x_translation_then_kabsch_alignment,270,120,10.0,1.5326852676886482e-13,0.0013304409016179773,01101110011100000110101000100000010100110100001000000000,npj SB,npj SB,100.0,True
8HFE,global_rotation_translation,combined_xz_rotation_x_translation_then_kabsch_alignment,270,150,10.0,1.0410994064176165e-13,0.0013304409016186727,01101110011100000110101000100000010100110100001000000000,npj SB,npj SB,100.0,True
8HFE,global_rotation_translation,combined_xz_rotation_x_translation_then_kabsch_alignment,270,180,10.0,1.173255676559735e-13,0.0013304409016180686,01101110011100000110101000100000010100110100001000000000,npj SB,npj SB,100.0,True
8HFE,global_rotation_translation,combined_xz_rotation_x_translation_then_kabsch_alignment,270,210,10.0,6.16425099077713e-14,0.0013304409016189195,01101110011100000110101000100000010100110100001000000000,npj SB,npj SB,100.0,True
8HFE,global_rotation_translation,combined_xz_rotation_x_translation_then_kabsch_alignment,270,240,10.0,9.175209638638439e-14,0.0013304409016187378,01101110011100000110101000100000010100110100001000000000,npj SB,npj SB,100.0,True
8HFE,global_rotation_translation,combined_xz_rotation_x_translation_then_kabsch_alignment,270,270,10.0,7.41157450399047e-14,0.0013304409016188124,01101110011100000110101000100000010100110100001000000000,npj SB,npj SB,100.0,True
8HFE,global_rotation_translation,combined_xz_rotation_x_translation_then_kabsch_alignment,270,300,10.0,1.439200362550961e-13,0.0013304409016184605,01101110011100000110101000100000010100110100001000000000,npj SB,npj SB,100.0,True
8HFE,global_rotation_translation,combined_xz_rotation_x_translation_then_kabsch_alignment,270,330,10.0,1.0730505579725594e-13,0.0013304409016189934,01101110011100000110101000100000010100110100001000000000,npj SB,npj SB,100.0,True
8HFE,global_rotation_translation,combined_xz_rotation_x_translation_then_kabsch_alignment,270,360,10.0,7.742365001904865e-14,0.0013304409016184034,01101110011100000110101000100000010100110100001000000000,npj SB,npj SB,100.0,True
8HFE,global_rotation_translation,combined_xz_rotation_x_translation_then_kabsch_alignment,300,0,10.0,1.0122219484345912e-13,0.0013304409016188406,01101110011100000110101000100000010100110100001000000000,npj SB,npj SB,100.0,True
8HFE,global_rotation_translation,combined_xz_rotation_x_translation_then_kabsch_alignment,300,30,10.0,1.1706614880868692e-13,0.0013304409016184414,01101110011100000110101000100000010100110100001000000000,npj SB,npj SB,100.0,True
8HFE,global_rotation_translation,combined_xz_rotation_x_translation_then_kabsch_alignment,300,60,10.0,6.659120574111277e-14,0.001330440901618903,01101110011100000110101000100000010100110100001000000000,npj SB,npj SB,100.0,True
8HFE,global_rotation_translation,combined_xz_rotation_x_translation_then_kabsch_alignment,300,90,10.0,1.5879866372779945e-13,0.0013304409016179411,01101110011100000110101000100000010100110100001000000000,npj SB,npj SB,100.0,True
8HFE,global_rotation_translation,combined_xz_rotation_x_translation_then_kabsch_alignment,300,120,10.0,1.7773938253843115e-13,0.0013304409016188822,01101110011100000110101000100000010100110100001000000000,npj SB,npj SB,100.0,True
8HFE,global_rotation_translation,combined_xz_rotation_x_translation_then_kabsch_alignment,300,150,10.0,2.1860060030601363e-13,0.0013304409016178442,01101110011100000110101000100000010100110100001000000000,npj SB,npj SB,100.0,True
8HFE,global_rotation_translation,combined_xz_rotation_x_translation_then_kabsch_alignment,300,180,10.0,1.5748553816274006e-13,0.001330440901618791,01101110011100000110101000100000010100110100001000000000,npj SB,npj SB,100.0,True
8HFE,global_rotation_translation,combined_xz_rotation_x_translation_then_kabsch_alignment,300,210,10.0,9.978668438664664e-14,0.0013304409016182239,01101110011100000110101000100000010100110100001000000000,npj SB,npj SB,100.0,True
8HFE,global_rotation_translation,combined_xz_rotation_x_translation_then_kabsch_alignment,300,240,10.0,1.260620610748486e-13,0.0013304409016186892,01101110011100000110101000100000010100110100001000000000,npj SB,npj SB,100.0,True
8HFE,global_rotation_translation,combined_xz_rotation_x_translation_then_kabsch_alignment,300,270,10.0,1.5436342711309959e-13,0.0013304409016190477,01101110011100000110101000100000010100110100001000000000,npj SB,npj SB,100.0,True
8HFE,global_rotation_translation,combined_xz_rotation_x_translation_then_kabsch_alignment,300,300,10.0,1.5227590154495994e-13,0.0013304409016193803,01101110011100000110101000100000010100110100001000000000,npj SB,npj SB,100.0,True
8HFE,global_rotation_translation,combined_xz_rotation_x_translation_then_kabsch_alignment,300,330,10.0,1.1859706261833428e-13,0.0013304409016190264,01101110011100000110101000100000010100110100001000000000,npj SB,npj SB,100.0,True
8HFE,global_rotation_translation,combined_xz_rotation_x_translation_then_kabsch_alignment,300,360,10.0,1.0351356127993773e-13,0.0013304409016194605,01101110011100000110101000100000010100110100001000000000,npj SB,npj SB,100.0,True
8HFE,global_rotation_translation,combined_xz_rotation_x_translation_then_kabsch_alignment,330,0,10.0,8.695981325434769e-14,0.0013304409016188764,01101110011100000110101000100000010100110100001000000000,npj SB,npj SB,100.0,True
8HFE,global_rotation_translation,combined_xz_rotation_x_translation_then_kabsch_alignment,330,30,10.0,9.585361123133702e-14,0.001330440901619039,01101110011100000110101000100000010100110100001000000000,npj SB,npj SB,100.0,True
8HFE,global_rotation_translation,combined_xz_rotation_x_translation_then_kabsch_alignment,330,60,10.0,9.489147665888052e-14,0.0013304409016185726,01101110011100000110101000100000010100110100001000000000,npj SB,npj SB,100.0,True
8HFE,global_rotation_translation,combined_xz_rotation_x_translation_then_kabsch_alignment,330,90,10.0,7.955292754973856e-14,0.0013304409016184954,01101110011100000110101000100000010100110100001000000000,npj SB,npj SB,100.0,True
8HFE,global_rotation_translation,combined_xz_rotation_x_translation_then_kabsch_alignment,330,120,10.0,7.231378903982092e-14,0.001330440901618897,01101110011100000110101000100000010100110100001000000000,npj SB,npj SB,100.0,True
8HFE,global_rotation_translation,combined_xz_rotation_x_translation_then_kabsch_alignment,330,150,10.0,1.3941590894413623e-13,0.0013304409016176334,01101110011100000110101000100000010100110100001000000000,npj SB,npj SB,100.0,True
8HFE,global_rotation_translation,combined_xz_rotation_x_translation_then_kabsch_alignment,330,180,10.0,7.078406474101418e-14,0.001330440901618319,01101110011100000110101000100000010100110100001000000000,npj SB,npj SB,100.0,True
8HFE,global_rotation_translation,combined_xz_rotation_x_translation_then_kabsch_alignment,330,210,10.0,1.3165210214286876e-13,0.0013304409016182109,01101110011100000110101000100000010100110100001000000000,npj SB,npj SB,100.0,True
8HFE,global_rotation_translation,combined_xz_rotation_x_translation_then_kabsch_alignment,330,240,10.0,1.4533294315350746e-13,0.0013304409016189,01101110011100000110101000100000010100110100001000000000,npj SB,npj SB,100.0,True
8HFE,global_rotation_translation,combined_xz_rotation_x_translation_then_kabsch_alignment,330,270,10.0,1.856465201931691e-13,0.0013304409016187337,01101110011100000110101000100000010100110100001000000000,npj SB,npj SB,100.0,True
8HFE,global_rotation_translation,combined_xz_rotation_x_translation_then_kabsch_alignment,330,300,10.0,1.2915498775205715e-13,0.0013304409016190446,01101110011100000110101000100000010100110100001000000000,npj SB,npj SB,100.0,True
8HFE,global_rotation_translation,combined_xz_rotation_x_translation_then_kabsch_alignment,330,330,10.0,1.0414710096135474e-13,0.001330440901619292,01101110011100000110101000100000010100110100001000000000,npj SB,npj SB,100.0,True
8HFE,global_rotation_translation,combined_xz_rotation_x_translation_then_kabsch_alignment,330,360,10.0,1.0771980592585454e-13,0.0013304409016189898,01101110011100000110101000100000010100110100001000000000,npj SB,npj SB,100.0,True
8HFE,global_rotation_translation,combined_xz_rotation_x_translation_then_kabsch_alignment,360,0,10.0,2.5490999618497198e-14,0.0013304409016190585,01101110011100000110101000100000010100110100001000000000,npj SB,npj SB,100.0,True
8HFE,global_rotation_translation,combined_xz_rotation_x_translation_then_kabsch_alignment,360,30,10.0,1.2438053785638805e-13,0.0013304409016190568,01101110011100000110101000100000010100110100001000000000,npj SB,npj SB,100.0,True
8HFE,global_rotation_translation,combined_xz_rotation_x_translation_then_kabsch_alignment,360,60,10.0,1.0775743132559475e-13,0.001330440901618558,01101110011100000110101000100000010100110100001000000000,npj SB,npj SB,100.0,True
8HFE,global_rotation_translation,combined_xz_rotation_x_translation_then_kabsch_alignment,360,90,10.0,1.143627130118266e-13,0.0013304409016182681,01101110011100000110101000100000010100110100001000000000,npj SB,npj SB,100.0,True
8HFE,global_rotation_translation,combined_xz_rotation_x_translation_then_kabsch_alignment,360,120,10.0,1.8750638334986284e-13,0.0013304409016183184,01101110011100000110101000100000010100110100001000000000,npj SB,npj SB,100.0,True
8HFE,global_rotation_translation,combined_xz_rotation_x_translation_then_kabsch_alignment,360,150,10.0,2.2520528920528064e-14,0.0013304409016185307,01101110011100000110101000100000010100110100001000000000,npj SB,npj SB,100.0,True
8HFE,global_rotation_translation,combined_xz_rotation_x_translation_then_kabsch_alignment,360,180,10.0,8.881991652311513e-14,0.0013304409016181914,01101110011100000110101000100000010100110100001000000000,npj SB,npj SB,100.0,True
8HFE,global_rotation_translation,combined_xz_rotation_x_translation_then_kabsch_alignment,360,210,10.0,4.614536486026941e-14,0.0013304409016188768,01101110011100000110101000100000010100110100001000000000,npj SB,npj SB,100.0,True
8HFE,global_rotation_translation,combined_xz_rotation_x_translation_then_kabsch_alignment,360,240,10.0,1.9560542256251037e-14,0.001330440901618646,01101110011100000110101000100000010100110100001000000000,npj SB,npj SB,100.0,True
8HFE,global_rotation_translation,combined_xz_rotation_x_translation_then_kabsch_alignment,360,270,10.0,1.626076123583917e-13,0.0013304409016195585,01101110011100000110101000100000010100110100001000000000,npj SB,npj SB,100.0,True
8HFE,global_rotation_translation,combined_xz_rotation_x_translation_then_kabsch_alignment,360,300,10.0,1.842259877115679e-13,0.001330440901620124,01101110011100000110101000100000010100110100001000000000,npj SB,npj SB,100.0,True
8HFE,global_rotation_translation,combined_xz_rotation_x_translation_then_kabsch_alignment,360,330,10.0,5.45947009601633e-14,0.001330440901619477,01101110011100000110101000100000010100110100001000000000,npj SB,npj SB,100.0,True
8HFE,global_rotation_translation,combined_xz_rotation_x_translation_then_kabsch_alignment,360,360,10.0,3.401283808607876e-14,0.0013304409016189221,01101110011100000110101000100000010100110100001000000000,npj SB,npj SB,100.0,True
8HFE,global_rotation_translation,combined_xz_rotation_x_translation_then_kabsch_alignment,0,0,50.0,2.0081407591520036e-13,0.0013304409016195848,01101110011100000110101000100000010100110100001000000000,npj SB,npj SB,100.0,True
8HFE,global_rotation_translation,combined_xz_rotation_x_translation_then_kabsch_alignment,0,30,50.0,7.116310553834367e-14,0.0013304409016195362,01101110011100000110101000100000010100110100001000000000,npj SB,npj SB,100.0,True
8HFE,global_rotation_translation,combined_xz_rotation_x_translation_then_kabsch_alignment,0,60,50.0,1.6463381591008583e-13,0.0013304409016194575,01101110011100000110101000100000010100110100001000000000,npj SB,npj SB,100.0,True
8HFE,global_rotation_translation,combined_xz_rotation_x_translation_then_kabsch_alignment,0,90,50.0,1.4821781587477053e-13,0.0013304409016184602,01101110011100000110101000100000010100110100001000000000,npj SB,npj SB,100.0,True
8HFE,global_rotation_translation,combined_xz_rotation_x_translation_then_kabsch_alignment,0,120,50.0,4.9641578396889197e-14,0.0013304409016189555,01101110011100000110101000100000010100110100001000000000,npj SB,npj SB,100.0,True
8HFE,global_rotation_translation,combined_xz_rotation_x_translation_then_kabsch_alignment,0,150,50.0,3.8398494385259956e-14,0.0013304409016185435,01101110011100000110101000100000010100110100001000000000,npj SB,npj SB,100.0,True
8HFE,global_rotation_translation,combined_xz_rotation_x_translation_then_kabsch_alignment,0,180,50.0,1.7535167192669423e-13,0.0013304409016180704,01101110011100000110101000100000010100110100001000000000,npj SB,npj SB,100.0,True
8HFE,global_rotation_translation,combined_xz_rotation_x_translation_then_kabsch_alignment,0,210,50.0,1.097012090018957e-13,0.0013304409016190021,01101110011100000110101000100000010100110100001000000000,npj SB,npj SB,100.0,True
8HFE,global_rotation_translation,combined_xz_rotation_x_translation_then_kabsch_alignment,0,240,50.0,8.386847707702299e-14,0.0013304409016183206,01101110011100000110101000100000010100110100001000000000,npj SB,npj SB,100.0,True
8HFE,global_rotation_translation,combined_xz_rotation_x_translation_then_kabsch_alignment,0,270,50.0,2.4049444311792446e-13,0.0013304409016191379,01101110011100000110101000100000010100110100001000000000,npj SB,npj SB,100.0,True
8HFE,global_rotation_translation,combined_xz_rotation_x_translation_then_kabsch_alignment,0,300,50.0,8.715876263322685e-14,0.0013304409016188343,01101110011100000110101000100000010100110100001000000000,npj SB,npj SB,100.0,True
8HFE,global_rotation_translation,combined_xz_rotation_x_translation_then_kabsch_alignment,0,330,50.0,7.933026195143785e-14,0.001330440901617627,01101110011100000110101000100000010100110100001000000000,npj SB,npj SB,100.0,True
8HFE,global_rotation_translation,combined_xz_rotation_x_translation_then_kabsch_alignment,0,360,50.0,2.008149934756837e-13,0.0013304409016196433,01101110011100000110101000100000010100110100001000000000,npj SB,npj SB,100.0,True
8HFE,global_rotation_translation,combined_xz_rotation_x_translation_then_kabsch_alignment,30,0,50.0,2.266399063315891e-13,0.0013304409016198027,01101110011100000110101000100000010100110100001000000000,npj SB,npj SB,100.0,True
8HFE,global_rotation_translation,combined_xz_rotation_x_translation_then_kabsch_alignment,30,30,50.0,1.1938062596999026e-13,0.0013304409016191706,01101110011100000110101000100000010100110100001000000000,npj SB,npj SB,100.0,True
8HFE,global_rotation_translation,combined_xz_rotation_x_translation_then_kabsch_alignment,30,60,50.0,1.965732837080662e-13,0.0013304409016182193,01101110011100000110101000100000010100110100001000000000,npj SB,npj SB,100.0,True
8HFE,global_rotation_translation,combined_xz_rotation_x_translation_then_kabsch_alignment,30,90,50.0,1.0974151316429964e-13,0.0013304409016192428,01101110011100000110101000100000010100110100001000000000,npj SB,npj SB,100.0,True
8HFE,global_rotation_translation,combined_xz_rotation_x_translation_then_kabsch_alignment,30,120,50.0,8.36352702939298e-14,0.00133044090161936,01101110011100000110101000100000010100110100001000000000,npj SB,npj SB,100.0,True
8HFE,global_rotation_translation,combined_xz_rotation_x_translation_then_kabsch_alignment,30,150,50.0,1.8889054365139464e-13,0.00133044090161977,01101110011100000110101000100000010100110100001000000000,npj SB,npj SB,100.0,True
8HFE,global_rotation_translation,combined_xz_rotation_x_translation_then_kabsch_alignment,30,180,50.0,1.7752673521958055e-13,0.0013304409016182996,01101110011100000110101000100000010100110100001000000000,npj SB,npj SB,100.0,True
8HFE,global_rotation_translation,combined_xz_rotation_x_translation_then_kabsch_alignment,30,210,50.0,1.3520258227034114e-13,0.0013304409016200185,01101110011100000110101000100000010100110100001000000000,npj SB,npj SB,100.0,True
8HFE,global_rotation_translation,combined_xz_rotation_x_translation_then_kabsch_alignment,30,240,50.0,1.683827290968318e-13,0.0013304409016196026,01101110011100000110101000100000010100110100001000000000,npj SB,npj SB,100.0,True
8HFE,global_rotation_translation,combined_xz_rotation_x_translation_then_kabsch_alignment,30,270,50.0,9.473211592451097e-14,0.0013304409016192907,01101110011100000110101000100000010100110100001000000000,npj SB,npj SB,100.0,True
8HFE,global_rotation_translation,combined_xz_rotation_x_translation_then_kabsch_alignment,30,300,50.0,1.582736148579071e-13,0.001330440901619074,01101110011100000110101000100000010100110100001000000000,npj SB,npj SB,100.0,True
8HFE,global_rotation_translation,combined_xz_rotation_x_translation_then_kabsch_alignment,30,330,50.0,1.1328295537762553e-13,0.0013304409016188076,01101110011100000110101000100000010100110100001000000000,npj SB,npj SB,100.0,True
8HFE,global_rotation_translation,combined_xz_rotation_x_translation_then_kabsch_alignment,30,360,50.0,2.1428123894898454e-13,0.0013304409016193317,01101110011100000110101000100000010100110100001000000000,npj SB,npj SB,100.0,True
8HFE,global_rotation_translation,combined_xz_rotation_x_translation_then_kabsch_alignment,60,0,50.0,1.995456688445786e-13,0.0013304409016194696,01101110011100000110101000100000010100110100001000000000,npj SB,npj SB,100.0,True
8HFE,global_rotation_translation,combined_xz_rotation_x_translation_then_kabsch_alignment,60,30,50.0,1.2173776007348283e-13,0.0013304409016190724,01101110011100000110101000100000010100110100001000000000,npj SB,npj SB,100.0,True
8HFE,global_rotation_translation,combined_xz_rotation_x_translation_then_kabsch_alignment,60,60,50.0,8.023042270312393e-14,0.0013304409016185127,01101110011100000110101000100000010100110100001000000000,npj SB,npj SB,100.0,True
8HFE,global_rotation_translation,combined_xz_rotation_x_translation_then_kabsch_alignment,60,90,50.0,1.3237754239170452e-13,0.0013304409016188271,01101110011100000110101000100000010100110100001000000000,npj SB,npj SB,100.0,True
8HFE,global_rotation_translation,combined_xz_rotation_x_translation_then_kabsch_alignment,60,120,50.0,1.381226201486756e-13,0.0013304409016190461,01101110011100000110101000100000010100110100001000000000,npj SB,npj SB,100.0,True
8HFE,global_rotation_translation,combined_xz_rotation_x_translation_then_kabsch_alignment,60,150,50.0,2.837213566280869e-13,0.0013304409016169905,01101110011100000110101000100000010100110100001000000000,npj SB,npj SB,100.0,True
8HFE,global_rotation_translation,combined_xz_rotation_x_translation_then_kabsch_alignment,60,180,50.0,1.3839848851082544e-13,0.0013304409016177536,01101110011100000110101000100000010100110100001000000000,npj SB,npj SB,100.0,True
8HFE,global_rotation_translation,combined_xz_rotation_x_translation_then_kabsch_alignment,60,210,50.0,1.511256521353923e-13,0.0013304409016183228,01101110011100000110101000100000010100110100001000000000,npj SB,npj SB,100.0,True
8HFE,global_rotation_translation,combined_xz_rotation_x_translation_then_kabsch_alignment,60,240,50.0,2.1258201221303246e-13,0.0013304409016193786,01101110011100000110101000100000010100110100001000000000,npj SB,npj SB,100.0,True
8HFE,global_rotation_translation,combined_xz_rotation_x_translation_then_kabsch_alignment,60,270,50.0,1.001350711034429e-13,0.001330440901619288,01101110011100000110101000100000010100110100001000000000,npj SB,npj SB,100.0,True
8HFE,global_rotation_translation,combined_xz_rotation_x_translation_then_kabsch_alignment,60,300,50.0,9.560338550959017e-14,0.0013304409016176597,01101110011100000110101000100000010100110100001000000000,npj SB,npj SB,100.0,True
8HFE,global_rotation_translation,combined_xz_rotation_x_translation_then_kabsch_alignment,60,330,50.0,1.1444606146024357e-13,0.0013304409016193393,01101110011100000110101000100000010100110100001000000000,npj SB,npj SB,100.0,True
8HFE,global_rotation_translation,combined_xz_rotation_x_translation_then_kabsch_alignment,60,360,50.0,2.004889956400743e-13,0.0013304409016191108,01101110011100000110101000100000010100110100001000000000,npj SB,npj SB,100.0,True
8HFE,global_rotation_translation,combined_xz_rotation_x_translation_then_kabsch_alignment,90,0,50.0,2.1491383322512995e-13,0.0013304409016195663,01101110011100000110101000100000010100110100001000000000,npj SB,npj SB,100.0,True
8HFE,global_rotation_translation,combined_xz_rotation_x_translation_then_kabsch_alignment,90,30,50.0,5.426633425537816e-14,0.0013304409016192083,01101110011100000110101000100000010100110100001000000000,npj SB,npj SB,100.0,True
8HFE,global_rotation_translation,combined_xz_rotation_x_translation_then_kabsch_alignment,90,60,50.0,6.292716732399768e-14,0.0013304409016181564,01101110011100000110101000100000010100110100001000000000,npj SB,npj SB,100.0,True
8HFE,global_rotation_translation,combined_xz_rotation_x_translation_then_kabsch_alignment,90,90,50.0,1.3294839233127252e-13,0.001330440901619407,01101110011100000110101000100000010100110100001000000000,npj SB,npj SB,100.0,True
8HFE,global_rotation_translation,combined_xz_rotation_x_translation_then_kabsch_alignment,90,120,50.0,6.816097539523907e-14,0.0013304409016180064,01101110011100000110101000100000010100110100001000000000,npj SB,npj SB,100.0,True
8HFE,global_rotation_translation,combined_xz_rotation_x_translation_then_kabsch_alignment,90,150,50.0,1.3952688364474286e-13,0.001330440901617713,01101110011100000110101000100000010100110100001000000000,npj SB,npj SB,100.0,True
8HFE,global_rotation_translation,combined_xz_rotation_x_translation_then_kabsch_alignment,90,180,50.0,1.5691148003975795e-13,0.0013304409016181699,01101110011100000110101000100000010100110100001000000000,npj SB,npj SB,100.0,True
8HFE,global_rotation_translation,combined_xz_rotation_x_translation_then_kabsch_alignment,90,210,50.0,9.937405422003326e-14,0.0013304409016182007,01101110011100000110101000100000010100110100001000000000,npj SB,npj SB,100.0,True
8HFE,global_rotation_translation,combined_xz_rotation_x_translation_then_kabsch_alignment,90,240,50.0,1.5413646235439184e-13,0.001330440901619141,01101110011100000110101000100000010100110100001000000000,npj SB,npj SB,100.0,True
8HFE,global_rotation_translation,combined_xz_rotation_x_translation_then_kabsch_alignment,90,270,50.0,1.3629761892999867e-13,0.0013304409016185173,01101110011100000110101000100000010100110100001000000000,npj SB,npj SB,100.0,True
8HFE,global_rotation_translation,combined_xz_rotation_x_translation_then_kabsch_alignment,90,300,50.0,5.50082648824836e-14,0.0013304409016185656,01101110011100000110101000100000010100110100001000000000,npj SB,npj SB,100.0,True
8HFE,global_rotation_translation,combined_xz_rotation_x_translation_then_kabsch_alignment,90,330,50.0,1.3924663457137034e-13,0.001330440901618891,01101110011100000110101000100000010100110100001000000000,npj SB,npj SB,100.0,True
8HFE,global_rotation_translation,combined_xz_rotation_x_translation_then_kabsch_alignment,90,360,50.0,2.1183788888022653e-13,0.0013304409016191637,01101110011100000110101000100000010100110100001000000000,npj SB,npj SB,100.0,True
8HFE,global_rotation_translation,combined_xz_rotation_x_translation_then_kabsch_alignment,120,0,50.0,2.709585926432508e-13,0.0013304409016189013,01101110011100000110101000100000010100110100001000000000,npj SB,npj SB,100.0,True
8HFE,global_rotation_translation,combined_xz_rotation_x_translation_then_kabsch_alignment,120,30,50.0,2.377334089396973e-13,0.0013304409016183325,01101110011100000110101000100000010100110100001000000000,npj SB,npj SB,100.0,True
8HFE,global_rotation_translation,combined_xz_rotation_x_translation_then_kabsch_alignment,120,60,50.0,1.8648924928093114e-13,0.0013304409016188414,01101110011100000110101000100000010100110100001000000000,npj SB,npj SB,100.0,True
8HFE,global_rotation_translation,combined_xz_rotation_x_translation_then_kabsch_alignment,120,90,50.0,7.233735470490808e-14,0.0013304409016187705,01101110011100000110101000100000010100110100001000000000,npj SB,npj SB,100.0,True
8HFE,global_rotation_translation,combined_xz_rotation_x_translation_then_kabsch_alignment,120,120,50.0,1.5845948398417818e-13,0.0013304409016189319,01101110011100000110101000100000010100110100001000000000,npj SB,npj SB,100.0,True
8HFE,global_rotation_translation,combined_xz_rotation_x_translation_then_kabsch_alignment,120,150,50.0,1.3166154906287846e-13,0.001330440901619262,01101110011100000110101000100000010100110100001000000000,npj SB,npj SB,100.0,True
8HFE,global_rotation_translation,combined_xz_rotation_x_translation_then_kabsch_alignment,120,180,50.0,1.7686460151205553e-13,0.0013304409016181178,01101110011100000110101000100000010100110100001000000000,npj SB,npj SB,100.0,True
8HFE,global_rotation_translation,combined_xz_rotation_x_translation_then_kabsch_alignment,120,210,50.0,9.188454409124467e-14,0.0013304409016188566,01101110011100000110101000100000010100110100001000000000,npj SB,npj SB,100.0,True
8HFE,global_rotation_translation,combined_xz_rotation_x_translation_then_kabsch_alignment,120,240,50.0,1.3788228596665778e-13,0.0013304409016183553,01101110011100000110101000100000010100110100001000000000,npj SB,npj SB,100.0,True
8HFE,global_rotation_translation,combined_xz_rotation_x_translation_then_kabsch_alignment,120,270,50.0,1.1460855726788975e-13,0.001330440901618553,01101110011100000110101000100000010100110100001000000000,npj SB,npj SB,100.0,True
8HFE,global_rotation_translation,combined_xz_rotation_x_translation_then_kabsch_alignment,120,300,50.0,1.3464915871554233e-13,0.0013304409016178154,01101110011100000110101000100000010100110100001000000000,npj SB,npj SB,100.0,True
8HFE,global_rotation_translation,combined_xz_rotation_x_translation_then_kabsch_alignment,120,330,50.0,9.913643237911667e-14,0.0013304409016188347,01101110011100000110101000100000010100110100001000000000,npj SB,npj SB,100.0,True
8HFE,global_rotation_translation,combined_xz_rotation_x_translation_then_kabsch_alignment,120,360,50.0,2.5810017216152214e-13,0.0013304409016189904,01101110011100000110101000100000010100110100001000000000,npj SB,npj SB,100.0,True
8HFE,global_rotation_translation,combined_xz_rotation_x_translation_then_kabsch_alignment,150,0,50.0,2.0728862499073711e-13,0.0013304409016195128,01101110011100000110101000100000010100110100001000000000,npj SB,npj SB,100.0,True
8HFE,global_rotation_translation,combined_xz_rotation_x_translation_then_kabsch_alignment,150,30,50.0,1.2646337792922573e-13,0.0013304409016186446,01101110011100000110101000100000010100110100001000000000,npj SB,npj SB,100.0,True
8HFE,global_rotation_translation,combined_xz_rotation_x_translation_then_kabsch_alignment,150,60,50.0,1.1186838456550854e-13,0.001330440901618845,01101110011100000110101000100000010100110100001000000000,npj SB,npj SB,100.0,True
8HFE,global_rotation_translation,combined_xz_rotation_x_translation_then_kabsch_alignment,150,90,50.0,2.1288083746261615e-13,0.0013304409016199465,01101110011100000110101000100000010100110100001000000000,npj SB,npj SB,100.0,True
8HFE,global_rotation_translation,combined_xz_rotation_x_translation_then_kabsch_alignment,150,120,50.0,9.320460029065145e-14,0.0013304409016192589,01101110011100000110101000100000010100110100001000000000,npj SB,npj SB,100.0,True
8HFE,global_rotation_translation,combined_xz_rotation_x_translation_then_kabsch_alignment,150,150,50.0,1.0935802388494827e-13,0.0013304409016178312,01101110011100000110101000100000010100110100001000000000,npj SB,npj SB,100.0,True
8HFE,global_rotation_translation,combined_xz_rotation_x_translation_then_kabsch_alignment,150,180,50.0,1.8848528354029365e-13,0.0013304409016181606,01101110011100000110101000100000010100110100001000000000,npj SB,npj SB,100.0,True
8HFE,global_rotation_translation,combined_xz_rotation_x_translation_then_kabsch_alignment,150,210,50.0,1.1463106326170705e-13,0.001330440901619427,01101110011100000110101000100000010100110100001000000000,npj SB,npj SB,100.0,True
8HFE,global_rotation_translation,combined_xz_rotation_x_translation_then_kabsch_alignment,150,240,50.0,2.0784521991223623e-13,0.0013304409016175632,01101110011100000110101000100000010100110100001000000000,npj SB,npj SB,100.0,True
8HFE,global_rotation_translation,combined_xz_rotation_x_translation_then_kabsch_alignment,150,270,50.0,2.485380224068495e-13,0.00133044090161773,01101110011100000110101000100000010100110100001000000000,npj SB,npj SB,100.0,True
8HFE,global_rotation_translation,combined_xz_rotation_x_translation_then_kabsch_alignment,150,300,50.0,1.376160946610157e-13,0.0013304409016188215,01101110011100000110101000100000010100110100001000000000,npj SB,npj SB,100.0,True
8HFE,global_rotation_translation,combined_xz_rotation_x_translation_then_kabsch_alignment,150,330,50.0,1.353656839763696e-13,0.0013304409016192205,01101110011100000110101000100000010100110100001000000000,npj SB,npj SB,100.0,True
8HFE,global_rotation_translation,combined_xz_rotation_x_translation_then_kabsch_alignment,150,360,50.0,2.2520365283029505e-13,0.0013304409016196214,01101110011100000110101000100000010100110100001000000000,npj SB,npj SB,100.0,True
8HFE,global_rotation_translation,combined_xz_rotation_x_translation_then_kabsch_alignment,180,0,50.0,2.1784489432218505e-13,0.0013304409016192292,01101110011100000110101000100000010100110100001000000000,npj SB,npj SB,100.0,True
8HFE,global_rotation_translation,combined_xz_rotation_x_translation_then_kabsch_alignment,180,30,50.0,6.235282720047399e-14,0.0013304409016188967,01101110011100000110101000100000010100110100001000000000,npj SB,npj SB,100.0,True
8HFE,global_rotation_translation,combined_xz_rotation_x_translation_then_kabsch_alignment,180,60,50.0,7.817148741610735e-14,0.0013304409016181868,01101110011100000110101000100000010100110100001000000000,npj SB,npj SB,100.0,True
8HFE,global_rotation_translation,combined_xz_rotation_x_translation_then_kabsch_alignment,180,90,50.0,2.389726127065927e-13,0.0013304409016192528,01101110011100000110101000100000010100110100001000000000,npj SB,npj SB,100.0,True
8HFE,global_rotation_translation,combined_xz_rotation_x_translation_then_kabsch_alignment,180,120,50.0,1.5907110849568228e-13,0.0013304409016182549,01101110011100000110101000100000010100110100001000000000,npj SB,npj SB,100.0,True
8HFE,global_rotation_translation,combined_xz_rotation_x_translation_then_kabsch_alignment,180,150,50.0,1.0157110007195751e-13,0.0013304409016177254,01101110011100000110101000100000010100110100001000000000,npj SB,npj SB,100.0,True
8HFE,global_rotation_translation,combined_xz_rotation_x_translation_then_kabsch_alignment,180,180,50.0,1.5317713229039277e-13,0.001330440901617908,01101110011100000110101000100000010100110100001000000000,npj SB,npj SB,100.0,True
8HFE,global_rotation_translation,combined_xz_rotation_x_translation_then_kabsch_alignment,180,210,50.0,1.1590509168297473e-13,0.0013304409016186914,01101110011100000110101000100000010100110100001000000000,npj SB,npj SB,100.0,True
8HFE,global_rotation_translation,combined_xz_rotation_x_translation_then_kabsch_alignment,180,240,50.0,9.564770387753615e-14,0.0013304409016188874,01101110011100000110101000100000010100110100001000000000,npj SB,npj SB,100.0,True
8HFE,global_rotation_translation,combined_xz_rotation_x_translation_then_kabsch_alignment,180,270,50.0,1.2512163117199658e-13,0.0013304409016187616,01101110011100000110101000100000010100110100001000000000,npj SB,npj SB,100.0,True
8HFE,global_rotation_translation,combined_xz_rotation_x_translation_then_kabsch_alignment,180,300,50.0,1.4919915536423643e-13,0.0013304409016192023,01101110011100000110101000100000010100110100001000000000,npj SB,npj SB,100.0,True
8HFE,global_rotation_translation,combined_xz_rotation_x_translation_then_kabsch_alignment,180,330,50.0,1.183046140125092e-13,0.001330440901618925,01101110011100000110101000100000010100110100001000000000,npj SB,npj SB,100.0,True
8HFE,global_rotation_translation,combined_xz_rotation_x_translation_then_kabsch_alignment,180,360,50.0,2.1794975185500632e-13,0.001330440901619359,01101110011100000110101000100000010100110100001000000000,npj SB,npj SB,100.0,True
8HFE,global_rotation_translation,combined_xz_rotation_x_translation_then_kabsch_alignment,210,0,50.0,2.443880107905607e-13,0.0013304409016187794,01101110011100000110101000100000010100110100001000000000,npj SB,npj SB,100.0,True
8HFE,global_rotation_translation,combined_xz_rotation_x_translation_then_kabsch_alignment,210,30,50.0,1.4930409262059266e-13,0.001330440901618583,01101110011100000110101000100000010100110100001000000000,npj SB,npj SB,100.0,True
8HFE,global_rotation_translation,combined_xz_rotation_x_translation_then_kabsch_alignment,210,60,50.0,1.8006192925424166e-13,0.0013304409016201828,01101110011100000110101000100000010100110100001000000000,npj SB,npj SB,100.0,True
8HFE,global_rotation_translation,combined_xz_rotation_x_translation_then_kabsch_alignment,210,90,50.0,9.998038243574406e-14,0.0013304409016181055,01101110011100000110101000100000010100110100001000000000,npj SB,npj SB,100.0,True
8HFE,global_rotation_translation,combined_xz_rotation_x_translation_then_kabsch_alignment,210,120,50.0,1.9896770994998378e-13,0.001330440901618873,01101110011100000110101000100000010100110100001000000000,npj SB,npj SB,100.0,True
8HFE,global_rotation_translation,combined_xz_rotation_x_translation_then_kabsch_alignment,210,150,50.0,1.0528556599900325e-13,0.0013304409016182848,01101110011100000110101000100000010100110100001000000000,npj SB,npj SB,100.0,True
8HFE,global_rotation_translation,combined_xz_rotation_x_translation_then_kabsch_alignment,210,180,50.0,1.627254177104836e-13,0.001330440901617475,01101110011100000110101000100000010100110100001000000000,npj SB,npj SB,100.0,True
8HFE,global_rotation_translation,combined_xz_rotation_x_translation_then_kabsch_alignment,210,210,50.0,2.2952799923930533e-13,0.0013304409016189217,01101110011100000110101000100000010100110100001000000000,npj SB,npj SB,100.0,True
8HFE,global_rotation_translation,combined_xz_rotation_x_translation_then_kabsch_alignment,210,240,50.0,1.233761555879544e-13,0.0013304409016183579,01101110011100000110101000100000010100110100001000000000,npj SB,npj SB,100.0,True
8HFE,global_rotation_translation,combined_xz_rotation_x_translation_then_kabsch_alignment,210,270,50.0,1.2652055298080556e-13,0.0013304409016182633,01101110011100000110101000100000010100110100001000000000,npj SB,npj SB,100.0,True
8HFE,global_rotation_translation,combined_xz_rotation_x_translation_then_kabsch_alignment,210,300,50.0,1.9076007182768e-13,0.0013304409016185984,01101110011100000110101000100000010100110100001000000000,npj SB,npj SB,100.0,True
8HFE,global_rotation_translation,combined_xz_rotation_x_translation_then_kabsch_alignment,210,330,50.0,1.734392963673903e-13,0.0013304409016188208,01101110011100000110101000100000010100110100001000000000,npj SB,npj SB,100.0,True
8HFE,global_rotation_translation,combined_xz_rotation_x_translation_then_kabsch_alignment,210,360,50.0,2.2824801704197137e-13,0.0013304409016195204,01101110011100000110101000100000010100110100001000000000,npj SB,npj SB,100.0,True
8HFE,global_rotation_translation,combined_xz_rotation_x_translation_then_kabsch_alignment,240,0,50.0,2.3441563886400486e-13,0.0013304409016195178,01101110011100000110101000100000010100110100001000000000,npj SB,npj SB,100.0,True
8HFE,global_rotation_translation,combined_xz_rotation_x_translation_then_kabsch_alignment,240,30,50.0,1.5909195736862228e-13,0.0013304409016189054,01101110011100000110101000100000010100110100001000000000,npj SB,npj SB,100.0,True
8HFE,global_rotation_translation,combined_xz_rotation_x_translation_then_kabsch_alignment,240,60,50.0,1.3524039579131766e-13,0.0013304409016187473,01101110011100000110101000100000010100110100001000000000,npj SB,npj SB,100.0,True
8HFE,global_rotation_translation,combined_xz_rotation_x_translation_then_kabsch_alignment,240,90,50.0,1.399935961839817e-13,0.0013304409016184572,01101110011100000110101000100000010100110100001000000000,npj SB,npj SB,100.0,True
8HFE,global_rotation_translation,combined_xz_rotation_x_translation_then_kabsch_alignment,240,120,50.0,1.7742498938804199e-13,0.0013304409016179184,01101110011100000110101000100000010100110100001000000000,npj SB,npj SB,100.0,True
8HFE,global_rotation_translation,combined_xz_rotation_x_translation_then_kabsch_alignment,240,150,50.0,1.6882970033134996e-13,0.0013304409016178702,01101110011100000110101000100000010100110100001000000000,npj SB,npj SB,100.0,True
8HFE,global_rotation_translation,combined_xz_rotation_x_translation_then_kabsch_alignment,240,180,50.0,1.780190670269872e-13,0.00133044090161818,01101110011100000110101000100000010100110100001000000000,npj SB,npj SB,100.0,True
8HFE,global_rotation_translation,combined_xz_rotation_x_translation_then_kabsch_alignment,240,210,50.0,2.89117528470203e-13,0.001330440901616164,01101110011100000110101000100000010100110100001000000000,npj SB,npj SB,100.0,True
8HFE,global_rotation_translation,combined_xz_rotation_x_translation_then_kabsch_alignment,240,240,50.0,1.6242166877286175e-13,0.0013304409016189807,01101110011100000110101000100000010100110100001000000000,npj SB,npj SB,100.0,True
8HFE,global_rotation_translation,combined_xz_rotation_x_translation_then_kabsch_alignment,240,270,50.0,1.6900096210130888e-13,0.001330440901619474,01101110011100000110101000100000010100110100001000000000,npj SB,npj SB,100.0,True
8HFE,global_rotation_translation,combined_xz_rotation_x_translation_then_kabsch_alignment,240,300,50.0,2.0102500453220027e-13,0.001330440901617672,01101110011100000110101000100000010100110100001000000000,npj SB,npj SB,100.0,True
8HFE,global_rotation_translation,combined_xz_rotation_x_translation_then_kabsch_alignment,240,330,50.0,1.976082143025393e-13,0.0013304409016200148,01101110011100000110101000100000010100110100001000000000,npj SB,npj SB,100.0,True
8HFE,global_rotation_translation,combined_xz_rotation_x_translation_then_kabsch_alignment,240,360,50.0,2.1589008309338555e-13,0.0013304409016196303,01101110011100000110101000100000010100110100001000000000,npj SB,npj SB,100.0,True
8HFE,global_rotation_translation,combined_xz_rotation_x_translation_then_kabsch_alignment,270,0,50.0,2.084630942794332e-13,0.001330440901619649,01101110011100000110101000100000010100110100001000000000,npj SB,npj SB,100.0,True
8HFE,global_rotation_translation,combined_xz_rotation_x_translation_then_kabsch_alignment,270,30,50.0,1.8518342426649326e-13,0.001330440901618352,01101110011100000110101000100000010100110100001000000000,npj SB,npj SB,100.0,True
8HFE,global_rotation_translation,combined_xz_rotation_x_translation_then_kabsch_alignment,270,60,50.0,7.397888293191441e-14,0.0013304409016184056,01101110011100000110101000100000010100110100001000000000,npj SB,npj SB,100.0,True
8HFE,global_rotation_translation,combined_xz_rotation_x_translation_then_kabsch_alignment,270,90,50.0,1.3638141039633867e-13,0.0013304409016182586,01101110011100000110101000100000010100110100001000000000,npj SB,npj SB,100.0,True
8HFE,global_rotation_translation,combined_xz_rotation_x_translation_then_kabsch_alignment,270,120,50.0,6.517605455046812e-14,0.0013304409016181064,01101110011100000110101000100000010100110100001000000000,npj SB,npj SB,100.0,True
8HFE,global_rotation_translation,combined_xz_rotation_x_translation_then_kabsch_alignment,270,150,50.0,8.348311583002945e-14,0.0013304409016176545,01101110011100000110101000100000010100110100001000000000,npj SB,npj SB,100.0,True
8HFE,global_rotation_translation,combined_xz_rotation_x_translation_then_kabsch_alignment,270,180,50.0,1.7369912072493438e-13,0.001330440901617846,01101110011100000110101000100000010100110100001000000000,npj SB,npj SB,100.0,True
8HFE,global_rotation_translation,combined_xz_rotation_x_translation_then_kabsch_alignment,270,210,50.0,1.6721903446388354e-13,0.0013304409016183444,01101110011100000110101000100000010100110100001000000000,npj SB,npj SB,100.0,True
8HFE,global_rotation_translation,combined_xz_rotation_x_translation_then_kabsch_alignment,270,240,50.0,1.3236814657109588e-13,0.0013304409016178236,01101110011100000110101000100000010100110100001000000000,npj SB,npj SB,100.0,True
8HFE,global_rotation_translation,combined_xz_rotation_x_translation_then_kabsch_alignment,270,270,50.0,1.3230374985096723e-13,0.001330440901619005,01101110011100000110101000100000010100110100001000000000,npj SB,npj SB,100.0,True
8HFE,global_rotation_translation,combined_xz_rotation_x_translation_then_kabsch_alignment,270,300,50.0,1.5131086416952051e-13,0.001330440901618428,01101110011100000110101000100000010100110100001000000000,npj SB,npj SB,100.0,True
8HFE,global_rotation_translation,combined_xz_rotation_x_translation_then_kabsch_alignment,270,330,50.0,9.506995365046193e-14,0.0013304409016188681,01101110011100000110101000100000010100110100001000000000,npj SB,npj SB,100.0,True
8HFE,global_rotation_translation,combined_xz_rotation_x_translation_then_kabsch_alignment,270,360,50.0,2.2469682716882675e-13,0.0013304409016195065,01101110011100000110101000100000010100110100001000000000,npj SB,npj SB,100.0,True
8HFE,global_rotation_translation,combined_xz_rotation_x_translation_then_kabsch_alignment,300,0,50.0,2.3462757667055036e-13,0.0013304409016199703,01101110011100000110101000100000010100110100001000000000,npj SB,npj SB,100.0,True
8HFE,global_rotation_translation,combined_xz_rotation_x_translation_then_kabsch_alignment,300,30,50.0,1.2924341003293535e-13,0.0013304409016191392,01101110011100000110101000100000010100110100001000000000,npj SB,npj SB,100.0,True
8HFE,global_rotation_translation,combined_xz_rotation_x_translation_then_kabsch_alignment,300,60,50.0,7.173625951632335e-14,0.0013304409016182562,01101110011100000110101000100000010100110100001000000000,npj SB,npj SB,100.0,True
8HFE,global_rotation_translation,combined_xz_rotation_x_translation_then_kabsch_alignment,300,90,50.0,1.0750063330714302e-13,0.0013304409016189449,01101110011100000110101000100000010100110100001000000000,npj SB,npj SB,100.0,True
8HFE,global_rotation_translation,combined_xz_rotation_x_translation_then_kabsch_alignment,300,120,50.0,1.6695188459026498e-13,0.0013304409016181077,01101110011100000110101000100000010100110100001000000000,npj SB,npj SB,100.0,True
8HFE,global_rotation_translation,combined_xz_rotation_x_translation_then_kabsch_alignment,300,150,50.0,1.3232185371716423e-13,0.0013304409016190034,01101110011100000110101000100000010100110100001000000000,npj SB,npj SB,100.0,True
8HFE,global_rotation_translation,combined_xz_rotation_x_translation_then_kabsch_alignment,300,180,50.0,1.9175719577223274e-13,0.0013304409016182779,01101110011100000110101000100000010100110100001000000000,npj SB,npj SB,100.0,True
8HFE,global_rotation_translation,combined_xz_rotation_x_translation_then_kabsch_alignment,300,210,50.0,1.1452854482886252e-13,0.0013304409016182094,01101110011100000110101000100000010100110100001000000000,npj SB,npj SB,100.0,True
8HFE,global_rotation_translation,combined_xz_rotation_x_translation_then_kabsch_alignment,300,240,50.0,1.9355335373738039e-13,0.001330440901618455,01101110011100000110101000100000010100110100001000000000,npj SB,npj SB,100.0,True
8HFE,global_rotation_translation,combined_xz_rotation_x_translation_then_kabsch_alignment,300,270,50.0,1.1073935855202906e-13,0.0013304409016192034,01101110011100000110101000100000010100110100001000000000,npj SB,npj SB,100.0,True
8HFE,global_rotation_translation,combined_xz_rotation_x_translation_then_kabsch_alignment,300,300,50.0,1.5666321501018917e-13,0.0013304409016196214,01101110011100000110101000100000010100110100001000000000,npj SB,npj SB,100.0,True
8HFE,global_rotation_translation,combined_xz_rotation_x_translation_then_kabsch_alignment,300,330,50.0,1.9506491219603307e-13,0.0013304409016180972,01101110011100000110101000100000010100110100001000000000,npj SB,npj SB,100.0,True
8HFE,global_rotation_translation,combined_xz_rotation_x_translation_then_kabsch_alignment,300,360,50.0,2.1975318416909e-13,0.001330440901619899,01101110011100000110101000100000010100110100001000000000,npj SB,npj SB,100.0,True
8HFE,global_rotation_translation,combined_xz_rotation_x_translation_then_kabsch_alignment,330,0,50.0,2.2839812129418733e-13,0.001330440901618765,01101110011100000110101000100000010100110100001000000000,npj SB,npj SB,100.0,True
8HFE,global_rotation_translation,combined_xz_rotation_x_translation_then_kabsch_alignment,330,30,50.0,1.1320281984191126e-13,0.0013304409016188872,01101110011100000110101000100000010100110100001000000000,npj SB,npj SB,100.0,True
8HFE,global_rotation_translation,combined_xz_rotation_x_translation_then_kabsch_alignment,330,60,50.0,6.706063700495148e-14,0.0013304409016197164,01101110011100000110101000100000010100110100001000000000,npj SB,npj SB,100.0,True
8HFE,global_rotation_translation,combined_xz_rotation_x_translation_then_kabsch_alignment,330,90,50.0,2.5371904364779847e-13,0.0013304409016175597,01101110011100000110101000100000010100110100001000000000,npj SB,npj SB,100.0,True
8HFE,global_rotation_translation,combined_xz_rotation_x_translation_then_kabsch_alignment,330,120,50.0,1.3033408506712217e-13,0.0013304409016171564,01101110011100000110101000100000010100110100001000000000,npj SB,npj SB,100.0,True
8HFE,global_rotation_translation,combined_xz_rotation_x_translation_then_kabsch_alignment,330,150,50.0,7.990190639246612e-14,0.0013304409016191227,01101110011100000110101000100000010100110100001000000000,npj SB,npj SB,100.0,True
8HFE,global_rotation_translation,combined_xz_rotation_x_translation_then_kabsch_alignment,330,180,50.0,1.4619631601858274e-13,0.0013304409016183267,01101110011100000110101000100000010100110100001000000000,npj SB,npj SB,100.0,True
8HFE,global_rotation_translation,combined_xz_rotation_x_translation_then_kabsch_alignment,330,210,50.0,1.266486478226864e-13,0.0013304409016183514,01101110011100000110101000100000010100110100001000000000,npj SB,npj SB,100.0,True
8HFE,global_rotation_translation,combined_xz_rotation_x_translation_then_kabsch_alignment,330,240,50.0,1.097834809325416e-13,0.0013304409016180428,01101110011100000110101000100000010100110100001000000000,npj SB,npj SB,100.0,True
8HFE,global_rotation_translation,combined_xz_rotation_x_translation_then_kabsch_alignment,330,270,50.0,2.1279166690825427e-13,0.0013304409016196964,01101110011100000110101000100000010100110100001000000000,npj SB,npj SB,100.0,True
8HFE,global_rotation_translation,combined_xz_rotation_x_translation_then_kabsch_alignment,330,300,50.0,1.4798142565779335e-13,0.0013304409016182206,01101110011100000110101000100000010100110100001000000000,npj SB,npj SB,100.0,True
8HFE,global_rotation_translation,combined_xz_rotation_x_translation_then_kabsch_alignment,330,330,50.0,7.230359610312361e-14,0.0013304409016181927,01101110011100000110101000100000010100110100001000000000,npj SB,npj SB,100.0,True
8HFE,global_rotation_translation,combined_xz_rotation_x_translation_then_kabsch_alignment,330,360,50.0,2.299747105601012e-13,0.0013304409016204283,01101110011100000110101000100000010100110100001000000000,npj SB,npj SB,100.0,True
8HFE,global_rotation_translation,combined_xz_rotation_x_translation_then_kabsch_alignment,360,0,50.0,2.1251374319841958e-13,0.0013304409016194677,01101110011100000110101000100000010100110100001000000000,npj SB,npj SB,100.0,True
8HFE,global_rotation_translation,combined_xz_rotation_x_translation_then_kabsch_alignment,360,30,50.0,8.702335715267317e-14,0.0013304409016191608,01101110011100000110101000100000010100110100001000000000,npj SB,npj SB,100.0,True
8HFE,global_rotation_translation,combined_xz_rotation_x_translation_then_kabsch_alignment,360,60,50.0,1.3987508808165832e-13,0.0013304409016187484,01101110011100000110101000100000010100110100001000000000,npj SB,npj SB,100.0,True
8HFE,global_rotation_translation,combined_xz_rotation_x_translation_then_kabsch_alignment,360,90,50.0,1.1209093475854934e-13,0.0013304409016186818,01101110011100000110101000100000010100110100001000000000,npj SB,npj SB,100.0,True
8HFE,global_rotation_translation,combined_xz_rotation_x_translation_then_kabsch_alignment,360,120,50.0,7.353420118853411e-14,0.0013304409016191337,01101110011100000110101000100000010100110100001000000000,npj SB,npj SB,100.0,True
8HFE,global_rotation_translation,combined_xz_rotation_x_translation_then_kabsch_alignment,360,150,50.0,2.9565638506388593e-14,0.0013304409016184596,01101110011100000110101000100000010100110100001000000000,npj SB,npj SB,100.0,True
8HFE,global_rotation_translation,combined_xz_rotation_x_translation_then_kabsch_alignment,360,180,50.0,1.7454147253641925e-13,0.0013304409016179177,01101110011100000110101000100000010100110100001000000000,npj SB,npj SB,100.0,True
8HFE,global_rotation_translation,combined_xz_rotation_x_translation_then_kabsch_alignment,360,210,50.0,9.636980085525876e-14,0.0013304409016179997,01101110011100000110101000100000010100110100001000000000,npj SB,npj SB,100.0,True
8HFE,global_rotation_translation,combined_xz_rotation_x_translation_then_kabsch_alignment,360,240,50.0,1.1174519530078483e-13,0.0013304409016180105,01101110011100000110101000100000010100110100001000000000,npj SB,npj SB,100.0,True
8HFE,global_rotation_translation,combined_xz_rotation_x_translation_then_kabsch_alignment,360,270,50.0,2.400550266184577e-13,0.0013304409016191804,01101110011100000110101000100000010100110100001000000000,npj SB,npj SB,100.0,True
8HFE,global_rotation_translation,combined_xz_rotation_x_translation_then_kabsch_alignment,360,300,50.0,8.108765299351257e-14,0.0013304409016192886,01101110011100000110101000100000010100110100001000000000,npj SB,npj SB,100.0,True
8HFE,global_rotation_translation,combined_xz_rotation_x_translation_then_kabsch_alignment,360,330,50.0,7.568343525505787e-14,0.0013304409016181877,01101110011100000110101000100000010100110100001000000000,npj SB,npj SB,100.0,True
8HFE,global_rotation_translation,combined_xz_rotation_x_translation_then_kabsch_alignment,360,360,50.0,1.899957029847103e-13,0.001330440901619838,01101110011100000110101000100000010100110100001000000000,npj SB,npj SB,100.0,True
8HFE,global_rotation_translation,combined_xz_rotation_x_translation_then_kabsch_alignment,0,0,100.0,3.2759689237320574e-13,0.0013304409016201108,01101110011100000110101000100000010100110100001000000000,npj SB,npj SB,100.0,True
8HFE,global_rotation_translation,combined_xz_rotation_x_translation_then_kabsch_alignment,0,30,100.0,1.520473355145027e-13,0.0013304409016184585,01101110011100000110101000100000010100110100001000000000,npj SB,npj SB,100.0,True
8HFE,global_rotation_translation,combined_xz_rotation_x_translation_then_kabsch_alignment,0,60,100.0,1.4534720569723604e-13,0.0013304409016190644,01101110011100000110101000100000010100110100001000000000,npj SB,npj SB,100.0,True
8HFE,global_rotation_translation,combined_xz_rotation_x_translation_then_kabsch_alignment,0,90,100.0,9.338630124348118e-14,0.0013304409016195462,01101110011100000110101000100000010100110100001000000000,npj SB,npj SB,100.0,True
8HFE,global_rotation_translation,combined_xz_rotation_x_translation_then_kabsch_alignment,0,120,100.0,3.765837356356597e-14,0.0013304409016186068,01101110011100000110101000100000010100110100001000000000,npj SB,npj SB,100.0,True
8HFE,global_rotation_translation,combined_xz_rotation_x_translation_then_kabsch_alignment,0,150,100.0,9.40474123049363e-14,0.0013304409016189778,01101110011100000110101000100000010100110100001000000000,npj SB,npj SB,100.0,True
8HFE,global_rotation_translation,combined_xz_rotation_x_translation_then_kabsch_alignment,0,180,100.0,3.140795841656239e-13,0.0013304409016172123,01101110011100000110101000100000010100110100001000000000,npj SB,npj SB,100.0,True
8HFE,global_rotation_translation,combined_xz_rotation_x_translation_then_kabsch_alignment,0,210,100.0,7.916285174212774e-14,0.0013304409016193723,01101110011100000110101000100000010100110100001000000000,npj SB,npj SB,100.0,True
8HFE,global_rotation_translation,combined_xz_rotation_x_translation_then_kabsch_alignment,0,240,100.0,1.4188957536989029e-13,0.0013304409016174337,01101110011100000110101000100000010100110100001000000000,npj SB,npj SB,100.0,True
8HFE,global_rotation_translation,combined_xz_rotation_x_translation_then_kabsch_alignment,0,270,100.0,5.6808561757298233e-14,0.001330440901618275,01101110011100000110101000100000010100110100001000000000,npj SB,npj SB,100.0,True
8HFE,global_rotation_translation,combined_xz_rotation_x_translation_then_kabsch_alignment,0,300,100.0,8.712757456196398e-14,0.0013304409016194065,01101110011100000110101000100000010100110100001000000000,npj SB,npj SB,100.0,True
8HFE,global_rotation_translation,combined_xz_rotation_x_translation_then_kabsch_alignment,0,330,100.0,1.0059450449894398e-13,0.001330440901618279,01101110011100000110101000100000010100110100001000000000,npj SB,npj SB,100.0,True
8HFE,global_rotation_translation,combined_xz_rotation_x_translation_then_kabsch_alignment,0,360,100.0,3.12246037558735e-13,0.001330440901620267,01101110011100000110101000100000010100110100001000000000,npj SB,npj SB,100.0,True
8HFE,global_rotation_translation,combined_xz_rotation_x_translation_then_kabsch_alignment,30,0,100.0,3.0766459733426235e-13,0.001330440901620319,01101110011100000110101000100000010100110100001000000000,npj SB,npj SB,100.0,True
8HFE,global_rotation_translation,combined_xz_rotation_x_translation_then_kabsch_alignment,30,30,100.0,2.9899806756466723e-13,0.0013304409016202507,01101110011100000110101000100000010100110100001000000000,npj SB,npj SB,100.0,True
8HFE,global_rotation_translation,combined_xz_rotation_x_translation_then_kabsch_alignment,30,60,100.0,1.1085909479087634e-13,0.001330440901618687,01101110011100000110101000100000010100110100001000000000,npj SB,npj SB,100.0,True
8HFE,global_rotation_translation,combined_xz_rotation_x_translation_then_kabsch_alignment,30,90,100.0,8.876959494286225e-14,0.00133044090161907,01101110011100000110101000100000010100110100001000000000,npj SB,npj SB,100.0,True
8HFE,global_rotation_translation,combined_xz_rotation_x_translation_then_kabsch_alignment,30,120,100.0,1.7928869197091105e-13,0.0013304409016181946,01101110011100000110101000100000010100110100001000000000,npj SB,npj SB,100.0,True
8HFE,global_rotation_translation,combined_xz_rotation_x_translation_then_kabsch_alignment,30,150,100.0,1.4599073335808876e-13,0.0013304409016183494,01101110011100000110101000100000010100110100001000000000,npj SB,npj SB,100.0,True
8HFE,global_rotation_translation,combined_xz_rotation_x_translation_then_kabsch_alignment,30,180,100.0,3.069359245559896e-13,0.0013304409016179149,01101110011100000110101000100000010100110100001000000000,npj SB,npj SB,100.0,True
8HFE,global_rotation_translation,combined_xz_rotation_x_translation_then_kabsch_alignment,30,210,100.0,1.7140860936642326e-13,0.001330440901619285,01101110011100000110101000100000010100110100001000000000,npj SB,npj SB,100.0,True
8HFE,global_rotation_translation,combined_xz_rotation_x_translation_then_kabsch_alignment,30,240,100.0,1.2019281122206452e-13,0.0013304409016199172,01101110011100000110101000100000010100110100001000000000,npj SB,npj SB,100.0,True
8HFE,global_rotation_translation,combined_xz_rotation_x_translation_then_kabsch_alignment,30,270,100.0,1.5159707022821462e-13,0.001330440901617924,01101110011100000110101000100000010100110100001000000000,npj SB,npj SB,100.0,True
8HFE,global_rotation_translation,combined_xz_rotation_x_translation_then_kabsch_alignment,30,300,100.0,6.633892866500123e-14,0.0013304409016192044,01101110011100000110101000100000010100110100001000000000,npj SB,npj SB,100.0,True
8HFE,global_rotation_translation,combined_xz_rotation_x_translation_then_kabsch_alignment,30,330,100.0,1.2363127642445523e-13,0.0013304409016198385,01101110011100000110101000100000010100110100001000000000,npj SB,npj SB,100.0,True
8HFE,global_rotation_translation,combined_xz_rotation_x_translation_then_kabsch_alignment,30,360,100.0,3.206754264494787e-13,0.0013304409016200321,01101110011100000110101000100000010100110100001000000000,npj SB,npj SB,100.0,True
8HFE,global_rotation_translation,combined_xz_rotation_x_translation_then_kabsch_alignment,60,0,100.0,3.22275568331784e-13,0.0013304409016197578,01101110011100000110101000100000010100110100001000000000,npj SB,npj SB,100.0,True
8HFE,global_rotation_translation,combined_xz_rotation_x_translation_then_kabsch_alignment,60,30,100.0,4.697935790902717e-14,0.0013304409016180261,01101110011100000110101000100000010100110100001000000000,npj SB,npj SB,100.0,True
8HFE,global_rotation_translation,combined_xz_rotation_x_translation_then_kabsch_alignment,60,60,100.0,1.2122471154210413e-13,0.0013304409016175805,01101110011100000110101000100000010100110100001000000000,npj SB,npj SB,100.0,True
8HFE,global_rotation_translation,combined_xz_rotation_x_translation_then_kabsch_alignment,60,90,100.0,5.0564657276137625e-14,0.0013304409016188384,01101110011100000110101000100000010100110100001000000000,npj SB,npj SB,100.0,True
8HFE,global_rotation_translation,combined_xz_rotation_x_translation_then_kabsch_alignment,60,120,100.0,2.0911527249397595e-13,0.0013304409016197138,01101110011100000110101000100000010100110100001000000000,npj SB,npj SB,100.0,True
8HFE,global_rotation_translation,combined_xz_rotation_x_translation_then_kabsch_alignment,60,150,100.0,1.648315172163089e-13,0.0013304409016181742,01101110011100000110101000100000010100110100001000000000,npj SB,npj SB,100.0,True
8HFE,global_rotation_translation,combined_xz_rotation_x_translation_then_kabsch_alignment,60,180,100.0,2.700430881191153e-13,0.0013304409016173088,01101110011100000110101000100000010100110100001000000000,npj SB,npj SB,100.0,True
8HFE,global_rotation_translation,combined_xz_rotation_x_translation_then_kabsch_alignment,60,210,100.0,1.267893300123765e-13,0.0013304409016180135,01101110011100000110101000100000010100110100001000000000,npj SB,npj SB,100.0,True
8HFE,global_rotation_translation,combined_xz_rotation_x_translation_then_kabsch_alignment,60,240,100.0,2.7749971357145503e-13,0.0013304409016194304,01101110011100000110101000100000010100110100001000000000,npj SB,npj SB,100.0,True
8HFE,global_rotation_translation,combined_xz_rotation_x_translation_then_kabsch_alignment,60,270,100.0,8.678801233595666e-14,0.0013304409016195666,01101110011100000110101000100000010100110100001000000000,npj SB,npj SB,100.0,True
8HFE,global_rotation_translation,combined_xz_rotation_x_translation_then_kabsch_alignment,60,300,100.0,1.0546043003910407e-13,0.0013304409016176044,01101110011100000110101000100000010100110100001000000000,npj SB,npj SB,100.0,True
8HFE,global_rotation_translation,combined_xz_rotation_x_translation_then_kabsch_alignment,60,330,100.0,1.5259863942531556e-13,0.0013304409016193963,01101110011100000110101000100000010100110100001000000000,npj SB,npj SB,100.0,True
8HFE,global_rotation_translation,combined_xz_rotation_x_translation_then_kabsch_alignment,60,360,100.0,3.1938270448918763e-13,0.0013304409016198467,01101110011100000110101000100000010100110100001000000000,npj SB,npj SB,100.0,True
8HFE,global_rotation_translation,combined_xz_rotation_x_translation_then_kabsch_alignment,90,0,100.0,3.31399536573511e-13,0.0013304409016200564,01101110011100000110101000100000010100110100001000000000,npj SB,npj SB,100.0,True
8HFE,global_rotation_translation,combined_xz_rotation_x_translation_then_kabsch_alignment,90,30,100.0,2.1269292969868277e-13,0.0013304409016200208,01101110011100000110101000100000010100110100001000000000,npj SB,npj SB,100.0,True
8HFE,global_rotation_translation,combined_xz_rotation_x_translation_then_kabsch_alignment,90,60,100.0,7.498574756448214e-14,0.0013304409016193105,01101110011100000110101000100000010100110100001000000000,npj SB,npj SB,100.0,True
8HFE,global_rotation_translation,combined_xz_rotation_x_translation_then_kabsch_alignment,90,90,100.0,9.084389719698314e-14,0.001330440901618999,01101110011100000110101000100000010100110100001000000000,npj SB,npj SB,100.0,True
8HFE,global_rotation_translation,combined_xz_rotation_x_translation_then_kabsch_alignment,90,120,100.0,4.653008604934937e-14,0.001330440901618064,01101110011100000110101000100000010100110100001000000000,npj SB,npj SB,100.0,True
8HFE,global_rotation_translation,combined_xz_rotation_x_translation_then_kabsch_alignment,90,150,100.0,1.178458192789207e-13,0.0013304409016181703,01101110011100000110101000100000010100110100001000000000,npj SB,npj SB,100.0,True
8HFE,global_rotation_translation,combined_xz_rotation_x_translation_then_kabsch_alignment,90,180,100.0,2.640144151191701e-13,0.001330440901617666,01101110011100000110101000100000010100110100001000000000,npj SB,npj SB,100.0,True
8HFE,global_rotation_translation,combined_xz_rotation_x_translation_then_kabsch_alignment,90,210,100.0,1.8729966013041815e-13,0.0013304409016173895,01101110011100000110101000100000010100110100001000000000,npj SB,npj SB,100.0,True
8HFE,global_rotation_translation,combined_xz_rotation_x_translation_then_kabsch_alignment,90,240,100.0,1.3902679990415853e-13,0.0013304409016193755,01101110011100000110101000100000010100110100001000000000,npj SB,npj SB,100.0,True
8HFE,global_rotation_translation,combined_xz_rotation_x_translation_then_kabsch_alignment,90,270,100.0,5.6355092257326856e-14,0.0013304409016188378,01101110011100000110101000100000010100110100001000000000,npj SB,npj SB,100.0,True
8HFE,global_rotation_translation,combined_xz_rotation_x_translation_then_kabsch_alignment,90,300,100.0,6.519018853769875e-14,0.0013304409016177746,01101110011100000110101000100000010100110100001000000000,npj SB,npj SB,100.0,True
8HFE,global_rotation_translation,combined_xz_rotation_x_translation_then_kabsch_alignment,90,330,100.0,4.119054874309982e-14,0.001330440901618772,01101110011100000110101000100000010100110100001000000000,npj SB,npj SB,100.0,True
8HFE,global_rotation_translation,combined_xz_rotation_x_translation_then_kabsch_alignment,90,360,100.0,3.223533162890456e-13,0.0013304409016200072,01101110011100000110101000100000010100110100001000000000,npj SB,npj SB,100.0,True
8HFE,global_rotation_translation,combined_xz_rotation_x_translation_then_kabsch_alignment,120,0,100.0,3.401798418020506e-13,0.001330440901619966,01101110011100000110101000100000010100110100001000000000,npj SB,npj SB,100.0,True
8HFE,global_rotation_translation,combined_xz_rotation_x_translation_then_kabsch_alignment,120,30,100.0,1.8006397586603928e-13,0.0013304409016186998,01101110011100000110101000100000010100110100001000000000,npj SB,npj SB,100.0,True
8HFE,global_rotation_translation,combined_xz_rotation_x_translation_then_kabsch_alignment,120,60,100.0,1.2177408050493103e-13,0.001330440901618892,01101110011100000110101000100000010100110100001000000000,npj SB,npj SB,100.0,True
8HFE,global_rotation_translation,combined_xz_rotation_x_translation_then_kabsch_alignment,120,90,100.0,8.112343460224006e-14,0.001330440901619415,01101110011100000110101000100000010100110100001000000000,npj SB,npj SB,100.0,True
8HFE,global_rotation_translation,combined_xz_rotation_x_translation_then_kabsch_alignment,120,120,100.0,2.093169559131846e-13,0.0013304409016197895,01101110011100000110101000100000010100110100001000000000,npj SB,npj SB,100.0,True
8HFE,global_rotation_translation,combined_xz_rotation_x_translation_then_kabsch_alignment,120,150,100.0,1.5454714345599126e-13,0.0013304409016195978,01101110011100000110101000100000010100110100001000000000,npj SB,npj SB,100.0,True
8HFE,global_rotation_translation,combined_xz_rotation_x_translation_then_kabsch_alignment,120,180,100.0,2.9914639450903144e-13,0.0013304409016175625,01101110011100000110101000100000010100110100001000000000,npj SB,npj SB,100.0,True
8HFE,global_rotation_translation,combined_xz_rotation_x_translation_then_kabsch_alignment,120,210,100.0,1.1167055650319719e-13,0.001330440901618706,01101110011100000110101000100000010100110100001000000000,npj SB,npj SB,100.0,True
8HFE,global_rotation_translation,combined_xz_rotation_x_translation_then_kabsch_alignment,120,240,100.0,6.823662577967223e-14,0.0013304409016184138,01101110011100000110101000100000010100110100001000000000,npj SB,npj SB,100.0,True
8HFE,global_rotation_translation,combined_xz_rotation_x_translation_then_kabsch_alignment,120,270,100.0,8.066788610754176e-14,0.0013304409016185862,01101110011100000110101000100000010100110100001000000000,npj SB,npj SB,100.0,True
8HFE,global_rotation_translation,combined_xz_rotation_x_translation_then_kabsch_alignment,120,300,100.0,1.425849015571086e-13,0.00133044090161861,01101110011100000110101000100000010100110100001000000000,npj SB,npj SB,100.0,True
8HFE,global_rotation_translation,combined_xz_rotation_x_translation_then_kabsch_alignment,120,330,100.0,8.081394101696068e-14,0.001330440901619918,01101110011100000110101000100000010100110100001000000000,npj SB,npj SB,100.0,True
8HFE,global_rotation_translation,combined_xz_rotation_x_translation_then_kabsch_alignment,120,360,100.0,3.6616999526233667e-13,0.0013304409016189251,01101110011100000110101000100000010100110100001000000000,npj SB,npj SB,100.0,True
8HFE,global_rotation_translation,combined_xz_rotation_x_translation_then_kabsch_alignment,150,0,100.0,3.2750576150744593e-13,0.001330440901620354,01101110011100000110101000100000010100110100001000000000,npj SB,npj SB,100.0,True
8HFE,global_rotation_translation,combined_xz_rotation_x_translation_then_kabsch_alignment,150,30,100.0,2.370083901777022e-13,0.0013304409016185296,01101110011100000110101000100000010100110100001000000000,npj SB,npj SB,100.0,True
8HFE,global_rotation_translation,combined_xz_rotation_x_translation_then_kabsch_alignment,150,60,100.0,2.9595413511787557e-13,0.001330440901620863,01101110011100000110101000100000010100110100001000000000,npj SB,npj SB,100.0,True
8HFE,global_rotation_translation,combined_xz_rotation_x_translation_then_kabsch_alignment,150,90,100.0,1.769861911476461e-13,0.0013304409016196056,01101110011100000110101000100000010100110100001000000000,npj SB,npj SB,100.0,True
8HFE,global_rotation_translation,combined_xz_rotation_x_translation_then_kabsch_alignment,150,120,100.0,1.27828521154075e-13,0.0013304409016189351,01101110011100000110101000100000010100110100001000000000,npj SB,npj SB,100.0,True
8HFE,global_rotation_translation,combined_xz_rotation_x_translation_then_kabsch_alignment,150,150,100.0,1.2307298057620212e-13,0.0013304409016180571,01101110011100000110101000100000010100110100001000000000,npj SB,npj SB,100.0,True
8HFE,global_rotation_translation,combined_xz_rotation_x_translation_then_kabsch_alignment,150,180,100.0,2.778421257065952e-13,0.0013304409016178023,01101110011100000110101000100000010100110100001000000000,npj SB,npj SB,100.0,True
8HFE,global_rotation_translation,combined_xz_rotation_x_translation_then_kabsch_alignment,150,210,100.0,2.2049315797948535e-13,0.0013304409016197396,01101110011100000110101000100000010100110100001000000000,npj SB,npj SB,100.0,True
8HFE,global_rotation_translation,combined_xz_rotation_x_translation_then_kabsch_alignment,150,240,100.0,3.4819769280921857e-13,0.0013304409016164967,01101110011100000110101000100000010100110100001000000000,npj SB,npj SB,100.0,True
8HFE,global_rotation_translation,combined_xz_rotation_x_translation_then_kabsch_alignment,150,270,100.0,1.7742914342125113e-13,0.0013304409016180907,01101110011100000110101000100000010100110100001000000000,npj SB,npj SB,100.0,True
8HFE,global_rotation_translation,combined_xz_rotation_x_translation_then_kabsch_alignment,150,300,100.0,1.4006596844162397e-13,0.0013304409016183804,01101110011100000110101000100000010100110100001000000000,npj SB,npj SB,100.0,True
8HFE,global_rotation_translation,combined_xz_rotation_x_translation_then_kabsch_alignment,150,330,100.0,1.4695936114436618e-13,0.0013304409016186409,01101110011100000110101000100000010100110100001000000000,npj SB,npj SB,100.0,True
8HFE,global_rotation_translation,combined_xz_rotation_x_translation_then_kabsch_alignment,150,360,100.0,3.3603367762441536e-13,0.0013304409016199764,01101110011100000110101000100000010100110100001000000000,npj SB,npj SB,100.0,True
8HFE,global_rotation_translation,combined_xz_rotation_x_translation_then_kabsch_alignment,180,0,100.0,3.3548983621778137e-13,0.0013304409016198146,01101110011100000110101000100000010100110100001000000000,npj SB,npj SB,100.0,True
8HFE,global_rotation_translation,combined_xz_rotation_x_translation_then_kabsch_alignment,180,30,100.0,8.56618327594797e-14,0.0013304409016187118,01101110011100000110101000100000010100110100001000000000,npj SB,npj SB,100.0,True
8HFE,global_rotation_translation,combined_xz_rotation_x_translation_then_kabsch_alignment,180,60,100.0,9.797165360907139e-14,0.0013304409016181686,01101110011100000110101000100000010100110100001000000000,npj SB,npj SB,100.0,True
8HFE,global_rotation_translation,combined_xz_rotation_x_translation_then_kabsch_alignment,180,90,100.0,7.156331482771042e-14,0.001330440901618423,01101110011100000110101000100000010100110100001000000000,npj SB,npj SB,100.0,True
8HFE,global_rotation_translation,combined_xz_rotation_x_translation_then_kabsch_alignment,180,120,100.0,1.8963920629311882e-13,0.0013304409016181764,01101110011100000110101000100000010100110100001000000000,npj SB,npj SB,100.0,True
8HFE,global_rotation_translation,combined_xz_rotation_x_translation_then_kabsch_alignment,180,150,100.0,7.420519082577031e-14,0.0013304409016185639,01101110011100000110101000100000010100110100001000000000,npj SB,npj SB,100.0,True
8HFE,global_rotation_translation,combined_xz_rotation_x_translation_then_kabsch_alignment,180,180,100.0,2.3371560978281143e-13,0.0013304409016175749,01101110011100000110101000100000010100110100001000000000,npj SB,npj SB,100.0,True
8HFE,global_rotation_translation,combined_xz_rotation_x_translation_then_kabsch_alignment,180,210,100.0,1.1807856048839034e-13,0.0013304409016185509,01101110011100000110101000100000010100110100001000000000,npj SB,npj SB,100.0,True
8HFE,global_rotation_translation,combined_xz_rotation_x_translation_then_kabsch_alignment,180,240,100.0,1.561448513195317e-13,0.0013304409016191157,01101110011100000110101000100000010100110100001000000000,npj SB,npj SB,100.0,True
8HFE,global_rotation_translation,combined_xz_rotation_x_translation_then_kabsch_alignment,180,270,100.0,1.0245435150712649e-13,0.0013304409016194126,01101110011100000110101000100000010100110100001000000000,npj SB,npj SB,100.0,True
8HFE,global_rotation_translation,combined_xz_rotation_x_translation_then_kabsch_alignment,180,300,100.0,1.2471156448148972e-13,0.0013304409016184323,01101110011100000110101000100000010100110100001000000000,npj SB,npj SB,100.0,True
8HFE,global_rotation_translation,combined_xz_rotation_x_translation_then_kabsch_alignment,180,330,100.0,1.607958035699019e-13,0.0013304409016181406,01101110011100000110101000100000010100110100001000000000,npj SB,npj SB,100.0,True
8HFE,global_rotation_translation,combined_xz_rotation_x_translation_then_kabsch_alignment,180,360,100.0,3.418543038121303e-13,0.0013304409016198827,01101110011100000110101000100000010100110100001000000000,npj SB,npj SB,100.0,True
8HFE,global_rotation_translation,combined_xz_rotation_x_translation_then_kabsch_alignment,210,0,100.0,3.3137451544710226e-13,0.0013304409016205128,01101110011100000110101000100000010100110100001000000000,npj SB,npj SB,100.0,True
8HFE,global_rotation_translation,combined_xz_rotation_x_translation_then_kabsch_alignment,210,30,100.0,1.4883686339491247e-13,0.0013304409016191138,01101110011100000110101000100000010100110100001000000000,npj SB,npj SB,100.0,True
8HFE,global_rotation_translation,combined_xz_rotation_x_translation_then_kabsch_alignment,210,60,100.0,1.1286864946804542e-13,0.0013304409016189137,01101110011100000110101000100000010100110100001000000000,npj SB,npj SB,100.0,True
8HFE,global_rotation_translation,combined_xz_rotation_x_translation_then_kabsch_alignment,210,90,100.0,1.4275667120710122e-13,0.0013304409016184609,01101110011100000110101000100000010100110100001000000000,npj SB,npj SB,100.0,True
8HFE,global_rotation_translation,combined_xz_rotation_x_translation_then_kabsch_alignment,210,120,100.0,1.4249570640409404e-13,0.0013304409016188115,01101110011100000110101000100000010100110100001000000000,npj SB,npj SB,100.0,True
8HFE,global_rotation_translation,combined_xz_rotation_x_translation_then_kabsch_alignment,210,150,100.0,1.5824887403145992e-13,0.001330440901617837,01101110011100000110101000100000010100110100001000000000,npj SB,npj SB,100.0,True
8HFE,global_rotation_translation,combined_xz_rotation_x_translation_then_kabsch_alignment,210,180,100.0,2.4666567428594893e-13,0.001330440901616804,01101110011100000110101000100000010100110100001000000000,npj SB,npj SB,100.0,True
8HFE,global_rotation_translation,combined_xz_rotation_x_translation_then_kabsch_alignment,210,210,100.0,1.4194767635379965e-13,0.0013304409016181046,01101110011100000110101000100000010100110100001000000000,npj SB,npj SB,100.0,True
8HFE,global_rotation_translation,combined_xz_rotation_x_translation_then_kabsch_alignment,210,240,100.0,1.587975033896053e-13,0.001330440901618484,01101110011100000110101000100000010100110100001000000000,npj SB,npj SB,100.0,True
8HFE,global_rotation_translation,combined_xz_rotation_x_translation_then_kabsch_alignment,210,270,100.0,1.0686843927364681e-13,0.0013304409016189527,01101110011100000110101000100000010100110100001000000000,npj SB,npj SB,100.0,True
8HFE,global_rotation_translation,combined_xz_rotation_x_translation_then_kabsch_alignment,210,300,100.0,1.6652670685874406e-13,0.0013304409016185283,01101110011100000110101000100000010100110100001000000000,npj SB,npj SB,100.0,True
8HFE,global_rotation_translation,combined_xz_rotation_x_translation_then_kabsch_alignment,210,330,100.0,3.2228314386550596e-13,0.001330440901620451,01101110011100000110101000100000010100110100001000000000,npj SB,npj SB,100.0,True
8HFE,global_rotation_translation,combined_xz_rotation_x_translation_then_kabsch_alignment,210,360,100.0,3.386587288614865e-13,0.0013304409016193365,01101110011100000110101000100000010100110100001000000000,npj SB,npj SB,100.0,True
8HFE,global_rotation_translation,combined_xz_rotation_x_translation_then_kabsch_alignment,240,0,100.0,3.3273916172824627e-13,0.0013304409016195089,01101110011100000110101000100000010100110100001000000000,npj SB,npj SB,100.0,True
8HFE,global_rotation_translation,combined_xz_rotation_x_translation_then_kabsch_alignment,240,30,100.0,1.982645006771749e-13,0.0013304409016186877,01101110011100000110101000100000010100110100001000000000,npj SB,npj SB,100.0,True
8HFE,global_rotation_translation,combined_xz_rotation_x_translation_then_kabsch_alignment,240,60,100.0,1.6145108179105718e-13,0.0013304409016183711,01101110011100000110101000100000010100110100001000000000,npj SB,npj SB,100.0,True
8HFE,global_rotation_translation,combined_xz_rotation_x_translation_then_kabsch_alignment,240,90,100.0,1.0635122948560828e-13,0.001330440901618612,01101110011100000110101000100000010100110100001000000000,npj SB,npj SB,100.0,True
8HFE,global_rotation_translation,combined_xz_rotation_x_translation_then_kabsch_alignment,240,120,100.0,2.6836479080456137e-13,0.0013304409016195657,01101110011100000110101000100000010100110100001000000000,npj SB,npj SB,100.0,True
8HFE,global_rotation_translation,combined_xz_rotation_x_translation_then_kabsch_alignment,240,150,100.0,8.261784451988058e-14,0.0013304409016174693,01101110011100000110101000100000010100110100001000000000,npj SB,npj SB,100.0,True
8HFE,global_rotation_translation,combined_xz_rotation_x_translation_then_kabsch_alignment,240,180,100.0,2.802805511404657e-13,0.0013304409016173379,01101110011100000110101000100000010100110100001000000000,npj SB,npj SB,100.0,True
8HFE,global_rotation_translation,combined_xz_rotation_x_translation_then_kabsch_alignment,240,210,100.0,1.5999740549893153e-13,0.0013304409016174593,01101110011100000110101000100000010100110100001000000000,npj SB,npj SB,100.0,True
8HFE,global_rotation_translation,combined_xz_rotation_x_translation_then_kabsch_alignment,240,240,100.0,1.8227631848103928e-13,0.0013304409016181575,01101110011100000110101000100000010100110100001000000000,npj SB,npj SB,100.0,True
8HFE,global_rotation_translation,combined_xz_rotation_x_translation_then_kabsch_alignment,240,270,100.0,1.0989252212167221e-13,0.0013304409016189895,01101110011100000110101000100000010100110100001000000000,npj SB,npj SB,100.0,True
8HFE,global_rotation_translation,combined_xz_rotation_x_translation_then_kabsch_alignment,240,300,100.0,2.126678050243646e-13,0.0013304409016176024,01101110011100000110101000100000010100110100001000000000,npj SB,npj SB,100.0,True
8HFE,global_rotation_translation,combined_xz_rotation_x_translation_then_kabsch_alignment,240,330,100.0,1.5942516852972163e-13,0.0013304409016173717,01101110011100000110101000100000010100110100001000000000,npj SB,npj SB,100.0,True
8HFE,global_rotation_translation,combined_xz_rotation_x_translation_then_kabsch_alignment,240,360,100.0,3.175423518763953e-13,0.0013304409016201416,01101110011100000110101000100000010100110100001000000000,npj SB,npj SB,100.0,True
8HFE,global_rotation_translation,combined_xz_rotation_x_translation_then_kabsch_alignment,270,0,100.0,3.1898437868074655e-13,0.001330440901620251,01101110011100000110101000100000010100110100001000000000,npj SB,npj SB,100.0,True
8HFE,global_rotation_translation,combined_xz_rotation_x_translation_then_kabsch_alignment,270,30,100.0,1.3672718122586008e-13,0.001330440901618886,01101110011100000110101000100000010100110100001000000000,npj SB,npj SB,100.0,True
8HFE,global_rotation_translation,combined_xz_rotation_x_translation_then_kabsch_alignment,270,60,100.0,6.744352867838638e-14,0.001330440901618621,01101110011100000110101000100000010100110100001000000000,npj SB,npj SB,100.0,True
8HFE,global_rotation_translation,combined_xz_rotation_x_translation_then_kabsch_alignment,270,90,100.0,5.771838031101972e-14,0.0013304409016190264,01101110011100000110101000100000010100110100001000000000,npj SB,npj SB,100.0,True
8HFE,global_rotation_translation,combined_xz_rotation_x_translation_then_kabsch_alignment,270,120,100.0,8.793329791465591e-14,0.001330440901618693,01101110011100000110101000100000010100110100001000000000,npj SB,npj SB,100.0,True
8HFE,global_rotation_translation,combined_xz_rotation_x_translation_then_kabsch_alignment,270,150,100.0,1.7697265639197436e-13,0.001330440901617317,01101110011100000110101000100000010100110100001000000000,npj SB,npj SB,100.0,True
8HFE,global_rotation_translation,combined_xz_rotation_x_translation_then_kabsch_alignment,270,180,100.0,2.986279305420891e-13,0.001330440901617284,01101110011100000110101000100000010100110100001000000000,npj SB,npj SB,100.0,True
8HFE,global_rotation_translation,combined_xz_rotation_x_translation_then_kabsch_alignment,270,210,100.0,1.1180742490400474e-13,0.001330440901618392,01101110011100000110101000100000010100110100001000000000,npj SB,npj SB,100.0,True
8HFE,global_rotation_translation,combined_xz_rotation_x_translation_then_kabsch_alignment,270,240,100.0,8.4208324330126e-14,0.0013304409016188894,01101110011100000110101000100000010100110100001000000000,npj SB,npj SB,100.0,True
8HFE,global_rotation_translation,combined_xz_rotation_x_translation_then_kabsch_alignment,270,270,100.0,1.1574600805961511e-13,0.0013304409016183293,01101110011100000110101000100000010100110100001000000000,npj SB,npj SB,100.0,True
8HFE,global_rotation_translation,combined_xz_rotation_x_translation_then_kabsch_alignment,270,300,100.0,1.4381629532032633e-13,0.0013304409016188959,01101110011100000110101000100000010100110100001000000000,npj SB,npj SB,100.0,True
8HFE,global_rotation_translation,combined_xz_rotation_x_translation_then_kabsch_alignment,270,330,100.0,1.8743537099989243e-13,0.001330440901619503,01101110011100000110101000100000010100110100001000000000,npj SB,npj SB,100.0,True
8HFE,global_rotation_translation,combined_xz_rotation_x_translation_then_kabsch_alignment,270,360,100.0,3.250838939687836e-13,0.001330440901619931,01101110011100000110101000100000010100110100001000000000,npj SB,npj SB,100.0,True
8HFE,global_rotation_translation,combined_xz_rotation_x_translation_then_kabsch_alignment,300,0,100.0,3.2482405130024173e-13,0.001330440901620398,01101110011100000110101000100000010100110100001000000000,npj SB,npj SB,100.0,True
8HFE,global_rotation_translation,combined_xz_rotation_x_translation_then_kabsch_alignment,300,30,100.0,1.3927442025611247e-13,0.0013304409016187601,01101110011100000110101000100000010100110100001000000000,npj SB,npj SB,100.0,True
8HFE,global_rotation_translation,combined_xz_rotation_x_translation_then_kabsch_alignment,300,60,100.0,6.827441953819418e-14,0.0013304409016186426,01101110011100000110101000100000010100110100001000000000,npj SB,npj SB,100.0,True
8HFE,global_rotation_translation,combined_xz_rotation_x_translation_then_kabsch_alignment,300,90,100.0,5.300207595107933e-14,0.0013304409016184429,01101110011100000110101000100000010100110100001000000000,npj SB,npj SB,100.0,True
8HFE,global_rotation_translation,combined_xz_rotation_x_translation_then_kabsch_alignment,300,120,100.0,1.5634768899871406e-13,0.0013304409016182384,01101110011100000110101000100000010100110100001000000000,npj SB,npj SB,100.0,True
8HFE,global_rotation_translation,combined_xz_rotation_x_translation_then_kabsch_alignment,300,150,100.0,1.4065015625314896e-13,0.0013304409016187122,01101110011100000110101000100000010100110100001000000000,npj SB,npj SB,100.0,True
8HFE,global_rotation_translation,combined_xz_rotation_x_translation_then_kabsch_alignment,300,180,100.0,3.134969254212738e-13,0.001330440901617658,01101110011100000110101000100000010100110100001000000000,npj SB,npj SB,100.0,True
8HFE,global_rotation_translation,combined_xz_rotation_x_translation_then_kabsch_alignment,300,210,100.0,1.5094509573623188e-13,0.0013304409016180773,01101110011100000110101000100000010100110100001000000000,npj SB,npj SB,100.0,True
8HFE,global_rotation_translation,combined_xz_rotation_x_translation_then_kabsch_alignment,300,240,100.0,2.3455060195172966e-13,0.001330440901618437,01101110011100000110101000100000010100110100001000000000,npj SB,npj SB,100.0,True
8HFE,global_rotation_translation,combined_xz_rotation_x_translation_then_kabsch_alignment,300,270,100.0,8.254867742888102e-14,0.0013304409016191676,01101110011100000110101000100000010100110100001000000000,npj SB,npj SB,100.0,True
8HFE,global_rotation_translation,combined_xz_rotation_x_translation_then_kabsch_alignment,300,300,100.0,6.288542750271579e-14,0.0013304409016192125,01101110011100000110101000100000010100110100001000000000,npj SB,npj SB,100.0,True
8HFE,global_rotation_translation,combined_xz_rotation_x_translation_then_kabsch_alignment,300,330,100.0,1.0412409851775581e-13,0.001330440901617512,01101110011100000110101000100000010100110100001000000000,npj SB,npj SB,100.0,True
8HFE,global_rotation_translation,combined_xz_rotation_x_translation_then_kabsch_alignment,300,360,100.0,3.238264118382467e-13,0.0013304409016204957,01101110011100000110101000100000010100110100001000000000,npj SB,npj SB,100.0,True
8HFE,global_rotation_translation,combined_xz_rotation_x_translation_then_kabsch_alignment,330,0,100.0,3.241409199570234e-13,0.001330440901619946,01101110011100000110101000100000010100110100001000000000,npj SB,npj SB,100.0,True
8HFE,global_rotation_translation,combined_xz_rotation_x_translation_then_kabsch_alignment,330,30,100.0,9.174054832656598e-14,0.0013304409016184904,01101110011100000110101000100000010100110100001000000000,npj SB,npj SB,100.0,True
8HFE,global_rotation_translation,combined_xz_rotation_x_translation_then_kabsch_alignment,330,60,100.0,1.0453384280488613e-13,0.001330440901618423,01101110011100000110101000100000010100110100001000000000,npj SB,npj SB,100.0,True
8HFE,global_rotation_translation,combined_xz_rotation_x_translation_then_kabsch_alignment,330,90,100.0,1.831828453397285e-13,0.0013304409016181029,01101110011100000110101000100000010100110100001000000000,npj SB,npj SB,100.0,True
8HFE,global_rotation_translation,combined_xz_rotation_x_translation_then_kabsch_alignment,330,120,100.0,3.370695334435151e-13,0.0013304409016164814,01101110011100000110101000100000010100110100001000000000,npj SB,npj SB,100.0,True
8HFE,global_rotation_translation,combined_xz_rotation_x_translation_then_kabsch_alignment,330,150,100.0,2.6076022418319304e-13,0.0013304409016191786,01101110011100000110101000100000010100110100001000000000,npj SB,npj SB,100.0,True
8HFE,global_rotation_translation,combined_xz_rotation_x_translation_then_kabsch_alignment,330,180,100.0,2.53827048017549e-13,0.0013304409016170794,01101110011100000110101000100000010100110100001000000000,npj SB,npj SB,100.0,True
8HFE,global_rotation_translation,combined_xz_rotation_x_translation_then_kabsch_alignment,330,210,100.0,1.5696636846722513e-13,0.0013304409016195642,01101110011100000110101000100000010100110100001000000000,npj SB,npj SB,100.0,True
8HFE,global_rotation_translation,combined_xz_rotation_x_translation_then_kabsch_alignment,330,240,100.0,1.4536463579473587e-13,0.0013304409016195525,01101110011100000110101000100000010100110100001000000000,npj SB,npj SB,100.0,True
8HFE,global_rotation_translation,combined_xz_rotation_x_translation_then_kabsch_alignment,330,270,100.0,1.5058945151829368e-13,0.0013304409016195546,01101110011100000110101000100000010100110100001000000000,npj SB,npj SB,100.0,True
8HFE,global_rotation_translation,combined_xz_rotation_x_translation_then_kabsch_alignment,330,300,100.0,3.173733039926516e-13,0.0013304409016193328,01101110011100000110101000100000010100110100001000000000,npj SB,npj SB,100.0,True
8HFE,global_rotation_translation,combined_xz_rotation_x_translation_then_kabsch_alignment,330,330,100.0,2.9939021169221645e-13,0.0013304409016176057,01101110011100000110101000100000010100110100001000000000,npj SB,npj SB,100.0,True
8HFE,global_rotation_translation,combined_xz_rotation_x_translation_then_kabsch_alignment,330,360,100.0,3.270249357864786e-13,0.0013304409016201763,01101110011100000110101000100000010100110100001000000000,npj SB,npj SB,100.0,True
8HFE,global_rotation_translation,combined_xz_rotation_x_translation_then_kabsch_alignment,360,0,100.0,3.18060543070646e-13,0.0013304409016203838,01101110011100000110101000100000010100110100001000000000,npj SB,npj SB,100.0,True
8HFE,global_rotation_translation,combined_xz_rotation_x_translation_then_kabsch_alignment,360,30,100.0,1.3098560795446363e-13,0.0013304409016188497,01101110011100000110101000100000010100110100001000000000,npj SB,npj SB,100.0,True
8HFE,global_rotation_translation,combined_xz_rotation_x_translation_then_kabsch_alignment,360,60,100.0,1.4202845886543738e-13,0.0013304409016188094,01101110011100000110101000100000010100110100001000000000,npj SB,npj SB,100.0,True
8HFE,global_rotation_translation,combined_xz_rotation_x_translation_then_kabsch_alignment,360,90,100.0,7.470262818038331e-14,0.0013304409016192816,01101110011100000110101000100000010100110100001000000000,npj SB,npj SB,100.0,True
8HFE,global_rotation_translation,combined_xz_rotation_x_translation_then_kabsch_alignment,360,120,100.0,6.89331243957412e-14,0.0013304409016191318,01101110011100000110101000100000010100110100001000000000,npj SB,npj SB,100.0,True
8HFE,global_rotation_translation,combined_xz_rotation_x_translation_then_kabsch_alignment,360,150,100.0,9.418592505193415e-14,0.001330440901618855,01101110011100000110101000100000010100110100001000000000,npj SB,npj SB,100.0,True
8HFE,global_rotation_translation,combined_xz_rotation_x_translation_then_kabsch_alignment,360,180,100.0,2.752087569015432e-13,0.0013304409016174116,01101110011100000110101000100000010100110100001000000000,npj SB,npj SB,100.0,True
8HFE,global_rotation_translation,combined_xz_rotation_x_translation_then_kabsch_alignment,360,210,100.0,5.925268062053976e-14,0.0013304409016185626,01101110011100000110101000100000010100110100001000000000,npj SB,npj SB,100.0,True
8HFE,global_rotation_translation,combined_xz_rotation_x_translation_then_kabsch_alignment,360,240,100.0,1.264273115783744e-13,0.001330440901618482,01101110011100000110101000100000010100110100001000000000,npj SB,npj SB,100.0,True
8HFE,global_rotation_translation,combined_xz_rotation_x_translation_then_kabsch_alignment,360,270,100.0,5.888850118475386e-14,0.001330440901618052,01101110011100000110101000100000010100110100001000000000,npj SB,npj SB,100.0,True
8HFE,global_rotation_translation,combined_xz_rotation_x_translation_then_kabsch_alignment,360,300,100.0,8.361764338603734e-14,0.0013304409016189997,01101110011100000110101000100000010100110100001000000000,npj SB,npj SB,100.0,True
8HFE,global_rotation_translation,combined_xz_rotation_x_translation_then_kabsch_alignment,360,330,100.0,8.157248633015436e-14,0.0013304409016185858,01101110011100000110101000100000010100110100001000000000,npj SB,npj SB,100.0,True
8HFE,global_rotation_translation,combined_xz_rotation_x_translation_then_kabsch_alignment,360,360,100.0,3.2267554170976523e-13,0.00133044090162015,01101110011100000110101000100000010100110100001000000000,npj SB,npj SB,100.0,True
8VC8,global_rotation_translation,combined_xz_rotation_x_translation_then_kabsch_alignment,0,0,0.0,5.336528386581163e-15,0.0021867157767584407,01101110011100000110101000100000010100110100001000000000,npj SB,npj SB,100.0,True
8VC8,global_rotation_translation,combined_xz_rotation_x_translation_then_kabsch_alignment,0,30,0.0,1.0056170253176134e-14,0.0021867157767584354,01101110011100000110101000100000010100110100001000000000,npj SB,npj SB,100.0,True
8VC8,global_rotation_translation,combined_xz_rotation_x_translation_then_kabsch_alignment,0,60,0.0,5.664936150223048e-15,0.0021867157767586167,01101110011100000110101000100000010100110100001000000000,npj SB,npj SB,100.0,True
8VC8,global_rotation_translation,combined_xz_rotation_x_translation_then_kabsch_alignment,0,90,0.0,7.348940221775375e-15,0.0021867157767586362,01101110011100000110101000100000010100110100001000000000,npj SB,npj SB,100.0,True
8VC8,global_rotation_translation,combined_xz_rotation_x_translation_then_kabsch_alignment,0,120,0.0,6.4603801607477686e-15,0.002186715776758536,01101110011100000110101000100000010100110100001000000000,npj SB,npj SB,100.0,True
8VC8,global_rotation_translation,combined_xz_rotation_x_translation_then_kabsch_alignment,0,150,0.0,7.4423548113722e-15,0.002186715776758405,01101110011100000110101000100000010100110100001000000000,npj SB,npj SB,100.0,True
8VC8,global_rotation_translation,combined_xz_rotation_x_translation_then_kabsch_alignment,0,180,0.0,1.0314274145382232e-14,0.002186715776758586,01101110011100000110101000100000010100110100001000000000,npj SB,npj SB,100.0,True
8VC8,global_rotation_translation,combined_xz_rotation_x_translation_then_kabsch_alignment,0,210,0.0,1.1729433404129916e-14,0.002186715776758374,01101110011100000110101000100000010100110100001000000000,npj SB,npj SB,100.0,True
8VC8,global_rotation_translation,combined_xz_rotation_x_translation_then_kabsch_alignment,0,240,0.0,1.018550724694217e-14,0.002186715776758455,01101110011100000110101000100000010100110100001000000000,npj SB,npj SB,100.0,True
8VC8,global_rotation_translation,combined_xz_rotation_x_translation_then_kabsch_alignment,0,270,0.0,1.7916363689162265e-14,0.0021867157767585625,01101110011100000110101000100000010100110100001000000000,npj SB,npj SB,100.0,True
8VC8,global_rotation_translation,combined_xz_rotation_x_translation_then_kabsch_alignment,0,300,0.0,5.5824817753369876e-15,0.002186715776758875,01101110011100000110101000100000010100110100001000000000,npj SB,npj SB,100.0,True
8VC8,global_rotation_translation,combined_xz_rotation_x_translation_then_kabsch_alignment,0,330,0.0,1.612226723003877e-14,0.0021867157767583674,01101110011100000110101000100000010100110100001000000000,npj SB,npj SB,100.0,True
8VC8,global_rotation_translation,combined_xz_rotation_x_translation_then_kabsch_alignment,0,360,0.0,4.274760028782445e-15,0.002186715776758699,01101110011100000110101000100000010100110100001000000000,npj SB,npj SB,100.0,True
8VC8,global_rotation_translation,combined_xz_rotation_x_translation_then_kabsch_alignment,30,0,0.0,1.6573433755505792e-14,0.002186715776758984,01101110011100000110101000100000010100110100001000000000,npj SB,npj SB,100.0,True
8VC8,global_rotation_translation,combined_xz_rotation_x_translation_then_kabsch_alignment,30,30,0.0,2.039450031888346e-14,0.0021867157767586744,01101110011100000110101000100000010100110100001000000000,npj SB,npj SB,100.0,True
8VC8,global_rotation_translation,combined_xz_rotation_x_translation_then_kabsch_alignment,30,60,0.0,1.1893257483441163e-14,0.002186715776758634,01101110011100000110101000100000010100110100001000000000,npj SB,npj SB,100.0,True
8VC8,global_rotation_translation,combined_xz_rotation_x_translation_then_kabsch_alignment,30,90,0.0,1.2954757481503777e-14,0.0021867157767584177,01101110011100000110101000100000010100110100001000000000,npj SB,npj SB,100.0,True
8VC8,global_rotation_translation,combined_xz_rotation_x_translation_then_kabsch_alignment,30,120,0.0,1.4363131323011826e-14,0.0021867157767587906,01101110011100000110101000100000010100110100001000000000,npj SB,npj SB,100.0,True
8VC8,global_rotation_translation,combined_xz_rotation_x_translation_then_kabsch_alignment,30,150,0.0,1.3884788716105768e-14,0.002186715776758375,01101110011100000110101000100000010100110100001000000000,npj SB,npj SB,100.0,True
8VC8,global_rotation_translation,combined_xz_rotation_x_translation_then_kabsch_alignment,30,180,0.0,1.0353315010984119e-14,0.0021867157767586657,01101110011100000110101000100000010100110100001000000000,npj SB,npj SB,100.0,True
8VC8,global_rotation_translation,combined_xz_rotation_x_translation_then_kabsch_alignment,30,210,0.0,1.1811584611066792e-14,0.0021867157767587603,01101110011100000110101000100000010100110100001000000000,npj SB,npj SB,100.0,True
8VC8,global_rotation_translation,combined_xz_rotation_x_translation_then_kabsch_alignment,30,240,0.0,1.2526215489005804e-14,0.002186715776758681,01101110011100000110101000100000010100110100001000000000,npj SB,npj SB,100.0,True
8VC8,global_rotation_translation,combined_xz_rotation_x_translation_then_kabsch_alignment,30,270,0.0,2.234891580203219e-14,0.0021867157767586137,01101110011100000110101000100000010100110100001000000000,npj SB,npj SB,100.0,True
8VC8,global_rotation_translation,combined_xz_rotation_x_translation_then_kabsch_alignment,30,300,0.0,1.952090793785698e-14,0.00218671577675859,01101110011100000110101000100000010100110100001000000000,npj SB,npj SB,100.0,True
8VC8,global_rotation_translation,combined_xz_rotation_x_translation_then_kabsch_alignment,30,330,0.0,1.1421637709467126e-14,0.002186715776758632,01101110011100000110101000100000010100110100001000000000,npj SB,npj SB,100.0,True
8VC8,global_rotation_translation,combined_xz_rotation_x_translation_then_kabsch_alignment,30,360,0.0,1.697058346406722e-14,0.002186715776758718,01101110011100000110101000100000010100110100001000000000,npj SB,npj SB,100.0,True
8VC8,global_rotation_translation,combined_xz_rotation_x_translation_then_kabsch_alignment,60,0,0.0,1.6308683694955338e-14,0.0021867157767585135,01101110011100000110101000100000010100110100001000000000,npj SB,npj SB,100.0,True
8VC8,global_rotation_translation,combined_xz_rotation_x_translation_then_kabsch_alignment,60,30,0.0,1.4151742463160177e-14,0.0021867157767586263,01101110011100000110101000100000010100110100001000000000,npj SB,npj SB,100.0,True
8VC8,global_rotation_translation,combined_xz_rotation_x_translation_then_kabsch_alignment,60,60,0.0,1.5535598653563226e-14,0.0021867157767588193,01101110011100000110101000100000010100110100001000000000,npj SB,npj SB,100.0,True
8VC8,global_rotation_translation,combined_xz_rotation_x_translation_then_kabsch_alignment,60,90,0.0,1.446652296017642e-14,0.0021867157767585976,01101110011100000110101000100000010100110100001000000000,npj SB,npj SB,100.0,True
8VC8,global_rotation_translation,combined_xz_rotation_x_translation_then_kabsch_alignment,60,120,0.0,1.754300026401888e-14,0.0021867157767584684,01101110011100000110101000100000010100110100001000000000,npj SB,npj SB,100.0,True
8VC8,global_rotation_translation,combined_xz_rotation_x_translation_then_kabsch_alignment,60,150,0.0,1.4344065858440856e-14,0.0021867157767584285,01101110011100000110101000100000010100110100001000000000,npj SB,npj SB,100.0,True
8VC8,global_rotation_translation,combined_xz_rotation_x_translation_then_kabsch_alignment,60,180,0.0,1.159192939442259e-14,0.0021867157767582737,01101110011100000110101000100000010100110100001000000000,npj SB,npj SB,100.0,True
8VC8,global_rotation_translation,combined_xz_rotation_x_translation_then_kabsch_alignment,60,210,0.0,1.13702389681501e-14,0.0021867157767584103,01101110011100000110101000100000010100110100001000000000,npj SB,npj SB,100.0,True
8VC8,global_rotation_translation,combined_xz_rotation_x_translation_then_kabsch_alignment,60,240,0.0,1.7877182851816017e-14,0.002186715776758585,01101110011100000110101000100000010100110100001000000000,npj SB,npj SB,100.0,True
8VC8,global_rotation_translation,combined_xz_rotation_x_translation_then_kabsch_alignment,60,270,0.0,1.8580445426572634e-14,0.002186715776758656,01101110011100000110101000100000010100110100001000000000,npj SB,npj SB,100.0,True
8VC8,global_rotation_translation,combined_xz_rotation_x_translation_then_kabsch_alignment,60,300,0.0,1.4249057772186647e-14,0.0021867157767587733,01101110011100000110101000100000010100110100001000000000,npj SB,npj SB,100.0,True
8VC8,global_rotation_translation,combined_xz_rotation_x_translation_then_kabsch_alignment,60,330,0.0,9.148219592422547e-15,0.0021867157767585946,01101110011100000110101000100000010100110100001000000000,npj SB,npj SB,100.0,True
8VC8,global_rotation_translation,combined_xz_rotation_x_translation_then_kabsch_alignment,60,360,0.0,1.6296440991024644e-14,0.0021867157767589403,01101110011100000110101000100000010100110100001000000000,npj SB,npj SB,100.0,True
8VC8,global_rotation_translation,combined_xz_rotation_x_translation_then_kabsch_alignment,90,0,0.0,1.3089466441729932e-14,0.0021867157767584884,01101110011100000110101000100000010100110100001000000000,npj SB,npj SB,100.0,True
8VC8,global_rotation_translation,combined_xz_rotation_x_translation_then_kabsch_alignment,90,30,0.0,1.5737753372218738e-14,0.0021867157767582984,01101110011100000110101000100000010100110100001000000000,npj SB,npj SB,100.0,True
8VC8,global_rotation_translation,combined_xz_rotation_x_translation_then_kabsch_alignment,90,60,0.0,1.2767643297873364e-14,0.0021867157767581752,01101110011100000110101000100000010100110100001000000000,npj SB,npj SB,100.0,True
8VC8,global_rotation_translation,combined_xz_rotation_x_translation_then_kabsch_alignment,90,90,0.0,1.1492741430750824e-14,0.002186715776758341,01101110011100000110101000100000010100110100001000000000,npj SB,npj SB,100.0,True
8VC8,global_rotation_translation,combined_xz_rotation_x_translation_then_kabsch_alignment,90,120,0.0,1.2203121855393034e-14,0.0021867157767580876,01101110011100000110101000100000010100110100001000000000,npj SB,npj SB,100.0,True
8VC8,global_rotation_translation,combined_xz_rotation_x_translation_then_kabsch_alignment,90,150,0.0,1.9382057548954304e-14,0.002186715776758611,01101110011100000110101000100000010100110100001000000000,npj SB,npj SB,100.0,True
8VC8,global_rotation_translation,combined_xz_rotation_x_translation_then_kabsch_alignment,90,180,0.0,1.1850609808869351e-14,0.0021867157767585807,01101110011100000110101000100000010100110100001000000000,npj SB,npj SB,100.0,True
8VC8,global_rotation_translation,combined_xz_rotation_x_translation_then_kabsch_alignment,90,210,0.0,1.4188447820133082e-14,0.002186715776758826,01101110011100000110101000100000010100110100001000000000,npj SB,npj SB,100.0,True
8VC8,global_rotation_translation,combined_xz_rotation_x_translation_then_kabsch_alignment,90,240,0.0,1.1435505871071927e-14,0.0021867157767587473,01101110011100000110101000100000010100110100001000000000,npj SB,npj SB,100.0,True
8VC8,global_rotation_translation,combined_xz_rotation_x_translation_then_kabsch_alignment,90,270,0.0,1.929100714279676e-14,0.0021867157767585968,01101110011100000110101000100000010100110100001000000000,npj SB,npj SB,100.0,True
8VC8,global_rotation_translation,combined_xz_rotation_x_translation_then_kabsch_alignment,90,300,0.0,1.847405490562439e-14,0.0021867157767586393,01101110011100000110101000100000010100110100001000000000,npj SB,npj SB,100.0,True
8VC8,global_rotation_translation,combined_xz_rotation_x_translation_then_kabsch_alignment,90,330,0.0,8.136736100254795e-15,0.0021867157767586107,01101110011100000110101000100000010100110100001000000000,npj SB,npj SB,100.0,True
8VC8,global_rotation_translation,combined_xz_rotation_x_translation_then_kabsch_alignment,90,360,0.0,1.2147841327000443e-14,0.002186715776758316,01101110011100000110101000100000010100110100001000000000,npj SB,npj SB,100.0,True
8VC8,global_rotation_translation,combined_xz_rotation_x_translation_then_kabsch_alignment,120,0,0.0,1.5894222104497355e-14,0.002186715776758473,01101110011100000110101000100000010100110100001000000000,npj SB,npj SB,100.0,True
8VC8,global_rotation_translation,combined_xz_rotation_x_translation_then_kabsch_alignment,120,30,0.0,1.6784939947558243e-14,0.0021867157767586414,01101110011100000110101000100000010100110100001000000000,npj SB,npj SB,100.0,True
8VC8,global_rotation_translation,combined_xz_rotation_x_translation_then_kabsch_alignment,120,60,0.0,1.1563015645622698e-14,0.002186715776758252,01101110011100000110101000100000010100110100001000000000,npj SB,npj SB,100.0,True
8VC8,global_rotation_translation,combined_xz_rotation_x_translation_then_kabsch_alignment,120,90,0.0,1.27467459354039e-14,0.002186715776758099,01101110011100000110101000100000010100110100001000000000,npj SB,npj SB,100.0,True
8VC8,global_rotation_translation,combined_xz_rotation_x_translation_then_kabsch_alignment,120,120,0.0,1.5535604694682562e-14,0.002186715776758203,01101110011100000110101000100000010100110100001000000000,npj SB,npj SB,100.0,True
8VC8,global_rotation_translation,combined_xz_rotation_x_translation_then_kabsch_alignment,120,150,0.0,1.3013274823753885e-14,0.002186715776758301,01101110011100000110101000100000010100110100001000000000,npj SB,npj SB,100.0,True
8VC8,global_rotation_translation,combined_xz_rotation_x_translation_then_kabsch_alignment,120,180,0.0,1.2959598404692363e-14,0.0021867157767583648,01101110011100000110101000100000010100110100001000000000,npj SB,npj SB,100.0,True
8VC8,global_rotation_translation,combined_xz_rotation_x_translation_then_kabsch_alignment,120,210,0.0,1.0150948706638724e-14,0.002186715776758242,01101110011100000110101000100000010100110100001000000000,npj SB,npj SB,100.0,True
8VC8,global_rotation_translation,combined_xz_rotation_x_translation_then_kabsch_alignment,120,240,0.0,1.2312996725248946e-14,0.0021867157767584177,01101110011100000110101000100000010100110100001000000000,npj SB,npj SB,100.0,True
8VC8,global_rotation_translation,combined_xz_rotation_x_translation_then_kabsch_alignment,120,270,0.0,1.8767137350468512e-14,0.0021867157767582308,01101110011100000110101000100000010100110100001000000000,npj SB,npj SB,100.0,True
8VC8,global_rotation_translation,combined_xz_rotation_x_translation_then_kabsch_alignment,120,300,0.0,1.1421281288391714e-14,0.0021867157767586996,01101110011100000110101000100000010100110100001000000000,npj SB,npj SB,100.0,True
8VC8,global_rotation_translation,combined_xz_rotation_x_translation_then_kabsch_alignment,120,330,0.0,1.2307980279738047e-14,0.002186715776758684,01101110011100000110101000100000010100110100001000000000,npj SB,npj SB,100.0,True
8VC8,global_rotation_translation,combined_xz_rotation_x_translation_then_kabsch_alignment,120,360,0.0,1.7808471407038623e-14,0.002186715776758577,01101110011100000110101000100000010100110100001000000000,npj SB,npj SB,100.0,True
8VC8,global_rotation_translation,combined_xz_rotation_x_translation_then_kabsch_alignment,150,0,0.0,1.0035188017011616e-14,0.0021867157767582923,01101110011100000110101000100000010100110100001000000000,npj SB,npj SB,100.0,True
8VC8,global_rotation_translation,combined_xz_rotation_x_translation_then_kabsch_alignment,150,30,0.0,2.011924521161925e-14,0.002186715776758206,01101110011100000110101000100000010100110100001000000000,npj SB,npj SB,100.0,True
8VC8,global_rotation_translation,combined_xz_rotation_x_translation_then_kabsch_alignment,150,60,0.0,9.721156116840396e-15,0.002186715776758251,01101110011100000110101000100000010100110100001000000000,npj SB,npj SB,100.0,True
8VC8,global_rotation_translation,combined_xz_rotation_x_translation_then_kabsch_alignment,150,90,0.0,8.696525000341106e-15,0.0021867157767582602,01101110011100000110101000100000010100110100001000000000,npj SB,npj SB,100.0,True
8VC8,global_rotation_translation,combined_xz_rotation_x_translation_then_kabsch_alignment,150,120,0.0,1.273950795940418e-14,0.002186715776758242,01101110011100000110101000100000010100110100001000000000,npj SB,npj SB,100.0,True
8VC8,global_rotation_translation,combined_xz_rotation_x_translation_then_kabsch_alignment,150,150,0.0,1.034972504070254e-14,0.0021867157767582407,01101110011100000110101000100000010100110100001000000000,npj SB,npj SB,100.0,True
8VC8,global_rotation_translation,combined_xz_rotation_x_translation_then_kabsch_alignment,150,180,0.0,1.5014384215815973e-14,0.002186715776758677,01101110011100000110101000100000010100110100001000000000,npj SB,npj SB,100.0,True
8VC8,global_rotation_translation,combined_xz_rotation_x_translation_then_kabsch_alignment,150,210,0.0,1.0924960309902611e-14,0.002186715776758464,01101110011100000110101000100000010100110100001000000000,npj SB,npj SB,100.0,True
8VC8,global_rotation_translation,combined_xz_rotation_x_translation_then_kabsch_alignment,150,240,0.0,1.2849169264887514e-14,0.0021867157767587334,01101110011100000110101000100000010100110100001000000000,npj SB,npj SB,100.0,True
8VC8,global_rotation_translation,combined_xz_rotation_x_translation_then_kabsch_alignment,150,270,0.0,2.1080516008615657e-14,0.002186715776758338,01101110011100000110101000100000010100110100001000000000,npj SB,npj SB,100.0,True
8VC8,global_rotation_translation,combined_xz_rotation_x_translation_then_kabsch_alignment,150,300,0.0,1.0674320735518592e-14,0.0021867157767585855,01101110011100000110101000100000010100110100001000000000,npj SB,npj SB,100.0,True
8VC8,global_rotation_translation,combined_xz_rotation_x_translation_then_kabsch_alignment,150,330,0.0,9.703544927687429e-15,0.0021867157767585235,01101110011100000110101000100000010100110100001000000000,npj SB,npj SB,100.0,True
8VC8,global_rotation_translation,combined_xz_rotation_x_translation_then_kabsch_alignment,150,360,0.0,1.2752501428803888e-14,0.0021867157767582724,01101110011100000110101000100000010100110100001000000000,npj SB,npj SB,100.0,True
8VC8,global_rotation_translation,combined_xz_rotation_x_translation_then_kabsch_alignment,180,0,0.0,1.1006761897339585e-14,0.0021867157767583695,01101110011100000110101000100000010100110100001000000000,npj SB,npj SB,100.0,True
8VC8,global_rotation_translation,combined_xz_rotation_x_translation_then_kabsch_alignment,180,30,0.0,8.314928794067109e-15,0.002186715776758524,01101110011100000110101000100000010100110100001000000000,npj SB,npj SB,100.0,True
8VC8,global_rotation_translation,combined_xz_rotation_x_translation_then_kabsch_alignment,180,60,0.0,6.179245209229745e-15,0.0021867157767585066,01101110011100000110101000100000010100110100001000000000,npj SB,npj SB,100.0,True
8VC8,global_rotation_translation,combined_xz_rotation_x_translation_then_kabsch_alignment,180,90,0.0,9.402950871731239e-15,0.0021867157767584047,01101110011100000110101000100000010100110100001000000000,npj SB,npj SB,100.0,True
8VC8,global_rotation_translation,combined_xz_rotation_x_translation_then_kabsch_alignment,180,120,0.0,9.57904819396628e-15,0.002186715776758775,01101110011100000110101000100000010100110100001000000000,npj SB,npj SB,100.0,True
8VC8,global_rotation_translation,combined_xz_rotation_x_translation_then_kabsch_alignment,180,150,0.0,8.455044011416051e-15,0.0021867157767585534,01101110011100000110101000100000010100110100001000000000,npj SB,npj SB,100.0,True
8VC8,global_rotation_translation,combined_xz_rotation_x_translation_then_kabsch_alignment,180,180,0.0,7.797283604405713e-15,0.002186715776758222,01101110011100000110101000100000010100110100001000000000,npj SB,npj SB,100.0,True
8VC8,global_rotation_translation,combined_xz_rotation_x_translation_then_kabsch_alignment,180,210,0.0,1.8221916474505274e-14,0.0021867157767582134,01101110011100000110101000100000010100110100001000000000,npj SB,npj SB,100.0,True
8VC8,global_rotation_translation,combined_xz_rotation_x_translation_then_kabsch_alignment,180,240,0.0,9.787992605963315e-15,0.0021867157767584476,01101110011100000110101000100000010100110100001000000000,npj SB,npj SB,100.0,True
8VC8,global_rotation_translation,combined_xz_rotation_x_translation_then_kabsch_alignment,180,270,0.0,1.545054965566452e-14,0.0021867157767583843,01101110011100000110101000100000010100110100001000000000,npj SB,npj SB,100.0,True
8VC8,global_rotation_translation,combined_xz_rotation_x_translation_then_kabsch_alignment,180,300,0.0,1.3982147315588167e-14,0.0021867157767582286,01101110011100000110101000100000010100110100001000000000,npj SB,npj SB,100.0,True
8VC8,global_rotation_translation,combined_xz_rotation_x_translation_then_kabsch_alignment,180,330,0.0,9.64684011447249e-15,0.002186715776758466,01101110011100000110101000100000010100110100001000000000,npj SB,npj SB,100.0,True
8VC8,global_rotation_translation,combined_xz_rotation_x_translation_then_kabsch_alignment,180,360,0.0,7.801010628720895e-15,0.002186715776758196,01101110011100000110101000100000010100110100001000000000,npj SB,npj SB,100.0,True
8VC8,global_rotation_translation,combined_xz_rotation_x_translation_then_kabsch_alignment,210,0,0.0,9.546328386875952e-15,0.00218671577675827,01101110011100000110101000100000010100110100001000000000,npj SB,npj SB,100.0,True
8VC8,global_rotation_translation,combined_xz_rotation_x_translation_then_kabsch_alignment,210,30,0.0,1.0828191628386595e-14,0.0021867157767583903,01101110011100000110101000100000010100110100001000000000,npj SB,npj SB,100.0,True
8VC8,global_rotation_translation,combined_xz_rotation_x_translation_then_kabsch_alignment,210,60,0.0,1.270198217692958e-14,0.002186715776758321,01101110011100000110101000100000010100110100001000000000,npj SB,npj SB,100.0,True
8VC8,global_rotation_translation,combined_xz_rotation_x_translation_then_kabsch_alignment,210,90,0.0,1.3993960455237415e-14,0.0021867157767585872,01101110011100000110101000100000010100110100001000000000,npj SB,npj SB,100.0,True
8VC8,global_rotation_translation,combined_xz_rotation_x_translation_then_kabsch_alignment,210,120,0.0,1.0787530115519647e-14,0.002186715776758396,01101110011100000110101000100000010100110100001000000000,npj SB,npj SB,100.0,True
8VC8,global_rotation_translation,combined_xz_rotation_x_translation_then_kabsch_alignment,210,150,0.0,1.8591299470403733e-14,0.0021867157767585365,01101110011100000110101000100000010100110100001000000000,npj SB,npj SB,100.0,True
8VC8,global_rotation_translation,combined_xz_rotation_x_translation_then_kabsch_alignment,210,180,0.0,2.1945340781791156e-14,0.0021867157767583257,01101110011100000110101000100000010100110100001000000000,npj SB,npj SB,100.0,True
8VC8,global_rotation_translation,combined_xz_rotation_x_translation_then_kabsch_alignment,210,210,0.0,1.1716853720108279e-14,0.00218671577675812,01101110011100000110101000100000010100110100001000000000,npj SB,npj SB,100.0,True
8VC8,global_rotation_translation,combined_xz_rotation_x_translation_then_kabsch_alignment,210,240,0.0,1.7347108711396478e-14,0.002186715776758608,01101110011100000110101000100000010100110100001000000000,npj SB,npj SB,100.0,True
8VC8,global_rotation_translation,combined_xz_rotation_x_translation_then_kabsch_alignment,210,270,0.0,1.7688611821246535e-14,0.0021867157767581826,01101110011100000110101000100000010100110100001000000000,npj SB,npj SB,100.0,True
8VC8,global_rotation_translation,combined_xz_rotation_x_translation_then_kabsch_alignment,210,300,0.0,1.0707141963230088e-14,0.0021867157767582923,01101110011100000110101000100000010100110100001000000000,npj SB,npj SB,100.0,True
8VC8,global_rotation_translation,combined_xz_rotation_x_translation_then_kabsch_alignment,210,330,0.0,8.381583555061264e-15,0.0021867157767584914,01101110011100000110101000100000010100110100001000000000,npj SB,npj SB,100.0,True
8VC8,global_rotation_translation,combined_xz_rotation_x_translation_then_kabsch_alignment,210,360,0.0,9.660870228560898e-15,0.0021867157767582936,01101110011100000110101000100000010100110100001000000000,npj SB,npj SB,100.0,True
8VC8,global_rotation_translation,combined_xz_rotation_x_translation_then_kabsch_alignment,240,0,0.0,9.460448289159049e-15,0.002186715776758396,01101110011100000110101000100000010100110100001000000000,npj SB,npj SB,100.0,True
8VC8,global_rotation_translation,combined_xz_rotation_x_translation_then_kabsch_alignment,240,30,0.0,1.2912144514856109e-14,0.00218671577675837,01101110011100000110101000100000010100110100001000000000,npj SB,npj SB,100.0,True
8VC8,global_rotation_translation,combined_xz_rotation_x_translation_then_kabsch_alignment,240,60,0.0,1.4625225056075797e-14,0.0021867157767586267,01101110011100000110101000100000010100110100001000000000,npj SB,npj SB,100.0,True
8VC8,global_rotation_translation,combined_xz_rotation_x_translation_then_kabsch_alignment,240,90,0.0,1.4877668615853967e-14,0.0021867157767586644,01101110011100000110101000100000010100110100001000000000,npj SB,npj SB,100.0,True
8VC8,global_rotation_translation,combined_xz_rotation_x_translation_then_kabsch_alignment,240,120,0.0,1.0090801490496975e-14,0.0021867157767585348,01101110011100000110101000100000010100110100001000000000,npj SB,npj SB,100.0,True
8VC8,global_rotation_translation,combined_xz_rotation_x_translation_then_kabsch_alignment,240,150,0.0,9.378153234284494e-15,0.0021867157767584203,01101110011100000110101000100000010100110100001000000000,npj SB,npj SB,100.0,True
8VC8,global_rotation_translation,combined_xz_rotation_x_translation_then_kabsch_alignment,240,180,0.0,1.8474413058275067e-14,0.0021867157767587056,01101110011100000110101000100000010100110100001000000000,npj SB,npj SB,100.0,True
8VC8,global_rotation_translation,combined_xz_rotation_x_translation_then_kabsch_alignment,240,210,0.0,1.1203752784429894e-14,0.002186715776758214,01101110011100000110101000100000010100110100001000000000,npj SB,npj SB,100.0,True
8VC8,global_rotation_translation,combined_xz_rotation_x_translation_then_kabsch_alignment,240,240,0.0,1.5664504056858102e-14,0.0021867157767584103,01101110011100000110101000100000010100110100001000000000,npj SB,npj SB,100.0,True
8VC8,global_rotation_translation,combined_xz_rotation_x_translation_then_kabsch_alignment,240,270,0.0,2.101219402962901e-14,0.0021867157767582255,01101110011100000110101000100000010100110100001000000000,npj SB,npj SB,100.0,True
8VC8,global_rotation_translation,combined_xz_rotation_x_translation_then_kabsch_alignment,240,300,0.0,1.6606964038810895e-14,0.0021867157767579224,01101110011100000110101000100000010100110100001000000000,npj SB,npj SB,100.0,True
8VC8,global_rotation_translation,combined_xz_rotation_x_translation_then_kabsch_alignment,240,330,0.0,1.0809922642299373e-14,0.0021867157767584697,01101110011100000110101000100000010100110100001000000000,npj SB,npj SB,100.0,True
8VC8,global_rotation_translation,combined_xz_rotation_x_translation_then_kabsch_alignment,240,360,0.0,1.5711013957668014e-14,0.0021867157767584263,01101110011100000110101000100000010100110100001000000000,npj SB,npj SB,100.0,True
8VC8,global_rotation_translation,combined_xz_rotation_x_translation_then_kabsch_alignment,270,0,0.0,1.2364125219205075e-14,0.0021867157767584983,01101110011100000110101000100000010100110100001000000000,npj SB,npj SB,100.0,True
8VC8,global_rotation_translation,combined_xz_rotation_x_translation_then_kabsch_alignment,270,30,0.0,2.2312348506145553e-14,0.0021867157767587624,01101110011100000110101000100000010100110100001000000000,npj SB,npj SB,100.0,True
8VC8,global_rotation_translation,combined_xz_rotation_x_translation_then_kabsch_alignment,270,60,0.0,1.5180184760548728e-14,0.0021867157767586497,01101110011100000110101000100000010100110100001000000000,npj SB,npj SB,100.0,True
8VC8,global_rotation_translation,combined_xz_rotation_x_translation_then_kabsch_alignment,270,90,0.0,1.4678947118093115e-14,0.0021867157767587356,01101110011100000110101000100000010100110100001000000000,npj SB,npj SB,100.0,True
8VC8,global_rotation_translation,combined_xz_rotation_x_translation_then_kabsch_alignment,270,120,0.0,1.401006723649044e-14,0.0021867157767587976,01101110011100000110101000100000010100110100001000000000,npj SB,npj SB,100.0,True
8VC8,global_rotation_translation,combined_xz_rotation_x_translation_then_kabsch_alignment,270,150,0.0,1.8438463253349736e-14,0.002186715776758687,01101110011100000110101000100000010100110100001000000000,npj SB,npj SB,100.0,True
8VC8,global_rotation_translation,combined_xz_rotation_x_translation_then_kabsch_alignment,270,180,0.0,1.438320578560936e-14,0.002186715776758717,01101110011100000110101000100000010100110100001000000000,npj SB,npj SB,100.0,True
8VC8,global_rotation_translation,combined_xz_rotation_x_translation_then_kabsch_alignment,270,210,0.0,1.3244537621145588e-14,0.002186715776758776,01101110011100000110101000100000010100110100001000000000,npj SB,npj SB,100.0,True
8VC8,global_rotation_translation,combined_xz_rotation_x_translation_then_kabsch_alignment,270,240,0.0,1.678217287563886e-14,0.002186715776758402,01101110011100000110101000100000010100110100001000000000,npj SB,npj SB,100.0,True
8VC8,global_rotation_translation,combined_xz_rotation_x_translation_then_kabsch_alignment,270,270,0.0,2.0793001772225746e-14,0.0021867157767585703,01101110011100000110101000100000010100110100001000000000,npj SB,npj SB,100.0,True
8VC8,global_rotation_translation,combined_xz_rotation_x_translation_then_kabsch_alignment,270,300,0.0,1.2860288389427424e-14,0.002186715776758372,01101110011100000110101000100000010100110100001000000000,npj SB,npj SB,100.0,True
8VC8,global_rotation_translation,combined_xz_rotation_x_translation_then_kabsch_alignment,270,330,0.0,1.6098415398227158e-14,0.002186715776758309,01101110011100000110101000100000010100110100001000000000,npj SB,npj SB,100.0,True
8VC8,global_rotation_translation,combined_xz_rotation_x_translation_then_kabsch_alignment,270,360,0.0,1.2498909664494233e-14,0.0021867157767586436,01101110011100000110101000100000010100110100001000000000,npj SB,npj SB,100.0,True
8VC8,global_rotation_translation,combined_xz_rotation_x_translation_then_kabsch_alignment,300,0,0.0,1.3226015531839465e-14,0.0021867157767585937,01101110011100000110101000100000010100110100001000000000,npj SB,npj SB,100.0,True
8VC8,global_rotation_translation,combined_xz_rotation_x_translation_then_kabsch_alignment,300,30,0.0,1.432552971600834e-14,0.002186715776758674,01101110011100000110101000100000010100110100001000000000,npj SB,npj SB,100.0,True
8VC8,global_rotation_translation,combined_xz_rotation_x_translation_then_kabsch_alignment,300,60,0.0,1.4637745994617375e-14,0.002186715776758749,01101110011100000110101000100000010100110100001000000000,npj SB,npj SB,100.0,True
8VC8,global_rotation_translation,combined_xz_rotation_x_translation_then_kabsch_alignment,300,90,0.0,1.470835414358363e-14,0.0021867157767585734,01101110011100000110101000100000010100110100001000000000,npj SB,npj SB,100.0,True
8VC8,global_rotation_translation,combined_xz_rotation_x_translation_then_kabsch_alignment,300,120,0.0,1.3823094069197515e-14,0.0021867157767587473,01101110011100000110101000100000010100110100001000000000,npj SB,npj SB,100.0,True
8VC8,global_rotation_translation,combined_xz_rotation_x_translation_then_kabsch_alignment,300,150,0.0,1.9853140043690867e-14,0.0021867157767587893,01101110011100000110101000100000010100110100001000000000,npj SB,npj SB,100.0,True
8VC8,global_rotation_translation,combined_xz_rotation_x_translation_then_kabsch_alignment,300,180,0.0,2.0674124358678555e-14,0.0021867157767586484,01101110011100000110101000100000010100110100001000000000,npj SB,npj SB,100.0,True
8VC8,global_rotation_translation,combined_xz_rotation_x_translation_then_kabsch_alignment,300,210,0.0,1.5004865345419185e-14,0.0021867157767584554,01101110011100000110101000100000010100110100001000000000,npj SB,npj SB,100.0,True
8VC8,global_rotation_translation,combined_xz_rotation_x_translation_then_kabsch_alignment,300,240,0.0,1.2121798899393278e-14,0.0021867157767586896,01101110011100000110101000100000010100110100001000000000,npj SB,npj SB,100.0,True
8VC8,global_rotation_translation,combined_xz_rotation_x_translation_then_kabsch_alignment,300,270,0.0,1.876877132073991e-14,0.0021867157767583687,01101110011100000110101000100000010100110100001000000000,npj SB,npj SB,100.0,True
8VC8,global_rotation_translation,combined_xz_rotation_x_translation_then_kabsch_alignment,300,300,0.0,1.5242310488412517e-14,0.0021867157767583513,01101110011100000110101000100000010100110100001000000000,npj SB,npj SB,100.0,True
8VC8,global_rotation_translation,combined_xz_rotation_x_translation_then_kabsch_alignment,300,330,0.0,1.1720059965957783e-14,0.0021867157767585183,01101110011100000110101000100000010100110100001000000000,npj SB,npj SB,100.0,True
8VC8,global_rotation_translation,combined_xz_rotation_x_translation_then_kabsch_alignment,300,360,0.0,1.1144340171830881e-14,0.0021867157767586653,01101110011100000110101000100000010100110100001000000000,npj SB,npj SB,100.0,True
8VC8,global_rotation_translation,combined_xz_rotation_x_translation_then_kabsch_alignment,330,0,0.0,9.4607223391378e-15,0.002186715776758742,01101110011100000110101000100000010100110100001000000000,npj SB,npj SB,100.0,True
8VC8,global_rotation_translation,combined_xz_rotation_x_translation_then_kabsch_alignment,330,30,0.0,1.051972182849912e-14,0.002186715776758193,01101110011100000110101000100000010100110100001000000000,npj SB,npj SB,100.0,True
8VC8,global_rotation_translation,combined_xz_rotation_x_translation_then_kabsch_alignment,330,60,0.0,8.451166850682404e-15,0.0021867157767584875,01101110011100000110101000100000010100110100001000000000,npj SB,npj SB,100.0,True
8VC8,global_rotation_translation,combined_xz_rotation_x_translation_then_kabsch_alignment,330,90,0.0,9.512315645253479e-15,0.0021867157767586605,01101110011100000110101000100000010100110100001000000000,npj SB,npj SB,100.0,True
8VC8,global_rotation_translation,combined_xz_rotation_x_translation_then_kabsch_alignment,330,120,0.0,8.022094951160981e-15,0.0021867157767586185,01101110011100000110101000100000010100110100001000000000,npj SB,npj SB,100.0,True
8VC8,global_rotation_translation,combined_xz_rotation_x_translation_then_kabsch_alignment,330,150,0.0,1.518935279139077e-14,0.0021867157767588657,01101110011100000110101000100000010100110100001000000000,npj SB,npj SB,100.0,True
8VC8,global_rotation_translation,combined_xz_rotation_x_translation_then_kabsch_alignment,330,180,0.0,6.715867265099185e-15,0.0021867157767585205,01101110011100000110101000100000010100110100001000000000,npj SB,npj SB,100.0,True
8VC8,global_rotation_translation,combined_xz_rotation_x_translation_then_kabsch_alignment,330,210,0.0,7.771120042296071e-15,0.0021867157767585135,01101110011100000110101000100000010100110100001000000000,npj SB,npj SB,100.0,True
8VC8,global_rotation_translation,combined_xz_rotation_x_translation_then_kabsch_alignment,330,240,0.0,1.3189021961509824e-14,0.0021867157767586566,01101110011100000110101000100000010100110100001000000000,npj SB,npj SB,100.0,True
8VC8,global_rotation_translation,combined_xz_rotation_x_translation_then_kabsch_alignment,330,270,0.0,1.8488146319286312e-14,0.0021867157767582047,01101110011100000110101000100000010100110100001000000000,npj SB,npj SB,100.0,True
8VC8,global_rotation_translation,combined_xz_rotation_x_translation_then_kabsch_alignment,330,300,0.0,1.255212516231126e-14,0.002186715776758675,01101110011100000110101000100000010100110100001000000000,npj SB,npj SB,100.0,True
8VC8,global_rotation_translation,combined_xz_rotation_x_translation_then_kabsch_alignment,330,330,0.0,6.257918618917672e-15,0.0021867157767582078,01101110011100000110101000100000010100110100001000000000,npj SB,npj SB,100.0,True
8VC8,global_rotation_translation,combined_xz_rotation_x_translation_then_kabsch_alignment,330,360,0.0,1.428636617382726e-14,0.002186715776758803,01101110011100000110101000100000010100110100001000000000,npj SB,npj SB,100.0,True
8VC8,global_rotation_translation,combined_xz_rotation_x_translation_then_kabsch_alignment,360,0,0.0,7.730025920973998e-15,0.0021867157767583786,01101110011100000110101000100000010100110100001000000000,npj SB,npj SB,100.0,True
8VC8,global_rotation_translation,combined_xz_rotation_x_translation_then_kabsch_alignment,360,30,0.0,1.0469030196651627e-14,0.002186715776758345,01101110011100000110101000100000010100110100001000000000,npj SB,npj SB,100.0,True
8VC8,global_rotation_translation,combined_xz_rotation_x_translation_then_kabsch_alignment,360,60,0.0,6.907117143981286e-15,0.0021867157767584476,01101110011100000110101000100000010100110100001000000000,npj SB,npj SB,100.0,True
8VC8,global_rotation_translation,combined_xz_rotation_x_translation_then_kabsch_alignment,360,90,0.0,1.3105725275828497e-14,0.0021867157767579432,01101110011100000110101000100000010100110100001000000000,npj SB,npj SB,100.0,True
8VC8,global_rotation_translation,combined_xz_rotation_x_translation_then_kabsch_alignment,360,120,0.0,8.553876490300425e-15,0.0021867157767581982,01101110011100000110101000100000010100110100001000000000,npj SB,npj SB,100.0,True
8VC8,global_rotation_translation,combined_xz_rotation_x_translation_then_kabsch_alignment,360,150,0.0,8.349262528977255e-15,0.0021867157767582785,01101110011100000110101000100000010100110100001000000000,npj SB,npj SB,100.0,True
8VC8,global_rotation_translation,combined_xz_rotation_x_translation_then_kabsch_alignment,360,180,0.0,1.1015724619290011e-14,0.002186715776758508,01101110011100000110101000100000010100110100001000000000,npj SB,npj SB,100.0,True
8VC8,global_rotation_translation,combined_xz_rotation_x_translation_then_kabsch_alignment,360,210,0.0,1.0274242488567189e-14,0.0021867157767584654,01101110011100000110101000100000010100110100001000000000,npj SB,npj SB,100.0,True
8VC8,global_rotation_translation,combined_xz_rotation_x_translation_then_kabsch_alignment,360,240,0.0,9.972192097724522e-15,0.0021867157767584684,01101110011100000110101000100000010100110100001000000000,npj SB,npj SB,100.0,True
8VC8,global_rotation_translation,combined_xz_rotation_x_translation_then_kabsch_alignment,360,270,0.0,1.4209336571020682e-14,0.002186715776758462,01101110011100000110101000100000010100110100001000000000,npj SB,npj SB,100.0,True
8VC8,global_rotation_translation,combined_xz_rotation_x_translation_then_kabsch_alignment,360,300,0.0,8.219608589701607e-15,0.0021867157767585695,01101110011100000110101000100000010100110100001000000000,npj SB,npj SB,100.0,True
8VC8,global_rotation_translation,combined_xz_rotation_x_translation_then_kabsch_alignment,360,330,0.0,1.6321294823080057e-14,0.0021867157767585816,01101110011100000110101000100000010100110100001000000000,npj SB,npj SB,100.0,True
8VC8,global_rotation_translation,combined_xz_rotation_x_translation_then_kabsch_alignment,360,360,0.0,6.320727768828607e-15,0.002186715776758673,01101110011100000110101000100000010100110100001000000000,npj SB,npj SB,100.0,True
8VC8,global_rotation_translation,combined_xz_rotation_x_translation_then_kabsch_alignment,0,0,0.5,5.393197999872926e-15,0.0021867157767584884,01101110011100000110101000100000010100110100001000000000,npj SB,npj SB,100.0,True
8VC8,global_rotation_translation,combined_xz_rotation_x_translation_then_kabsch_alignment,0,30,0.5,9.714311920021886e-15,0.0021867157767584337,01101110011100000110101000100000010100110100001000000000,npj SB,npj SB,100.0,True
8VC8,global_rotation_translation,combined_xz_rotation_x_translation_then_kabsch_alignment,0,60,0.5,5.6231471315081305e-15,0.0021867157767584207,01101110011100000110101000100000010100110100001000000000,npj SB,npj SB,100.0,True
8VC8,global_rotation_translation,combined_xz_rotation_x_translation_then_kabsch_alignment,0,90,0.5,7.095088184235617e-15,0.002186715776758418,01101110011100000110101000100000010100110100001000000000,npj SB,npj SB,100.0,True
8VC8,global_rotation_translation,combined_xz_rotation_x_translation_then_kabsch_alignment,0,120,0.5,5.40233762293477e-15,0.00218671577675855,01101110011100000110101000100000010100110100001000000000,npj SB,npj SB,100.0,True
8VC8,global_rotation_translation,combined_xz_rotation_x_translation_then_kabsch_alignment,0,150,0.5,5.4930102818474945e-15,0.00218671577675841,01101110011100000110101000100000010100110100001000000000,npj SB,npj SB,100.0,True
8VC8,global_rotation_translation,combined_xz_rotation_x_translation_then_kabsch_alignment,0,180,0.5,1.0337996921567007e-14,0.002186715776758545,01101110011100000110101000100000010100110100001000000000,npj SB,npj SB,100.0,True
8VC8,global_rotation_translation,combined_xz_rotation_x_translation_then_kabsch_alignment,0,210,0.5,1.1331842928923162e-14,0.002186715776758472,01101110011100000110101000100000010100110100001000000000,npj SB,npj SB,100.0,True
8VC8,global_rotation_translation,combined_xz_rotation_x_translation_then_kabsch_alignment,0,240,0.5,9.882264669303607e-15,0.002186715776758456,01101110011100000110101000100000010100110100001000000000,npj SB,npj SB,100.0,True
8VC8,global_rotation_translation,combined_xz_rotation_x_translation_then_kabsch_alignment,0,270,0.5,1.7808685091839192e-14,0.0021867157767585716,01101110011100000110101000100000010100110100001000000000,npj SB,npj SB,100.0,True
8VC8,global_rotation_translation,combined_xz_rotation_x_translation_then_kabsch_alignment,0,300,0.5,7.325970754312526e-15,0.002186715776758644,01101110011100000110101000100000010100110100001000000000,npj SB,npj SB,100.0,True
8VC8,global_rotation_translation,combined_xz_rotation_x_translation_then_kabsch_alignment,0,330,0.5,1.5965104925464182e-14,0.0021867157767585053,01101110011100000110101000100000010100110100001000000000,npj SB,npj SB,100.0,True
8VC8,global_rotation_translation,combined_xz_rotation_x_translation_then_kabsch_alignment,0,360,0.5,6.5169309881380995e-15,0.0021867157767586753,01101110011100000110101000100000010100110100001000000000,npj SB,npj SB,100.0,True
8VC8,global_rotation_translation,combined_xz_rotation_x_translation_then_kabsch_alignment,30,0,0.5,1.6520733314882084e-14,0.002186715776758955,01101110011100000110101000100000010100110100001000000000,npj SB,npj SB,100.0,True
8VC8,global_rotation_translation,combined_xz_rotation_x_translation_then_kabsch_alignment,30,30,0.5,2.0951751833785283e-14,0.002186715776758559,01101110011100000110101000100000010100110100001000000000,npj SB,npj SB,100.0,True
8VC8,global_rotation_translation,combined_xz_rotation_x_translation_then_kabsch_alignment,30,60,0.5,1.1974068283732632e-14,0.0021867157767586605,01101110011100000110101000100000010100110100001000000000,npj SB,npj SB,100.0,True
8VC8,global_rotation_translation,combined_xz_rotation_x_translation_then_kabsch_alignment,30,90,0.5,1.4854719285090128e-14,0.0021867157767585404,01101110011100000110101000100000010100110100001000000000,npj SB,npj SB,100.0,True
8VC8,global_rotation_translation,combined_xz_rotation_x_translation_then_kabsch_alignment,30,120,0.5,1.3525042849487865e-14,0.0021867157767586206,01101110011100000110101000100000010100110100001000000000,npj SB,npj SB,100.0,True
8VC8,global_rotation_translation,combined_xz_rotation_x_translation_then_kabsch_alignment,30,150,0.5,1.2806939938863808e-14,0.0021867157767583648,01101110011100000110101000100000010100110100001000000000,npj SB,npj SB,100.0,True
8VC8,global_rotation_translation,combined_xz_rotation_x_translation_then_kabsch_alignment,30,180,0.5,1.01971352119828e-14,0.0021867157767586397,01101110011100000110101000100000010100110100001000000000,npj SB,npj SB,100.0,True
8VC8,global_rotation_translation,combined_xz_rotation_x_translation_then_kabsch_alignment,30,210,0.5,9.997098104508732e-15,0.002186715776758504,01101110011100000110101000100000010100110100001000000000,npj SB,npj SB,100.0,True
8VC8,global_rotation_translation,combined_xz_rotation_x_translation_then_kabsch_alignment,30,240,0.5,1.406959583360409e-14,0.0021867157767586523,01101110011100000110101000100000010100110100001000000000,npj SB,npj SB,100.0,True
8VC8,global_rotation_translation,combined_xz_rotation_x_translation_then_kabsch_alignment,30,270,0.5,2.1989255404148374e-14,0.002186715776758501,01101110011100000110101000100000010100110100001000000000,npj SB,npj SB,100.0,True
8VC8,global_rotation_translation,combined_xz_rotation_x_translation_then_kabsch_alignment,30,300,0.5,1.9017010934038117e-14,0.0021867157767590105,01101110011100000110101000100000010100110100001000000000,npj SB,npj SB,100.0,True
8VC8,global_rotation_translation,combined_xz_rotation_x_translation_then_kabsch_alignment,30,330,0.5,1.2043953459512444e-14,0.0021867157767586826,01101110011100000110101000100000010100110100001000000000,npj SB,npj SB,100.0,True
8VC8,global_rotation_translation,combined_xz_rotation_x_translation_then_kabsch_alignment,30,360,0.5,1.6997503690706428e-14,0.0021867157767586427,01101110011100000110101000100000010100110100001000000000,npj SB,npj SB,100.0,True
8VC8,global_rotation_translation,combined_xz_rotation_x_translation_then_kabsch_alignment,60,0,0.5,1.6314946329824696e-14,0.002186715776758559,01101110011100000110101000100000010100110100001000000000,npj SB,npj SB,100.0,True
8VC8,global_rotation_translation,combined_xz_rotation_x_translation_then_kabsch_alignment,60,30,0.5,1.2167173770793089e-14,0.0021867157767588084,01101110011100000110101000100000010100110100001000000000,npj SB,npj SB,100.0,True
8VC8,global_rotation_translation,combined_xz_rotation_x_translation_then_kabsch_alignment,60,60,0.5,1.4859120417863572e-14,0.0021867157767584723,01101110011100000110101000100000010100110100001000000000,npj SB,npj SB,100.0,True
8VC8,global_rotation_translation,combined_xz_rotation_x_translation_then_kabsch_alignment,60,90,0.5,1.5059055502084253e-14,0.0021867157767587546,01101110011100000110101000100000010100110100001000000000,npj SB,npj SB,100.0,True
8VC8,global_rotation_translation,combined_xz_rotation_x_translation_then_kabsch_alignment,60,120,0.5,1.7407008269569316e-14,0.0021867157767586835,01101110011100000110101000100000010100110100001000000000,npj SB,npj SB,100.0,True
8VC8,global_rotation_translation,combined_xz_rotation_x_translation_then_kabsch_alignment,60,150,0.5,1.397774223151909e-14,0.0021867157767582945,01101110011100000110101000100000010100110100001000000000,npj SB,npj SB,100.0,True
8VC8,global_rotation_translation,combined_xz_rotation_x_translation_then_kabsch_alignment,60,180,0.5,1.083275983670679e-14,0.002186715776758377,01101110011100000110101000100000010100110100001000000000,npj SB,npj SB,100.0,True
8VC8,global_rotation_translation,combined_xz_rotation_x_translation_then_kabsch_alignment,60,210,0.5,1.118371973030293e-14,0.0021867157767587507,01101110011100000110101000100000010100110100001000000000,npj SB,npj SB,100.0,True
8VC8,global_rotation_translation,combined_xz_rotation_x_translation_then_kabsch_alignment,60,240,0.5,1.8602602298820034e-14,0.0021867157767584194,01101110011100000110101000100000010100110100001000000000,npj SB,npj SB,100.0,True
8VC8,global_rotation_translation,combined_xz_rotation_x_translation_then_kabsch_alignment,60,270,0.5,1.9660535422378715e-14,0.0021867157767586076,01101110011100000110101000100000010100110100001000000000,npj SB,npj SB,100.0,True
8VC8,global_rotation_translation,combined_xz_rotation_x_translation_then_kabsch_alignment,60,300,0.5,1.3535163151668344e-14,0.0021867157767586436,01101110011100000110101000100000010100110100001000000000,npj SB,npj SB,100.0,True
8VC8,global_rotation_translation,combined_xz_rotation_x_translation_then_kabsch_alignment,60,330,0.5,1.0999830004428215e-14,0.0021867157767586323,01101110011100000110101000100000010100110100001000000000,npj SB,npj SB,100.0,True
8VC8,global_rotation_translation,combined_xz_rotation_x_translation_then_kabsch_alignment,60,360,0.5,1.8026977098773096e-14,0.002186715776758727,01101110011100000110101000100000010100110100001000000000,npj SB,npj SB,100.0,True
8VC8,global_rotation_translation,combined_xz_rotation_x_translation_then_kabsch_alignment,90,0,0.5,1.3071227746689283e-14,0.002186715776758436,01101110011100000110101000100000010100110100001000000000,npj SB,npj SB,100.0,True
8VC8,global_rotation_translation,combined_xz_rotation_x_translation_then_kabsch_alignment,90,30,0.5,1.595771528804002e-14,0.0021867157767584346,01101110011100000110101000100000010100110100001000000000,npj SB,npj SB,100.0,True
8VC8,global_rotation_translation,combined_xz_rotation_x_translation_then_kabsch_alignment,90,60,0.5,1.0116520470364016e-14,0.0021867157767585335,01101110011100000110101000100000010100110100001000000000,npj SB,npj SB,100.0,True
8VC8,global_rotation_translation,combined_xz_rotation_x_translation_then_kabsch_alignment,90,90,0.5,1.3717875170610944e-14,0.0021867157767583717,01101110011100000110101000100000010100110100001000000000,npj SB,npj SB,100.0,True
8VC8,global_rotation_translation,combined_xz_rotation_x_translation_then_kabsch_alignment,90,120,0.5,1.2800909356174952e-14,0.002186715776757999,01101110011100000110101000100000010100110100001000000000,npj SB,npj SB,100.0,True
8VC8,global_rotation_translation,combined_xz_rotation_x_translation_then_kabsch_alignment,90,150,0.5,1.9550794320788793e-14,0.002186715776758676,01101110011100000110101000100000010100110100001000000000,npj SB,npj SB,100.0,True
8VC8,global_rotation_translation,combined_xz_rotation_x_translation_then_kabsch_alignment,90,180,0.5,9.23663584747745e-15,0.0021867157767585283,01101110011100000110101000100000010100110100001000000000,npj SB,npj SB,100.0,True
8VC8,global_rotation_translation,combined_xz_rotation_x_translation_then_kabsch_alignment,90,210,0.5,1.2809631107622882e-14,0.002186715776758888,01101110011100000110101000100000010100110100001000000000,npj SB,npj SB,100.0,True
8VC8,global_rotation_translation,combined_xz_rotation_x_translation_then_kabsch_alignment,90,240,0.5,1.3302517219211726e-14,0.002186715776758801,01101110011100000110101000100000010100110100001000000000,npj SB,npj SB,100.0,True
8VC8,global_rotation_translation,combined_xz_rotation_x_translation_then_kabsch_alignment,90,270,0.5,2.0591458614311738e-14,0.002186715776758744,01101110011100000110101000100000010100110100001000000000,npj SB,npj SB,100.0,True
8VC8,global_rotation_translation,combined_xz_rotation_x_translation_then_kabsch_alignment,90,300,0.5,1.7431458050394827e-14,0.0021867157767587304,01101110011100000110101000100000010100110100001000000000,npj SB,npj SB,100.0,True
8VC8,global_rotation_translation,combined_xz_rotation_x_translation_then_kabsch_alignment,90,330,0.5,8.972993953060196e-15,0.002186715776758438,01101110011100000110101000100000010100110100001000000000,npj SB,npj SB,100.0,True
8VC8,global_rotation_translation,combined_xz_rotation_x_translation_then_kabsch_alignment,90,360,0.5,1.2036557411439835e-14,0.0021867157767584645,01101110011100000110101000100000010100110100001000000000,npj SB,npj SB,100.0,True
8VC8,global_rotation_translation,combined_xz_rotation_x_translation_then_kabsch_alignment,120,0,0.5,1.585765008236099e-14,0.002186715776758497,01101110011100000110101000100000010100110100001000000000,npj SB,npj SB,100.0,True
8VC8,global_rotation_translation,combined_xz_rotation_x_translation_then_kabsch_alignment,120,30,0.5,1.8448571836985988e-14,0.00218671577675853,01101110011100000110101000100000010100110100001000000000,npj SB,npj SB,100.0,True
8VC8,global_rotation_translation,combined_xz_rotation_x_translation_then_kabsch_alignment,120,60,0.5,1.0395433543620012e-14,0.0021867157767583322,01101110011100000110101000100000010100110100001000000000,npj SB,npj SB,100.0,True
8VC8,global_rotation_translation,combined_xz_rotation_x_translation_then_kabsch_alignment,120,90,0.5,1.4910377600875716e-14,0.002186715776758308,01101110011100000110101000100000010100110100001000000000,npj SB,npj SB,100.0,True
8VC8,global_rotation_translation,combined_xz_rotation_x_translation_then_kabsch_alignment,120,120,0.5,1.5659529650053334e-14,0.002186715776758417,01101110011100000110101000100000010100110100001000000000,npj SB,npj SB,100.0,True
8VC8,global_rotation_translation,combined_xz_rotation_x_translation_then_kabsch_alignment,120,150,0.5,1.6366591212332268e-14,0.002186715776758266,01101110011100000110101000100000010100110100001000000000,npj SB,npj SB,100.0,True
8VC8,global_rotation_translation,combined_xz_rotation_x_translation_then_kabsch_alignment,120,180,0.5,1.206825969378679e-14,0.0021867157767586605,01101110011100000110101000100000010100110100001000000000,npj SB,npj SB,100.0,True
8VC8,global_rotation_translation,combined_xz_rotation_x_translation_then_kabsch_alignment,120,210,0.5,1.1214569088167574e-14,0.0021867157767580868,01101110011100000110101000100000010100110100001000000000,npj SB,npj SB,100.0,True
8VC8,global_rotation_translation,combined_xz_rotation_x_translation_then_kabsch_alignment,120,240,0.5,1.2028497827055977e-14,0.0021867157767585335,01101110011100000110101000100000010100110100001000000000,npj SB,npj SB,100.0,True
8VC8,global_rotation_translation,combined_xz_rotation_x_translation_then_kabsch_alignment,120,270,0.5,1.9346085523843162e-14,0.002186715776758052,01101110011100000110101000100000010100110100001000000000,npj SB,npj SB,100.0,True
8VC8,global_rotation_translation,combined_xz_rotation_x_translation_then_kabsch_alignment,120,300,0.5,1.161333260142945e-14,0.002186715776758628,01101110011100000110101000100000010100110100001000000000,npj SB,npj SB,100.0,True
8VC8,global_rotation_translation,combined_xz_rotation_x_translation_then_kabsch_alignment,120,330,0.5,9.901307507314092e-15,0.00218671577675826,01101110011100000110101000100000010100110100001000000000,npj SB,npj SB,100.0,True
8VC8,global_rotation_translation,combined_xz_rotation_x_translation_then_kabsch_alignment,120,360,0.5,2.0566698969863367e-14,0.0021867157767586414,01101110011100000110101000100000010100110100001000000000,npj SB,npj SB,100.0,True
8VC8,global_rotation_translation,combined_xz_rotation_x_translation_then_kabsch_alignment,150,0,0.5,1.0099203581294329e-14,0.002186715776758321,01101110011100000110101000100000010100110100001000000000,npj SB,npj SB,100.0,True
8VC8,global_rotation_translation,combined_xz_rotation_x_translation_then_kabsch_alignment,150,30,0.5,1.5910280683271957e-14,0.0021867157767583747,01101110011100000110101000100000010100110100001000000000,npj SB,npj SB,100.0,True
8VC8,global_rotation_translation,combined_xz_rotation_x_translation_then_kabsch_alignment,150,60,0.5,1.0883704243049642e-14,0.002186715776758218,01101110011100000110101000100000010100110100001000000000,npj SB,npj SB,100.0,True
8VC8,global_rotation_translation,combined_xz_rotation_x_translation_then_kabsch_alignment,150,90,0.5,1.0386933746605524e-14,0.002186715776758333,01101110011100000110101000100000010100110100001000000000,npj SB,npj SB,100.0,True
8VC8,global_rotation_translation,combined_xz_rotation_x_translation_then_kabsch_alignment,150,120,0.5,1.1667501995513137e-14,0.0021867157767584268,01101110011100000110101000100000010100110100001000000000,npj SB,npj SB,100.0,True
8VC8,global_rotation_translation,combined_xz_rotation_x_translation_then_kabsch_alignment,150,150,0.5,9.455692330038216e-15,0.0021867157767582993,01101110011100000110101000100000010100110100001000000000,npj SB,npj SB,100.0,True
8VC8,global_rotation_translation,combined_xz_rotation_x_translation_then_kabsch_alignment,150,180,0.5,1.1227392513332996e-14,0.0021867157767583817,01101110011100000110101000100000010100110100001000000000,npj SB,npj SB,100.0,True
8VC8,global_rotation_translation,combined_xz_rotation_x_translation_then_kabsch_alignment,150,210,0.5,1.2113564587702279e-14,0.002186715776758343,01101110011100000110101000100000010100110100001000000000,npj SB,npj SB,100.0,True
8VC8,global_rotation_translation,combined_xz_rotation_x_translation_then_kabsch_alignment,150,240,0.5,1.2320759419339834e-14,0.002186715776758264,01101110011100000110101000100000010100110100001000000000,npj SB,npj SB,100.0,True
8VC8,global_rotation_translation,combined_xz_rotation_x_translation_then_kabsch_alignment,150,270,0.5,2.0964716590543444e-14,0.002186715776758454,01101110011100000110101000100000010100110100001000000000,npj SB,npj SB,100.0,True
8VC8,global_rotation_translation,combined_xz_rotation_x_translation_then_kabsch_alignment,150,300,0.5,8.346724297469748e-15,0.0021867157767585916,01101110011100000110101000100000010100110100001000000000,npj SB,npj SB,100.0,True
8VC8,global_rotation_translation,combined_xz_rotation_x_translation_then_kabsch_alignment,150,330,0.5,1.045051858070629e-14,0.0021867157767584845,01101110011100000110101000100000010100110100001000000000,npj SB,npj SB,100.0,True
8VC8,global_rotation_translation,combined_xz_rotation_x_translation_then_kabsch_alignment,150,360,0.5,1.27997314949721e-14,0.0021867157767583704,01101110011100000110101000100000010100110100001000000000,npj SB,npj SB,100.0,True
8VC8,global_rotation_translation,combined_xz_rotation_x_translation_then_kabsch_alignment,180,0,0.5,1.1021142982198643e-14,0.0021867157767584476,01101110011100000110101000100000010100110100001000000000,npj SB,npj SB,100.0,True
8VC8,global_rotation_translation,combined_xz_rotation_x_translation_then_kabsch_alignment,180,30,0.5,8.074457550722779e-15,0.002186715776758501,01101110011100000110101000100000010100110100001000000000,npj SB,npj SB,100.0,True
8VC8,global_rotation_translation,combined_xz_rotation_x_translation_then_kabsch_alignment,180,60,0.5,1.1746951489748742e-14,0.0021867157767584623,01101110011100000110101000100000010100110100001000000000,npj SB,npj SB,100.0,True
8VC8,global_rotation_translation,combined_xz_rotation_x_translation_then_kabsch_alignment,180,90,0.5,9.378645259704792e-15,0.002186715776758421,01101110011100000110101000100000010100110100001000000000,npj SB,npj SB,100.0,True
8VC8,global_rotation_translation,combined_xz_rotation_x_translation_then_kabsch_alignment,180,120,0.5,9.122036828891717e-15,0.002186715776758669,01101110011100000110101000100000010100110100001000000000,npj SB,npj SB,100.0,True
8VC8,global_rotation_translation,combined_xz_rotation_x_translation_then_kabsch_alignment,180,150,0.5,1.0531804916101188e-14,0.0021867157767587703,01101110011100000110101000100000010100110100001000000000,npj SB,npj SB,100.0,True
8VC8,global_rotation_translation,combined_xz_rotation_x_translation_then_kabsch_alignment,180,180,0.5,8.833624366205279e-15,0.002186715776758211,01101110011100000110101000100000010100110100001000000000,npj SB,npj SB,100.0,True
8VC8,global_rotation_translation,combined_xz_rotation_x_translation_then_kabsch_alignment,180,210,0.5,1.732703742185029e-14,0.0021867157767583205,01101110011100000110101000100000010100110100001000000000,npj SB,npj SB,100.0,True
8VC8,global_rotation_translation,combined_xz_rotation_x_translation_then_kabsch_alignment,180,240,0.5,9.505818038290078e-15,0.002186715776758422,01101110011100000110101000100000010100110100001000000000,npj SB,npj SB,100.0,True
8VC8,global_rotation_translation,combined_xz_rotation_x_translation_then_kabsch_alignment,180,270,0.5,1.5408766254871803e-14,0.002186715776758309,01101110011100000110101000100000010100110100001000000000,npj SB,npj SB,100.0,True
8VC8,global_rotation_translation,combined_xz_rotation_x_translation_then_kabsch_alignment,180,300,0.5,1.4603383983000516e-14,0.002186715776758117,01101110011100000110101000100000010100110100001000000000,npj SB,npj SB,100.0,True
8VC8,global_rotation_translation,combined_xz_rotation_x_translation_then_kabsch_alignment,180,330,0.5,9.197732766062413e-15,0.0021867157767584884,01101110011100000110101000100000010100110100001000000000,npj SB,npj SB,100.0,True
8VC8,global_rotation_translation,combined_xz_rotation_x_translation_then_kabsch_alignment,180,360,0.5,1.2912674198758401e-14,0.002186715776758346,01101110011100000110101000100000010100110100001000000000,npj SB,npj SB,100.0,True
8VC8,global_rotation_translation,combined_xz_rotation_x_translation_then_kabsch_alignment,210,0,0.5,9.513756443365875e-15,0.00218671577675829,01101110011100000110101000100000010100110100001000000000,npj SB,npj SB,100.0,True
8VC8,global_rotation_translation,combined_xz_rotation_x_translation_then_kabsch_alignment,210,30,0.5,1.0165304800815608e-14,0.0021867157767583864,01101110011100000110101000100000010100110100001000000000,npj SB,npj SB,100.0,True
8VC8,global_rotation_translation,combined_xz_rotation_x_translation_then_kabsch_alignment,210,60,0.5,1.3897598572469811e-14,0.002186715776758364,01101110011100000110101000100000010100110100001000000000,npj SB,npj SB,100.0,True
8VC8,global_rotation_translation,combined_xz_rotation_x_translation_then_kabsch_alignment,210,90,0.5,1.2346984319405585e-14,0.0021867157767585057,01101110011100000110101000100000010100110100001000000000,npj SB,npj SB,100.0,True
8VC8,global_rotation_translation,combined_xz_rotation_x_translation_then_kabsch_alignment,210,120,0.5,8.911660721589453e-15,0.00218671577675843,01101110011100000110101000100000010100110100001000000000,npj SB,npj SB,100.0,True
8VC8,global_rotation_translation,combined_xz_rotation_x_translation_then_kabsch_alignment,210,150,0.5,1.9704052940422435e-14,0.002186715776758693,01101110011100000110101000100000010100110100001000000000,npj SB,npj SB,100.0,True
8VC8,global_rotation_translation,combined_xz_rotation_x_translation_then_kabsch_alignment,210,180,0.5,1.8561009209360305e-14,0.0021867157767584775,01101110011100000110101000100000010100110100001000000000,npj SB,npj SB,100.0,True
8VC8,global_rotation_translation,combined_xz_rotation_x_translation_then_kabsch_alignment,210,210,0.5,9.892194195226362e-15,0.0021867157767587347,01101110011100000110101000100000010100110100001000000000,npj SB,npj SB,100.0,True
8VC8,global_rotation_translation,combined_xz_rotation_x_translation_then_kabsch_alignment,210,240,0.5,1.928442223890081e-14,0.0021867157767585955,01101110011100000110101000100000010100110100001000000000,npj SB,npj SB,100.0,True
8VC8,global_rotation_translation,combined_xz_rotation_x_translation_then_kabsch_alignment,210,270,0.5,1.8636350469163772e-14,0.002186715776758283,01101110011100000110101000100000010100110100001000000000,npj SB,npj SB,100.0,True
8VC8,global_rotation_translation,combined_xz_rotation_x_translation_then_kabsch_alignment,210,300,0.5,1.0994518868189348e-14,0.0021867157767583275,01101110011100000110101000100000010100110100001000000000,npj SB,npj SB,100.0,True
8VC8,global_rotation_translation,combined_xz_rotation_x_translation_then_kabsch_alignment,210,330,0.5,7.702785388302608e-15,0.002186715776758399,01101110011100000110101000100000010100110100001000000000,npj SB,npj SB,100.0,True
8VC8,global_rotation_translation,combined_xz_rotation_x_translation_then_kabsch_alignment,210,360,0.5,8.122945122423156e-15,0.002186715776758543,01101110011100000110101000100000010100110100001000000000,npj SB,npj SB,100.0,True
8VC8,global_rotation_translation,combined_xz_rotation_x_translation_then_kabsch_alignment,240,0,0.5,9.532263934920142e-15,0.0021867157767584554,01101110011100000110101000100000010100110100001000000000,npj SB,npj SB,100.0,True
8VC8,global_rotation_translation,combined_xz_rotation_x_translation_then_kabsch_alignment,240,30,0.5,1.2566318480914323e-14,0.002186715776758278,01101110011100000110101000100000010100110100001000000000,npj SB,npj SB,100.0,True
8VC8,global_rotation_translation,combined_xz_rotation_x_translation_then_kabsch_alignment,240,60,0.5,1.3201547202408137e-14,0.002186715776758544,01101110011100000110101000100000010100110100001000000000,npj SB,npj SB,100.0,True
8VC8,global_rotation_translation,combined_xz_rotation_x_translation_then_kabsch_alignment,240,90,0.5,1.3682901148139627e-14,0.0021867157767587065,01101110011100000110101000100000010100110100001000000000,npj SB,npj SB,100.0,True
8VC8,global_rotation_translation,combined_xz_rotation_x_translation_then_kabsch_alignment,240,120,0.5,1.1590376138793957e-14,0.002186715776758485,01101110011100000110101000100000010100110100001000000000,npj SB,npj SB,100.0,True
8VC8,global_rotation_translation,combined_xz_rotation_x_translation_then_kabsch_alignment,240,150,0.5,1.397318351642059e-14,0.0021867157767583166,01101110011100000110101000100000010100110100001000000000,npj SB,npj SB,100.0,True
8VC8,global_rotation_translation,combined_xz_rotation_x_translation_then_kabsch_alignment,240,180,0.5,1.8372279209798878e-14,0.0021867157767584086,01101110011100000110101000100000010100110100001000000000,npj SB,npj SB,100.0,True
8VC8,global_rotation_translation,combined_xz_rotation_x_translation_then_kabsch_alignment,240,210,0.5,1.2699405686865288e-14,0.0021867157767581926,01101110011100000110101000100000010100110100001000000000,npj SB,npj SB,100.0,True
8VC8,global_rotation_translation,combined_xz_rotation_x_translation_then_kabsch_alignment,240,240,0.5,1.5120132227397156e-14,0.0021867157767583778,01101110011100000110101000100000010100110100001000000000,npj SB,npj SB,100.0,True
8VC8,global_rotation_translation,combined_xz_rotation_x_translation_then_kabsch_alignment,240,270,0.5,2.1758770265323297e-14,0.002186715776758322,01101110011100000110101000100000010100110100001000000000,npj SB,npj SB,100.0,True
8VC8,global_rotation_translation,combined_xz_rotation_x_translation_then_kabsch_alignment,240,300,0.5,1.5574678969907573e-14,0.002186715776758374,01101110011100000110101000100000010100110100001000000000,npj SB,npj SB,100.0,True
8VC8,global_rotation_translation,combined_xz_rotation_x_translation_then_kabsch_alignment,240,330,0.5,8.387232634791627e-15,0.002186715776758911,01101110011100000110101000100000010100110100001000000000,npj SB,npj SB,100.0,True
8VC8,global_rotation_translation,combined_xz_rotation_x_translation_then_kabsch_alignment,240,360,0.5,1.656570851319589e-14,0.0021867157767581657,01101110011100000110101000100000010100110100001000000000,npj SB,npj SB,100.0,True
8VC8,global_rotation_translation,combined_xz_rotation_x_translation_then_kabsch_alignment,270,0,0.5,1.243857404237967e-14,0.0021867157767585872,01101110011100000110101000100000010100110100001000000000,npj SB,npj SB,100.0,True
8VC8,global_rotation_translation,combined_xz_rotation_x_translation_then_kabsch_alignment,270,30,0.5,2.2206517998605325e-14,0.0021867157767587663,01101110011100000110101000100000010100110100001000000000,npj SB,npj SB,100.0,True
8VC8,global_rotation_translation,combined_xz_rotation_x_translation_then_kabsch_alignment,270,60,0.5,1.405340924409276e-14,0.0021867157767585725,01101110011100000110101000100000010100110100001000000000,npj SB,npj SB,100.0,True
8VC8,global_rotation_translation,combined_xz_rotation_x_translation_then_kabsch_alignment,270,90,0.5,1.5751435817356476e-14,0.0021867157767587746,01101110011100000110101000100000010100110100001000000000,npj SB,npj SB,100.0,True
8VC8,global_rotation_translation,combined_xz_rotation_x_translation_then_kabsch_alignment,270,120,0.5,1.2982113299753752e-14,0.0021867157767587633,01101110011100000110101000100000010100110100001000000000,npj SB,npj SB,100.0,True
8VC8,global_rotation_translation,combined_xz_rotation_x_translation_then_kabsch_alignment,270,150,0.5,1.57997454484951e-14,0.0021867157767585872,01101110011100000110101000100000010100110100001000000000,npj SB,npj SB,100.0,True
8VC8,global_rotation_translation,combined_xz_rotation_x_translation_then_kabsch_alignment,270,180,0.5,1.3514502786040263e-14,0.002186715776758682,01101110011100000110101000100000010100110100001000000000,npj SB,npj SB,100.0,True
8VC8,global_rotation_translation,combined_xz_rotation_x_translation_then_kabsch_alignment,270,210,0.5,1.0620519542124455e-14,0.0021867157767585335,01101110011100000110101000100000010100110100001000000000,npj SB,npj SB,100.0,True
8VC8,global_rotation_translation,combined_xz_rotation_x_translation_then_kabsch_alignment,270,240,0.5,1.74484014902256e-14,0.002186715776758358,01101110011100000110101000100000010100110100001000000000,npj SB,npj SB,100.0,True
8VC8,global_rotation_translation,combined_xz_rotation_x_translation_then_kabsch_alignment,270,270,0.5,2.173165712981704e-14,0.0021867157767585634,01101110011100000110101000100000010100110100001000000000,npj SB,npj SB,100.0,True
8VC8,global_rotation_translation,combined_xz_rotation_x_translation_then_kabsch_alignment,270,300,0.5,1.4998882479431318e-14,0.0021867157767585196,01101110011100000110101000100000010100110100001000000000,npj SB,npj SB,100.0,True
8VC8,global_rotation_translation,combined_xz_rotation_x_translation_then_kabsch_alignment,270,330,0.5,1.8858068315296643e-14,0.002186715776758829,01101110011100000110101000100000010100110100001000000000,npj SB,npj SB,100.0,True
8VC8,global_rotation_translation,combined_xz_rotation_x_translation_then_kabsch_alignment,270,360,0.5,1.1546188164256123e-14,0.002186715776758595,01101110011100000110101000100000010100110100001000000000,npj SB,npj SB,100.0,True
8VC8,global_rotation_translation,combined_xz_rotation_x_translation_then_kabsch_alignment,300,0,0.5,1.3174758925485343e-14,0.002186715776758612,01101110011100000110101000100000010100110100001000000000,npj SB,npj SB,100.0,True
8VC8,global_rotation_translation,combined_xz_rotation_x_translation_then_kabsch_alignment,300,30,0.5,1.2147901564353068e-14,0.002186715776758561,01101110011100000110101000100000010100110100001000000000,npj SB,npj SB,100.0,True
8VC8,global_rotation_translation,combined_xz_rotation_x_translation_then_kabsch_alignment,300,60,0.5,1.4754311973580165e-14,0.0021867157767587347,01101110011100000110101000100000010100110100001000000000,npj SB,npj SB,100.0,True
8VC8,global_rotation_translation,combined_xz_rotation_x_translation_then_kabsch_alignment,300,90,0.5,1.5073172815476188e-14,0.0021867157767586215,01101110011100000110101000100000010100110100001000000000,npj SB,npj SB,100.0,True
8VC8,global_rotation_translation,combined_xz_rotation_x_translation_then_kabsch_alignment,300,120,0.5,1.4419580942625663e-14,0.0021867157767587104,01101110011100000110101000100000010100110100001000000000,npj SB,npj SB,100.0,True
8VC8,global_rotation_translation,combined_xz_rotation_x_translation_then_kabsch_alignment,300,150,0.5,2.0961334182480326e-14,0.002186715776758773,01101110011100000110101000100000010100110100001000000000,npj SB,npj SB,100.0,True
8VC8,global_rotation_translation,combined_xz_rotation_x_translation_then_kabsch_alignment,300,180,0.5,2.1855446918649625e-14,0.0021867157767589654,01101110011100000110101000100000010100110100001000000000,npj SB,npj SB,100.0,True
8VC8,global_rotation_translation,combined_xz_rotation_x_translation_then_kabsch_alignment,300,210,0.5,1.3996037123312846e-14,0.0021867157767585465,01101110011100000110101000100000010100110100001000000000,npj SB,npj SB,100.0,True
8VC8,global_rotation_translation,combined_xz_rotation_x_translation_then_kabsch_alignment,300,240,0.5,1.3743636316987586e-14,0.002186715776758665,01101110011100000110101000100000010100110100001000000000,npj SB,npj SB,100.0,True
8VC8,global_rotation_translation,combined_xz_rotation_x_translation_then_kabsch_alignment,300,270,0.5,1.9373020643924428e-14,0.0021867157767582767,01101110011100000110101000100000010100110100001000000000,npj SB,npj SB,100.0,True
8VC8,global_rotation_translation,combined_xz_rotation_x_translation_then_kabsch_alignment,300,300,0.5,1.4782019988765807e-14,0.002186715776758521,01101110011100000110101000100000010100110100001000000000,npj SB,npj SB,100.0,True
8VC8,global_rotation_translation,combined_xz_rotation_x_translation_then_kabsch_alignment,300,330,0.5,1.3450900578156628e-14,0.0021867157767585417,01101110011100000110101000100000010100110100001000000000,npj SB,npj SB,100.0,True
8VC8,global_rotation_translation,combined_xz_rotation_x_translation_then_kabsch_alignment,300,360,0.5,1.1170279752793927e-14,0.0021867157767588925,01101110011100000110101000100000010100110100001000000000,npj SB,npj SB,100.0,True
8VC8,global_rotation_translation,combined_xz_rotation_x_translation_then_kabsch_alignment,330,0,0.5,9.507993997361163e-15,0.002186715776758718,01101110011100000110101000100000010100110100001000000000,npj SB,npj SB,100.0,True
8VC8,global_rotation_translation,combined_xz_rotation_x_translation_then_kabsch_alignment,330,30,0.5,1.0505413797035623e-14,0.00218671577675828,01101110011100000110101000100000010100110100001000000000,npj SB,npj SB,100.0,True
8VC8,global_rotation_translation,combined_xz_rotation_x_translation_then_kabsch_alignment,330,60,0.5,8.990118443119679e-15,0.0021867157767585486,01101110011100000110101000100000010100110100001000000000,npj SB,npj SB,100.0,True
8VC8,global_rotation_translation,combined_xz_rotation_x_translation_then_kabsch_alignment,330,90,0.5,8.560662443707726e-15,0.0021867157767586536,01101110011100000110101000100000010100110100001000000000,npj SB,npj SB,100.0,True
8VC8,global_rotation_translation,combined_xz_rotation_x_translation_then_kabsch_alignment,330,120,0.5,1.1160834038432968e-14,0.0021867157767588236,01101110011100000110101000100000010100110100001000000000,npj SB,npj SB,100.0,True
8VC8,global_rotation_translation,combined_xz_rotation_x_translation_then_kabsch_alignment,330,150,0.5,1.5664400205454285e-14,0.00218671577675871,01101110011100000110101000100000010100110100001000000000,npj SB,npj SB,100.0,True
8VC8,global_rotation_translation,combined_xz_rotation_x_translation_then_kabsch_alignment,330,180,0.5,6.824017966349465e-15,0.0021867157767584307,01101110011100000110101000100000010100110100001000000000,npj SB,npj SB,100.0,True
8VC8,global_rotation_translation,combined_xz_rotation_x_translation_then_kabsch_alignment,330,210,0.5,9.917073981623104e-15,0.0021867157767585027,01101110011100000110101000100000010100110100001000000000,npj SB,npj SB,100.0,True
8VC8,global_rotation_translation,combined_xz_rotation_x_translation_then_kabsch_alignment,330,240,0.5,1.4378343734933263e-14,0.0021867157767585946,01101110011100000110101000100000010100110100001000000000,npj SB,npj SB,100.0,True
8VC8,global_rotation_translation,combined_xz_rotation_x_translation_then_kabsch_alignment,330,270,0.5,1.472274877370363e-14,0.002186715776758616,01101110011100000110101000100000010100110100001000000000,npj SB,npj SB,100.0,True
8VC8,global_rotation_translation,combined_xz_rotation_x_translation_then_kabsch_alignment,330,300,0.5,1.3224135130588023e-14,0.0021867157767584437,01101110011100000110101000100000010100110100001000000000,npj SB,npj SB,100.0,True
8VC8,global_rotation_translation,combined_xz_rotation_x_translation_then_kabsch_alignment,330,330,0.5,1.2051731103162394e-14,0.002186715776758424,01101110011100000110101000100000010100110100001000000000,npj SB,npj SB,100.0,True
8VC8,global_rotation_translation,combined_xz_rotation_x_translation_then_kabsch_alignment,330,360,0.5,1.1759536886461078e-14,0.0021867157767588062,01101110011100000110101000100000010100110100001000000000,npj SB,npj SB,100.0,True
8VC8,global_rotation_translation,combined_xz_rotation_x_translation_then_kabsch_alignment,360,0,0.5,7.651301685757877e-15,0.002186715776758425,01101110011100000110101000100000010100110100001000000000,npj SB,npj SB,100.0,True
8VC8,global_rotation_translation,combined_xz_rotation_x_translation_then_kabsch_alignment,360,30,0.5,9.243063336476454e-15,0.0021867157767582186,01101110011100000110101000100000010100110100001000000000,npj SB,npj SB,100.0,True
8VC8,global_rotation_translation,combined_xz_rotation_x_translation_then_kabsch_alignment,360,60,0.5,6.494773291913253e-15,0.0021867157767584706,01101110011100000110101000100000010100110100001000000000,npj SB,npj SB,100.0,True
8VC8,global_rotation_translation,combined_xz_rotation_x_translation_then_kabsch_alignment,360,90,0.5,6.794544424870888e-15,0.0021867157767582524,01101110011100000110101000100000010100110100001000000000,npj SB,npj SB,100.0,True
8VC8,global_rotation_translation,combined_xz_rotation_x_translation_then_kabsch_alignment,360,120,0.5,1.0481864919174288e-14,0.0021867157767581527,01101110011100000110101000100000010100110100001000000000,npj SB,npj SB,100.0,True
8VC8,global_rotation_translation,combined_xz_rotation_x_translation_then_kabsch_alignment,360,150,0.5,8.061377443069217e-15,0.0021867157767583956,01101110011100000110101000100000010100110100001000000000,npj SB,npj SB,100.0,True
8VC8,global_rotation_translation,combined_xz_rotation_x_translation_then_kabsch_alignment,360,180,0.5,1.1159313992458564e-14,0.0021867157767585027,01101110011100000110101000100000010100110100001000000000,npj SB,npj SB,100.0,True
8VC8,global_rotation_translation,combined_xz_rotation_x_translation_then_kabsch_alignment,360,210,0.5,9.830981050626383e-15,0.0021867157767583283,01101110011100000110101000100000010100110100001000000000,npj SB,npj SB,100.0,True
8VC8,global_rotation_translation,combined_xz_rotation_x_translation_then_kabsch_alignment,360,240,0.5,1.022160426838512e-14,0.0021867157767584584,01101110011100000110101000100000010100110100001000000000,npj SB,npj SB,100.0,True
8VC8,global_rotation_translation,combined_xz_rotation_x_translation_then_kabsch_alignment,360,270,0.5,1.5666529520854524e-14,0.002186715776758323,01101110011100000110101000100000010100110100001000000000,npj SB,npj SB,100.0,True
8VC8,global_rotation_translation,combined_xz_rotation_x_translation_then_kabsch_alignment,360,300,0.5,7.344440302074842e-15,0.0021867157767584537,01101110011100000110101000100000010100110100001000000000,npj SB,npj SB,100.0,True
8VC8,global_rotation_translation,combined_xz_rotation_x_translation_then_kabsch_alignment,360,330,0.5,1.640966348287688e-14,0.002186715776758555,01101110011100000110101000100000010100110100001000000000,npj SB,npj SB,100.0,True
8VC8,global_rotation_translation,combined_xz_rotation_x_translation_then_kabsch_alignment,360,360,0.5,6.050404125929471e-15,0.0021867157767585165,01101110011100000110101000100000010100110100001000000000,npj SB,npj SB,100.0,True
8VC8,global_rotation_translation,combined_xz_rotation_x_translation_then_kabsch_alignment,0,0,1.0,6.6267696873337245e-15,0.0021867157767585183,01101110011100000110101000100000010100110100001000000000,npj SB,npj SB,100.0,True
8VC8,global_rotation_translation,combined_xz_rotation_x_translation_then_kabsch_alignment,0,30,1.0,8.165448167475846e-15,0.0021867157767586944,01101110011100000110101000100000010100110100001000000000,npj SB,npj SB,100.0,True
8VC8,global_rotation_translation,combined_xz_rotation_x_translation_then_kabsch_alignment,0,60,1.0,5.9458597964367484e-15,0.002186715776758399,01101110011100000110101000100000010100110100001000000000,npj SB,npj SB,100.0,True
8VC8,global_rotation_translation,combined_xz_rotation_x_translation_then_kabsch_alignment,0,90,1.0,7.262054757834995e-15,0.002186715776758416,01101110011100000110101000100000010100110100001000000000,npj SB,npj SB,100.0,True
8VC8,global_rotation_translation,combined_xz_rotation_x_translation_then_kabsch_alignment,0,120,1.0,5.431867355980693e-15,0.0021867157767586206,01101110011100000110101000100000010100110100001000000000,npj SB,npj SB,100.0,True
8VC8,global_rotation_translation,combined_xz_rotation_x_translation_then_kabsch_alignment,0,150,1.0,7.918838801034467e-15,0.0021867157767584337,01101110011100000110101000100000010100110100001000000000,npj SB,npj SB,100.0,True
8VC8,global_rotation_translation,combined_xz_rotation_x_translation_then_kabsch_alignment,0,180,1.0,1.0218186356765458e-14,0.0021867157767586514,01101110011100000110101000100000010100110100001000000000,npj SB,npj SB,100.0,True
8VC8,global_rotation_translation,combined_xz_rotation_x_translation_then_kabsch_alignment,0,210,1.0,1.1011061139159469e-14,0.0021867157767583717,01101110011100000110101000100000010100110100001000000000,npj SB,npj SB,100.0,True
8VC8,global_rotation_translation,combined_xz_rotation_x_translation_then_kabsch_alignment,0,240,1.0,8.844173710623694e-15,0.002186715776758566,01101110011100000110101000100000010100110100001000000000,npj SB,npj SB,100.0,True
8VC8,global_rotation_translation,combined_xz_rotation_x_translation_then_kabsch_alignment,0,270,1.0,1.742354748562864e-14,0.0021867157767587906,01101110011100000110101000100000010100110100001000000000,npj SB,npj SB,100.0,True
8VC8,global_rotation_translation,combined_xz_rotation_x_translation_then_kabsch_alignment,0,300,1.0,6.710649170396952e-15,0.0021867157767585686,01101110011100000110101000100000010100110100001000000000,npj SB,npj SB,100.0,True
8VC8,global_rotation_translation,combined_xz_rotation_x_translation_then_kabsch_alignment,0,330,1.0,1.614494885616667e-14,0.002186715776758332,01101110011100000110101000100000010100110100001000000000,npj SB,npj SB,100.0,True
8VC8,global_rotation_translation,combined_xz_rotation_x_translation_then_kabsch_alignment,0,360,1.0,7.90601795072662e-15,0.0021867157767586753,01101110011100000110101000100000010100110100001000000000,npj SB,npj SB,100.0,True
8VC8,global_rotation_translation,combined_xz_rotation_x_translation_then_kabsch_alignment,30,0,1.0,1.7710470193357963e-14,0.0021867157767588665,01101110011100000110101000100000010100110100001000000000,npj SB,npj SB,100.0,True
8VC8,global_rotation_translation,combined_xz_rotation_x_translation_then_kabsch_alignment,30,30,1.0,2.1284369679386627e-14,0.002186715776758545,01101110011100000110101000100000010100110100001000000000,npj SB,npj SB,100.0,True
8VC8,global_rotation_translation,combined_xz_rotation_x_translation_then_kabsch_alignment,30,60,1.0,1.1278809122041979e-14,0.00218671577675852,01101110011100000110101000100000010100110100001000000000,npj SB,npj SB,100.0,True
8VC8,global_rotation_translation,combined_xz_rotation_x_translation_then_kabsch_alignment,30,90,1.0,1.2874109167661661e-14,0.002186715776758472,01101110011100000110101000100000010100110100001000000000,npj SB,npj SB,100.0,True
8VC8,global_rotation_translation,combined_xz_rotation_x_translation_then_kabsch_alignment,30,120,1.0,1.2816831695465897e-14,0.002186715776758599,01101110011100000110101000100000010100110100001000000000,npj SB,npj SB,100.0,True
8VC8,global_rotation_translation,combined_xz_rotation_x_translation_then_kabsch_alignment,30,150,1.0,1.2806390308518323e-14,0.0021867157767584667,01101110011100000110101000100000010100110100001000000000,npj SB,npj SB,100.0,True
8VC8,global_rotation_translation,combined_xz_rotation_x_translation_then_kabsch_alignment,30,180,1.0,1.0269590906846231e-14,0.002186715776758553,01101110011100000110101000100000010100110100001000000000,npj SB,npj SB,100.0,True
8VC8,global_rotation_translation,combined_xz_rotation_x_translation_then_kabsch_alignment,30,210,1.0,1.0286480875077447e-14,0.0021867157767586666,01101110011100000110101000100000010100110100001000000000,npj SB,npj SB,100.0,True
8VC8,global_rotation_translation,combined_xz_rotation_x_translation_then_kabsch_alignment,30,240,1.0,1.3907036257166392e-14,0.0021867157767585486,01101110011100000110101000100000010100110100001000000000,npj SB,npj SB,100.0,True
8VC8,global_rotation_translation,combined_xz_rotation_x_translation_then_kabsch_alignment,30,270,1.0,2.1908622511552316e-14,0.0021867157767584996,01101110011100000110101000100000010100110100001000000000,npj SB,npj SB,100.0,True
8VC8,global_rotation_translation,combined_xz_rotation_x_translation_then_kabsch_alignment,30,300,1.0,1.8114794243630615e-14,0.0021867157767588544,01101110011100000110101000100000010100110100001000000000,npj SB,npj SB,100.0,True
8VC8,global_rotation_translation,combined_xz_rotation_x_translation_then_kabsch_alignment,30,330,1.0,1.2097898912297904e-14,0.0021867157767585877,01101110011100000110101000100000010100110100001000000000,npj SB,npj SB,100.0,True
8VC8,global_rotation_translation,combined_xz_rotation_x_translation_then_kabsch_alignment,30,360,1.0,1.9777794641526946e-14,0.002186715776758687,01101110011100000110101000100000010100110100001000000000,npj SB,npj SB,100.0,True
8VC8,global_rotation_translation,combined_xz_rotation_x_translation_then_kabsch_alignment,60,0,1.0,1.7799815167873266e-14,0.002186715776758661,01101110011100000110101000100000010100110100001000000000,npj SB,npj SB,100.0,True
8VC8,global_rotation_translation,combined_xz_rotation_x_translation_then_kabsch_alignment,60,30,1.0,1.1330894579015453e-14,0.002186715776758782,01101110011100000110101000100000010100110100001000000000,npj SB,npj SB,100.0,True
8VC8,global_rotation_translation,combined_xz_rotation_x_translation_then_kabsch_alignment,60,60,1.0,1.560075596519632e-14,0.0021867157767587447,01101110011100000110101000100000010100110100001000000000,npj SB,npj SB,100.0,True
8VC8,global_rotation_translation,combined_xz_rotation_x_translation_then_kabsch_alignment,60,90,1.0,1.6217230318313282e-14,0.002186715776758785,01101110011100000110101000100000010100110100001000000000,npj SB,npj SB,100.0,True
8VC8,global_rotation_translation,combined_xz_rotation_x_translation_then_kabsch_alignment,60,120,1.0,1.7362081465051864e-14,0.0021867157767586393,01101110011100000110101000100000010100110100001000000000,npj SB,npj SB,100.0,True
8VC8,global_rotation_translation,combined_xz_rotation_x_translation_then_kabsch_alignment,60,150,1.0,1.611340782150143e-14,0.0021867157767582585,01101110011100000110101000100000010100110100001000000000,npj SB,npj SB,100.0,True
8VC8,global_rotation_translation,combined_xz_rotation_x_translation_then_kabsch_alignment,60,180,1.0,1.1352437194133819e-14,0.0021867157767584654,01101110011100000110101000100000010100110100001000000000,npj SB,npj SB,100.0,True
8VC8,global_rotation_translation,combined_xz_rotation_x_translation_then_kabsch_alignment,60,210,1.0,1.283544197544627e-14,0.0021867157767584866,01101110011100000110101000100000010100110100001000000000,npj SB,npj SB,100.0,True
8VC8,global_rotation_translation,combined_xz_rotation_x_translation_then_kabsch_alignment,60,240,1.0,1.8788055258640854e-14,0.0021867157767584376,01101110011100000110101000100000010100110100001000000000,npj SB,npj SB,100.0,True
8VC8,global_rotation_translation,combined_xz_rotation_x_translation_then_kabsch_alignment,60,270,1.0,2.0334396732874545e-14,0.0021867157767587334,01101110011100000110101000100000010100110100001000000000,npj SB,npj SB,100.0,True
8VC8,global_rotation_translation,combined_xz_rotation_x_translation_then_kabsch_alignment,60,300,1.0,1.4163848311443137e-14,0.002186715776758641,01101110011100000110101000100000010100110100001000000000,npj SB,npj SB,100.0,True
8VC8,global_rotation_translation,combined_xz_rotation_x_translation_then_kabsch_alignment,60,330,1.0,1.3714971595390875e-14,0.002186715776758691,01101110011100000110101000100000010100110100001000000000,npj SB,npj SB,100.0,True
8VC8,global_rotation_translation,combined_xz_rotation_x_translation_then_kabsch_alignment,60,360,1.0,1.892763563023999e-14,0.0021867157767585864,01101110011100000110101000100000010100110100001000000000,npj SB,npj SB,100.0,True
8VC8,global_rotation_translation,combined_xz_rotation_x_translation_then_kabsch_alignment,90,0,1.0,1.374012387771027e-14,0.0021867157767584545,01101110011100000110101000100000010100110100001000000000,npj SB,npj SB,100.0,True
8VC8,global_rotation_translation,combined_xz_rotation_x_translation_then_kabsch_alignment,90,30,1.0,1.6150490466830134e-14,0.0021867157767583773,01101110011100000110101000100000010100110100001000000000,npj SB,npj SB,100.0,True
8VC8,global_rotation_translation,combined_xz_rotation_x_translation_then_kabsch_alignment,90,60,1.0,9.108175567444902e-15,0.0021867157767586614,01101110011100000110101000100000010100110100001000000000,npj SB,npj SB,100.0,True
8VC8,global_rotation_translation,combined_xz_rotation_x_translation_then_kabsch_alignment,90,90,1.0,1.3733599735235278e-14,0.0021867157767583452,01101110011100000110101000100000010100110100001000000000,npj SB,npj SB,100.0,True
8VC8,global_rotation_translation,combined_xz_rotation_x_translation_then_kabsch_alignment,90,120,1.0,1.2222493999351021e-14,0.002186715776758144,01101110011100000110101000100000010100110100001000000000,npj SB,npj SB,100.0,True
8VC8,global_rotation_translation,combined_xz_rotation_x_translation_then_kabsch_alignment,90,150,1.0,1.990943693192734e-14,0.0021867157767584485,01101110011100000110101000100000010100110100001000000000,npj SB,npj SB,100.0,True
8VC8,global_rotation_translation,combined_xz_rotation_x_translation_then_kabsch_alignment,90,180,1.0,1.0473998673985388e-14,0.002186715776758324,01101110011100000110101000100000010100110100001000000000,npj SB,npj SB,100.0,True
8VC8,global_rotation_translation,combined_xz_rotation_x_translation_then_kabsch_alignment,90,210,1.0,1.2688154667193181e-14,0.002186715776758961,01101110011100000110101000100000010100110100001000000000,npj SB,npj SB,100.0,True
8VC8,global_rotation_translation,combined_xz_rotation_x_translation_then_kabsch_alignment,90,240,1.0,1.2779824045934647e-14,0.002186715776758677,01101110011100000110101000100000010100110100001000000000,npj SB,npj SB,100.0,True
8VC8,global_rotation_translation,combined_xz_rotation_x_translation_then_kabsch_alignment,90,270,1.0,1.883959095756558e-14,0.0021867157767585135,01101110011100000110101000100000010100110100001000000000,npj SB,npj SB,100.0,True
8VC8,global_rotation_translation,combined_xz_rotation_x_translation_then_kabsch_alignment,90,300,1.0,1.6242095992201337e-14,0.002186715776758541,01101110011100000110101000100000010100110100001000000000,npj SB,npj SB,100.0,True
8VC8,global_rotation_translation,combined_xz_rotation_x_translation_then_kabsch_alignment,90,330,1.0,8.62675013005418e-15,0.0021867157767584515,01101110011100000110101000100000010100110100001000000000,npj SB,npj SB,100.0,True
8VC8,global_rotation_translation,combined_xz_rotation_x_translation_then_kabsch_alignment,90,360,1.0,1.591435049493698e-14,0.002186715776758406,01101110011100000110101000100000010100110100001000000000,npj SB,npj SB,100.0,True
8VC8,global_rotation_translation,combined_xz_rotation_x_translation_then_kabsch_alignment,120,0,1.0,1.632710339452501e-14,0.0021867157767584576,01101110011100000110101000100000010100110100001000000000,npj SB,npj SB,100.0,True
8VC8,global_rotation_translation,combined_xz_rotation_x_translation_then_kabsch_alignment,120,30,1.0,1.8086580683918394e-14,0.0021867157767584302,01101110011100000110101000100000010100110100001000000000,npj SB,npj SB,100.0,True
8VC8,global_rotation_translation,combined_xz_rotation_x_translation_then_kabsch_alignment,120,60,1.0,1.0702335982404109e-14,0.0021867157767584415,01101110011100000110101000100000010100110100001000000000,npj SB,npj SB,100.0,True
8VC8,global_rotation_translation,combined_xz_rotation_x_translation_then_kabsch_alignment,120,90,1.0,1.28605608395154e-14,0.0021867157767584203,01101110011100000110101000100000010100110100001000000000,npj SB,npj SB,100.0,True
8VC8,global_rotation_translation,combined_xz_rotation_x_translation_then_kabsch_alignment,120,120,1.0,1.5501919146659947e-14,0.0021867157767582897,01101110011100000110101000100000010100110100001000000000,npj SB,npj SB,100.0,True
8VC8,global_rotation_translation,combined_xz_rotation_x_translation_then_kabsch_alignment,120,150,1.0,1.4133741255662248e-14,0.0021867157767585165,01101110011100000110101000100000010100110100001000000000,npj SB,npj SB,100.0,True
8VC8,global_rotation_translation,combined_xz_rotation_x_translation_then_kabsch_alignment,120,180,1.0,1.2849069136599504e-14,0.0021867157767583626,01101110011100000110101000100000010100110100001000000000,npj SB,npj SB,100.0,True
8VC8,global_rotation_translation,combined_xz_rotation_x_translation_then_kabsch_alignment,120,210,1.0,1.0283310985377147e-14,0.0021867157767582433,01101110011100000110101000100000010100110100001000000000,npj SB,npj SB,100.0,True
8VC8,global_rotation_translation,combined_xz_rotation_x_translation_then_kabsch_alignment,120,240,1.0,1.1738448938615086e-14,0.002186715776758405,01101110011100000110101000100000010100110100001000000000,npj SB,npj SB,100.0,True
8VC8,global_rotation_translation,combined_xz_rotation_x_translation_then_kabsch_alignment,120,270,1.0,2.0563838139821632e-14,0.002186715776758316,01101110011100000110101000100000010100110100001000000000,npj SB,npj SB,100.0,True
8VC8,global_rotation_translation,combined_xz_rotation_x_translation_then_kabsch_alignment,120,300,1.0,1.1221362491665152e-14,0.0021867157767586675,01101110011100000110101000100000010100110100001000000000,npj SB,npj SB,100.0,True
8VC8,global_rotation_translation,combined_xz_rotation_x_translation_then_kabsch_alignment,120,330,1.0,1.0489605597573815e-14,0.002186715776758361,01101110011100000110101000100000010100110100001000000000,npj SB,npj SB,100.0,True
8VC8,global_rotation_translation,combined_xz_rotation_x_translation_then_kabsch_alignment,120,360,1.0,2.3526302077910082e-14,0.002186715776758491,01101110011100000110101000100000010100110100001000000000,npj SB,npj SB,100.0,True
8VC8,global_rotation_translation,combined_xz_rotation_x_translation_then_kabsch_alignment,150,0,1.0,1.0850361125819099e-14,0.002186715776758333,01101110011100000110101000100000010100110100001000000000,npj SB,npj SB,100.0,True
8VC8,global_rotation_translation,combined_xz_rotation_x_translation_then_kabsch_alignment,150,30,1.0,1.494216968897705e-14,0.0021867157767582854,01101110011100000110101000100000010100110100001000000000,npj SB,npj SB,100.0,True
8VC8,global_rotation_translation,combined_xz_rotation_x_translation_then_kabsch_alignment,150,60,1.0,1.2137071584278585e-14,0.0021867157767582104,01101110011100000110101000100000010100110100001000000000,npj SB,npj SB,100.0,True
8VC8,global_rotation_translation,combined_xz_rotation_x_translation_then_kabsch_alignment,150,90,1.0,1.0276998333222404e-14,0.002186715776758477,01101110011100000110101000100000010100110100001000000000,npj SB,npj SB,100.0,True
8VC8,global_rotation_translation,combined_xz_rotation_x_translation_then_kabsch_alignment,150,120,1.0,1.0794078442033055e-14,0.0021867157767583383,01101110011100000110101000100000010100110100001000000000,npj SB,npj SB,100.0,True
8VC8,global_rotation_translation,combined_xz_rotation_x_translation_then_kabsch_alignment,150,150,1.0,9.527999354798045e-15,0.0021867157767582537,01101110011100000110101000100000010100110100001000000000,npj SB,npj SB,100.0,True
8VC8,global_rotation_translation,combined_xz_rotation_x_translation_then_kabsch_alignment,150,180,1.0,1.488184831224573e-14,0.0021867157767586826,01101110011100000110101000100000010100110100001000000000,npj SB,npj SB,100.0,True
8VC8,global_rotation_translation,combined_xz_rotation_x_translation_then_kabsch_alignment,150,210,1.0,1.2827486519166178e-14,0.002186715776758546,01101110011100000110101000100000010100110100001000000000,npj SB,npj SB,100.0,True
8VC8,global_rotation_translation,combined_xz_rotation_x_translation_then_kabsch_alignment,150,240,1.0,1.0722447836174078e-14,0.002186715776758253,01101110011100000110101000100000010100110100001000000000,npj SB,npj SB,100.0,True
8VC8,global_rotation_translation,combined_xz_rotation_x_translation_then_kabsch_alignment,150,270,1.0,2.0847030734186063e-14,0.0021867157767584567,01101110011100000110101000100000010100110100001000000000,npj SB,npj SB,100.0,True
8VC8,global_rotation_translation,combined_xz_rotation_x_translation_then_kabsch_alignment,150,300,1.0,1.2588545203311098e-14,0.0021867157767585825,01101110011100000110101000100000010100110100001000000000,npj SB,npj SB,100.0,True
8VC8,global_rotation_translation,combined_xz_rotation_x_translation_then_kabsch_alignment,150,330,1.0,1.0640266374482153e-14,0.002186715776758453,01101110011100000110101000100000010100110100001000000000,npj SB,npj SB,100.0,True
8VC8,global_rotation_translation,combined_xz_rotation_x_translation_then_kabsch_alignment,150,360,1.0,1.3960009952445104e-14,0.0021867157767582993,01101110011100000110101000100000010100110100001000000000,npj SB,npj SB,100.0,True
8VC8,global_rotation_translation,combined_xz_rotation_x_translation_then_kabsch_alignment,180,0,1.0,1.1694170703522757e-14,0.0021867157767583795,01101110011100000110101000100000010100110100001000000000,npj SB,npj SB,100.0,True
8VC8,global_rotation_translation,combined_xz_rotation_x_translation_then_kabsch_alignment,180,30,1.0,8.281640110286656e-15,0.0021867157767584263,01101110011100000110101000100000010100110100001000000000,npj SB,npj SB,100.0,True
8VC8,global_rotation_translation,combined_xz_rotation_x_translation_then_kabsch_alignment,180,60,1.0,8.518463325593583e-15,0.0021867157767585833,01101110011100000110101000100000010100110100001000000000,npj SB,npj SB,100.0,True
8VC8,global_rotation_translation,combined_xz_rotation_x_translation_then_kabsch_alignment,180,90,1.0,9.351493565606012e-15,0.002186715776758421,01101110011100000110101000100000010100110100001000000000,npj SB,npj SB,100.0,True
8VC8,global_rotation_translation,combined_xz_rotation_x_translation_then_kabsch_alignment,180,120,1.0,9.386068375321139e-15,0.002186715776758605,01101110011100000110101000100000010100110100001000000000,npj SB,npj SB,100.0,True
8VC8,global_rotation_translation,combined_xz_rotation_x_translation_then_kabsch_alignment,180,150,1.0,9.396591341543401e-15,0.002186715776758422,01101110011100000110101000100000010100110100001000000000,npj SB,npj SB,100.0,True
8VC8,global_rotation_translation,combined_xz_rotation_x_translation_then_kabsch_alignment,180,180,1.0,7.754372593287401e-15,0.0021867157767585126,01101110011100000110101000100000010100110100001000000000,npj SB,npj SB,100.0,True
8VC8,global_rotation_translation,combined_xz_rotation_x_translation_then_kabsch_alignment,180,210,1.0,1.7326405481788203e-14,0.0021867157767583617,01101110011100000110101000100000010100110100001000000000,npj SB,npj SB,100.0,True
8VC8,global_rotation_translation,combined_xz_rotation_x_translation_then_kabsch_alignment,180,240,1.0,9.41607692594599e-15,0.0021867157767584727,01101110011100000110101000100000010100110100001000000000,npj SB,npj SB,100.0,True
8VC8,global_rotation_translation,combined_xz_rotation_x_translation_then_kabsch_alignment,180,270,1.0,1.937832786424977e-14,0.0021867157767579888,01101110011100000110101000100000010100110100001000000000,npj SB,npj SB,100.0,True
8VC8,global_rotation_translation,combined_xz_rotation_x_translation_then_kabsch_alignment,180,300,1.0,1.4276186867127098e-14,0.002186715776758047,01101110011100000110101000100000010100110100001000000000,npj SB,npj SB,100.0,True
8VC8,global_rotation_translation,combined_xz_rotation_x_translation_then_kabsch_alignment,180,330,1.0,1.0854139668205728e-14,0.002186715776758531,01101110011100000110101000100000010100110100001000000000,npj SB,npj SB,100.0,True
8VC8,global_rotation_translation,combined_xz_rotation_x_translation_then_kabsch_alignment,180,360,1.0,9.318180484293861e-15,0.002186715776758562,01101110011100000110101000100000010100110100001000000000,npj SB,npj SB,100.0,True
8VC8,global_rotation_translation,combined_xz_rotation_x_translation_then_kabsch_alignment,210,0,1.0,1.0200751665268429e-14,0.002186715776758315,01101110011100000110101000100000010100110100001000000000,npj SB,npj SB,100.0,True
8VC8,global_rotation_translation,combined_xz_rotation_x_translation_then_kabsch_alignment,210,30,1.0,1.0408067653140634e-14,0.002186715776758468,01101110011100000110101000100000010100110100001000000000,npj SB,npj SB,100.0,True
8VC8,global_rotation_translation,combined_xz_rotation_x_translation_then_kabsch_alignment,210,60,1.0,1.2296156608352696e-14,0.002186715776758278,01101110011100000110101000100000010100110100001000000000,npj SB,npj SB,100.0,True
8VC8,global_rotation_translation,combined_xz_rotation_x_translation_then_kabsch_alignment,210,90,1.0,1.2035186961238351e-14,0.0021867157767584485,01101110011100000110101000100000010100110100001000000000,npj SB,npj SB,100.0,True
8VC8,global_rotation_translation,combined_xz_rotation_x_translation_then_kabsch_alignment,210,120,1.0,1.3989180041548359e-14,0.002186715776758363,01101110011100000110101000100000010100110100001000000000,npj SB,npj SB,100.0,True
8VC8,global_rotation_translation,combined_xz_rotation_x_translation_then_kabsch_alignment,210,150,1.0,2.037459278022528e-14,0.002186715776758514,01101110011100000110101000100000010100110100001000000000,npj SB,npj SB,100.0,True
8VC8,global_rotation_translation,combined_xz_rotation_x_translation_then_kabsch_alignment,210,180,1.0,2.185342280885346e-14,0.002186715776758378,01101110011100000110101000100000010100110100001000000000,npj SB,npj SB,100.0,True
8VC8,global_rotation_translation,combined_xz_rotation_x_translation_then_kabsch_alignment,210,210,1.0,9.355584050021456e-15,0.002186715776758497,01101110011100000110101000100000010100110100001000000000,npj SB,npj SB,100.0,True
8VC8,global_rotation_translation,combined_xz_rotation_x_translation_then_kabsch_alignment,210,240,1.0,2.0042605713780387e-14,0.002186715776758538,01101110011100000110101000100000010100110100001000000000,npj SB,npj SB,100.0,True
8VC8,global_rotation_translation,combined_xz_rotation_x_translation_then_kabsch_alignment,210,270,1.0,1.738192308506776e-14,0.0021867157767580495,01101110011100000110101000100000010100110100001000000000,npj SB,npj SB,100.0,True
8VC8,global_rotation_translation,combined_xz_rotation_x_translation_then_kabsch_alignment,210,300,1.0,1.1617150453179441e-14,0.0021867157767584255,01101110011100000110101000100000010100110100001000000000,npj SB,npj SB,100.0,True
8VC8,global_rotation_translation,combined_xz_rotation_x_translation_then_kabsch_alignment,210,330,1.0,1.209506829691463e-14,0.0021867157767584563,01101110011100000110101000100000010100110100001000000000,npj SB,npj SB,100.0,True
8VC8,global_rotation_translation,combined_xz_rotation_x_translation_then_kabsch_alignment,210,360,1.0,8.874353189905758e-15,0.0021867157767585296,01101110011100000110101000100000010100110100001000000000,npj SB,npj SB,100.0,True
8VC8,global_rotation_translation,combined_xz_rotation_x_translation_then_kabsch_alignment,240,0,1.0,1.1725426662670656e-14,0.0021867157767584793,01101110011100000110101000100000010100110100001000000000,npj SB,npj SB,100.0,True
8VC8,global_rotation_translation,combined_xz_rotation_x_translation_then_kabsch_alignment,240,30,1.0,1.5117003516930816e-14,0.002186715776758299,01101110011100000110101000100000010100110100001000000000,npj SB,npj SB,100.0,True
8VC8,global_rotation_translation,combined_xz_rotation_x_translation_then_kabsch_alignment,240,60,1.0,1.303149954039588e-14,0.0021867157767586206,01101110011100000110101000100000010100110100001000000000,npj SB,npj SB,100.0,True
8VC8,global_rotation_translation,combined_xz_rotation_x_translation_then_kabsch_alignment,240,90,1.0,1.1974828542976588e-14,0.0021867157767586965,01101110011100000110101000100000010100110100001000000000,npj SB,npj SB,100.0,True
8VC8,global_rotation_translation,combined_xz_rotation_x_translation_then_kabsch_alignment,240,120,1.0,1.4605703858590903e-14,0.002186715776758423,01101110011100000110101000100000010100110100001000000000,npj SB,npj SB,100.0,True
8VC8,global_rotation_translation,combined_xz_rotation_x_translation_then_kabsch_alignment,240,150,1.0,1.145147430186125e-14,0.0021867157767584224,01101110011100000110101000100000010100110100001000000000,npj SB,npj SB,100.0,True
8VC8,global_rotation_translation,combined_xz_rotation_x_translation_then_kabsch_alignment,240,180,1.0,1.9387769734209604e-14,0.0021867157767585794,01101110011100000110101000100000010100110100001000000000,npj SB,npj SB,100.0,True
8VC8,global_rotation_translation,combined_xz_rotation_x_translation_then_kabsch_alignment,240,210,1.0,1.4535677509924125e-14,0.002186715776758482,01101110011100000110101000100000010100110100001000000000,npj SB,npj SB,100.0,True
8VC8,global_rotation_translation,combined_xz_rotation_x_translation_then_kabsch_alignment,240,240,1.0,1.3662599147289565e-14,0.0021867157767581527,01101110011100000110101000100000010100110100001000000000,npj SB,npj SB,100.0,True
8VC8,global_rotation_translation,combined_xz_rotation_x_translation_then_kabsch_alignment,240,270,1.0,2.0327329825427604e-14,0.002186715776758341,01101110011100000110101000100000010100110100001000000000,npj SB,npj SB,100.0,True
8VC8,global_rotation_translation,combined_xz_rotation_x_translation_then_kabsch_alignment,240,300,1.0,1.623541461112976e-14,0.002186715776758366,01101110011100000110101000100000010100110100001000000000,npj SB,npj SB,100.0,True
8VC8,global_rotation_translation,combined_xz_rotation_x_translation_then_kabsch_alignment,240,330,1.0,7.927924899794002e-15,0.002186715776758684,01101110011100000110101000100000010100110100001000000000,npj SB,npj SB,100.0,True
8VC8,global_rotation_translation,combined_xz_rotation_x_translation_then_kabsch_alignment,240,360,1.0,1.6804497752827856e-14,0.002186715776758574,01101110011100000110101000100000010100110100001000000000,npj SB,npj SB,100.0,True
8VC8,global_rotation_translation,combined_xz_rotation_x_translation_then_kabsch_alignment,270,0,1.0,1.3041391288188036e-14,0.0021867157767586666,01101110011100000110101000100000010100110100001000000000,npj SB,npj SB,100.0,True
8VC8,global_rotation_translation,combined_xz_rotation_x_translation_then_kabsch_alignment,270,30,1.0,2.2417414260421342e-14,0.0021867157767587746,01101110011100000110101000100000010100110100001000000000,npj SB,npj SB,100.0,True
8VC8,global_rotation_translation,combined_xz_rotation_x_translation_then_kabsch_alignment,270,60,1.0,1.322730949918047e-14,0.002186715776758581,01101110011100000110101000100000010100110100001000000000,npj SB,npj SB,100.0,True
8VC8,global_rotation_translation,combined_xz_rotation_x_translation_then_kabsch_alignment,270,90,1.0,1.47495807389759e-14,0.0021867157767588067,01101110011100000110101000100000010100110100001000000000,npj SB,npj SB,100.0,True
8VC8,global_rotation_translation,combined_xz_rotation_x_translation_then_kabsch_alignment,270,120,1.0,1.510454847202113e-14,0.0021867157767587546,01101110011100000110101000100000010100110100001000000000,npj SB,npj SB,100.0,True
8VC8,global_rotation_translation,combined_xz_rotation_x_translation_then_kabsch_alignment,270,150,1.0,1.60845186515131e-14,0.0021867157767585525,01101110011100000110101000100000010100110100001000000000,npj SB,npj SB,100.0,True
8VC8,global_rotation_translation,combined_xz_rotation_x_translation_then_kabsch_alignment,270,180,1.0,1.8597344537247866e-14,0.0021867157767587048,01101110011100000110101000100000010100110100001000000000,npj SB,npj SB,100.0,True
8VC8,global_rotation_translation,combined_xz_rotation_x_translation_then_kabsch_alignment,270,210,1.0,1.3535334332985647e-14,0.002186715776758773,01101110011100000110101000100000010100110100001000000000,npj SB,npj SB,100.0,True
8VC8,global_rotation_translation,combined_xz_rotation_x_translation_then_kabsch_alignment,270,240,1.0,1.4707158741182226e-14,0.0021867157767582915,01101110011100000110101000100000010100110100001000000000,npj SB,npj SB,100.0,True
8VC8,global_rotation_translation,combined_xz_rotation_x_translation_then_kabsch_alignment,270,270,1.0,2.1800715640625974e-14,0.0021867157767585517,01101110011100000110101000100000010100110100001000000000,npj SB,npj SB,100.0,True
8VC8,global_rotation_translation,combined_xz_rotation_x_translation_then_kabsch_alignment,270,300,1.0,1.1445897161065767e-14,0.0021867157767586237,01101110011100000110101000100000010100110100001000000000,npj SB,npj SB,100.0,True
8VC8,global_rotation_translation,combined_xz_rotation_x_translation_then_kabsch_alignment,270,330,1.0,1.880572290565208e-14,0.002186715776758869,01101110011100000110101000100000010100110100001000000000,npj SB,npj SB,100.0,True
8VC8,global_rotation_translation,combined_xz_rotation_x_translation_then_kabsch_alignment,270,360,1.0,1.426527195628522e-14,0.002186715776758541,01101110011100000110101000100000010100110100001000000000,npj SB,npj SB,100.0,True
8VC8,global_rotation_translation,combined_xz_rotation_x_translation_then_kabsch_alignment,300,0,1.0,1.3667434275388606e-14,0.002186715776758625,01101110011100000110101000100000010100110100001000000000,npj SB,npj SB,100.0,True
8VC8,global_rotation_translation,combined_xz_rotation_x_translation_then_kabsch_alignment,300,30,1.0,1.332981150849394e-14,0.002186715776758446,01101110011100000110101000100000010100110100001000000000,npj SB,npj SB,100.0,True
8VC8,global_rotation_translation,combined_xz_rotation_x_translation_then_kabsch_alignment,300,60,1.0,1.447052117695179e-14,0.0021867157767587503,01101110011100000110101000100000010100110100001000000000,npj SB,npj SB,100.0,True
8VC8,global_rotation_translation,combined_xz_rotation_x_translation_then_kabsch_alignment,300,90,1.0,1.434372889285241e-14,0.0021867157767585525,01101110011100000110101000100000010100110100001000000000,npj SB,npj SB,100.0,True
8VC8,global_rotation_translation,combined_xz_rotation_x_translation_then_kabsch_alignment,300,120,1.0,1.5384731303603883e-14,0.002186715776758616,01101110011100000110101000100000010100110100001000000000,npj SB,npj SB,100.0,True
8VC8,global_rotation_translation,combined_xz_rotation_x_translation_then_kabsch_alignment,300,150,1.0,2.2056610693118534e-14,0.0021867157767586076,01101110011100000110101000100000010100110100001000000000,npj SB,npj SB,100.0,True
8VC8,global_rotation_translation,combined_xz_rotation_x_translation_then_kabsch_alignment,300,180,1.0,2.1608356942160575e-14,0.002186715776758941,01101110011100000110101000100000010100110100001000000000,npj SB,npj SB,100.0,True
8VC8,global_rotation_translation,combined_xz_rotation_x_translation_then_kabsch_alignment,300,210,1.0,1.2912512782238095e-14,0.0021867157767584294,01101110011100000110101000100000010100110100001000000000,npj SB,npj SB,100.0,True
8VC8,global_rotation_translation,combined_xz_rotation_x_translation_then_kabsch_alignment,300,240,1.0,1.2520642341303691e-14,0.0021867157767585855,01101110011100000110101000100000010100110100001000000000,npj SB,npj SB,100.0,True
8VC8,global_rotation_translation,combined_xz_rotation_x_translation_then_kabsch_alignment,300,270,1.0,1.9756486062238078e-14,0.002186715776758114,01101110011100000110101000100000010100110100001000000000,npj SB,npj SB,100.0,True
8VC8,global_rotation_translation,combined_xz_rotation_x_translation_then_kabsch_alignment,300,300,1.0,1.3612370122312778e-14,0.002186715776758548,01101110011100000110101000100000010100110100001000000000,npj SB,npj SB,100.0,True
8VC8,global_rotation_translation,combined_xz_rotation_x_translation_then_kabsch_alignment,300,330,1.0,1.5648244925005785e-14,0.0021867157767587703,01101110011100000110101000100000010100110100001000000000,npj SB,npj SB,100.0,True
8VC8,global_rotation_translation,combined_xz_rotation_x_translation_then_kabsch_alignment,300,360,1.0,1.2486364529725314e-14,0.0021867157767587945,01101110011100000110101000100000010100110100001000000000,npj SB,npj SB,100.0,True
8VC8,global_rotation_translation,combined_xz_rotation_x_translation_then_kabsch_alignment,330,0,1.0,1.2000421900072724e-14,0.002186715776758875,01101110011100000110101000100000010100110100001000000000,npj SB,npj SB,100.0,True
8VC8,global_rotation_translation,combined_xz_rotation_x_translation_then_kabsch_alignment,330,30,1.0,1.024816533050839e-14,0.0021867157767583773,01101110011100000110101000100000010100110100001000000000,npj SB,npj SB,100.0,True
8VC8,global_rotation_translation,combined_xz_rotation_x_translation_then_kabsch_alignment,330,60,1.0,6.539371718527075e-15,0.0021867157767587364,01101110011100000110101000100000010100110100001000000000,npj SB,npj SB,100.0,True
8VC8,global_rotation_translation,combined_xz_rotation_x_translation_then_kabsch_alignment,330,90,1.0,9.774119363361296e-15,0.0021867157767587048,01101110011100000110101000100000010100110100001000000000,npj SB,npj SB,100.0,True
8VC8,global_rotation_translation,combined_xz_rotation_x_translation_then_kabsch_alignment,330,120,1.0,1.1029076377049058e-14,0.0021867157767589494,01101110011100000110101000100000010100110100001000000000,npj SB,npj SB,100.0,True
8VC8,global_rotation_translation,combined_xz_rotation_x_translation_then_kabsch_alignment,330,150,1.0,1.6291890386576708e-14,0.0021867157767586475,01101110011100000110101000100000010100110100001000000000,npj SB,npj SB,100.0,True
8VC8,global_rotation_translation,combined_xz_rotation_x_translation_then_kabsch_alignment,330,180,1.0,6.661593711177294e-15,0.0021867157767585213,01101110011100000110101000100000010100110100001000000000,npj SB,npj SB,100.0,True
8VC8,global_rotation_translation,combined_xz_rotation_x_translation_then_kabsch_alignment,330,210,1.0,1.2510218819069476e-14,0.002186715776758724,01101110011100000110101000100000010100110100001000000000,npj SB,npj SB,100.0,True
8VC8,global_rotation_translation,combined_xz_rotation_x_translation_then_kabsch_alignment,330,240,1.0,1.3164092575464035e-14,0.00218671577675853,01101110011100000110101000100000010100110100001000000000,npj SB,npj SB,100.0,True
8VC8,global_rotation_translation,combined_xz_rotation_x_translation_then_kabsch_alignment,330,270,1.0,1.7304392586476893e-14,0.0021867157767580087,01101110011100000110101000100000010100110100001000000000,npj SB,npj SB,100.0,True
8VC8,global_rotation_translation,combined_xz_rotation_x_translation_then_kabsch_alignment,330,300,1.0,1.032421789350458e-14,0.0021867157767588782,01101110011100000110101000100000010100110100001000000000,npj SB,npj SB,100.0,True
8VC8,global_rotation_translation,combined_xz_rotation_x_translation_then_kabsch_alignment,330,330,1.0,8.267738465972027e-15,0.002186715776758375,01101110011100000110101000100000010100110100001000000000,npj SB,npj SB,100.0,True
8VC8,global_rotation_translation,combined_xz_rotation_x_translation_then_kabsch_alignment,330,360,1.0,1.3447229960617792e-14,0.002186715776758477,01101110011100000110101000100000010100110100001000000000,npj SB,npj SB,100.0,True
8VC8,global_rotation_translation,combined_xz_rotation_x_translation_then_kabsch_alignment,360,0,1.0,9.312970823363773e-15,0.002186715776758511,01101110011100000110101000100000010100110100001000000000,npj SB,npj SB,100.0,True
8VC8,global_rotation_translation,combined_xz_rotation_x_translation_then_kabsch_alignment,360,30,1.0,8.989908998027744e-15,0.0021867157767582438,01101110011100000110101000100000010100110100001000000000,npj SB,npj SB,100.0,True
8VC8,global_rotation_translation,combined_xz_rotation_x_translation_then_kabsch_alignment,360,60,1.0,8.060053030423352e-15,0.0021867157767585096,01101110011100000110101000100000010100110100001000000000,npj SB,npj SB,100.0,True
8VC8,global_rotation_translation,combined_xz_rotation_x_translation_then_kabsch_alignment,360,90,1.0,1.250134761253106e-14,0.0021867157767582034,01101110011100000110101000100000010100110100001000000000,npj SB,npj SB,100.0,True
8VC8,global_rotation_translation,combined_xz_rotation_x_translation_then_kabsch_alignment,360,120,1.0,9.010915336848449e-15,0.002186715776758211,01101110011100000110101000100000010100110100001000000000,npj SB,npj SB,100.0,True
8VC8,global_rotation_translation,combined_xz_rotation_x_translation_then_kabsch_alignment,360,150,1.0,7.172176877608475e-15,0.0021867157767584697,01101110011100000110101000100000010100110100001000000000,npj SB,npj SB,100.0,True
8VC8,global_rotation_translation,combined_xz_rotation_x_translation_then_kabsch_alignment,360,180,1.0,1.114108271189977e-14,0.0021867157767585083,01101110011100000110101000100000010100110100001000000000,npj SB,npj SB,100.0,True
8VC8,global_rotation_translation,combined_xz_rotation_x_translation_then_kabsch_alignment,360,210,1.0,9.359647051721004e-15,0.0021867157767584424,01101110011100000110101000100000010100110100001000000000,npj SB,npj SB,100.0,True
8VC8,global_rotation_translation,combined_xz_rotation_x_translation_then_kabsch_alignment,360,240,1.0,9.413499207532568e-15,0.0021867157767584532,01101110011100000110101000100000010100110100001000000000,npj SB,npj SB,100.0,True
8VC8,global_rotation_translation,combined_xz_rotation_x_translation_then_kabsch_alignment,360,270,1.0,1.5347640749728606e-14,0.0021867157767582373,01101110011100000110101000100000010100110100001000000000,npj SB,npj SB,100.0,True
8VC8,global_rotation_translation,combined_xz_rotation_x_translation_then_kabsch_alignment,360,300,1.0,7.67853514170374e-15,0.002186715776758336,01101110011100000110101000100000010100110100001000000000,npj SB,npj SB,100.0,True
8VC8,global_rotation_translation,combined_xz_rotation_x_translation_then_kabsch_alignment,360,330,1.0,1.6904109978675223e-14,0.002186715776758453,01101110011100000110101000100000010100110100001000000000,npj SB,npj SB,100.0,True
8VC8,global_rotation_translation,combined_xz_rotation_x_translation_then_kabsch_alignment,360,360,1.0,6.766674840592379e-15,0.002186715776758597,01101110011100000110101000100000010100110100001000000000,npj SB,npj SB,100.0,True
8VC8,global_rotation_translation,combined_xz_rotation_x_translation_then_kabsch_alignment,0,0,5.0,5.520310893066715e-15,0.0021867157767584394,01101110011100000110101000100000010100110100001000000000,npj SB,npj SB,100.0,True
8VC8,global_rotation_translation,combined_xz_rotation_x_translation_then_kabsch_alignment,0,30,5.0,9.795847451207646e-15,0.002186715776758584,01101110011100000110101000100000010100110100001000000000,npj SB,npj SB,100.0,True
8VC8,global_rotation_translation,combined_xz_rotation_x_translation_then_kabsch_alignment,0,60,5.0,6.1889571598576856e-15,0.00218671577675839,01101110011100000110101000100000010100110100001000000000,npj SB,npj SB,100.0,True
8VC8,global_rotation_translation,combined_xz_rotation_x_translation_then_kabsch_alignment,0,90,5.0,6.334301568686996e-15,0.0021867157767583626,01101110011100000110101000100000010100110100001000000000,npj SB,npj SB,100.0,True
8VC8,global_rotation_translation,combined_xz_rotation_x_translation_then_kabsch_alignment,0,120,5.0,7.387114068309273e-15,0.002186715776758333,01101110011100000110101000100000010100110100001000000000,npj SB,npj SB,100.0,True
8VC8,global_rotation_translation,combined_xz_rotation_x_translation_then_kabsch_alignment,0,150,5.0,6.6897863613167564e-15,0.002186715776758248,01101110011100000110101000100000010100110100001000000000,npj SB,npj SB,100.0,True
8VC8,global_rotation_translation,combined_xz_rotation_x_translation_then_kabsch_alignment,0,180,5.0,1.0147048784545632e-14,0.0021867157767587117,01101110011100000110101000100000010100110100001000000000,npj SB,npj SB,100.0,True
8VC8,global_rotation_translation,combined_xz_rotation_x_translation_then_kabsch_alignment,0,210,5.0,9.70654056039738e-15,0.0021867157767585742,01101110011100000110101000100000010100110100001000000000,npj SB,npj SB,100.0,True
8VC8,global_rotation_translation,combined_xz_rotation_x_translation_then_kabsch_alignment,0,240,5.0,1.1090302271489979e-14,0.0021867157767586237,01101110011100000110101000100000010100110100001000000000,npj SB,npj SB,100.0,True
8VC8,global_rotation_translation,combined_xz_rotation_x_translation_then_kabsch_alignment,0,270,5.0,1.7430419227852348e-14,0.002186715776758631,01101110011100000110101000100000010100110100001000000000,npj SB,npj SB,100.0,True
8VC8,global_rotation_translation,combined_xz_rotation_x_translation_then_kabsch_alignment,0,300,5.0,5.982896554541855e-15,0.0021867157767584433,01101110011100000110101000100000010100110100001000000000,npj SB,npj SB,100.0,True
8VC8,global_rotation_translation,combined_xz_rotation_x_translation_then_kabsch_alignment,0,330,5.0,1.461188283959706e-14,0.0021867157767584806,01101110011100000110101000100000010100110100001000000000,npj SB,npj SB,100.0,True
8VC8,global_rotation_translation,combined_xz_rotation_x_translation_then_kabsch_alignment,0,360,5.0,6.484690771013323e-15,0.002186715776758637,01101110011100000110101000100000010100110100001000000000,npj SB,npj SB,100.0,True
8VC8,global_rotation_translation,combined_xz_rotation_x_translation_then_kabsch_alignment,30,0,5.0,1.6510105927393792e-14,0.002186715776759067,01101110011100000110101000100000010100110100001000000000,npj SB,npj SB,100.0,True
8VC8,global_rotation_translation,combined_xz_rotation_x_translation_then_kabsch_alignment,30,30,5.0,2.0923614656493542e-14,0.002186715776758608,01101110011100000110101000100000010100110100001000000000,npj SB,npj SB,100.0,True
8VC8,global_rotation_translation,combined_xz_rotation_x_translation_then_kabsch_alignment,30,60,5.0,1.5186876938522183e-14,0.0021867157767585152,01101110011100000110101000100000010100110100001000000000,npj SB,npj SB,100.0,True
8VC8,global_rotation_translation,combined_xz_rotation_x_translation_then_kabsch_alignment,30,90,5.0,1.6492994161652532e-14,0.0021867157767586375,01101110011100000110101000100000010100110100001000000000,npj SB,npj SB,100.0,True
8VC8,global_rotation_translation,combined_xz_rotation_x_translation_then_kabsch_alignment,30,120,5.0,1.3404385498940089e-14,0.0021867157767588327,01101110011100000110101000100000010100110100001000000000,npj SB,npj SB,100.0,True
8VC8,global_rotation_translation,combined_xz_rotation_x_translation_then_kabsch_alignment,30,150,5.0,1.388943838410646e-14,0.002186715776758234,01101110011100000110101000100000010100110100001000000000,npj SB,npj SB,100.0,True
8VC8,global_rotation_translation,combined_xz_rotation_x_translation_then_kabsch_alignment,30,180,5.0,1.224726378616416e-14,0.0021867157767587243,01101110011100000110101000100000010100110100001000000000,npj SB,npj SB,100.0,True
8VC8,global_rotation_translation,combined_xz_rotation_x_translation_then_kabsch_alignment,30,210,5.0,1.0176230354742025e-14,0.0021867157767584693,01101110011100000110101000100000010100110100001000000000,npj SB,npj SB,100.0,True
8VC8,global_rotation_translation,combined_xz_rotation_x_translation_then_kabsch_alignment,30,240,5.0,9.399220502337238e-15,0.002186715776758501,01101110011100000110101000100000010100110100001000000000,npj SB,npj SB,100.0,True
8VC8,global_rotation_translation,combined_xz_rotation_x_translation_then_kabsch_alignment,30,270,5.0,2.3256697952926355e-14,0.0021867157767588587,01101110011100000110101000100000010100110100001000000000,npj SB,npj SB,100.0,True
8VC8,global_rotation_translation,combined_xz_rotation_x_translation_then_kabsch_alignment,30,300,5.0,2.104193708087377e-14,0.0021867157767586193,01101110011100000110101000100000010100110100001000000000,npj SB,npj SB,100.0,True
8VC8,global_rotation_translation,combined_xz_rotation_x_translation_then_kabsch_alignment,30,330,5.0,1.5036426187840565e-14,0.002186715776758836,01101110011100000110101000100000010100110100001000000000,npj SB,npj SB,100.0,True
8VC8,global_rotation_translation,combined_xz_rotation_x_translation_then_kabsch_alignment,30,360,5.0,1.6305407023846245e-14,0.00218671577675859,01101110011100000110101000100000010100110100001000000000,npj SB,npj SB,100.0,True
8VC8,global_rotation_translation,combined_xz_rotation_x_translation_then_kabsch_alignment,60,0,5.0,1.6384566301285856e-14,0.0021867157767586423,01101110011100000110101000100000010100110100001000000000,npj SB,npj SB,100.0,True
8VC8,global_rotation_translation,combined_xz_rotation_x_translation_then_kabsch_alignment,60,30,5.0,1.2226140980587087e-14,0.002186715776758581,01101110011100000110101000100000010100110100001000000000,npj SB,npj SB,100.0,True
8VC8,global_rotation_translation,combined_xz_rotation_x_translation_then_kabsch_alignment,60,60,5.0,1.5837845986210426e-14,0.002186715776758688,01101110011100000110101000100000010100110100001000000000,npj SB,npj SB,100.0,True
8VC8,global_rotation_translation,combined_xz_rotation_x_translation_then_kabsch_alignment,60,90,5.0,1.1017202005817105e-14,0.002186715776758618,01101110011100000110101000100000010100110100001000000000,npj SB,npj SB,100.0,True
8VC8,global_rotation_translation,combined_xz_rotation_x_translation_then_kabsch_alignment,60,120,5.0,1.8370142935003675e-14,0.0021867157767582355,01101110011100000110101000100000010100110100001000000000,npj SB,npj SB,100.0,True
8VC8,global_rotation_translation,combined_xz_rotation_x_translation_then_kabsch_alignment,60,150,5.0,1.672828478785822e-14,0.002186715776758343,01101110011100000110101000100000010100110100001000000000,npj SB,npj SB,100.0,True
8VC8,global_rotation_translation,combined_xz_rotation_x_translation_then_kabsch_alignment,60,180,5.0,1.1327764599098823e-14,0.002186715776758478,01101110011100000110101000100000010100110100001000000000,npj SB,npj SB,100.0,True
8VC8,global_rotation_translation,combined_xz_rotation_x_translation_then_kabsch_alignment,60,210,5.0,1.1334844823505883e-14,0.002186715776758568,01101110011100000110101000100000010100110100001000000000,npj SB,npj SB,100.0,True
8VC8,global_rotation_translation,combined_xz_rotation_x_translation_then_kabsch_alignment,60,240,5.0,1.995342062732686e-14,0.0021867157767586423,01101110011100000110101000100000010100110100001000000000,npj SB,npj SB,100.0,True
8VC8,global_rotation_translation,combined_xz_rotation_x_translation_then_kabsch_alignment,60,270,5.0,1.9400555663927526e-14,0.0021867157767586167,01101110011100000110101000100000010100110100001000000000,npj SB,npj SB,100.0,True
8VC8,global_rotation_translation,combined_xz_rotation_x_translation_then_kabsch_alignment,60,300,5.0,1.3818987769025298e-14,0.002186715776758812,01101110011100000110101000100000010100110100001000000000,npj SB,npj SB,100.0,True
8VC8,global_rotation_translation,combined_xz_rotation_x_translation_then_kabsch_alignment,60,330,5.0,1.1724929058932067e-14,0.0021867157767586753,01101110011100000110101000100000010100110100001000000000,npj SB,npj SB,100.0,True
8VC8,global_rotation_translation,combined_xz_rotation_x_translation_then_kabsch_alignment,60,360,5.0,1.6910614339108294e-14,0.0021867157767588,01101110011100000110101000100000010100110100001000000000,npj SB,npj SB,100.0,True
8VC8,global_rotation_translation,combined_xz_rotation_x_translation_then_kabsch_alignment,90,0,5.0,1.3349555400871963e-14,0.0021867157767586115,01101110011100000110101000100000010100110100001000000000,npj SB,npj SB,100.0,True
8VC8,global_rotation_translation,combined_xz_rotation_x_translation_then_kabsch_alignment,90,30,5.0,1.7320117663901046e-14,0.002186715776758295,01101110011100000110101000100000010100110100001000000000,npj SB,npj SB,100.0,True
8VC8,global_rotation_translation,combined_xz_rotation_x_translation_then_kabsch_alignment,90,60,5.0,1.1448869833784304e-14,0.002186715776758585,01101110011100000110101000100000010100110100001000000000,npj SB,npj SB,100.0,True
8VC8,global_rotation_translation,combined_xz_rotation_x_translation_then_kabsch_alignment,90,90,5.0,1.3017871695432637e-14,0.0021867157767584745,01101110011100000110101000100000010100110100001000000000,npj SB,npj SB,100.0,True
8VC8,global_rotation_translation,combined_xz_rotation_x_translation_then_kabsch_alignment,90,120,5.0,1.7697226691389454e-14,0.002186715776758354,01101110011100000110101000100000010100110100001000000000,npj SB,npj SB,100.0,True
8VC8,global_rotation_translation,combined_xz_rotation_x_translation_then_kabsch_alignment,90,150,5.0,2.0206040052178172e-14,0.002186715776758359,01101110011100000110101000100000010100110100001000000000,npj SB,npj SB,100.0,True
8VC8,global_rotation_translation,combined_xz_rotation_x_translation_then_kabsch_alignment,90,180,5.0,9.983016798947488e-15,0.002186715776758269,01101110011100000110101000100000010100110100001000000000,npj SB,npj SB,100.0,True
8VC8,global_rotation_translation,combined_xz_rotation_x_translation_then_kabsch_alignment,90,210,5.0,1.3295102008242218e-14,0.0021867157767586484,01101110011100000110101000100000010100110100001000000000,npj SB,npj SB,100.0,True
8VC8,global_rotation_translation,combined_xz_rotation_x_translation_then_kabsch_alignment,90,240,5.0,1.1003679295043913e-14,0.0021867157767586592,01101110011100000110101000100000010100110100001000000000,npj SB,npj SB,100.0,True
8VC8,global_rotation_translation,combined_xz_rotation_x_translation_then_kabsch_alignment,90,270,5.0,1.864340612544911e-14,0.0021867157767584975,01101110011100000110101000100000010100110100001000000000,npj SB,npj SB,100.0,True
8VC8,global_rotation_translation,combined_xz_rotation_x_translation_then_kabsch_alignment,90,300,5.0,2.0850918748894024e-14,0.0021867157767587607,01101110011100000110101000100000010100110100001000000000,npj SB,npj SB,100.0,True
8VC8,global_rotation_translation,combined_xz_rotation_x_translation_then_kabsch_alignment,90,330,5.0,1.1004106989854754e-14,0.002186715776758525,01101110011100000110101000100000010100110100001000000000,npj SB,npj SB,100.0,True
8VC8,global_rotation_translation,combined_xz_rotation_x_translation_then_kabsch_alignment,90,360,5.0,1.3435598412859735e-14,0.002186715776758336,01101110011100000110101000100000010100110100001000000000,npj SB,npj SB,100.0,True
8VC8,global_rotation_translation,combined_xz_rotation_x_translation_then_kabsch_alignment,120,0,5.0,1.5469140230571632e-14,0.0021867157767584675,01101110011100000110101000100000010100110100001000000000,npj SB,npj SB,100.0,True
8VC8,global_rotation_translation,combined_xz_rotation_x_translation_then_kabsch_alignment,120,30,5.0,1.4992647875531135e-14,0.0021867157767586137,01101110011100000110101000100000010100110100001000000000,npj SB,npj SB,100.0,True
8VC8,global_rotation_translation,combined_xz_rotation_x_translation_then_kabsch_alignment,120,60,5.0,1.1762899051384597e-14,0.0021867157767584125,01101110011100000110101000100000010100110100001000000000,npj SB,npj SB,100.0,True
8VC8,global_rotation_translation,combined_xz_rotation_x_translation_then_kabsch_alignment,120,90,5.0,1.684633809032037e-14,0.0021867157767581345,01101110011100000110101000100000010100110100001000000000,npj SB,npj SB,100.0,True
8VC8,global_rotation_translation,combined_xz_rotation_x_translation_then_kabsch_alignment,120,120,5.0,1.2332445984795404e-14,0.0021867157767581375,01101110011100000110101000100000010100110100001000000000,npj SB,npj SB,100.0,True
8VC8,global_rotation_translation,combined_xz_rotation_x_translation_then_kabsch_alignment,120,150,5.0,1.2129207450629579e-14,0.002186715776758033,01101110011100000110101000100000010100110100001000000000,npj SB,npj SB,100.0,True
8VC8,global_rotation_translation,combined_xz_rotation_x_translation_then_kabsch_alignment,120,180,5.0,1.249216896786569e-14,0.00218671577675833,01101110011100000110101000100000010100110100001000000000,npj SB,npj SB,100.0,True
8VC8,global_rotation_translation,combined_xz_rotation_x_translation_then_kabsch_alignment,120,210,5.0,1.0497543219472563e-14,0.002186715776758141,01101110011100000110101000100000010100110100001000000000,npj SB,npj SB,100.0,True
8VC8,global_rotation_translation,combined_xz_rotation_x_translation_then_kabsch_alignment,120,240,5.0,1.119968943829082e-14,0.002186715776758376,01101110011100000110101000100000010100110100001000000000,npj SB,npj SB,100.0,True
8VC8,global_rotation_translation,combined_xz_rotation_x_translation_then_kabsch_alignment,120,270,5.0,1.7277989250976995e-14,0.002186715776758459,01101110011100000110101000100000010100110100001000000000,npj SB,npj SB,100.0,True
8VC8,global_rotation_translation,combined_xz_rotation_x_translation_then_kabsch_alignment,120,300,5.0,1.5302079166509355e-14,0.002186715776758263,01101110011100000110101000100000010100110100001000000000,npj SB,npj SB,100.0,True
8VC8,global_rotation_translation,combined_xz_rotation_x_translation_then_kabsch_alignment,120,330,5.0,9.974886535121599e-15,0.002186715776758166,01101110011100000110101000100000010100110100001000000000,npj SB,npj SB,100.0,True
8VC8,global_rotation_translation,combined_xz_rotation_x_translation_then_kabsch_alignment,120,360,5.0,1.768815551565139e-14,0.0021867157767584315,01101110011100000110101000100000010100110100001000000000,npj SB,npj SB,100.0,True
8VC8,global_rotation_translation,combined_xz_rotation_x_translation_then_kabsch_alignment,150,0,5.0,1.0894080199919182e-14,0.0021867157767585374,01101110011100000110101000100000010100110100001000000000,npj SB,npj SB,100.0,True
8VC8,global_rotation_translation,combined_xz_rotation_x_translation_then_kabsch_alignment,150,30,5.0,1.5727654014782353e-14,0.0021867157767583192,01101110011100000110101000100000010100110100001000000000,npj SB,npj SB,100.0,True
8VC8,global_rotation_translation,combined_xz_rotation_x_translation_then_kabsch_alignment,150,60,5.0,9.106506778874049e-15,0.0021867157767583175,01101110011100000110101000100000010100110100001000000000,npj SB,npj SB,100.0,True
8VC8,global_rotation_translation,combined_xz_rotation_x_translation_then_kabsch_alignment,150,90,5.0,1.138617700917095e-14,0.002186715776758321,01101110011100000110101000100000010100110100001000000000,npj SB,npj SB,100.0,True
8VC8,global_rotation_translation,combined_xz_rotation_x_translation_then_kabsch_alignment,150,120,5.0,9.904052026811003e-15,0.0021867157767583786,01101110011100000110101000100000010100110100001000000000,npj SB,npj SB,100.0,True
8VC8,global_rotation_translation,combined_xz_rotation_x_translation_then_kabsch_alignment,150,150,5.0,1.0348117971640246e-14,0.002186715776758198,01101110011100000110101000100000010100110100001000000000,npj SB,npj SB,100.0,True
8VC8,global_rotation_translation,combined_xz_rotation_x_translation_then_kabsch_alignment,150,180,5.0,1.0110148737629194e-14,0.002186715776758654,01101110011100000110101000100000010100110100001000000000,npj SB,npj SB,100.0,True
8VC8,global_rotation_translation,combined_xz_rotation_x_translation_then_kabsch_alignment,150,210,5.0,1.2400688754965738e-14,0.002186715776758591,01101110011100000110101000100000010100110100001000000000,npj SB,npj SB,100.0,True
8VC8,global_rotation_translation,combined_xz_rotation_x_translation_then_kabsch_alignment,150,240,5.0,1.2325645026887648e-14,0.0021867157767585096,01101110011100000110101000100000010100110100001000000000,npj SB,npj SB,100.0,True
8VC8,global_rotation_translation,combined_xz_rotation_x_translation_then_kabsch_alignment,150,270,5.0,2.159580973570126e-14,0.002186715776758604,01101110011100000110101000100000010100110100001000000000,npj SB,npj SB,100.0,True
8VC8,global_rotation_translation,combined_xz_rotation_x_translation_then_kabsch_alignment,150,300,5.0,1.190422156742352e-14,0.002186715776758346,01101110011100000110101000100000010100110100001000000000,npj SB,npj SB,100.0,True
8VC8,global_rotation_translation,combined_xz_rotation_x_translation_then_kabsch_alignment,150,330,5.0,8.695540179553838e-15,0.0021867157767582065,01101110011100000110101000100000010100110100001000000000,npj SB,npj SB,100.0,True
8VC8,global_rotation_translation,combined_xz_rotation_x_translation_then_kabsch_alignment,150,360,5.0,1.4276112360987098e-14,0.0021867157767582876,01101110011100000110101000100000010100110100001000000000,npj SB,npj SB,100.0,True
8VC8,global_rotation_translation,combined_xz_rotation_x_translation_then_kabsch_alignment,180,0,5.0,1.12413771648738e-14,0.002186715776758344,01101110011100000110101000100000010100110100001000000000,npj SB,npj SB,100.0,True
8VC8,global_rotation_translation,combined_xz_rotation_x_translation_then_kabsch_alignment,180,30,5.0,6.60020869743871e-15,0.0021867157767585855,01101110011100000110101000100000010100110100001000000000,npj SB,npj SB,100.0,True
8VC8,global_rotation_translation,combined_xz_rotation_x_translation_then_kabsch_alignment,180,60,5.0,8.704307007847665e-15,0.0021867157767582607,01101110011100000110101000100000010100110100001000000000,npj SB,npj SB,100.0,True
8VC8,global_rotation_translation,combined_xz_rotation_x_translation_then_kabsch_alignment,180,90,5.0,9.89368994832931e-15,0.002186715776758515,01101110011100000110101000100000010100110100001000000000,npj SB,npj SB,100.0,True
8VC8,global_rotation_translation,combined_xz_rotation_x_translation_then_kabsch_alignment,180,120,5.0,1.0707583876556108e-14,0.002186715776758759,01101110011100000110101000100000010100110100001000000000,npj SB,npj SB,100.0,True
8VC8,global_rotation_translation,combined_xz_rotation_x_translation_then_kabsch_alignment,180,150,5.0,1.0727479750492686e-14,0.0021867157767582494,01101110011100000110101000100000010100110100001000000000,npj SB,npj SB,100.0,True
8VC8,global_rotation_translation,combined_xz_rotation_x_translation_then_kabsch_alignment,180,180,5.0,7.565299185799327e-15,0.002186715776758269,01101110011100000110101000100000010100110100001000000000,npj SB,npj SB,100.0,True
8VC8,global_rotation_translation,combined_xz_rotation_x_translation_then_kabsch_alignment,180,210,5.0,1.8792294145443722e-14,0.0021867157767580074,01101110011100000110101000100000010100110100001000000000,npj SB,npj SB,100.0,True
8VC8,global_rotation_translation,combined_xz_rotation_x_translation_then_kabsch_alignment,180,240,5.0,8.893099074494844e-15,0.0021867157767584216,01101110011100000110101000100000010100110100001000000000,npj SB,npj SB,100.0,True
8VC8,global_rotation_translation,combined_xz_rotation_x_translation_then_kabsch_alignment,180,270,5.0,1.3916764273639569e-14,0.002186715776758295,01101110011100000110101000100000010100110100001000000000,npj SB,npj SB,100.0,True
8VC8,global_rotation_translation,combined_xz_rotation_x_translation_then_kabsch_alignment,180,300,5.0,1.5852023121201472e-14,0.0021867157767579562,01101110011100000110101000100000010100110100001000000000,npj SB,npj SB,100.0,True
8VC8,global_rotation_translation,combined_xz_rotation_x_translation_then_kabsch_alignment,180,330,5.0,1.322519728060325e-14,0.002186715776758631,01101110011100000110101000100000010100110100001000000000,npj SB,npj SB,100.0,True
8VC8,global_rotation_translation,combined_xz_rotation_x_translation_then_kabsch_alignment,180,360,5.0,8.010449653458292e-15,0.002186715776758396,01101110011100000110101000100000010100110100001000000000,npj SB,npj SB,100.0,True
8VC8,global_rotation_translation,combined_xz_rotation_x_translation_then_kabsch_alignment,210,0,5.0,9.659301177634113e-15,0.0021867157767582386,01101110011100000110101000100000010100110100001000000000,npj SB,npj SB,100.0,True
8VC8,global_rotation_translation,combined_xz_rotation_x_translation_then_kabsch_alignment,210,30,5.0,1.1874575120309166e-14,0.0021867157767582017,01101110011100000110101000100000010100110100001000000000,npj SB,npj SB,100.0,True
8VC8,global_rotation_translation,combined_xz_rotation_x_translation_then_kabsch_alignment,210,60,5.0,1.5960116768704235e-14,0.002186715776758254,01101110011100000110101000100000010100110100001000000000,npj SB,npj SB,100.0,True
8VC8,global_rotation_translation,combined_xz_rotation_x_translation_then_kabsch_alignment,210,90,5.0,1.699034649600826e-14,0.0021867157767586774,01101110011100000110101000100000010100110100001000000000,npj SB,npj SB,100.0,True
8VC8,global_rotation_translation,combined_xz_rotation_x_translation_then_kabsch_alignment,210,120,5.0,9.867711387961784e-15,0.0021867157767583457,01101110011100000110101000100000010100110100001000000000,npj SB,npj SB,100.0,True
8VC8,global_rotation_translation,combined_xz_rotation_x_translation_then_kabsch_alignment,210,150,5.0,2.1067276519816366e-14,0.002186715776758135,01101110011100000110101000100000010100110100001000000000,npj SB,npj SB,100.0,True
8VC8,global_rotation_translation,combined_xz_rotation_x_translation_then_kabsch_alignment,210,180,5.0,2.122013505591675e-14,0.0021867157767583214,01101110011100000110101000100000010100110100001000000000,npj SB,npj SB,100.0,True
8VC8,global_rotation_translation,combined_xz_rotation_x_translation_then_kabsch_alignment,210,210,5.0,1.5720589074131218e-14,0.00218671577675847,01101110011100000110101000100000010100110100001000000000,npj SB,npj SB,100.0,True
8VC8,global_rotation_translation,combined_xz_rotation_x_translation_then_kabsch_alignment,210,240,5.0,1.9582440015135833e-14,0.0021867157767586722,01101110011100000110101000100000010100110100001000000000,npj SB,npj SB,100.0,True
8VC8,global_rotation_translation,combined_xz_rotation_x_translation_then_kabsch_alignment,210,270,5.0,2.1145791709480433e-14,0.002186715776758116,01101110011100000110101000100000010100110100001000000000,npj SB,npj SB,100.0,True
8VC8,global_rotation_translation,combined_xz_rotation_x_translation_then_kabsch_alignment,210,300,5.0,1.2817661562310603e-14,0.0021867157767582555,01101110011100000110101000100000010100110100001000000000,npj SB,npj SB,100.0,True
8VC8,global_rotation_translation,combined_xz_rotation_x_translation_then_kabsch_alignment,210,330,5.0,9.54125257185593e-15,0.0021867157767584255,01101110011100000110101000100000010100110100001000000000,npj SB,npj SB,100.0,True
8VC8,global_rotation_translation,combined_xz_rotation_x_translation_then_kabsch_alignment,210,360,5.0,9.637492670421923e-15,0.002186715776758628,01101110011100000110101000100000010100110100001000000000,npj SB,npj SB,100.0,True
8VC8,global_rotation_translation,combined_xz_rotation_x_translation_then_kabsch_alignment,240,0,5.0,1.0169913912153132e-14,0.0021867157767584923,01101110011100000110101000100000010100110100001000000000,npj SB,npj SB,100.0,True
8VC8,global_rotation_translation,combined_xz_rotation_x_translation_then_kabsch_alignment,240,30,5.0,1.0283405674180602e-14,0.002186715776758272,01101110011100000110101000100000010100110100001000000000,npj SB,npj SB,100.0,True
8VC8,global_rotation_translation,combined_xz_rotation_x_translation_then_kabsch_alignment,240,60,5.0,1.551958457697891e-14,0.002186715776758589,01101110011100000110101000100000010100110100001000000000,npj SB,npj SB,100.0,True
8VC8,global_rotation_translation,combined_xz_rotation_x_translation_then_kabsch_alignment,240,90,5.0,9.663274316856518e-15,0.002186715776758232,01101110011100000110101000100000010100110100001000000000,npj SB,npj SB,100.0,True
8VC8,global_rotation_translation,combined_xz_rotation_x_translation_then_kabsch_alignment,240,120,5.0,1.3590340000804177e-14,0.002186715776758503,01101110011100000110101000100000010100110100001000000000,npj SB,npj SB,100.0,True
8VC8,global_rotation_translation,combined_xz_rotation_x_translation_then_kabsch_alignment,240,150,5.0,1.5203753965427758e-14,0.0021867157767583765,01101110011100000110101000100000010100110100001000000000,npj SB,npj SB,100.0,True
8VC8,global_rotation_translation,combined_xz_rotation_x_translation_then_kabsch_alignment,240,180,5.0,1.9016005672438844e-14,0.0021867157767586167,01101110011100000110101000100000010100110100001000000000,npj SB,npj SB,100.0,True
8VC8,global_rotation_translation,combined_xz_rotation_x_translation_then_kabsch_alignment,240,210,5.0,1.2744298778831497e-14,0.0021867157767584,01101110011100000110101000100000010100110100001000000000,npj SB,npj SB,100.0,True
8VC8,global_rotation_translation,combined_xz_rotation_x_translation_then_kabsch_alignment,240,240,5.0,1.710813607060098e-14,0.00218671577675843,01101110011100000110101000100000010100110100001000000000,npj SB,npj SB,100.0,True
8VC8,global_rotation_translation,combined_xz_rotation_x_translation_then_kabsch_alignment,240,270,5.0,1.859798375589238e-14,0.0021867157767583817,01101110011100000110101000100000010100110100001000000000,npj SB,npj SB,100.0,True
8VC8,global_rotation_translation,combined_xz_rotation_x_translation_then_kabsch_alignment,240,300,5.0,1.4622208679354928e-14,0.0021867157767582984,01101110011100000110101000100000010100110100001000000000,npj SB,npj SB,100.0,True
8VC8,global_rotation_translation,combined_xz_rotation_x_translation_then_kabsch_alignment,240,330,5.0,8.375441365434496e-15,0.0021867157767588765,01101110011100000110101000100000010100110100001000000000,npj SB,npj SB,100.0,True
8VC8,global_rotation_translation,combined_xz_rotation_x_translation_then_kabsch_alignment,240,360,5.0,1.8055516485979487e-14,0.002186715776758429,01101110011100000110101000100000010100110100001000000000,npj SB,npj SB,100.0,True
8VC8,global_rotation_translation,combined_xz_rotation_x_translation_then_kabsch_alignment,270,0,5.0,1.3168809034079923e-14,0.002186715776758667,01101110011100000110101000100000010100110100001000000000,npj SB,npj SB,100.0,True
8VC8,global_rotation_translation,combined_xz_rotation_x_translation_then_kabsch_alignment,270,30,5.0,2.3560584362583256e-14,0.002186715776758894,01101110011100000110101000100000010100110100001000000000,npj SB,npj SB,100.0,True
8VC8,global_rotation_translation,combined_xz_rotation_x_translation_then_kabsch_alignment,270,60,5.0,1.8722575257253737e-14,0.00218671577675869,01101110011100000110101000100000010100110100001000000000,npj SB,npj SB,100.0,True
8VC8,global_rotation_translation,combined_xz_rotation_x_translation_then_kabsch_alignment,270,90,5.0,1.6092883800052865e-14,0.0021867157767588305,01101110011100000110101000100000010100110100001000000000,npj SB,npj SB,100.0,True
8VC8,global_rotation_translation,combined_xz_rotation_x_translation_then_kabsch_alignment,270,120,5.0,1.5342236466613623e-14,0.0021867157767589043,01101110011100000110101000100000010100110100001000000000,npj SB,npj SB,100.0,True
8VC8,global_rotation_translation,combined_xz_rotation_x_translation_then_kabsch_alignment,270,150,5.0,1.648824195809696e-14,0.0021867157767584554,01101110011100000110101000100000010100110100001000000000,npj SB,npj SB,100.0,True
8VC8,global_rotation_translation,combined_xz_rotation_x_translation_then_kabsch_alignment,270,180,5.0,1.6265571608153785e-14,0.0021867157767585955,01101110011100000110101000100000010100110100001000000000,npj SB,npj SB,100.0,True
8VC8,global_rotation_translation,combined_xz_rotation_x_translation_then_kabsch_alignment,270,210,5.0,1.3794246906060344e-14,0.0021867157767588344,01101110011100000110101000100000010100110100001000000000,npj SB,npj SB,100.0,True
8VC8,global_rotation_translation,combined_xz_rotation_x_translation_then_kabsch_alignment,270,240,5.0,2.1070240298919008e-14,0.0021867157767585742,01101110011100000110101000100000010100110100001000000000,npj SB,npj SB,100.0,True
8VC8,global_rotation_translation,combined_xz_rotation_x_translation_then_kabsch_alignment,270,270,5.0,1.9599459423688767e-14,0.0021867157767586293,01101110011100000110101000100000010100110100001000000000,npj SB,npj SB,100.0,True
8VC8,global_rotation_translation,combined_xz_rotation_x_translation_then_kabsch_alignment,270,300,5.0,1.1765387471875885e-14,0.0021867157767587655,01101110011100000110101000100000010100110100001000000000,npj SB,npj SB,100.0,True
8VC8,global_rotation_translation,combined_xz_rotation_x_translation_then_kabsch_alignment,270,330,5.0,1.7991808395382775e-14,0.0021867157767587993,01101110011100000110101000100000010100110100001000000000,npj SB,npj SB,100.0,True
8VC8,global_rotation_translation,combined_xz_rotation_x_translation_then_kabsch_alignment,270,360,5.0,1.1988405803211055e-14,0.0021867157767587637,01101110011100000110101000100000010100110100001000000000,npj SB,npj SB,100.0,True
8VC8,global_rotation_translation,combined_xz_rotation_x_translation_then_kabsch_alignment,300,0,5.0,1.2785726636010302e-14,0.00218671577675859,01101110011100000110101000100000010100110100001000000000,npj SB,npj SB,100.0,True
8VC8,global_rotation_translation,combined_xz_rotation_x_translation_then_kabsch_alignment,300,30,5.0,1.3888902309925901e-14,0.0021867157767585226,01101110011100000110101000100000010100110100001000000000,npj SB,npj SB,100.0,True
8VC8,global_rotation_translation,combined_xz_rotation_x_translation_then_kabsch_alignment,300,60,5.0,1.9958340744799534e-14,0.002186715776758521,01101110011100000110101000100000010100110100001000000000,npj SB,npj SB,100.0,True
8VC8,global_rotation_translation,combined_xz_rotation_x_translation_then_kabsch_alignment,300,90,5.0,1.55200482005362e-14,0.002186715776758703,01101110011100000110101000100000010100110100001000000000,npj SB,npj SB,100.0,True
8VC8,global_rotation_translation,combined_xz_rotation_x_translation_then_kabsch_alignment,300,120,5.0,1.527838419267503e-14,0.002186715776758667,01101110011100000110101000100000010100110100001000000000,npj SB,npj SB,100.0,True
8VC8,global_rotation_translation,combined_xz_rotation_x_translation_then_kabsch_alignment,300,150,5.0,2.0208004210908075e-14,0.002186715776758841,01101110011100000110101000100000010100110100001000000000,npj SB,npj SB,100.0,True
8VC8,global_rotation_translation,combined_xz_rotation_x_translation_then_kabsch_alignment,300,180,5.0,1.827771145204922e-14,0.0021867157767586896,01101110011100000110101000100000010100110100001000000000,npj SB,npj SB,100.0,True
8VC8,global_rotation_translation,combined_xz_rotation_x_translation_then_kabsch_alignment,300,210,5.0,1.1598279249011106e-14,0.0021867157767586076,01101110011100000110101000100000010100110100001000000000,npj SB,npj SB,100.0,True
8VC8,global_rotation_translation,combined_xz_rotation_x_translation_then_kabsch_alignment,300,240,5.0,1.0912603916289418e-14,0.002186715776758559,01101110011100000110101000100000010100110100001000000000,npj SB,npj SB,100.0,True
8VC8,global_rotation_translation,combined_xz_rotation_x_translation_then_kabsch_alignment,300,270,5.0,2.2868573069028544e-14,0.0021867157767584623,01101110011100000110101000100000010100110100001000000000,npj SB,npj SB,100.0,True
8VC8,global_rotation_translation,combined_xz_rotation_x_translation_then_kabsch_alignment,300,300,5.0,1.3272651501618617e-14,0.0021867157767584055,01101110011100000110101000100000010100110100001000000000,npj SB,npj SB,100.0,True
8VC8,global_rotation_translation,combined_xz_rotation_x_translation_then_kabsch_alignment,300,330,5.0,1.2343646922836508e-14,0.002186715776758772,01101110011100000110101000100000010100110100001000000000,npj SB,npj SB,100.0,True
8VC8,global_rotation_translation,combined_xz_rotation_x_translation_then_kabsch_alignment,300,360,5.0,1.0625187342929168e-14,0.0021867157767587026,01101110011100000110101000100000010100110100001000000000,npj SB,npj SB,100.0,True
8VC8,global_rotation_translation,combined_xz_rotation_x_translation_then_kabsch_alignment,330,0,5.0,1.008451995210971e-14,0.002186715776758623,01101110011100000110101000100000010100110100001000000000,npj SB,npj SB,100.0,True
8VC8,global_rotation_translation,combined_xz_rotation_x_translation_then_kabsch_alignment,330,30,5.0,9.285209476521029e-15,0.002186715776758343,01101110011100000110101000100000010100110100001000000000,npj SB,npj SB,100.0,True
8VC8,global_rotation_translation,combined_xz_rotation_x_translation_then_kabsch_alignment,330,60,5.0,7.598509654353662e-15,0.0021867157767585985,01101110011100000110101000100000010100110100001000000000,npj SB,npj SB,100.0,True
8VC8,global_rotation_translation,combined_xz_rotation_x_translation_then_kabsch_alignment,330,90,5.0,7.456042570489638e-15,0.0021867157767584107,01101110011100000110101000100000010100110100001000000000,npj SB,npj SB,100.0,True
8VC8,global_rotation_translation,combined_xz_rotation_x_translation_then_kabsch_alignment,330,120,5.0,7.1020998640873345e-15,0.002186715776758413,01101110011100000110101000100000010100110100001000000000,npj SB,npj SB,100.0,True
8VC8,global_rotation_translation,combined_xz_rotation_x_translation_then_kabsch_alignment,330,150,5.0,1.730268406230647e-14,0.0021867157767588466,01101110011100000110101000100000010100110100001000000000,npj SB,npj SB,100.0,True
8VC8,global_rotation_translation,combined_xz_rotation_x_translation_then_kabsch_alignment,330,180,5.0,6.728990687982876e-15,0.002186715776758397,01101110011100000110101000100000010100110100001000000000,npj SB,npj SB,100.0,True
8VC8,global_rotation_translation,combined_xz_rotation_x_translation_then_kabsch_alignment,330,210,5.0,5.661371689073982e-15,0.002186715776758492,01101110011100000110101000100000010100110100001000000000,npj SB,npj SB,100.0,True
8VC8,global_rotation_translation,combined_xz_rotation_x_translation_then_kabsch_alignment,330,240,5.0,1.3383583880285245e-14,0.002186715776758606,01101110011100000110101000100000010100110100001000000000,npj SB,npj SB,100.0,True
8VC8,global_rotation_translation,combined_xz_rotation_x_translation_then_kabsch_alignment,330,270,5.0,1.8223347191068918e-14,0.0021867157767584133,01101110011100000110101000100000010100110100001000000000,npj SB,npj SB,100.0,True
8VC8,global_rotation_translation,combined_xz_rotation_x_translation_then_kabsch_alignment,330,300,5.0,1.3514141663525165e-14,0.0021867157767585643,01101110011100000110101000100000010100110100001000000000,npj SB,npj SB,100.0,True
8VC8,global_rotation_translation,combined_xz_rotation_x_translation_then_kabsch_alignment,330,330,5.0,9.630941462940099e-15,0.0021867157767583674,01101110011100000110101000100000010100110100001000000000,npj SB,npj SB,100.0,True
8VC8,global_rotation_translation,combined_xz_rotation_x_translation_then_kabsch_alignment,330,360,5.0,1.1357378503041095e-14,0.0021867157767587312,01101110011100000110101000100000010100110100001000000000,npj SB,npj SB,100.0,True
8VC8,global_rotation_translation,combined_xz_rotation_x_translation_then_kabsch_alignment,360,0,5.0,8.091250585413582e-15,0.002186715776758459,01101110011100000110101000100000010100110100001000000000,npj SB,npj SB,100.0,True
8VC8,global_rotation_translation,combined_xz_rotation_x_translation_then_kabsch_alignment,360,30,5.0,8.683629181525604e-15,0.00218671577675819,01101110011100000110101000100000010100110100001000000000,npj SB,npj SB,100.0,True
8VC8,global_rotation_translation,combined_xz_rotation_x_translation_then_kabsch_alignment,360,60,5.0,7.307495463190152e-15,0.0021867157767581514,01101110011100000110101000100000010100110100001000000000,npj SB,npj SB,100.0,True
8VC8,global_rotation_translation,combined_xz_rotation_x_translation_then_kabsch_alignment,360,90,5.0,1.279987600303538e-14,0.002186715776758148,01101110011100000110101000100000010100110100001000000000,npj SB,npj SB,100.0,True
8VC8,global_rotation_translation,combined_xz_rotation_x_translation_then_kabsch_alignment,360,120,5.0,8.611035724494846e-15,0.002186715776758576,01101110011100000110101000100000010100110100001000000000,npj SB,npj SB,100.0,True
8VC8,global_rotation_translation,combined_xz_rotation_x_translation_then_kabsch_alignment,360,150,5.0,8.480679378794955e-15,0.002186715776758468,01101110011100000110101000100000010100110100001000000000,npj SB,npj SB,100.0,True
8VC8,global_rotation_translation,combined_xz_rotation_x_translation_then_kabsch_alignment,360,180,5.0,1.0883213427841393e-14,0.002186715776758464,01101110011100000110101000100000010100110100001000000000,npj SB,npj SB,100.0,True
8VC8,global_rotation_translation,combined_xz_rotation_x_translation_then_kabsch_alignment,360,210,5.0,9.380837586353676e-15,0.00218671577675836,01101110011100000110101000100000010100110100001000000000,npj SB,npj SB,100.0,True
8VC8,global_rotation_translation,combined_xz_rotation_x_translation_then_kabsch_alignment,360,240,5.0,1.1232117273937862e-14,0.002186715776758299,01101110011100000110101000100000010100110100001000000000,npj SB,npj SB,100.0,True
8VC8,global_rotation_translation,combined_xz_rotation_x_translation_then_kabsch_alignment,360,270,5.0,1.539887624193069e-14,0.0021867157767582186,01101110011100000110101000100000010100110100001000000000,npj SB,npj SB,100.0,True
8VC8,global_rotation_translation,combined_xz_rotation_x_translation_then_kabsch_alignment,360,300,5.0,6.9167905348045605e-15,0.002186715776758409,01101110011100000110101000100000010100110100001000000000,npj SB,npj SB,100.0,True
8VC8,global_rotation_translation,combined_xz_rotation_x_translation_then_kabsch_alignment,360,330,5.0,1.407346410170316e-14,0.002186715776758486,01101110011100000110101000100000010100110100001000000000,npj SB,npj SB,100.0,True
8VC8,global_rotation_translation,combined_xz_rotation_x_translation_then_kabsch_alignment,360,360,5.0,6.464928685639022e-15,0.002186715776758631,01101110011100000110101000100000010100110100001000000000,npj SB,npj SB,100.0,True
8VC8,global_rotation_translation,combined_xz_rotation_x_translation_then_kabsch_alignment,0,0,10.0,6.300929654954829e-15,0.0021867157767586714,01101110011100000110101000100000010100110100001000000000,npj SB,npj SB,100.0,True
8VC8,global_rotation_translation,combined_xz_rotation_x_translation_then_kabsch_alignment,0,30,10.0,1.2985013758084786e-14,0.0021867157767586137,01101110011100000110101000100000010100110100001000000000,npj SB,npj SB,100.0,True
8VC8,global_rotation_translation,combined_xz_rotation_x_translation_then_kabsch_alignment,0,60,10.0,5.77527497549756e-15,0.0021867157767584584,01101110011100000110101000100000010100110100001000000000,npj SB,npj SB,100.0,True
8VC8,global_rotation_translation,combined_xz_rotation_x_translation_then_kabsch_alignment,0,90,10.0,9.020651961384257e-15,0.002186715776758389,01101110011100000110101000100000010100110100001000000000,npj SB,npj SB,100.0,True
8VC8,global_rotation_translation,combined_xz_rotation_x_translation_then_kabsch_alignment,0,120,10.0,6.75018681291476e-15,0.002186715776758375,01101110011100000110101000100000010100110100001000000000,npj SB,npj SB,100.0,True
8VC8,global_rotation_translation,combined_xz_rotation_x_translation_then_kabsch_alignment,0,150,10.0,8.367462163119236e-15,0.0021867157767583366,01101110011100000110101000100000010100110100001000000000,npj SB,npj SB,100.0,True
8VC8,global_rotation_translation,combined_xz_rotation_x_translation_then_kabsch_alignment,0,180,10.0,1.0584751625930108e-14,0.0021867157767588826,01101110011100000110101000100000010100110100001000000000,npj SB,npj SB,100.0,True
8VC8,global_rotation_translation,combined_xz_rotation_x_translation_then_kabsch_alignment,0,210,10.0,1.1353358256267803e-14,0.002186715776758372,01101110011100000110101000100000010100110100001000000000,npj SB,npj SB,100.0,True
8VC8,global_rotation_translation,combined_xz_rotation_x_translation_then_kabsch_alignment,0,240,10.0,1.2632884579570636e-14,0.002186715776758642,01101110011100000110101000100000010100110100001000000000,npj SB,npj SB,100.0,True
8VC8,global_rotation_translation,combined_xz_rotation_x_translation_then_kabsch_alignment,0,270,10.0,1.447695916525383e-14,0.002186715776758646,01101110011100000110101000100000010100110100001000000000,npj SB,npj SB,100.0,True
8VC8,global_rotation_translation,combined_xz_rotation_x_translation_then_kabsch_alignment,0,300,10.0,6.361199447168089e-15,0.0021867157767584845,01101110011100000110101000100000010100110100001000000000,npj SB,npj SB,100.0,True
8VC8,global_rotation_translation,combined_xz_rotation_x_translation_then_kabsch_alignment,0,330,10.0,1.5900189828392074e-14,0.0021867157767585777,01101110011100000110101000100000010100110100001000000000,npj SB,npj SB,100.0,True
8VC8,global_rotation_translation,combined_xz_rotation_x_translation_then_kabsch_alignment,0,360,10.0,8.68569625485383e-15,0.0021867157767586918,01101110011100000110101000100000010100110100001000000000,npj SB,npj SB,100.0,True
8VC8,global_rotation_translation,combined_xz_rotation_x_translation_then_kabsch_alignment,30,0,10.0,1.9245117667130213e-14,0.0021867157767588587,01101110011100000110101000100000010100110100001000000000,npj SB,npj SB,100.0,True
8VC8,global_rotation_translation,combined_xz_rotation_x_translation_then_kabsch_alignment,30,30,10.0,2.2824783966311646e-14,0.0021867157767588115,01101110011100000110101000100000010100110100001000000000,npj SB,npj SB,100.0,True
8VC8,global_rotation_translation,combined_xz_rotation_x_translation_then_kabsch_alignment,30,60,10.0,1.2212545280744593e-14,0.0021867157767585955,01101110011100000110101000100000010100110100001000000000,npj SB,npj SB,100.0,True
8VC8,global_rotation_translation,combined_xz_rotation_x_translation_then_kabsch_alignment,30,90,10.0,1.7059928112575057e-14,0.0021867157767585426,01101110011100000110101000100000010100110100001000000000,npj SB,npj SB,100.0,True
8VC8,global_rotation_translation,combined_xz_rotation_x_translation_then_kabsch_alignment,30,120,10.0,1.7639166841240013e-14,0.0021867157767586102,01101110011100000110101000100000010100110100001000000000,npj SB,npj SB,100.0,True
8VC8,global_rotation_translation,combined_xz_rotation_x_translation_then_kabsch_alignment,30,150,10.0,1.8768357945120812e-14,0.002186715776758599,01101110011100000110101000100000010100110100001000000000,npj SB,npj SB,100.0,True
8VC8,global_rotation_translation,combined_xz_rotation_x_translation_then_kabsch_alignment,30,180,10.0,1.159637479260768e-14,0.002186715776758735,01101110011100000110101000100000010100110100001000000000,npj SB,npj SB,100.0,True
8VC8,global_rotation_translation,combined_xz_rotation_x_translation_then_kabsch_alignment,30,210,10.0,1.2964020051834481e-14,0.002186715776758831,01101110011100000110101000100000010100110100001000000000,npj SB,npj SB,100.0,True
8VC8,global_rotation_translation,combined_xz_rotation_x_translation_then_kabsch_alignment,30,240,10.0,1.2894599061407693e-14,0.0021867157767587204,01101110011100000110101000100000010100110100001000000000,npj SB,npj SB,100.0,True
8VC8,global_rotation_translation,combined_xz_rotation_x_translation_then_kabsch_alignment,30,270,10.0,2.1693320979915067e-14,0.0021867157767586688,01101110011100000110101000100000010100110100001000000000,npj SB,npj SB,100.0,True
8VC8,global_rotation_translation,combined_xz_rotation_x_translation_then_kabsch_alignment,30,300,10.0,1.9728824950988926e-14,0.002186715776758662,01101110011100000110101000100000010100110100001000000000,npj SB,npj SB,100.0,True
8VC8,global_rotation_translation,combined_xz_rotation_x_translation_then_kabsch_alignment,30,330,10.0,1.0828363891876882e-14,0.0021867157767586813,01101110011100000110101000100000010100110100001000000000,npj SB,npj SB,100.0,True
8VC8,global_rotation_translation,combined_xz_rotation_x_translation_then_kabsch_alignment,30,360,10.0,1.8063878118358144e-14,0.0021867157767588652,01101110011100000110101000100000010100110100001000000000,npj SB,npj SB,100.0,True
8VC8,global_rotation_translation,combined_xz_rotation_x_translation_then_kabsch_alignment,60,0,10.0,1.8333072770930155e-14,0.0021867157767587854,01101110011100000110101000100000010100110100001000000000,npj SB,npj SB,100.0,True
8VC8,global_rotation_translation,combined_xz_rotation_x_translation_then_kabsch_alignment,60,30,10.0,1.3018263706417306e-14,0.002186715776758514,01101110011100000110101000100000010100110100001000000000,npj SB,npj SB,100.0,True
8VC8,global_rotation_translation,combined_xz_rotation_x_translation_then_kabsch_alignment,60,60,10.0,1.3466803737708374e-14,0.0021867157767588383,01101110011100000110101000100000010100110100001000000000,npj SB,npj SB,100.0,True
8VC8,global_rotation_translation,combined_xz_rotation_x_translation_then_kabsch_alignment,60,90,10.0,2.121363401763104e-14,0.0021867157767586414,01101110011100000110101000100000010100110100001000000000,npj SB,npj SB,100.0,True
8VC8,global_rotation_translation,combined_xz_rotation_x_translation_then_kabsch_alignment,60,120,10.0,1.58290990172051e-14,0.0021867157767582494,01101110011100000110101000100000010100110100001000000000,npj SB,npj SB,100.0,True
8VC8,global_rotation_translation,combined_xz_rotation_x_translation_then_kabsch_alignment,60,150,10.0,1.6379546285191252e-14,0.002186715776758403,01101110011100000110101000100000010100110100001000000000,npj SB,npj SB,100.0,True
8VC8,global_rotation_translation,combined_xz_rotation_x_translation_then_kabsch_alignment,60,180,10.0,1.1741695877564793e-14,0.0021867157767586245,01101110011100000110101000100000010100110100001000000000,npj SB,npj SB,100.0,True
8VC8,global_rotation_translation,combined_xz_rotation_x_translation_then_kabsch_alignment,60,210,10.0,9.867170827747522e-15,0.0021867157767584576,01101110011100000110101000100000010100110100001000000000,npj SB,npj SB,100.0,True
8VC8,global_rotation_translation,combined_xz_rotation_x_translation_then_kabsch_alignment,60,240,10.0,1.976850384540399e-14,0.002186715776758412,01101110011100000110101000100000010100110100001000000000,npj SB,npj SB,100.0,True
8VC8,global_rotation_translation,combined_xz_rotation_x_translation_then_kabsch_alignment,60,270,10.0,1.7674557556897393e-14,0.002186715776758677,01101110011100000110101000100000010100110100001000000000,npj SB,npj SB,100.0,True
8VC8,global_rotation_translation,combined_xz_rotation_x_translation_then_kabsch_alignment,60,300,10.0,1.0917155429247917e-14,0.0021867157767585066,01101110011100000110101000100000010100110100001000000000,npj SB,npj SB,100.0,True
8VC8,global_rotation_translation,combined_xz_rotation_x_translation_then_kabsch_alignment,60,330,10.0,1.248729903295901e-14,0.0021867157767586783,01101110011100000110101000100000010100110100001000000000,npj SB,npj SB,100.0,True
8VC8,global_rotation_translation,combined_xz_rotation_x_translation_then_kabsch_alignment,60,360,10.0,1.635978928973963e-14,0.002186715776758634,01101110011100000110101000100000010100110100001000000000,npj SB,npj SB,100.0,True
8VC8,global_rotation_translation,combined_xz_rotation_x_translation_then_kabsch_alignment,90,0,10.0,1.2417599837558757e-14,0.0021867157767585512,01101110011100000110101000100000010100110100001000000000,npj SB,npj SB,100.0,True
8VC8,global_rotation_translation,combined_xz_rotation_x_translation_then_kabsch_alignment,90,30,10.0,1.6289964524269573e-14,0.002186715776758367,01101110011100000110101000100000010100110100001000000000,npj SB,npj SB,100.0,True
8VC8,global_rotation_translation,combined_xz_rotation_x_translation_then_kabsch_alignment,90,60,10.0,7.000750303644646e-15,0.0021867157767584927,01101110011100000110101000100000010100110100001000000000,npj SB,npj SB,100.0,True
8VC8,global_rotation_translation,combined_xz_rotation_x_translation_then_kabsch_alignment,90,90,10.0,1.3658065948548904e-14,0.002186715776758449,01101110011100000110101000100000010100110100001000000000,npj SB,npj SB,100.0,True
8VC8,global_rotation_translation,combined_xz_rotation_x_translation_then_kabsch_alignment,90,120,10.0,1.2545157298789725e-14,0.002186715776758381,01101110011100000110101000100000010100110100001000000000,npj SB,npj SB,100.0,True
8VC8,global_rotation_translation,combined_xz_rotation_x_translation_then_kabsch_alignment,90,150,10.0,1.8550515311639077e-14,0.0021867157767583856,01101110011100000110101000100000010100110100001000000000,npj SB,npj SB,100.0,True
8VC8,global_rotation_translation,combined_xz_rotation_x_translation_then_kabsch_alignment,90,180,10.0,1.1953462321276444e-14,0.0021867157767583756,01101110011100000110101000100000010100110100001000000000,npj SB,npj SB,100.0,True
8VC8,global_rotation_translation,combined_xz_rotation_x_translation_then_kabsch_alignment,90,210,10.0,1.258901628149913e-14,0.0021867157767586315,01101110011100000110101000100000010100110100001000000000,npj SB,npj SB,100.0,True
8VC8,global_rotation_translation,combined_xz_rotation_x_translation_then_kabsch_alignment,90,240,10.0,1.951100789083817e-14,0.002186715776758628,01101110011100000110101000100000010100110100001000000000,npj SB,npj SB,100.0,True
8VC8,global_rotation_translation,combined_xz_rotation_x_translation_then_kabsch_alignment,90,270,10.0,1.6513565083756444e-14,0.0021867157767583066,01101110011100000110101000100000010100110100001000000000,npj SB,npj SB,100.0,True
8VC8,global_rotation_translation,combined_xz_rotation_x_translation_then_kabsch_alignment,90,300,10.0,1.2259232064181647e-14,0.0021867157767585586,01101110011100000110101000100000010100110100001000000000,npj SB,npj SB,100.0,True
8VC8,global_rotation_translation,combined_xz_rotation_x_translation_then_kabsch_alignment,90,330,10.0,1.3488340847124903e-14,0.002186715776758664,01101110011100000110101000100000010100110100001000000000,npj SB,npj SB,100.0,True
8VC8,global_rotation_translation,combined_xz_rotation_x_translation_then_kabsch_alignment,90,360,10.0,1.0371688308717451e-14,0.0021867157767584753,01101110011100000110101000100000010100110100001000000000,npj SB,npj SB,100.0,True
8VC8,global_rotation_translation,combined_xz_rotation_x_translation_then_kabsch_alignment,120,0,10.0,1.8707547551836908e-14,0.002186715776758568,01101110011100000110101000100000010100110100001000000000,npj SB,npj SB,100.0,True
8VC8,global_rotation_translation,combined_xz_rotation_x_translation_then_kabsch_alignment,120,30,10.0,1.7615746937207196e-14,0.0021867157767584923,01101110011100000110101000100000010100110100001000000000,npj SB,npj SB,100.0,True
8VC8,global_rotation_translation,combined_xz_rotation_x_translation_then_kabsch_alignment,120,60,10.0,1.5845793743347358e-14,0.00218671577675843,01101110011100000110101000100000010100110100001000000000,npj SB,npj SB,100.0,True
8VC8,global_rotation_translation,combined_xz_rotation_x_translation_then_kabsch_alignment,120,90,10.0,1.2201867540888111e-14,0.002186715776758076,01101110011100000110101000100000010100110100001000000000,npj SB,npj SB,100.0,True
8VC8,global_rotation_translation,combined_xz_rotation_x_translation_then_kabsch_alignment,120,120,10.0,1.2103514217022921e-14,0.0021867157767582936,01101110011100000110101000100000010100110100001000000000,npj SB,npj SB,100.0,True
8VC8,global_rotation_translation,combined_xz_rotation_x_translation_then_kabsch_alignment,120,150,10.0,1.2336876863993946e-14,0.002186715776758492,01101110011100000110101000100000010100110100001000000000,npj SB,npj SB,100.0,True
8VC8,global_rotation_translation,combined_xz_rotation_x_translation_then_kabsch_alignment,120,180,10.0,1.2203688401790427e-14,0.0021867157767583214,01101110011100000110101000100000010100110100001000000000,npj SB,npj SB,100.0,True
8VC8,global_rotation_translation,combined_xz_rotation_x_translation_then_kabsch_alignment,120,210,10.0,1.1747982091739038e-14,0.002186715776758392,01101110011100000110101000100000010100110100001000000000,npj SB,npj SB,100.0,True
8VC8,global_rotation_translation,combined_xz_rotation_x_translation_then_kabsch_alignment,120,240,10.0,1.5250351293381143e-14,0.0021867157767586315,01101110011100000110101000100000010100110100001000000000,npj SB,npj SB,100.0,True
8VC8,global_rotation_translation,combined_xz_rotation_x_translation_then_kabsch_alignment,120,270,10.0,2.1334946274779494e-14,0.002186715776758464,01101110011100000110101000100000010100110100001000000000,npj SB,npj SB,100.0,True
8VC8,global_rotation_translation,combined_xz_rotation_x_translation_then_kabsch_alignment,120,300,10.0,1.0901651583464412e-14,0.002186715776758518,01101110011100000110101000100000010100110100001000000000,npj SB,npj SB,100.0,True
8VC8,global_rotation_translation,combined_xz_rotation_x_translation_then_kabsch_alignment,120,330,10.0,1.1495394300192754e-14,0.0021867157767583023,01101110011100000110101000100000010100110100001000000000,npj SB,npj SB,100.0,True
8VC8,global_rotation_translation,combined_xz_rotation_x_translation_then_kabsch_alignment,120,360,10.0,1.7904546409428182e-14,0.002186715776758548,01101110011100000110101000100000010100110100001000000000,npj SB,npj SB,100.0,True
8VC8,global_rotation_translation,combined_xz_rotation_x_translation_then_kabsch_alignment,150,0,10.0,1.0132577867385784e-14,0.0021867157767584454,01101110011100000110101000100000010100110100001000000000,npj SB,npj SB,100.0,True
8VC8,global_rotation_translation,combined_xz_rotation_x_translation_then_kabsch_alignment,150,30,10.0,1.9220600353326115e-14,0.002186715776758072,01101110011100000110101000100000010100110100001000000000,npj SB,npj SB,100.0,True
8VC8,global_rotation_translation,combined_xz_rotation_x_translation_then_kabsch_alignment,150,60,10.0,1.1264849764368956e-14,0.0021867157767585643,01101110011100000110101000100000010100110100001000000000,npj SB,npj SB,100.0,True
8VC8,global_rotation_translation,combined_xz_rotation_x_translation_then_kabsch_alignment,150,90,10.0,9.933264037027805e-15,0.0021867157767584302,01101110011100000110101000100000010100110100001000000000,npj SB,npj SB,100.0,True
8VC8,global_rotation_translation,combined_xz_rotation_x_translation_then_kabsch_alignment,150,120,10.0,1.3295056270605852e-14,0.0021867157767579727,01101110011100000110101000100000010100110100001000000000,npj SB,npj SB,100.0,True
8VC8,global_rotation_translation,combined_xz_rotation_x_translation_then_kabsch_alignment,150,150,10.0,9.634366181354639e-15,0.0021867157767583778,01101110011100000110101000100000010100110100001000000000,npj SB,npj SB,100.0,True
8VC8,global_rotation_translation,combined_xz_rotation_x_translation_then_kabsch_alignment,150,180,10.0,1.0254167387504309e-14,0.002186715776758562,01101110011100000110101000100000010100110100001000000000,npj SB,npj SB,100.0,True
8VC8,global_rotation_translation,combined_xz_rotation_x_translation_then_kabsch_alignment,150,210,10.0,1.0668611871076386e-14,0.0021867157767585365,01101110011100000110101000100000010100110100001000000000,npj SB,npj SB,100.0,True
8VC8,global_rotation_translation,combined_xz_rotation_x_translation_then_kabsch_alignment,150,240,10.0,1.0305425854104965e-14,0.0021867157767585205,01101110011100000110101000100000010100110100001000000000,npj SB,npj SB,100.0,True
8VC8,global_rotation_translation,combined_xz_rotation_x_translation_then_kabsch_alignment,150,270,10.0,1.931781005027612e-14,0.0021867157767582707,01101110011100000110101000100000010100110100001000000000,npj SB,npj SB,100.0,True
8VC8,global_rotation_translation,combined_xz_rotation_x_translation_then_kabsch_alignment,150,300,10.0,1.185608463713855e-14,0.0021867157767583214,01101110011100000110101000100000010100110100001000000000,npj SB,npj SB,100.0,True
8VC8,global_rotation_translation,combined_xz_rotation_x_translation_then_kabsch_alignment,150,330,10.0,1.1688146293412516e-14,0.0021867157767583643,01101110011100000110101000100000010100110100001000000000,npj SB,npj SB,100.0,True
8VC8,global_rotation_translation,combined_xz_rotation_x_translation_then_kabsch_alignment,150,360,10.0,1.5721806913537567e-14,0.0021867157767583513,01101110011100000110101000100000010100110100001000000000,npj SB,npj SB,100.0,True
8VC8,global_rotation_translation,combined_xz_rotation_x_translation_then_kabsch_alignment,180,0,10.0,1.2492431290557251e-14,0.002186715776758547,01101110011100000110101000100000010100110100001000000000,npj SB,npj SB,100.0,True
8VC8,global_rotation_translation,combined_xz_rotation_x_translation_then_kabsch_alignment,180,30,10.0,9.297478897214564e-15,0.0021867157767582798,01101110011100000110101000100000010100110100001000000000,npj SB,npj SB,100.0,True
8VC8,global_rotation_translation,combined_xz_rotation_x_translation_then_kabsch_alignment,180,60,10.0,8.779145084210192e-15,0.0021867157767583995,01101110011100000110101000100000010100110100001000000000,npj SB,npj SB,100.0,True
8VC8,global_rotation_translation,combined_xz_rotation_x_translation_then_kabsch_alignment,180,90,10.0,8.751218365663448e-15,0.0021867157767582325,01101110011100000110101000100000010100110100001000000000,npj SB,npj SB,100.0,True
8VC8,global_rotation_translation,combined_xz_rotation_x_translation_then_kabsch_alignment,180,120,10.0,1.1953298420414625e-14,0.0021867157767586427,01101110011100000110101000100000010100110100001000000000,npj SB,npj SB,100.0,True
8VC8,global_rotation_translation,combined_xz_rotation_x_translation_then_kabsch_alignment,180,150,10.0,1.0470100124356067e-14,0.0021867157767584407,01101110011100000110101000100000010100110100001000000000,npj SB,npj SB,100.0,True
8VC8,global_rotation_translation,combined_xz_rotation_x_translation_then_kabsch_alignment,180,180,10.0,7.876976375507128e-15,0.002186715776758436,01101110011100000110101000100000010100110100001000000000,npj SB,npj SB,100.0,True
8VC8,global_rotation_translation,combined_xz_rotation_x_translation_then_kabsch_alignment,180,210,10.0,2.0033033270482186e-14,0.00218671577675816,01101110011100000110101000100000010100110100001000000000,npj SB,npj SB,100.0,True
8VC8,global_rotation_translation,combined_xz_rotation_x_translation_then_kabsch_alignment,180,240,10.0,1.5905824458117493e-14,0.0021867157767582602,01101110011100000110101000100000010100110100001000000000,npj SB,npj SB,100.0,True
8VC8,global_rotation_translation,combined_xz_rotation_x_translation_then_kabsch_alignment,180,270,10.0,1.66377713291745e-14,0.002186715776757999,01101110011100000110101000100000010100110100001000000000,npj SB,npj SB,100.0,True
8VC8,global_rotation_translation,combined_xz_rotation_x_translation_then_kabsch_alignment,180,300,10.0,1.362196408358116e-14,0.0021867157767582524,01101110011100000110101000100000010100110100001000000000,npj SB,npj SB,100.0,True
8VC8,global_rotation_translation,combined_xz_rotation_x_translation_then_kabsch_alignment,180,330,10.0,1.3012997757780236e-14,0.0021867157767583973,01101110011100000110101000100000010100110100001000000000,npj SB,npj SB,100.0,True
8VC8,global_rotation_translation,combined_xz_rotation_x_translation_then_kabsch_alignment,180,360,10.0,1.0878674314456602e-14,0.0021867157767584766,01101110011100000110101000100000010100110100001000000000,npj SB,npj SB,100.0,True
8VC8,global_rotation_translation,combined_xz_rotation_x_translation_then_kabsch_alignment,210,0,10.0,9.951141644887205e-15,0.002186715776758487,01101110011100000110101000100000010100110100001000000000,npj SB,npj SB,100.0,True
8VC8,global_rotation_translation,combined_xz_rotation_x_translation_then_kabsch_alignment,210,30,10.0,7.729592759120981e-15,0.0021867157767583604,01101110011100000110101000100000010100110100001000000000,npj SB,npj SB,100.0,True
8VC8,global_rotation_translation,combined_xz_rotation_x_translation_then_kabsch_alignment,210,60,10.0,1.6835118246062013e-14,0.002186715776758318,01101110011100000110101000100000010100110100001000000000,npj SB,npj SB,100.0,True
8VC8,global_rotation_translation,combined_xz_rotation_x_translation_then_kabsch_alignment,210,90,10.0,1.4064736585652803e-14,0.0021867157767584693,01101110011100000110101000100000010100110100001000000000,npj SB,npj SB,100.0,True
8VC8,global_rotation_translation,combined_xz_rotation_x_translation_then_kabsch_alignment,210,120,10.0,9.13296528386437e-15,0.002186715776758374,01101110011100000110101000100000010100110100001000000000,npj SB,npj SB,100.0,True
8VC8,global_rotation_translation,combined_xz_rotation_x_translation_then_kabsch_alignment,210,150,10.0,2.0816118391909627e-14,0.002186715776758571,01101110011100000110101000100000010100110100001000000000,npj SB,npj SB,100.0,True
8VC8,global_rotation_translation,combined_xz_rotation_x_translation_then_kabsch_alignment,210,180,10.0,1.915835560881781e-14,0.002186715776758378,01101110011100000110101000100000010100110100001000000000,npj SB,npj SB,100.0,True
8VC8,global_rotation_translation,combined_xz_rotation_x_translation_then_kabsch_alignment,210,210,10.0,1.6213510166110586e-14,0.0021867157767583643,01101110011100000110101000100000010100110100001000000000,npj SB,npj SB,100.0,True
8VC8,global_rotation_translation,combined_xz_rotation_x_translation_then_kabsch_alignment,210,240,10.0,2.3784112288868477e-14,0.0021867157767585113,01101110011100000110101000100000010100110100001000000000,npj SB,npj SB,100.0,True
8VC8,global_rotation_translation,combined_xz_rotation_x_translation_then_kabsch_alignment,210,270,10.0,2.0410614040646732e-14,0.0021867157767583036,01101110011100000110101000100000010100110100001000000000,npj SB,npj SB,100.0,True
8VC8,global_rotation_translation,combined_xz_rotation_x_translation_then_kabsch_alignment,210,300,10.0,1.2528660296517524e-14,0.0021867157767583995,01101110011100000110101000100000010100110100001000000000,npj SB,npj SB,100.0,True
8VC8,global_rotation_translation,combined_xz_rotation_x_translation_then_kabsch_alignment,210,330,10.0,8.579974754886131e-15,0.0021867157767586397,01101110011100000110101000100000010100110100001000000000,npj SB,npj SB,100.0,True
8VC8,global_rotation_translation,combined_xz_rotation_x_translation_then_kabsch_alignment,210,360,10.0,8.422741399613066e-15,0.0021867157767584402,01101110011100000110101000100000010100110100001000000000,npj SB,npj SB,100.0,True
8VC8,global_rotation_translation,combined_xz_rotation_x_translation_then_kabsch_alignment,240,0,10.0,1.2675774153104658e-14,0.0021867157767584884,01101110011100000110101000100000010100110100001000000000,npj SB,npj SB,100.0,True
8VC8,global_rotation_translation,combined_xz_rotation_x_translation_then_kabsch_alignment,240,30,10.0,1.4540809675742767e-14,0.0021867157767582754,01101110011100000110101000100000010100110100001000000000,npj SB,npj SB,100.0,True
8VC8,global_rotation_translation,combined_xz_rotation_x_translation_then_kabsch_alignment,240,60,10.0,1.4702608091157046e-14,0.0021867157767582355,01101110011100000110101000100000010100110100001000000000,npj SB,npj SB,100.0,True
8VC8,global_rotation_translation,combined_xz_rotation_x_translation_then_kabsch_alignment,240,90,10.0,9.800291752085454e-15,0.0021867157767583886,01101110011100000110101000100000010100110100001000000000,npj SB,npj SB,100.0,True
8VC8,global_rotation_translation,combined_xz_rotation_x_translation_then_kabsch_alignment,240,120,10.0,8.590401510622157e-15,0.0021867157767585022,01101110011100000110101000100000010100110100001000000000,npj SB,npj SB,100.0,True
8VC8,global_rotation_translation,combined_xz_rotation_x_translation_then_kabsch_alignment,240,150,10.0,7.88327963820205e-15,0.0021867157767584042,01101110011100000110101000100000010100110100001000000000,npj SB,npj SB,100.0,True
8VC8,global_rotation_translation,combined_xz_rotation_x_translation_then_kabsch_alignment,240,180,10.0,1.506452178770408e-14,0.002186715776758538,01101110011100000110101000100000010100110100001000000000,npj SB,npj SB,100.0,True
8VC8,global_rotation_translation,combined_xz_rotation_x_translation_then_kabsch_alignment,240,210,10.0,1.394258271710013e-14,0.002186715776758677,01101110011100000110101000100000010100110100001000000000,npj SB,npj SB,100.0,True
8VC8,global_rotation_translation,combined_xz_rotation_x_translation_then_kabsch_alignment,240,240,10.0,1.2604993457773836e-14,0.002186715776758397,01101110011100000110101000100000010100110100001000000000,npj SB,npj SB,100.0,True
8VC8,global_rotation_translation,combined_xz_rotation_x_translation_then_kabsch_alignment,240,270,10.0,2.029447908923682e-14,0.0021867157767583244,01101110011100000110101000100000010100110100001000000000,npj SB,npj SB,100.0,True
8VC8,global_rotation_translation,combined_xz_rotation_x_translation_then_kabsch_alignment,240,300,10.0,1.5553819189521905e-14,0.002186715776757924,01101110011100000110101000100000010100110100001000000000,npj SB,npj SB,100.0,True
8VC8,global_rotation_translation,combined_xz_rotation_x_translation_then_kabsch_alignment,240,330,10.0,9.025010473677693e-15,0.0021867157767583504,01101110011100000110101000100000010100110100001000000000,npj SB,npj SB,100.0,True
8VC8,global_rotation_translation,combined_xz_rotation_x_translation_then_kabsch_alignment,240,360,10.0,1.669051124324754e-14,0.0021867157767585304,01101110011100000110101000100000010100110100001000000000,npj SB,npj SB,100.0,True
8VC8,global_rotation_translation,combined_xz_rotation_x_translation_then_kabsch_alignment,270,0,10.0,1.1991594228609774e-14,0.00218671577675841,01101110011100000110101000100000010100110100001000000000,npj SB,npj SB,100.0,True
8VC8,global_rotation_translation,combined_xz_rotation_x_translation_then_kabsch_alignment,270,30,10.0,2.3340944834727527e-14,0.00218671577675871,01101110011100000110101000100000010100110100001000000000,npj SB,npj SB,100.0,True
8VC8,global_rotation_translation,combined_xz_rotation_x_translation_then_kabsch_alignment,270,60,10.0,1.2562972116189158e-14,0.002186715776758559,01101110011100000110101000100000010100110100001000000000,npj SB,npj SB,100.0,True
8VC8,global_rotation_translation,combined_xz_rotation_x_translation_then_kabsch_alignment,270,90,10.0,1.0558524515162243e-14,0.0021867157767585968,01101110011100000110101000100000010100110100001000000000,npj SB,npj SB,100.0,True
8VC8,global_rotation_translation,combined_xz_rotation_x_translation_then_kabsch_alignment,270,120,10.0,2.2707429824149308e-14,0.002186715776758716,01101110011100000110101000100000010100110100001000000000,npj SB,npj SB,100.0,True
8VC8,global_rotation_translation,combined_xz_rotation_x_translation_then_kabsch_alignment,270,150,10.0,1.705435618146061e-14,0.002186715776758668,01101110011100000110101000100000010100110100001000000000,npj SB,npj SB,100.0,True
8VC8,global_rotation_translation,combined_xz_rotation_x_translation_then_kabsch_alignment,270,180,10.0,1.6287094871920368e-14,0.0021867157767586853,01101110011100000110101000100000010100110100001000000000,npj SB,npj SB,100.0,True
8VC8,global_rotation_translation,combined_xz_rotation_x_translation_then_kabsch_alignment,270,210,10.0,1.0878360855258938e-14,0.0021867157767589017,01101110011100000110101000100000010100110100001000000000,npj SB,npj SB,100.0,True
8VC8,global_rotation_translation,combined_xz_rotation_x_translation_then_kabsch_alignment,270,240,10.0,1.8584387212447503e-14,0.0021867157767585252,01101110011100000110101000100000010100110100001000000000,npj SB,npj SB,100.0,True
8VC8,global_rotation_translation,combined_xz_rotation_x_translation_then_kabsch_alignment,270,270,10.0,2.2857087217109523e-14,0.002186715776758376,01101110011100000110101000100000010100110100001000000000,npj SB,npj SB,100.0,True
8VC8,global_rotation_translation,combined_xz_rotation_x_translation_then_kabsch_alignment,270,300,10.0,8.779683150334244e-15,0.0021867157767586675,01101110011100000110101000100000010100110100001000000000,npj SB,npj SB,100.0,True
8VC8,global_rotation_translation,combined_xz_rotation_x_translation_then_kabsch_alignment,270,330,10.0,1.9379975277244465e-14,0.002186715776758418,01101110011100000110101000100000010100110100001000000000,npj SB,npj SB,100.0,True
8VC8,global_rotation_translation,combined_xz_rotation_x_translation_then_kabsch_alignment,270,360,10.0,1.2797908353543671e-14,0.0021867157767586623,01101110011100000110101000100000010100110100001000000000,npj SB,npj SB,100.0,True
8VC8,global_rotation_translation,combined_xz_rotation_x_translation_then_kabsch_alignment,300,0,10.0,1.602131277848157e-14,0.002186715776758867,01101110011100000110101000100000010100110100001000000000,npj SB,npj SB,100.0,True
8VC8,global_rotation_translation,combined_xz_rotation_x_translation_then_kabsch_alignment,300,30,10.0,1.5310238384874644e-14,0.0021867157767585825,01101110011100000110101000100000010100110100001000000000,npj SB,npj SB,100.0,True
8VC8,global_rotation_translation,combined_xz_rotation_x_translation_then_kabsch_alignment,300,60,10.0,1.262223572787975e-14,0.0021867157767584654,01101110011100000110101000100000010100110100001000000000,npj SB,npj SB,100.0,True
8VC8,global_rotation_translation,combined_xz_rotation_x_translation_then_kabsch_alignment,300,90,10.0,1.8390867683277104e-14,0.002186715776758732,01101110011100000110101000100000010100110100001000000000,npj SB,npj SB,100.0,True
8VC8,global_rotation_translation,combined_xz_rotation_x_translation_then_kabsch_alignment,300,120,10.0,1.6596758260834245e-14,0.0021867157767588965,01101110011100000110101000100000010100110100001000000000,npj SB,npj SB,100.0,True
8VC8,global_rotation_translation,combined_xz_rotation_x_translation_then_kabsch_alignment,300,150,10.0,2.069127847402025e-14,0.002186715776758872,01101110011100000110101000100000010100110100001000000000,npj SB,npj SB,100.0,True
8VC8,global_rotation_translation,combined_xz_rotation_x_translation_then_kabsch_alignment,300,180,10.0,1.9014510174218863e-14,0.0021867157767585916,01101110011100000110101000100000010100110100001000000000,npj SB,npj SB,100.0,True
8VC8,global_rotation_translation,combined_xz_rotation_x_translation_then_kabsch_alignment,300,210,10.0,1.1680471720593494e-14,0.0021867157767586124,01101110011100000110101000100000010100110100001000000000,npj SB,npj SB,100.0,True
8VC8,global_rotation_translation,combined_xz_rotation_x_translation_then_kabsch_alignment,300,240,10.0,1.1173460148158169e-14,0.002186715776758634,01101110011100000110101000100000010100110100001000000000,npj SB,npj SB,100.0,True
8VC8,global_rotation_translation,combined_xz_rotation_x_translation_then_kabsch_alignment,300,270,10.0,1.9781811957448522e-14,0.0021867157767583648,01101110011100000110101000100000010100110100001000000000,npj SB,npj SB,100.0,True
8VC8,global_rotation_translation,combined_xz_rotation_x_translation_then_kabsch_alignment,300,300,10.0,1.8556697260111573e-14,0.002186715776758142,01101110011100000110101000100000010100110100001000000000,npj SB,npj SB,100.0,True
8VC8,global_rotation_translation,combined_xz_rotation_x_translation_then_kabsch_alignment,300,330,10.0,1.469446968121377e-14,0.002186715776758572,01101110011100000110101000100000010100110100001000000000,npj SB,npj SB,100.0,True
8VC8,global_rotation_translation,combined_xz_rotation_x_translation_then_kabsch_alignment,300,360,10.0,1.0420495058147575e-14,0.00218671577675876,01101110011100000110101000100000010100110100001000000000,npj SB,npj SB,100.0,True
8VC8,global_rotation_translation,combined_xz_rotation_x_translation_then_kabsch_alignment,330,0,10.0,1.1060928412712676e-14,0.0021867157767586866,01101110011100000110101000100000010100110100001000000000,npj SB,npj SB,100.0,True
8VC8,global_rotation_translation,combined_xz_rotation_x_translation_then_kabsch_alignment,330,30,10.0,9.729868572648806e-15,0.0021867157767586024,01101110011100000110101000100000010100110100001000000000,npj SB,npj SB,100.0,True
8VC8,global_rotation_translation,combined_xz_rotation_x_translation_then_kabsch_alignment,330,60,10.0,6.8151138045384664e-15,0.0021867157767585296,01101110011100000110101000100000010100110100001000000000,npj SB,npj SB,100.0,True
8VC8,global_rotation_translation,combined_xz_rotation_x_translation_then_kabsch_alignment,330,90,10.0,1.0301071746056879e-14,0.0021867157767588527,01101110011100000110101000100000010100110100001000000000,npj SB,npj SB,100.0,True
8VC8,global_rotation_translation,combined_xz_rotation_x_translation_then_kabsch_alignment,330,120,10.0,7.76999276657885e-15,0.0021867157767584047,01101110011100000110101000100000010100110100001000000000,npj SB,npj SB,100.0,True
8VC8,global_rotation_translation,combined_xz_rotation_x_translation_then_kabsch_alignment,330,150,10.0,1.4951393695404235e-14,0.0021867157767587585,01101110011100000110101000100000010100110100001000000000,npj SB,npj SB,100.0,True
8VC8,global_rotation_translation,combined_xz_rotation_x_translation_then_kabsch_alignment,330,180,10.0,8.03537429819276e-15,0.0021867157767589723,01101110011100000110101000100000010100110100001000000000,npj SB,npj SB,100.0,True
8VC8,global_rotation_translation,combined_xz_rotation_x_translation_then_kabsch_alignment,330,210,10.0,8.11078025348933e-15,0.0021867157767586566,01101110011100000110101000100000010100110100001000000000,npj SB,npj SB,100.0,True
8VC8,global_rotation_translation,combined_xz_rotation_x_translation_then_kabsch_alignment,330,240,10.0,1.1740137121685784e-14,0.0021867157767584077,01101110011100000110101000100000010100110100001000000000,npj SB,npj SB,100.0,True
8VC8,global_rotation_translation,combined_xz_rotation_x_translation_then_kabsch_alignment,330,270,10.0,1.9997048766641658e-14,0.002186715776758177,01101110011100000110101000100000010100110100001000000000,npj SB,npj SB,100.0,True
8VC8,global_rotation_translation,combined_xz_rotation_x_translation_then_kabsch_alignment,330,300,10.0,1.475339595875165e-14,0.0021867157767585504,01101110011100000110101000100000010100110100001000000000,npj SB,npj SB,100.0,True
8VC8,global_rotation_translation,combined_xz_rotation_x_translation_then_kabsch_alignment,330,330,10.0,1.0826618017193933e-14,0.0021867157767583843,01101110011100000110101000100000010100110100001000000000,npj SB,npj SB,100.0,True
8VC8,global_rotation_translation,combined_xz_rotation_x_translation_then_kabsch_alignment,330,360,10.0,1.5127262523127052e-14,0.002186715776758583,01101110011100000110101000100000010100110100001000000000,npj SB,npj SB,100.0,True
8VC8,global_rotation_translation,combined_xz_rotation_x_translation_then_kabsch_alignment,360,0,10.0,6.961386576366615e-15,0.0021867157767584402,01101110011100000110101000100000010100110100001000000000,npj SB,npj SB,100.0,True
8VC8,global_rotation_translation,combined_xz_rotation_x_translation_then_kabsch_alignment,360,30,10.0,1.122035479143859e-14,0.002186715776758144,01101110011100000110101000100000010100110100001000000000,npj SB,npj SB,100.0,True
8VC8,global_rotation_translation,combined_xz_rotation_x_translation_then_kabsch_alignment,360,60,10.0,7.294430700975402e-15,0.0021867157767583895,01101110011100000110101000100000010100110100001000000000,npj SB,npj SB,100.0,True
8VC8,global_rotation_translation,combined_xz_rotation_x_translation_then_kabsch_alignment,360,90,10.0,1.1094439694882322e-14,0.0021867157767585035,01101110011100000110101000100000010100110100001000000000,npj SB,npj SB,100.0,True
8VC8,global_rotation_translation,combined_xz_rotation_x_translation_then_kabsch_alignment,360,120,10.0,1.2910514593579268e-14,0.0021867157767582954,01101110011100000110101000100000010100110100001000000000,npj SB,npj SB,100.0,True
8VC8,global_rotation_translation,combined_xz_rotation_x_translation_then_kabsch_alignment,360,150,10.0,9.310753644216528e-15,0.0021867157767584845,01101110011100000110101000100000010100110100001000000000,npj SB,npj SB,100.0,True
8VC8,global_rotation_translation,combined_xz_rotation_x_translation_then_kabsch_alignment,360,180,10.0,1.1350806551788578e-14,0.0021867157767584693,01101110011100000110101000100000010100110100001000000000,npj SB,npj SB,100.0,True
8VC8,global_rotation_translation,combined_xz_rotation_x_translation_then_kabsch_alignment,360,210,10.0,1.2539606758998523e-14,0.0021867157767584758,01101110011100000110101000100000010100110100001000000000,npj SB,npj SB,100.0,True
8VC8,global_rotation_translation,combined_xz_rotation_x_translation_then_kabsch_alignment,360,240,10.0,1.242194021469466e-14,0.0021867157767583596,01101110011100000110101000100000010100110100001000000000,npj SB,npj SB,100.0,True
8VC8,global_rotation_translation,combined_xz_rotation_x_translation_then_kabsch_alignment,360,270,10.0,1.5172607299623907e-14,0.0021867157767584532,01101110011100000110101000100000010100110100001000000000,npj SB,npj SB,100.0,True
8VC8,global_rotation_translation,combined_xz_rotation_x_translation_then_kabsch_alignment,360,300,10.0,6.714472850000052e-15,0.0021867157767583435,01101110011100000110101000100000010100110100001000000000,npj SB,npj SB,100.0,True
8VC8,global_rotation_translation,combined_xz_rotation_x_translation_then_kabsch_alignment,360,330,10.0,1.736439378062465e-14,0.0021867157767584463,01101110011100000110101000100000010100110100001000000000,npj SB,npj SB,100.0,True
8VC8,global_rotation_translation,combined_xz_rotation_x_translation_then_kabsch_alignment,360,360,10.0,6.477567585066658e-15,0.002186715776758498,01101110011100000110101000100000010100110100001000000000,npj SB,npj SB,100.0,True
8VC8,global_rotation_translation,combined_xz_rotation_x_translation_then_kabsch_alignment,0,0,50.0,2.63062095590794e-14,0.0021867157767583886,01101110011100000110101000100000010100110100001000000000,npj SB,npj SB,100.0,True
8VC8,global_rotation_translation,combined_xz_rotation_x_translation_then_kabsch_alignment,0,30,50.0,1.4742511279166475e-14,0.002186715776758683,01101110011100000110101000100000010100110100001000000000,npj SB,npj SB,100.0,True
8VC8,global_rotation_translation,combined_xz_rotation_x_translation_then_kabsch_alignment,0,60,50.0,2.1014097167290953e-14,0.0021867157767580803,01101110011100000110101000100000010100110100001000000000,npj SB,npj SB,100.0,True
8VC8,global_rotation_translation,combined_xz_rotation_x_translation_then_kabsch_alignment,0,90,50.0,3.288861159348747e-14,0.002186715776758287,01101110011100000110101000100000010100110100001000000000,npj SB,npj SB,100.0,True
8VC8,global_rotation_translation,combined_xz_rotation_x_translation_then_kabsch_alignment,0,120,50.0,6.065458088170103e-14,0.0021867157767587924,01101110011100000110101000100000010100110100001000000000,npj SB,npj SB,100.0,True
8VC8,global_rotation_translation,combined_xz_rotation_x_translation_then_kabsch_alignment,0,150,50.0,1.3387794956379712e-14,0.0021867157767583127,01101110011100000110101000100000010100110100001000000000,npj SB,npj SB,100.0,True
8VC8,global_rotation_translation,combined_xz_rotation_x_translation_then_kabsch_alignment,0,180,50.0,1.8579152921272344e-14,0.00218671577675882,01101110011100000110101000100000010100110100001000000000,npj SB,npj SB,100.0,True
8VC8,global_rotation_translation,combined_xz_rotation_x_translation_then_kabsch_alignment,0,210,50.0,1.3589515449815914e-14,0.0021867157767582112,01101110011100000110101000100000010100110100001000000000,npj SB,npj SB,100.0,True
8VC8,global_rotation_translation,combined_xz_rotation_x_translation_then_kabsch_alignment,0,240,50.0,2.936003610098461e-14,0.0021867157767583123,01101110011100000110101000100000010100110100001000000000,npj SB,npj SB,100.0,True
8VC8,global_rotation_translation,combined_xz_rotation_x_translation_then_kabsch_alignment,0,270,50.0,1.5530979656135586e-14,0.00218671577675857,01101110011100000110101000100000010100110100001000000000,npj SB,npj SB,100.0,True
8VC8,global_rotation_translation,combined_xz_rotation_x_translation_then_kabsch_alignment,0,300,50.0,1.807375871867308e-14,0.0021867157767588886,01101110011100000110101000100000010100110100001000000000,npj SB,npj SB,100.0,True
8VC8,global_rotation_translation,combined_xz_rotation_x_translation_then_kabsch_alignment,0,330,50.0,2.2550913185017527e-14,0.0021867157767584875,01101110011100000110101000100000010100110100001000000000,npj SB,npj SB,100.0,True
8VC8,global_rotation_translation,combined_xz_rotation_x_translation_then_kabsch_alignment,0,360,50.0,3.749099522450657e-14,0.002186715776758459,01101110011100000110101000100000010100110100001000000000,npj SB,npj SB,100.0,True
8VC8,global_rotation_translation,combined_xz_rotation_x_translation_then_kabsch_alignment,30,0,50.0,3.634407475459175e-14,0.0021867157767587703,01101110011100000110101000100000010100110100001000000000,npj SB,npj SB,100.0,True
8VC8,global_rotation_translation,combined_xz_rotation_x_translation_then_kabsch_alignment,30,30,50.0,2.2697957503816382e-14,0.002186715776759119,01101110011100000110101000100000010100110100001000000000,npj SB,npj SB,100.0,True
8VC8,global_rotation_translation,combined_xz_rotation_x_translation_then_kabsch_alignment,30,60,50.0,1.9362956021794062e-14,0.002186715776758409,01101110011100000110101000100000010100110100001000000000,npj SB,npj SB,100.0,True
8VC8,global_rotation_translation,combined_xz_rotation_x_translation_then_kabsch_alignment,30,90,50.0,2.5832010389407857e-14,0.002186715776758441,01101110011100000110101000100000010100110100001000000000,npj SB,npj SB,100.0,True
8VC8,global_rotation_translation,combined_xz_rotation_x_translation_then_kabsch_alignment,30,120,50.0,2.975903233227178e-14,0.002186715776758704,01101110011100000110101000100000010100110100001000000000,npj SB,npj SB,100.0,True
8VC8,global_rotation_translation,combined_xz_rotation_x_translation_then_kabsch_alignment,30,150,50.0,1.873209714563578e-14,0.0021867157767587503,01101110011100000110101000100000010100110100001000000000,npj SB,npj SB,100.0,True
8VC8,global_rotation_translation,combined_xz_rotation_x_translation_then_kabsch_alignment,30,180,50.0,1.9522328988692836e-14,0.0021867157767590578,01101110011100000110101000100000010100110100001000000000,npj SB,npj SB,100.0,True
8VC8,global_rotation_translation,combined_xz_rotation_x_translation_then_kabsch_alignment,30,210,50.0,1.4754891079770028e-14,0.0021867157767587278,01101110011100000110101000100000010100110100001000000000,npj SB,npj SB,100.0,True
8VC8,global_rotation_translation,combined_xz_rotation_x_translation_then_kabsch_alignment,30,240,50.0,1.937969197415262e-14,0.0021867157767587516,01101110011100000110101000100000010100110100001000000000,npj SB,npj SB,100.0,True
8VC8,global_rotation_translation,combined_xz_rotation_x_translation_then_kabsch_alignment,30,270,50.0,4.6958132676782664e-14,0.002186715776758926,01101110011100000110101000100000010100110100001000000000,npj SB,npj SB,100.0,True
8VC8,global_rotation_translation,combined_xz_rotation_x_translation_then_kabsch_alignment,30,300,50.0,1.9525591365329748e-14,0.002186715776758787,01101110011100000110101000100000010100110100001000000000,npj SB,npj SB,100.0,True
8VC8,global_rotation_translation,combined_xz_rotation_x_translation_then_kabsch_alignment,30,330,50.0,2.6532769731452577e-14,0.0021867157767587334,01101110011100000110101000100000010100110100001000000000,npj SB,npj SB,100.0,True
8VC8,global_rotation_translation,combined_xz_rotation_x_translation_then_kabsch_alignment,30,360,50.0,4.12979629715891e-14,0.0021867157767585044,01101110011100000110101000100000010100110100001000000000,npj SB,npj SB,100.0,True
8VC8,global_rotation_translation,combined_xz_rotation_x_translation_then_kabsch_alignment,60,0,50.0,3.2973179729880993e-14,0.002186715776758539,01101110011100000110101000100000010100110100001000000000,npj SB,npj SB,100.0,True
8VC8,global_rotation_translation,combined_xz_rotation_x_translation_then_kabsch_alignment,60,30,50.0,1.5110340433943533e-14,0.0021867157767586124,01101110011100000110101000100000010100110100001000000000,npj SB,npj SB,100.0,True
8VC8,global_rotation_translation,combined_xz_rotation_x_translation_then_kabsch_alignment,60,60,50.0,2.5696031826869693e-14,0.002186715776758597,01101110011100000110101000100000010100110100001000000000,npj SB,npj SB,100.0,True
8VC8,global_rotation_translation,combined_xz_rotation_x_translation_then_kabsch_alignment,60,90,50.0,5.547453640914112e-14,0.002186715776758443,01101110011100000110101000100000010100110100001000000000,npj SB,npj SB,100.0,True
8VC8,global_rotation_translation,combined_xz_rotation_x_translation_then_kabsch_alignment,60,120,50.0,2.5829771040491472e-14,0.00218671577675855,01101110011100000110101000100000010100110100001000000000,npj SB,npj SB,100.0,True
8VC8,global_rotation_translation,combined_xz_rotation_x_translation_then_kabsch_alignment,60,150,50.0,2.4685022566895436e-14,0.0021867157767584983,01101110011100000110101000100000010100110100001000000000,npj SB,npj SB,100.0,True
8VC8,global_rotation_translation,combined_xz_rotation_x_translation_then_kabsch_alignment,60,180,50.0,2.176657380894927e-14,0.0021867157767588128,01101110011100000110101000100000010100110100001000000000,npj SB,npj SB,100.0,True
8VC8,global_rotation_translation,combined_xz_rotation_x_translation_then_kabsch_alignment,60,210,50.0,3.394333317707052e-14,0.002186715776758161,01101110011100000110101000100000010100110100001000000000,npj SB,npj SB,100.0,True
8VC8,global_rotation_translation,combined_xz_rotation_x_translation_then_kabsch_alignment,60,240,50.0,1.812120616282556e-14,0.0021867157767585035,01101110011100000110101000100000010100110100001000000000,npj SB,npj SB,100.0,True
8VC8,global_rotation_translation,combined_xz_rotation_x_translation_then_kabsch_alignment,60,270,50.0,2.975823232132996e-14,0.0021867157767583934,01101110011100000110101000100000010100110100001000000000,npj SB,npj SB,100.0,True
8VC8,global_rotation_translation,combined_xz_rotation_x_translation_then_kabsch_alignment,60,300,50.0,2.1975252632352168e-14,0.0021867157767585885,01101110011100000110101000100000010100110100001000000000,npj SB,npj SB,100.0,True
8VC8,global_rotation_translation,combined_xz_rotation_x_translation_then_kabsch_alignment,60,330,50.0,3.064248260922339e-14,0.002186715776758767,01101110011100000110101000100000010100110100001000000000,npj SB,npj SB,100.0,True
8VC8,global_rotation_translation,combined_xz_rotation_x_translation_then_kabsch_alignment,60,360,50.0,3.769874105626069e-14,0.0021867157767586007,01101110011100000110101000100000010100110100001000000000,npj SB,npj SB,100.0,True
8VC8,global_rotation_translation,combined_xz_rotation_x_translation_then_kabsch_alignment,90,0,50.0,3.062198024891913e-14,0.002186715776758425,01101110011100000110101000100000010100110100001000000000,npj SB,npj SB,100.0,True
8VC8,global_rotation_translation,combined_xz_rotation_x_translation_then_kabsch_alignment,90,30,50.0,3.5176550543188375e-14,0.0021867157767583704,01101110011100000110101000100000010100110100001000000000,npj SB,npj SB,100.0,True
8VC8,global_rotation_translation,combined_xz_rotation_x_translation_then_kabsch_alignment,90,60,50.0,8.50983843077925e-15,0.00218671577675868,01101110011100000110101000100000010100110100001000000000,npj SB,npj SB,100.0,True
8VC8,global_rotation_translation,combined_xz_rotation_x_translation_then_kabsch_alignment,90,90,50.0,8.250164707796489e-15,0.0021867157767584975,01101110011100000110101000100000010100110100001000000000,npj SB,npj SB,100.0,True
8VC8,global_rotation_translation,combined_xz_rotation_x_translation_then_kabsch_alignment,90,120,50.0,6.876726880546363e-15,0.002186715776758806,01101110011100000110101000100000010100110100001000000000,npj SB,npj SB,100.0,True
8VC8,global_rotation_translation,combined_xz_rotation_x_translation_then_kabsch_alignment,90,150,50.0,2.0588677958698104e-14,0.0021867157767578044,01101110011100000110101000100000010100110100001000000000,npj SB,npj SB,100.0,True
8VC8,global_rotation_translation,combined_xz_rotation_x_translation_then_kabsch_alignment,90,180,50.0,1.9211644437669757e-14,0.002186715776758362,01101110011100000110101000100000010100110100001000000000,npj SB,npj SB,100.0,True
8VC8,global_rotation_translation,combined_xz_rotation_x_translation_then_kabsch_alignment,90,210,50.0,3.81586559824713e-14,0.0021867157767584957,01101110011100000110101000100000010100110100001000000000,npj SB,npj SB,100.0,True
8VC8,global_rotation_translation,combined_xz_rotation_x_translation_then_kabsch_alignment,90,240,50.0,8.666304282234908e-15,0.002186715776758463,01101110011100000110101000100000010100110100001000000000,npj SB,npj SB,100.0,True
8VC8,global_rotation_translation,combined_xz_rotation_x_translation_then_kabsch_alignment,90,270,50.0,1.875536864569283e-14,0.0021867157767586614,01101110011100000110101000100000010100110100001000000000,npj SB,npj SB,100.0,True
8VC8,global_rotation_translation,combined_xz_rotation_x_translation_then_kabsch_alignment,90,300,50.0,2.997395347253717e-14,0.0021867157767585504,01101110011100000110101000100000010100110100001000000000,npj SB,npj SB,100.0,True
8VC8,global_rotation_translation,combined_xz_rotation_x_translation_then_kabsch_alignment,90,330,50.0,2.3507172470532073e-14,0.0021867157767585066,01101110011100000110101000100000010100110100001000000000,npj SB,npj SB,100.0,True
8VC8,global_rotation_translation,combined_xz_rotation_x_translation_then_kabsch_alignment,90,360,50.0,3.089484504196663e-14,0.0021867157767583314,01101110011100000110101000100000010100110100001000000000,npj SB,npj SB,100.0,True
8VC8,global_rotation_translation,combined_xz_rotation_x_translation_then_kabsch_alignment,120,0,50.0,3.086889720169344e-14,0.002186715776758634,01101110011100000110101000100000010100110100001000000000,npj SB,npj SB,100.0,True
8VC8,global_rotation_translation,combined_xz_rotation_x_translation_then_kabsch_alignment,120,30,50.0,2.670147934284827e-14,0.0021867157767586107,01101110011100000110101000100000010100110100001000000000,npj SB,npj SB,100.0,True
8VC8,global_rotation_translation,combined_xz_rotation_x_translation_then_kabsch_alignment,120,60,50.0,4.168942175307371e-14,0.002186715776758105,01101110011100000110101000100000010100110100001000000000,npj SB,npj SB,100.0,True
8VC8,global_rotation_translation,combined_xz_rotation_x_translation_then_kabsch_alignment,120,90,50.0,2.794122247046605e-14,0.002186715776758293,01101110011100000110101000100000010100110100001000000000,npj SB,npj SB,100.0,True
8VC8,global_rotation_translation,combined_xz_rotation_x_translation_then_kabsch_alignment,120,120,50.0,1.460142369005528e-14,0.00218671577675811,01101110011100000110101000100000010100110100001000000000,npj SB,npj SB,100.0,True
8VC8,global_rotation_translation,combined_xz_rotation_x_translation_then_kabsch_alignment,120,150,50.0,1.7738799030524314e-14,0.0021867157767583834,01101110011100000110101000100000010100110100001000000000,npj SB,npj SB,100.0,True
8VC8,global_rotation_translation,combined_xz_rotation_x_translation_then_kabsch_alignment,120,180,50.0,2.071358960431035e-14,0.002186715776758514,01101110011100000110101000100000010100110100001000000000,npj SB,npj SB,100.0,True
8VC8,global_rotation_translation,combined_xz_rotation_x_translation_then_kabsch_alignment,120,210,50.0,3.5537579185285314e-14,0.002186715776758817,01101110011100000110101000100000010100110100001000000000,npj SB,npj SB,100.0,True
8VC8,global_rotation_translation,combined_xz_rotation_x_translation_then_kabsch_alignment,120,240,50.0,3.683028989538761e-14,0.002186715776758855,01101110011100000110101000100000010100110100001000000000,npj SB,npj SB,100.0,True
8VC8,global_rotation_translation,combined_xz_rotation_x_translation_then_kabsch_alignment,120,270,50.0,1.8533601669624557e-14,0.0021867157767583925,01101110011100000110101000100000010100110100001000000000,npj SB,npj SB,100.0,True
8VC8,global_rotation_translation,combined_xz_rotation_x_translation_then_kabsch_alignment,120,300,50.0,9.018268006983893e-15,0.0021867157767580365,01101110011100000110101000100000010100110100001000000000,npj SB,npj SB,100.0,True
8VC8,global_rotation_translation,combined_xz_rotation_x_translation_then_kabsch_alignment,120,330,50.0,1.0534583585959608e-14,0.0021867157767585426,01101110011100000110101000100000010100110100001000000000,npj SB,npj SB,100.0,True
8VC8,global_rotation_translation,combined_xz_rotation_x_translation_then_kabsch_alignment,120,360,50.0,3.827481380512324e-14,0.0021867157767583305,01101110011100000110101000100000010100110100001000000000,npj SB,npj SB,100.0,True
8VC8,global_rotation_translation,combined_xz_rotation_x_translation_then_kabsch_alignment,150,0,50.0,3.709128346135448e-14,0.002186715776758159,01101110011100000110101000100000010100110100001000000000,npj SB,npj SB,100.0,True
8VC8,global_rotation_translation,combined_xz_rotation_x_translation_then_kabsch_alignment,150,30,50.0,1.8352374833502548e-14,0.0021867157767584493,01101110011100000110101000100000010100110100001000000000,npj SB,npj SB,100.0,True
8VC8,global_rotation_translation,combined_xz_rotation_x_translation_then_kabsch_alignment,150,60,50.0,1.421519178273308e-14,0.002186715776758612,01101110011100000110101000100000010100110100001000000000,npj SB,npj SB,100.0,True
8VC8,global_rotation_translation,combined_xz_rotation_x_translation_then_kabsch_alignment,150,90,50.0,1.3152773309937657e-14,0.0021867157767582507,01101110011100000110101000100000010100110100001000000000,npj SB,npj SB,100.0,True
8VC8,global_rotation_translation,combined_xz_rotation_x_translation_then_kabsch_alignment,150,120,50.0,1.835908124908023e-14,0.002186715776758529,01101110011100000110101000100000010100110100001000000000,npj SB,npj SB,100.0,True
8VC8,global_rotation_translation,combined_xz_rotation_x_translation_then_kabsch_alignment,150,150,50.0,6.009646732008337e-14,0.002186715776757505,01101110011100000110101000100000010100110100001000000000,npj SB,npj SB,100.0,True
8VC8,global_rotation_translation,combined_xz_rotation_x_translation_then_kabsch_alignment,150,180,50.0,2.1160700788872352e-14,0.002186715776758439,01101110011100000110101000100000010100110100001000000000,npj SB,npj SB,100.0,True
8VC8,global_rotation_translation,combined_xz_rotation_x_translation_then_kabsch_alignment,150,210,50.0,3.524670466358829e-14,0.002186715776758748,01101110011100000110101000100000010100110100001000000000,npj SB,npj SB,100.0,True
8VC8,global_rotation_translation,combined_xz_rotation_x_translation_then_kabsch_alignment,150,240,50.0,1.4460505849262353e-14,0.002186715776758456,01101110011100000110101000100000010100110100001000000000,npj SB,npj SB,100.0,True
8VC8,global_rotation_translation,combined_xz_rotation_x_translation_then_kabsch_alignment,150,270,50.0,2.393972853279774e-14,0.0021867157767581588,01101110011100000110101000100000010100110100001000000000,npj SB,npj SB,100.0,True
8VC8,global_rotation_translation,combined_xz_rotation_x_translation_then_kabsch_alignment,150,300,50.0,1.4382089943477826e-14,0.0021867157767586644,01101110011100000110101000100000010100110100001000000000,npj SB,npj SB,100.0,True
8VC8,global_rotation_translation,combined_xz_rotation_x_translation_then_kabsch_alignment,150,330,50.0,3.46957437555376e-14,0.0021867157767584988,01101110011100000110101000100000010100110100001000000000,npj SB,npj SB,100.0,True
8VC8,global_rotation_translation,combined_xz_rotation_x_translation_then_kabsch_alignment,150,360,50.0,2.972538491871337e-14,0.0021867157767581796,01101110011100000110101000100000010100110100001000000000,npj SB,npj SB,100.0,True
8VC8,global_rotation_translation,combined_xz_rotation_x_translation_then_kabsch_alignment,180,0,50.0,3.2838982732005e-14,0.0021867157767582242,01101110011100000110101000100000010100110100001000000000,npj SB,npj SB,100.0,True
8VC8,global_rotation_translation,combined_xz_rotation_x_translation_then_kabsch_alignment,180,30,50.0,2.0661836148780373e-14,0.0021867157767581883,01101110011100000110101000100000010100110100001000000000,npj SB,npj SB,100.0,True
8VC8,global_rotation_translation,combined_xz_rotation_x_translation_then_kabsch_alignment,180,60,50.0,1.4239517910684568e-14,0.0021867157767584823,01101110011100000110101000100000010100110100001000000000,npj SB,npj SB,100.0,True
8VC8,global_rotation_translation,combined_xz_rotation_x_translation_then_kabsch_alignment,180,90,50.0,1.8076753386367055e-14,0.002186715776758209,01101110011100000110101000100000010100110100001000000000,npj SB,npj SB,100.0,True
8VC8,global_rotation_translation,combined_xz_rotation_x_translation_then_kabsch_alignment,180,120,50.0,3.9335879281852766e-14,0.0021867157767588036,01101110011100000110101000100000010100110100001000000000,npj SB,npj SB,100.0,True
8VC8,global_rotation_translation,combined_xz_rotation_x_translation_then_kabsch_alignment,180,150,50.0,1.1199429483387838e-14,0.00218671577675818,01101110011100000110101000100000010100110100001000000000,npj SB,npj SB,100.0,True
8VC8,global_rotation_translation,combined_xz_rotation_x_translation_then_kabsch_alignment,180,180,50.0,1.9493296964935452e-14,0.0021867157767587178,01101110011100000110101000100000010100110100001000000000,npj SB,npj SB,100.0,True
8VC8,global_rotation_translation,combined_xz_rotation_x_translation_then_kabsch_alignment,180,210,50.0,2.3423188896912408e-14,0.0021867157767583726,01101110011100000110101000100000010100110100001000000000,npj SB,npj SB,100.0,True
8VC8,global_rotation_translation,combined_xz_rotation_x_translation_then_kabsch_alignment,180,240,50.0,5.927292943418891e-14,0.002186715776758899,01101110011100000110101000100000010100110100001000000000,npj SB,npj SB,100.0,True
8VC8,global_rotation_translation,combined_xz_rotation_x_translation_then_kabsch_alignment,180,270,50.0,4.31741461088178e-14,0.0021867157767581735,01101110011100000110101000100000010100110100001000000000,npj SB,npj SB,100.0,True
8VC8,global_rotation_translation,combined_xz_rotation_x_translation_then_kabsch_alignment,180,300,50.0,2.3336778774199245e-14,0.002186715776758287,01101110011100000110101000100000010100110100001000000000,npj SB,npj SB,100.0,True
8VC8,global_rotation_translation,combined_xz_rotation_x_translation_then_kabsch_alignment,180,330,50.0,2.5162862442131558e-14,0.0021867157767587048,01101110011100000110101000100000010100110100001000000000,npj SB,npj SB,100.0,True
8VC8,global_rotation_translation,combined_xz_rotation_x_translation_then_kabsch_alignment,180,360,50.0,2.5748931222343545e-14,0.0021867157767581484,01101110011100000110101000100000010100110100001000000000,npj SB,npj SB,100.0,True
8VC8,global_rotation_translation,combined_xz_rotation_x_translation_then_kabsch_alignment,210,0,50.0,3.0572026161349114e-14,0.002186715776758268,01101110011100000110101000100000010100110100001000000000,npj SB,npj SB,100.0,True
8VC8,global_rotation_translation,combined_xz_rotation_x_translation_then_kabsch_alignment,210,30,50.0,2.6459349691824377e-14,0.0021867157767588635,01101110011100000110101000100000010100110100001000000000,npj SB,npj SB,100.0,True
8VC8,global_rotation_translation,combined_xz_rotation_x_translation_then_kabsch_alignment,210,60,50.0,1.1062826070615203e-14,0.0021867157767581787,01101110011100000110101000100000010100110100001000000000,npj SB,npj SB,100.0,True
8VC8,global_rotation_translation,combined_xz_rotation_x_translation_then_kabsch_alignment,210,90,50.0,3.8899869659574796e-14,0.0021867157767590205,01101110011100000110101000100000010100110100001000000000,npj SB,npj SB,100.0,True
8VC8,global_rotation_translation,combined_xz_rotation_x_translation_then_kabsch_alignment,210,120,50.0,2.880383038273634e-14,0.00218671577675887,01101110011100000110101000100000010100110100001000000000,npj SB,npj SB,100.0,True
8VC8,global_rotation_translation,combined_xz_rotation_x_translation_then_kabsch_alignment,210,150,50.0,2.6752165267611278e-14,0.0021867157767583747,01101110011100000110101000100000010100110100001000000000,npj SB,npj SB,100.0,True
8VC8,global_rotation_translation,combined_xz_rotation_x_translation_then_kabsch_alignment,210,180,50.0,2.7722495397433482e-14,0.002186715776758601,01101110011100000110101000100000010100110100001000000000,npj SB,npj SB,100.0,True
8VC8,global_rotation_translation,combined_xz_rotation_x_translation_then_kabsch_alignment,210,210,50.0,1.87364321773062e-14,0.0021867157767587802,01101110011100000110101000100000010100110100001000000000,npj SB,npj SB,100.0,True
8VC8,global_rotation_translation,combined_xz_rotation_x_translation_then_kabsch_alignment,210,240,50.0,4.725330885953605e-14,0.002186715776758704,01101110011100000110101000100000010100110100001000000000,npj SB,npj SB,100.0,True
8VC8,global_rotation_translation,combined_xz_rotation_x_translation_then_kabsch_alignment,210,270,50.0,2.4421896942630764e-14,0.002186715776758429,01101110011100000110101000100000010100110100001000000000,npj SB,npj SB,100.0,True
8VC8,global_rotation_translation,combined_xz_rotation_x_translation_then_kabsch_alignment,210,300,50.0,1.2608167388791444e-14,0.0021867157767582255,01101110011100000110101000100000010100110100001000000000,npj SB,npj SB,100.0,True
8VC8,global_rotation_translation,combined_xz_rotation_x_translation_then_kabsch_alignment,210,330,50.0,9.038808694966159e-15,0.002186715776758602,01101110011100000110101000100000010100110100001000000000,npj SB,npj SB,100.0,True
8VC8,global_rotation_translation,combined_xz_rotation_x_translation_then_kabsch_alignment,210,360,50.0,2.8365595190082483e-14,0.0021867157767583,01101110011100000110101000100000010100110100001000000000,npj SB,npj SB,100.0,True
8VC8,global_rotation_translation,combined_xz_rotation_x_translation_then_kabsch_alignment,240,0,50.0,3.0033584047830035e-14,0.0021867157767582615,01101110011100000110101000100000010100110100001000000000,npj SB,npj SB,100.0,True
8VC8,global_rotation_translation,combined_xz_rotation_x_translation_then_kabsch_alignment,240,30,50.0,3.286618779436465e-14,0.0021867157767586666,01101110011100000110101000100000010100110100001000000000,npj SB,npj SB,100.0,True
8VC8,global_rotation_translation,combined_xz_rotation_x_translation_then_kabsch_alignment,240,60,50.0,1.815784440367713e-14,0.0021867157767580282,01101110011100000110101000100000010100110100001000000000,npj SB,npj SB,100.0,True
8VC8,global_rotation_translation,combined_xz_rotation_x_translation_then_kabsch_alignment,240,90,50.0,3.5209024991906004e-14,0.002186715776758713,01101110011100000110101000100000010100110100001000000000,npj SB,npj SB,100.0,True
8VC8,global_rotation_translation,combined_xz_rotation_x_translation_then_kabsch_alignment,240,120,50.0,1.0429909751385789e-14,0.0021867157767586826,01101110011100000110101000100000010100110100001000000000,npj SB,npj SB,100.0,True
8VC8,global_rotation_translation,combined_xz_rotation_x_translation_then_kabsch_alignment,240,150,50.0,3.8075882490074104e-14,0.00218671577675797,01101110011100000110101000100000010100110100001000000000,npj SB,npj SB,100.0,True
8VC8,global_rotation_translation,combined_xz_rotation_x_translation_then_kabsch_alignment,240,180,50.0,1.891079862557581e-14,0.0021867157767587945,01101110011100000110101000100000010100110100001000000000,npj SB,npj SB,100.0,True
8VC8,global_rotation_translation,combined_xz_rotation_x_translation_then_kabsch_alignment,240,210,50.0,2.4291786333317657e-14,0.0021867157767580525,01101110011100000110101000100000010100110100001000000000,npj SB,npj SB,100.0,True
8VC8,global_rotation_translation,combined_xz_rotation_x_translation_then_kabsch_alignment,240,240,50.0,1.444966305217668e-14,0.0021867157767581536,01101110011100000110101000100000010100110100001000000000,npj SB,npj SB,100.0,True
8VC8,global_rotation_translation,combined_xz_rotation_x_translation_then_kabsch_alignment,240,270,50.0,6.153349449737907e-14,0.002186715776758249,01101110011100000110101000100000010100110100001000000000,npj SB,npj SB,100.0,True
8VC8,global_rotation_translation,combined_xz_rotation_x_translation_then_kabsch_alignment,240,300,50.0,2.3614388474420546e-14,0.0021867157767578266,01101110011100000110101000100000010100110100001000000000,npj SB,npj SB,100.0,True
8VC8,global_rotation_translation,combined_xz_rotation_x_translation_then_kabsch_alignment,240,330,50.0,1.472984842602136e-14,0.0021867157767580248,01101110011100000110101000100000010100110100001000000000,npj SB,npj SB,100.0,True
8VC8,global_rotation_translation,combined_xz_rotation_x_translation_then_kabsch_alignment,240,360,50.0,4.532648394424715e-14,0.002186715776757984,01101110011100000110101000100000010100110100001000000000,npj SB,npj SB,100.0,True
8VC8,global_rotation_translation,combined_xz_rotation_x_translation_then_kabsch_alignment,270,0,50.0,3.113554211093467e-14,0.002186715776758562,01101110011100000110101000100000010100110100001000000000,npj SB,npj SB,100.0,True
8VC8,global_rotation_translation,combined_xz_rotation_x_translation_then_kabsch_alignment,270,30,50.0,3.340364849685152e-14,0.0021867157767581826,01101110011100000110101000100000010100110100001000000000,npj SB,npj SB,100.0,True
8VC8,global_rotation_translation,combined_xz_rotation_x_translation_then_kabsch_alignment,270,60,50.0,2.6410246173379956e-14,0.002186715776758254,01101110011100000110101000100000010100110100001000000000,npj SB,npj SB,100.0,True
8VC8,global_rotation_translation,combined_xz_rotation_x_translation_then_kabsch_alignment,270,90,50.0,1.2638570828735723e-14,0.0021867157767588895,01101110011100000110101000100000010100110100001000000000,npj SB,npj SB,100.0,True
8VC8,global_rotation_translation,combined_xz_rotation_x_translation_then_kabsch_alignment,270,120,50.0,1.6444909066283186e-14,0.0021867157767584207,01101110011100000110101000100000010100110100001000000000,npj SB,npj SB,100.0,True
8VC8,global_rotation_translation,combined_xz_rotation_x_translation_then_kabsch_alignment,270,150,50.0,3.7341320033699605e-14,0.0021867157767589173,01101110011100000110101000100000010100110100001000000000,npj SB,npj SB,100.0,True
8VC8,global_rotation_translation,combined_xz_rotation_x_translation_then_kabsch_alignment,270,180,50.0,2.492175440515416e-14,0.0021867157767589975,01101110011100000110101000100000010100110100001000000000,npj SB,npj SB,100.0,True
8VC8,global_rotation_translation,combined_xz_rotation_x_translation_then_kabsch_alignment,270,210,50.0,1.2244691257334896e-14,0.0021867157767588054,01101110011100000110101000100000010100110100001000000000,npj SB,npj SB,100.0,True
8VC8,global_rotation_translation,combined_xz_rotation_x_translation_then_kabsch_alignment,270,240,50.0,1.6715337512145644e-14,0.0021867157767583535,01101110011100000110101000100000010100110100001000000000,npj SB,npj SB,100.0,True
8VC8,global_rotation_translation,combined_xz_rotation_x_translation_then_kabsch_alignment,270,270,50.0,2.0965311235046493e-14,0.002186715776758704,01101110011100000110101000100000010100110100001000000000,npj SB,npj SB,100.0,True
8VC8,global_rotation_translation,combined_xz_rotation_x_translation_then_kabsch_alignment,270,300,50.0,1.0762082804069423e-14,0.0021867157767589,01101110011100000110101000100000010100110100001000000000,npj SB,npj SB,100.0,True
8VC8,global_rotation_translation,combined_xz_rotation_x_translation_then_kabsch_alignment,270,330,50.0,3.167374798819216e-14,0.002186715776758048,01101110011100000110101000100000010100110100001000000000,npj SB,npj SB,100.0,True
8VC8,global_rotation_translation,combined_xz_rotation_x_translation_then_kabsch_alignment,270,360,50.0,4.1866433777659637e-14,0.0021867157767583145,01101110011100000110101000100000010100110100001000000000,npj SB,npj SB,100.0,True
8VC8,global_rotation_translation,combined_xz_rotation_x_translation_then_kabsch_alignment,300,0,50.0,3.0791804944778895e-14,0.0021867157767587408,01101110011100000110101000100000010100110100001000000000,npj SB,npj SB,100.0,True
8VC8,global_rotation_translation,combined_xz_rotation_x_translation_then_kabsch_alignment,300,30,50.0,1.9506496476435967e-14,0.002186715776758424,01101110011100000110101000100000010100110100001000000000,npj SB,npj SB,100.0,True
8VC8,global_rotation_translation,combined_xz_rotation_x_translation_then_kabsch_alignment,300,60,50.0,1.584354264972546e-14,0.0021867157767585105,01101110011100000110101000100000010100110100001000000000,npj SB,npj SB,100.0,True
8VC8,global_rotation_translation,combined_xz_rotation_x_translation_then_kabsch_alignment,300,90,50.0,1.9603629781825692e-14,0.0021867157767587377,01101110011100000110101000100000010100110100001000000000,npj SB,npj SB,100.0,True
8VC8,global_rotation_translation,combined_xz_rotation_x_translation_then_kabsch_alignment,300,120,50.0,3.9904905486699764e-14,0.002186715776758847,01101110011100000110101000100000010100110100001000000000,npj SB,npj SB,100.0,True
8VC8,global_rotation_translation,combined_xz_rotation_x_translation_then_kabsch_alignment,300,150,50.0,3.429822814399623e-14,0.0021867157767589715,01101110011100000110101000100000010100110100001000000000,npj SB,npj SB,100.0,True
8VC8,global_rotation_translation,combined_xz_rotation_x_translation_then_kabsch_alignment,300,180,50.0,2.6384588297400647e-14,0.0021867157767586675,01101110011100000110101000100000010100110100001000000000,npj SB,npj SB,100.0,True
8VC8,global_rotation_translation,combined_xz_rotation_x_translation_then_kabsch_alignment,300,210,50.0,1.448334434171582e-14,0.0021867157767588843,01101110011100000110101000100000010100110100001000000000,npj SB,npj SB,100.0,True
8VC8,global_rotation_translation,combined_xz_rotation_x_translation_then_kabsch_alignment,300,240,50.0,2.1441018148748494e-14,0.0021867157767583643,01101110011100000110101000100000010100110100001000000000,npj SB,npj SB,100.0,True
8VC8,global_rotation_translation,combined_xz_rotation_x_translation_then_kabsch_alignment,300,270,50.0,2.924364953242743e-14,0.0021867157767583604,01101110011100000110101000100000010100110100001000000000,npj SB,npj SB,100.0,True
8VC8,global_rotation_translation,combined_xz_rotation_x_translation_then_kabsch_alignment,300,300,50.0,4.2988197883527096e-14,0.002186715776758355,01101110011100000110101000100000010100110100001000000000,npj SB,npj SB,100.0,True
8VC8,global_rotation_translation,combined_xz_rotation_x_translation_then_kabsch_alignment,300,330,50.0,2.644806118743019e-14,0.0021867157767581314,01101110011100000110101000100000010100110100001000000000,npj SB,npj SB,100.0,True
8VC8,global_rotation_translation,combined_xz_rotation_x_translation_then_kabsch_alignment,300,360,50.0,3.2876680420147885e-14,0.002186715776758364,01101110011100000110101000100000010100110100001000000000,npj SB,npj SB,100.0,True
8VC8,global_rotation_translation,combined_xz_rotation_x_translation_then_kabsch_alignment,330,0,50.0,2.756222256017094e-14,0.0021867157767586952,01101110011100000110101000100000010100110100001000000000,npj SB,npj SB,100.0,True
8VC8,global_rotation_translation,combined_xz_rotation_x_translation_then_kabsch_alignment,330,30,50.0,2.923469253470698e-14,0.0021867157767586154,01101110011100000110101000100000010100110100001000000000,npj SB,npj SB,100.0,True
8VC8,global_rotation_translation,combined_xz_rotation_x_translation_then_kabsch_alignment,330,60,50.0,1.3790447629871899e-14,0.0021867157767588435,01101110011100000110101000100000010100110100001000000000,npj SB,npj SB,100.0,True
8VC8,global_rotation_translation,combined_xz_rotation_x_translation_then_kabsch_alignment,330,90,50.0,1.0372165061949803e-14,0.0021867157767587356,01101110011100000110101000100000010100110100001000000000,npj SB,npj SB,100.0,True
8VC8,global_rotation_translation,combined_xz_rotation_x_translation_then_kabsch_alignment,330,120,50.0,7.17919905798356e-15,0.002186715776758761,01101110011100000110101000100000010100110100001000000000,npj SB,npj SB,100.0,True
8VC8,global_rotation_translation,combined_xz_rotation_x_translation_then_kabsch_alignment,330,150,50.0,4.268520619895633e-14,0.0021867157767591415,01101110011100000110101000100000010100110100001000000000,npj SB,npj SB,100.0,True
8VC8,global_rotation_translation,combined_xz_rotation_x_translation_then_kabsch_alignment,330,180,50.0,1.357733242128731e-14,0.0021867157767586284,01101110011100000110101000100000010100110100001000000000,npj SB,npj SB,100.0,True
8VC8,global_rotation_translation,combined_xz_rotation_x_translation_then_kabsch_alignment,330,210,50.0,5.79785278248779e-14,0.002186715776757806,01101110011100000110101000100000010100110100001000000000,npj SB,npj SB,100.0,True
8VC8,global_rotation_translation,combined_xz_rotation_x_translation_then_kabsch_alignment,330,240,50.0,1.6274296400202014e-14,0.0021867157767586558,01101110011100000110101000100000010100110100001000000000,npj SB,npj SB,100.0,True
8VC8,global_rotation_translation,combined_xz_rotation_x_translation_then_kabsch_alignment,330,270,50.0,2.027594938812352e-14,0.0021867157767585773,01101110011100000110101000100000010100110100001000000000,npj SB,npj SB,100.0,True
8VC8,global_rotation_translation,combined_xz_rotation_x_translation_then_kabsch_alignment,330,300,50.0,1.5943542978761898e-14,0.0021867157767589017,01101110011100000110101000100000010100110100001000000000,npj SB,npj SB,100.0,True
8VC8,global_rotation_translation,combined_xz_rotation_x_translation_then_kabsch_alignment,330,330,50.0,1.1709743990818672e-14,0.0021867157767586185,01101110011100000110101000100000010100110100001000000000,npj SB,npj SB,100.0,True
8VC8,global_rotation_translation,combined_xz_rotation_x_translation_then_kabsch_alignment,330,360,50.0,3.6829420935243294e-14,0.002186715776758265,01101110011100000110101000100000010100110100001000000000,npj SB,npj SB,100.0,True
8VC8,global_rotation_translation,combined_xz_rotation_x_translation_then_kabsch_alignment,360,0,50.0,3.20323341633329e-14,0.002186715776758294,01101110011100000110101000100000010100110100001000000000,npj SB,npj SB,100.0,True
8VC8,global_rotation_translation,combined_xz_rotation_x_translation_then_kabsch_alignment,360,30,50.0,1.2134716101903965e-14,0.002186715776758268,01101110011100000110101000100000010100110100001000000000,npj SB,npj SB,100.0,True
8VC8,global_rotation_translation,combined_xz_rotation_x_translation_then_kabsch_alignment,360,60,50.0,2.0982956368534822e-14,0.002186715776758385,01101110011100000110101000100000010100110100001000000000,npj SB,npj SB,100.0,True
8VC8,global_rotation_translation,combined_xz_rotation_x_translation_then_kabsch_alignment,360,90,50.0,3.5652462315827087e-14,0.0021867157767577294,01101110011100000110101000100000010100110100001000000000,npj SB,npj SB,100.0,True
8VC8,global_rotation_translation,combined_xz_rotation_x_translation_then_kabsch_alignment,360,120,50.0,5.92954884123053e-14,0.0021867157767587225,01101110011100000110101000100000010100110100001000000000,npj SB,npj SB,100.0,True
8VC8,global_rotation_translation,combined_xz_rotation_x_translation_then_kabsch_alignment,360,150,50.0,9.447700583864337e-15,0.0021867157767583357,01101110011100000110101000100000010100110100001000000000,npj SB,npj SB,100.0,True
8VC8,global_rotation_translation,combined_xz_rotation_x_translation_then_kabsch_alignment,360,180,50.0,2.179656709418798e-14,0.0021867157767587837,01101110011100000110101000100000010100110100001000000000,npj SB,npj SB,100.0,True
8VC8,global_rotation_translation,combined_xz_rotation_x_translation_then_kabsch_alignment,360,210,50.0,1.403622000206e-14,0.002186715776758289,01101110011100000110101000100000010100110100001000000000,npj SB,npj SB,100.0,True
8VC8,global_rotation_translation,combined_xz_rotation_x_translation_then_kabsch_alignment,360,240,50.0,3.0131440479317654e-14,0.0021867157767586813,01101110011100000110101000100000010100110100001000000000,npj SB,npj SB,100.0,True
8VC8,global_rotation_translation,combined_xz_rotation_x_translation_then_kabsch_alignment,360,270,50.0,1.7751521926239272e-14,0.0021867157767582147,01101110011100000110101000100000010100110100001000000000,npj SB,npj SB,100.0,True
8VC8,global_rotation_translation,combined_xz_rotation_x_translation_then_kabsch_alignment,360,300,50.0,1.3786017174267147e-14,0.0021867157767586293,01101110011100000110101000100000010100110100001000000000,npj SB,npj SB,100.0,True
8VC8,global_rotation_translation,combined_xz_rotation_x_translation_then_kabsch_alignment,360,330,50.0,2.4335871883402722e-14,0.0021867157767582654,01101110011100000110101000100000010100110100001000000000,npj SB,npj SB,100.0,True
8VC8,global_rotation_translation,combined_xz_rotation_x_translation_then_kabsch_alignment,360,360,50.0,3.472901613936145e-14,0.0021867157767584628,01101110011100000110101000100000010100110100001000000000,npj SB,npj SB,100.0,True
8VC8,global_rotation_translation,combined_xz_rotation_x_translation_then_kabsch_alignment,0,0,100.0,2.912890127907964e-14,0.0021867157767589164,01101110011100000110101000100000010100110100001000000000,npj SB,npj SB,100.0,True
8VC8,global_rotation_translation,combined_xz_rotation_x_translation_then_kabsch_alignment,0,30,100.0,5.079415025102447e-14,0.0021867157767591046,01101110011100000110101000100000010100110100001000000000,npj SB,npj SB,100.0,True
8VC8,global_rotation_translation,combined_xz_rotation_x_translation_then_kabsch_alignment,0,60,100.0,7.759248724208118e-14,0.002186715776758399,01101110011100000110101000100000010100110100001000000000,npj SB,npj SB,100.0,True
8VC8,global_rotation_translation,combined_xz_rotation_x_translation_then_kabsch_alignment,0,90,100.0,5.688304690124502e-14,0.0021867157767592794,01101110011100000110101000100000010100110100001000000000,npj SB,npj SB,100.0,True
8VC8,global_rotation_translation,combined_xz_rotation_x_translation_then_kabsch_alignment,0,120,100.0,5.092297880211795e-14,0.002186715776757931,01101110011100000110101000100000010100110100001000000000,npj SB,npj SB,100.0,True
8VC8,global_rotation_translation,combined_xz_rotation_x_translation_then_kabsch_alignment,0,150,100.0,8.223652056393868e-14,0.002186715776757212,01101110011100000110101000100000010100110100001000000000,npj SB,npj SB,100.0,True
8VC8,global_rotation_translation,combined_xz_rotation_x_translation_then_kabsch_alignment,0,180,100.0,5.400521793348302e-14,0.002186715776758369,01101110011100000110101000100000010100110100001000000000,npj SB,npj SB,100.0,True
8VC8,global_rotation_translation,combined_xz_rotation_x_translation_then_kabsch_alignment,0,210,100.0,2.5962468292790724e-14,0.0021867157767583257,01101110011100000110101000100000010100110100001000000000,npj SB,npj SB,100.0,True
8VC8,global_rotation_translation,combined_xz_rotation_x_translation_then_kabsch_alignment,0,240,100.0,1.416269182965324e-13,0.002186715776758036,01101110011100000110101000100000010100110100001000000000,npj SB,npj SB,100.0,True
8VC8,global_rotation_translation,combined_xz_rotation_x_translation_then_kabsch_alignment,0,270,100.0,4.941595430593114e-14,0.0021867157767579805,01101110011100000110101000100000010100110100001000000000,npj SB,npj SB,100.0,True
8VC8,global_rotation_translation,combined_xz_rotation_x_translation_then_kabsch_alignment,0,300,100.0,5.348438526416179e-14,0.002186715776758526,01101110011100000110101000100000010100110100001000000000,npj SB,npj SB,100.0,True
8VC8,global_rotation_translation,combined_xz_rotation_x_translation_then_kabsch_alignment,0,330,100.0,4.603224223231835e-14,0.002186715776758649,01101110011100000110101000100000010100110100001000000000,npj SB,npj SB,100.0,True
8VC8,global_rotation_translation,combined_xz_rotation_x_translation_then_kabsch_alignment,0,360,100.0,2.971797180910737e-14,0.0021867157767589992,01101110011100000110101000100000010100110100001000000000,npj SB,npj SB,100.0,True
8VC8,global_rotation_translation,combined_xz_rotation_x_translation_then_kabsch_alignment,30,0,100.0,3.080523313999302e-14,0.002186715776759002,01101110011100000110101000100000010100110100001000000000,npj SB,npj SB,100.0,True
8VC8,global_rotation_translation,combined_xz_rotation_x_translation_then_kabsch_alignment,30,30,100.0,3.886240783673833e-14,0.0021867157767589433,01101110011100000110101000100000010100110100001000000000,npj SB,npj SB,100.0,True
8VC8,global_rotation_translation,combined_xz_rotation_x_translation_then_kabsch_alignment,30,60,100.0,5.3637189452161326e-14,0.0021867157767583127,01101110011100000110101000100000010100110100001000000000,npj SB,npj SB,100.0,True
8VC8,global_rotation_translation,combined_xz_rotation_x_translation_then_kabsch_alignment,30,90,100.0,2.358034594029334e-14,0.002186715776758228,01101110011100000110101000100000010100110100001000000000,npj SB,npj SB,100.0,True
8VC8,global_rotation_translation,combined_xz_rotation_x_translation_then_kabsch_alignment,30,120,100.0,4.7528711694540416e-14,0.0021867157767588826,01101110011100000110101000100000010100110100001000000000,npj SB,npj SB,100.0,True
8VC8,global_rotation_translation,combined_xz_rotation_x_translation_then_kabsch_alignment,30,150,100.0,5.775083246057527e-14,0.0021867157767583288,01101110011100000110101000100000010100110100001000000000,npj SB,npj SB,100.0,True
8VC8,global_rotation_translation,combined_xz_rotation_x_translation_then_kabsch_alignment,30,180,100.0,5.542335469364636e-14,0.002186715776758391,01101110011100000110101000100000010100110100001000000000,npj SB,npj SB,100.0,True
8VC8,global_rotation_translation,combined_xz_rotation_x_translation_then_kabsch_alignment,30,210,100.0,2.0940580081548477e-14,0.00218671577675897,01101110011100000110101000100000010100110100001000000000,npj SB,npj SB,100.0,True
8VC8,global_rotation_translation,combined_xz_rotation_x_translation_then_kabsch_alignment,30,240,100.0,3.8233476189843703e-14,0.00218671577675908,01101110011100000110101000100000010100110100001000000000,npj SB,npj SB,100.0,True
8VC8,global_rotation_translation,combined_xz_rotation_x_translation_then_kabsch_alignment,30,270,100.0,4.566764336335289e-14,0.002186715776758974,01101110011100000110101000100000010100110100001000000000,npj SB,npj SB,100.0,True
8VC8,global_rotation_translation,combined_xz_rotation_x_translation_then_kabsch_alignment,30,300,100.0,8.358826473163802e-14,0.002186715776759577,01101110011100000110101000100000010100110100001000000000,npj SB,npj SB,100.0,True
8VC8,global_rotation_translation,combined_xz_rotation_x_translation_then_kabsch_alignment,30,330,100.0,8.265164594545812e-14,0.0021867157767591246,01101110011100000110101000100000010100110100001000000000,npj SB,npj SB,100.0,True
8VC8,global_rotation_translation,combined_xz_rotation_x_translation_then_kabsch_alignment,30,360,100.0,2.7930315597162244e-14,0.0021867157767586757,01101110011100000110101000100000010100110100001000000000,npj SB,npj SB,100.0,True
8VC8,global_rotation_translation,combined_xz_rotation_x_translation_then_kabsch_alignment,60,0,100.0,2.9703172007385315e-14,0.002186715776759142,01101110011100000110101000100000010100110100001000000000,npj SB,npj SB,100.0,True
8VC8,global_rotation_translation,combined_xz_rotation_x_translation_then_kabsch_alignment,60,30,100.0,1.8660794228895655e-14,0.0021867157767582724,01101110011100000110101000100000010100110100001000000000,npj SB,npj SB,100.0,True
8VC8,global_rotation_translation,combined_xz_rotation_x_translation_then_kabsch_alignment,60,60,100.0,3.0397986418760695e-14,0.002186715776758743,01101110011100000110101000100000010100110100001000000000,npj SB,npj SB,100.0,True
8VC8,global_rotation_translation,combined_xz_rotation_x_translation_then_kabsch_alignment,60,90,100.0,5.519351807331093e-14,0.0021867157767584042,01101110011100000110101000100000010100110100001000000000,npj SB,npj SB,100.0,True
8VC8,global_rotation_translation,combined_xz_rotation_x_translation_then_kabsch_alignment,60,120,100.0,2.1512783225582988e-14,0.002186715776757889,01101110011100000110101000100000010100110100001000000000,npj SB,npj SB,100.0,True
8VC8,global_rotation_translation,combined_xz_rotation_x_translation_then_kabsch_alignment,60,150,100.0,4.086408299433475e-14,0.002186715776758423,01101110011100000110101000100000010100110100001000000000,npj SB,npj SB,100.0,True
8VC8,global_rotation_translation,combined_xz_rotation_x_translation_then_kabsch_alignment,60,180,100.0,5.6784531545458394e-14,0.002186715776758392,01101110011100000110101000100000010100110100001000000000,npj SB,npj SB,100.0,True
8VC8,global_rotation_translation,combined_xz_rotation_x_translation_then_kabsch_alignment,60,210,100.0,2.4277360077909232e-14,0.002186715776758147,01101110011100000110101000100000010100110100001000000000,npj SB,npj SB,100.0,True
8VC8,global_rotation_translation,combined_xz_rotation_x_translation_then_kabsch_alignment,60,240,100.0,3.5088492351063334e-14,0.002186715776758647,01101110011100000110101000100000010100110100001000000000,npj SB,npj SB,100.0,True
8VC8,global_rotation_translation,combined_xz_rotation_x_translation_then_kabsch_alignment,60,270,100.0,7.861395849784512e-14,0.0021867157767585244,01101110011100000110101000100000010100110100001000000000,npj SB,npj SB,100.0,True
8VC8,global_rotation_translation,combined_xz_rotation_x_translation_then_kabsch_alignment,60,300,100.0,1.738772110258526e-14,0.002186715776758924,01101110011100000110101000100000010100110100001000000000,npj SB,npj SB,100.0,True
8VC8,global_rotation_translation,combined_xz_rotation_x_translation_then_kabsch_alignment,60,330,100.0,1.8814666069346285e-14,0.002186715776758508,01101110011100000110101000100000010100110100001000000000,npj SB,npj SB,100.0,True
8VC8,global_rotation_translation,combined_xz_rotation_x_translation_then_kabsch_alignment,60,360,100.0,3.2551674343294664e-14,0.0021867157767589815,01101110011100000110101000100000010100110100001000000000,npj SB,npj SB,100.0,True
8VC8,global_rotation_translation,combined_xz_rotation_x_translation_then_kabsch_alignment,90,0,100.0,3.2123739840630636e-14,0.0021867157767591432,01101110011100000110101000100000010100110100001000000000,npj SB,npj SB,100.0,True
8VC8,global_rotation_translation,combined_xz_rotation_x_translation_then_kabsch_alignment,90,30,100.0,3.831142925873778e-14,0.002186715776758765,01101110011100000110101000100000010100110100001000000000,npj SB,npj SB,100.0,True
8VC8,global_rotation_translation,combined_xz_rotation_x_translation_then_kabsch_alignment,90,60,100.0,3.427316330091377e-14,0.002186715776758131,01101110011100000110101000100000010100110100001000000000,npj SB,npj SB,100.0,True
8VC8,global_rotation_translation,combined_xz_rotation_x_translation_then_kabsch_alignment,90,90,100.0,1.6896973859873228e-14,0.002186715776758725,01101110011100000110101000100000010100110100001000000000,npj SB,npj SB,100.0,True
8VC8,global_rotation_translation,combined_xz_rotation_x_translation_then_kabsch_alignment,90,120,100.0,5.571522571591548e-14,0.0021867157767575703,01101110011100000110101000100000010100110100001000000000,npj SB,npj SB,100.0,True
8VC8,global_rotation_translation,combined_xz_rotation_x_translation_then_kabsch_alignment,90,150,100.0,9.559072472055696e-14,0.0021867157767579866,01101110011100000110101000100000010100110100001000000000,npj SB,npj SB,100.0,True
8VC8,global_rotation_translation,combined_xz_rotation_x_translation_then_kabsch_alignment,90,180,100.0,5.080554020724282e-14,0.0021867157767581358,01101110011100000110101000100000010100110100001000000000,npj SB,npj SB,100.0,True
8VC8,global_rotation_translation,combined_xz_rotation_x_translation_then_kabsch_alignment,90,210,100.0,3.01223432718745e-14,0.002186715776758675,01101110011100000110101000100000010100110100001000000000,npj SB,npj SB,100.0,True
8VC8,global_rotation_translation,combined_xz_rotation_x_translation_then_kabsch_alignment,90,240,100.0,3.8125672986486624e-14,0.002186715776758002,01101110011100000110101000100000010100110100001000000000,npj SB,npj SB,100.0,True
8VC8,global_rotation_translation,combined_xz_rotation_x_translation_then_kabsch_alignment,90,270,100.0,3.54637440947902e-14,0.0021867157767584216,01101110011100000110101000100000010100110100001000000000,npj SB,npj SB,100.0,True
8VC8,global_rotation_translation,combined_xz_rotation_x_translation_then_kabsch_alignment,90,300,100.0,2.7604198810394087e-14,0.002186715776758708,01101110011100000110101000100000010100110100001000000000,npj SB,npj SB,100.0,True
8VC8,global_rotation_translation,combined_xz_rotation_x_translation_then_kabsch_alignment,90,330,100.0,3.1206592792373686e-14,0.0021867157767584437,01101110011100000110101000100000010100110100001000000000,npj SB,npj SB,100.0,True
8VC8,global_rotation_translation,combined_xz_rotation_x_translation_then_kabsch_alignment,90,360,100.0,3.145464166375637e-14,0.0021867157767589867,01101110011100000110101000100000010100110100001000000000,npj SB,npj SB,100.0,True
8VC8,global_rotation_translation,combined_xz_rotation_x_translation_then_kabsch_alignment,120,0,100.0,3.238498160052121e-14,0.002186715776758902,01101110011100000110101000100000010100110100001000000000,npj SB,npj SB,100.0,True
8VC8,global_rotation_translation,combined_xz_rotation_x_translation_then_kabsch_alignment,120,30,100.0,3.560179183811323e-14,0.002186715776758155,01101110011100000110101000100000010100110100001000000000,npj SB,npj SB,100.0,True
8VC8,global_rotation_translation,combined_xz_rotation_x_translation_then_kabsch_alignment,120,60,100.0,1.1812416241611257e-14,0.0021867157767584944,01101110011100000110101000100000010100110100001000000000,npj SB,npj SB,100.0,True
8VC8,global_rotation_translation,combined_xz_rotation_x_translation_then_kabsch_alignment,120,90,100.0,4.787329434551212e-14,0.002186715776758889,01101110011100000110101000100000010100110100001000000000,npj SB,npj SB,100.0,True
8VC8,global_rotation_translation,combined_xz_rotation_x_translation_then_kabsch_alignment,120,120,100.0,3.9337380794783134e-14,0.002186715776758075,01101110011100000110101000100000010100110100001000000000,npj SB,npj SB,100.0,True
8VC8,global_rotation_translation,combined_xz_rotation_x_translation_then_kabsch_alignment,120,150,100.0,3.963657009435055e-14,0.002186715776758999,01101110011100000110101000100000010100110100001000000000,npj SB,npj SB,100.0,True
8VC8,global_rotation_translation,combined_xz_rotation_x_translation_then_kabsch_alignment,120,180,100.0,5.1583831870166285e-14,0.0021867157767582936,01101110011100000110101000100000010100110100001000000000,npj SB,npj SB,100.0,True
8VC8,global_rotation_translation,combined_xz_rotation_x_translation_then_kabsch_alignment,120,210,100.0,3.746621315357107e-14,0.002186715776758232,01101110011100000110101000100000010100110100001000000000,npj SB,npj SB,100.0,True
8VC8,global_rotation_translation,combined_xz_rotation_x_translation_then_kabsch_alignment,120,240,100.0,1.8772572949452452e-14,0.00218671577675868,01101110011100000110101000100000010100110100001000000000,npj SB,npj SB,100.0,True
8VC8,global_rotation_translation,combined_xz_rotation_x_translation_then_kabsch_alignment,120,270,100.0,3.9807016861317265e-14,0.0021867157767586766,01101110011100000110101000100000010100110100001000000000,npj SB,npj SB,100.0,True
8VC8,global_rotation_translation,combined_xz_rotation_x_translation_then_kabsch_alignment,120,300,100.0,2.447820827567699e-14,0.0021867157767589372,01101110011100000110101000100000010100110100001000000000,npj SB,npj SB,100.0,True
8VC8,global_rotation_translation,combined_xz_rotation_x_translation_then_kabsch_alignment,120,330,100.0,5.17328895458177e-14,0.0021867157767578413,01101110011100000110101000100000010100110100001000000000,npj SB,npj SB,100.0,True
8VC8,global_rotation_translation,combined_xz_rotation_x_translation_then_kabsch_alignment,120,360,100.0,4.3261530010658204e-14,0.0021867157767587794,01101110011100000110101000100000010100110100001000000000,npj SB,npj SB,100.0,True
8VC8,global_rotation_translation,combined_xz_rotation_x_translation_then_kabsch_alignment,150,0,100.0,3.0700487554949667e-14,0.002186715776758599,01101110011100000110101000100000010100110100001000000000,npj SB,npj SB,100.0,True
8VC8,global_rotation_translation,combined_xz_rotation_x_translation_then_kabsch_alignment,150,30,100.0,2.4431140079230276e-14,0.0021867157767580694,01101110011100000110101000100000010100110100001000000000,npj SB,npj SB,100.0,True
8VC8,global_rotation_translation,combined_xz_rotation_x_translation_then_kabsch_alignment,150,60,100.0,1.9779053699185102e-14,0.0021867157767585933,01101110011100000110101000100000010100110100001000000000,npj SB,npj SB,100.0,True
8VC8,global_rotation_translation,combined_xz_rotation_x_translation_then_kabsch_alignment,150,90,100.0,2.6910940875226e-14,0.0021867157767580876,01101110011100000110101000100000010100110100001000000000,npj SB,npj SB,100.0,True
8VC8,global_rotation_translation,combined_xz_rotation_x_translation_then_kabsch_alignment,150,120,100.0,2.1240068101306694e-14,0.0021867157767588527,01101110011100000110101000100000010100110100001000000000,npj SB,npj SB,100.0,True
8VC8,global_rotation_translation,combined_xz_rotation_x_translation_then_kabsch_alignment,150,150,100.0,2.463023198937072e-14,0.0021867157767580096,01101110011100000110101000100000010100110100001000000000,npj SB,npj SB,100.0,True
8VC8,global_rotation_translation,combined_xz_rotation_x_translation_then_kabsch_alignment,150,180,100.0,5.1864419976740006e-14,0.0021867157767580603,01101110011100000110101000100000010100110100001000000000,npj SB,npj SB,100.0,True
8VC8,global_rotation_translation,combined_xz_rotation_x_translation_then_kabsch_alignment,150,210,100.0,3.451999397650618e-14,0.0021867157767583504,01101110011100000110101000100000010100110100001000000000,npj SB,npj SB,100.0,True
8VC8,global_rotation_translation,combined_xz_rotation_x_translation_then_kabsch_alignment,150,240,100.0,1.7547498019827925e-14,0.002186715776758258,01101110011100000110101000100000010100110100001000000000,npj SB,npj SB,100.0,True
8VC8,global_rotation_translation,combined_xz_rotation_x_translation_then_kabsch_alignment,150,270,100.0,3.6307127352594475e-14,0.0021867157767582663,01101110011100000110101000100000010100110100001000000000,npj SB,npj SB,100.0,True
8VC8,global_rotation_translation,combined_xz_rotation_x_translation_then_kabsch_alignment,150,300,100.0,3.092300459512469e-14,0.002186715776758388,01101110011100000110101000100000010100110100001000000000,npj SB,npj SB,100.0,True
8VC8,global_rotation_translation,combined_xz_rotation_x_translation_then_kabsch_alignment,150,330,100.0,1.7139464423306093e-14,0.0021867157767580174,01101110011100000110101000100000010100110100001000000000,npj SB,npj SB,100.0,True
8VC8,global_rotation_translation,combined_xz_rotation_x_translation_then_kabsch_alignment,150,360,100.0,2.6002812065129778e-14,0.002186715776758232,01101110011100000110101000100000010100110100001000000000,npj SB,npj SB,100.0,True
8VC8,global_rotation_translation,combined_xz_rotation_x_translation_then_kabsch_alignment,180,0,100.0,3.2669202226560214e-14,0.0021867157767589836,01101110011100000110101000100000010100110100001000000000,npj SB,npj SB,100.0,True
8VC8,global_rotation_translation,combined_xz_rotation_x_translation_then_kabsch_alignment,180,30,100.0,4.430992077249302e-14,0.002186715776758713,01101110011100000110101000100000010100110100001000000000,npj SB,npj SB,100.0,True
8VC8,global_rotation_translation,combined_xz_rotation_x_translation_then_kabsch_alignment,180,60,100.0,5.6011181200477496e-14,0.002186715776758854,01101110011100000110101000100000010100110100001000000000,npj SB,npj SB,100.0,True
8VC8,global_rotation_translation,combined_xz_rotation_x_translation_then_kabsch_alignment,180,90,100.0,5.4908883491333554e-14,0.0021867157767579823,01101110011100000110101000100000010100110100001000000000,npj SB,npj SB,100.0,True
8VC8,global_rotation_translation,combined_xz_rotation_x_translation_then_kabsch_alignment,180,120,100.0,1.383103239440925e-13,0.0021867157767574735,01101110011100000110101000100000010100110100001000000000,npj SB,npj SB,100.0,True
8VC8,global_rotation_translation,combined_xz_rotation_x_translation_then_kabsch_alignment,180,150,100.0,2.7137729563645232e-14,0.0021867157767581956,01101110011100000110101000100000010100110100001000000000,npj SB,npj SB,100.0,True
8VC8,global_rotation_translation,combined_xz_rotation_x_translation_then_kabsch_alignment,180,180,100.0,5.535880441766952e-14,0.002186715776758068,01101110011100000110101000100000010100110100001000000000,npj SB,npj SB,100.0,True
8VC8,global_rotation_translation,combined_xz_rotation_x_translation_then_kabsch_alignment,180,210,100.0,7.949322808087074e-14,0.0021867157767573265,01101110011100000110101000100000010100110100001000000000,npj SB,npj SB,100.0,True
8VC8,global_rotation_translation,combined_xz_rotation_x_translation_then_kabsch_alignment,180,240,100.0,4.272432239670405e-14,0.0021867157767572407,01101110011100000110101000100000010100110100001000000000,npj SB,npj SB,100.0,True
8VC8,global_rotation_translation,combined_xz_rotation_x_translation_then_kabsch_alignment,180,270,100.0,4.457767717918865e-14,0.0021867157767586913,01101110011100000110101000100000010100110100001000000000,npj SB,npj SB,100.0,True
8VC8,global_rotation_translation,combined_xz_rotation_x_translation_then_kabsch_alignment,180,300,100.0,6.874412880769085e-14,0.002186715776758666,01101110011100000110101000100000010100110100001000000000,npj SB,npj SB,100.0,True
8VC8,global_rotation_translation,combined_xz_rotation_x_translation_then_kabsch_alignment,180,330,100.0,3.662721288707118e-14,0.0021867157767583266,01101110011100000110101000100000010100110100001000000000,npj SB,npj SB,100.0,True
8VC8,global_rotation_translation,combined_xz_rotation_x_translation_then_kabsch_alignment,180,360,100.0,2.972513127993887e-14,0.0021867157767584784,01101110011100000110101000100000010100110100001000000000,npj SB,npj SB,100.0,True
8VC8,global_rotation_translation,combined_xz_rotation_x_translation_then_kabsch_alignment,210,0,100.0,3.136506636483421e-14,0.002186715776758771,01101110011100000110101000100000010100110100001000000000,npj SB,npj SB,100.0,True
8VC8,global_rotation_translation,combined_xz_rotation_x_translation_then_kabsch_alignment,210,30,100.0,7.75812031582095e-14,0.0021867157767589424,01101110011100000110101000100000010100110100001000000000,npj SB,npj SB,100.0,True
8VC8,global_rotation_translation,combined_xz_rotation_x_translation_then_kabsch_alignment,210,60,100.0,8.209510347936708e-14,0.002186715776759024,01101110011100000110101000100000010100110100001000000000,npj SB,npj SB,100.0,True
8VC8,global_rotation_translation,combined_xz_rotation_x_translation_then_kabsch_alignment,210,90,100.0,4.616538241693487e-14,0.0021867157767579324,01101110011100000110101000100000010100110100001000000000,npj SB,npj SB,100.0,True
8VC8,global_rotation_translation,combined_xz_rotation_x_translation_then_kabsch_alignment,210,120,100.0,5.2130502633067836e-14,0.002186715776758492,01101110011100000110101000100000010100110100001000000000,npj SB,npj SB,100.0,True
8VC8,global_rotation_translation,combined_xz_rotation_x_translation_then_kabsch_alignment,210,150,100.0,3.242797614501861e-14,0.0021867157767586844,01101110011100000110101000100000010100110100001000000000,npj SB,npj SB,100.0,True
8VC8,global_rotation_translation,combined_xz_rotation_x_translation_then_kabsch_alignment,210,180,100.0,5.3164715074436165e-14,0.0021867157767583097,01101110011100000110101000100000010100110100001000000000,npj SB,npj SB,100.0,True
8VC8,global_rotation_translation,combined_xz_rotation_x_translation_then_kabsch_alignment,210,210,100.0,5.2987803105577276e-14,0.0021867157767582576,01101110011100000110101000100000010100110100001000000000,npj SB,npj SB,100.0,True
8VC8,global_rotation_translation,combined_xz_rotation_x_translation_then_kabsch_alignment,210,240,100.0,9.047091050240738e-14,0.0021867157767587447,01101110011100000110101000100000010100110100001000000000,npj SB,npj SB,100.0,True
8VC8,global_rotation_translation,combined_xz_rotation_x_translation_then_kabsch_alignment,210,270,100.0,1.8694599672044867e-14,0.0021867157767575356,01101110011100000110101000100000010100110100001000000000,npj SB,npj SB,100.0,True
8VC8,global_rotation_translation,combined_xz_rotation_x_translation_then_kabsch_alignment,210,300,100.0,6.360901293462366e-14,0.0021867157767571825,01101110011100000110101000100000010100110100001000000000,npj SB,npj SB,100.0,True
8VC8,global_rotation_translation,combined_xz_rotation_x_translation_then_kabsch_alignment,210,330,100.0,5.2124583992341844e-14,0.0021867157767587082,01101110011100000110101000100000010100110100001000000000,npj SB,npj SB,100.0,True
8VC8,global_rotation_translation,combined_xz_rotation_x_translation_then_kabsch_alignment,210,360,100.0,3.981445544973506e-14,0.0021867157767591822,01101110011100000110101000100000010100110100001000000000,npj SB,npj SB,100.0,True
8VC8,global_rotation_translation,combined_xz_rotation_x_translation_then_kabsch_alignment,240,0,100.0,2.7092301532281687e-14,0.0021867157767588713,01101110011100000110101000100000010100110100001000000000,npj SB,npj SB,100.0,True
8VC8,global_rotation_translation,combined_xz_rotation_x_translation_then_kabsch_alignment,240,30,100.0,2.0925603124141954e-14,0.0021867157767577923,01101110011100000110101000100000010100110100001000000000,npj SB,npj SB,100.0,True
8VC8,global_rotation_translation,combined_xz_rotation_x_translation_then_kabsch_alignment,240,60,100.0,3.1485552675731385e-14,0.0021867157767587013,01101110011100000110101000100000010100110100001000000000,npj SB,npj SB,100.0,True
8VC8,global_rotation_translation,combined_xz_rotation_x_translation_then_kabsch_alignment,240,90,100.0,8.643454752013102e-14,0.0021867157767595886,01101110011100000110101000100000010100110100001000000000,npj SB,npj SB,100.0,True
8VC8,global_rotation_translation,combined_xz_rotation_x_translation_then_kabsch_alignment,240,120,100.0,3.206324850135689e-14,0.002186715776758195,01101110011100000110101000100000010100110100001000000000,npj SB,npj SB,100.0,True
8VC8,global_rotation_translation,combined_xz_rotation_x_translation_then_kabsch_alignment,240,150,100.0,2.6244845266087175e-14,0.002186715776757976,01101110011100000110101000100000010100110100001000000000,npj SB,npj SB,100.0,True
8VC8,global_rotation_translation,combined_xz_rotation_x_translation_then_kabsch_alignment,240,180,100.0,5.540318351262693e-14,0.0021867157767583418,01101110011100000110101000100000010100110100001000000000,npj SB,npj SB,100.0,True
8VC8,global_rotation_translation,combined_xz_rotation_x_translation_then_kabsch_alignment,240,210,100.0,3.329000354912724e-14,0.0021867157767585543,01101110011100000110101000100000010100110100001000000000,npj SB,npj SB,100.0,True
8VC8,global_rotation_translation,combined_xz_rotation_x_translation_then_kabsch_alignment,240,240,100.0,1.4968071201312814e-14,0.002186715776758654,01101110011100000110101000100000010100110100001000000000,npj SB,npj SB,100.0,True
8VC8,global_rotation_translation,combined_xz_rotation_x_translation_then_kabsch_alignment,240,270,100.0,5.4019839406433814e-14,0.0021867157767582663,01101110011100000110101000100000010100110100001000000000,npj SB,npj SB,100.0,True
8VC8,global_rotation_translation,combined_xz_rotation_x_translation_then_kabsch_alignment,240,300,100.0,2.7652805726278885e-14,0.002186715776758286,01101110011100000110101000100000010100110100001000000000,npj SB,npj SB,100.0,True
8VC8,global_rotation_translation,combined_xz_rotation_x_translation_then_kabsch_alignment,240,330,100.0,2.1310754923803874e-14,0.002186715776758655,01101110011100000110101000100000010100110100001000000000,npj SB,npj SB,100.0,True
8VC8,global_rotation_translation,combined_xz_rotation_x_translation_then_kabsch_alignment,240,360,100.0,2.6317746487577978e-14,0.0021867157767586705,01101110011100000110101000100000010100110100001000000000,npj SB,npj SB,100.0,True
8VC8,global_rotation_translation,combined_xz_rotation_x_translation_then_kabsch_alignment,270,0,100.0,3.1546346209776293e-14,0.002186715776758968,01101110011100000110101000100000010100110100001000000000,npj SB,npj SB,100.0,True
8VC8,global_rotation_translation,combined_xz_rotation_x_translation_then_kabsch_alignment,270,30,100.0,4.869745997516913e-14,0.0021867157767590057,01101110011100000110101000100000010100110100001000000000,npj SB,npj SB,100.0,True
8VC8,global_rotation_translation,combined_xz_rotation_x_translation_then_kabsch_alignment,270,60,100.0,2.43114155168815e-14,0.00218671577675851,01101110011100000110101000100000010100110100001000000000,npj SB,npj SB,100.0,True
8VC8,global_rotation_translation,combined_xz_rotation_x_translation_then_kabsch_alignment,270,90,100.0,4.082697984985911e-14,0.0021867157767588054,01101110011100000110101000100000010100110100001000000000,npj SB,npj SB,100.0,True
8VC8,global_rotation_translation,combined_xz_rotation_x_translation_then_kabsch_alignment,270,120,100.0,2.5737094708258053e-14,0.0021867157767588453,01101110011100000110101000100000010100110100001000000000,npj SB,npj SB,100.0,True
8VC8,global_rotation_translation,combined_xz_rotation_x_translation_then_kabsch_alignment,270,150,100.0,2.6441918515255125e-14,0.002186715776757979,01101110011100000110101000100000010100110100001000000000,npj SB,npj SB,100.0,True
8VC8,global_rotation_translation,combined_xz_rotation_x_translation_then_kabsch_alignment,270,180,100.0,5.286253571671075e-14,0.002186715776758606,01101110011100000110101000100000010100110100001000000000,npj SB,npj SB,100.0,True
8VC8,global_rotation_translation,combined_xz_rotation_x_translation_then_kabsch_alignment,270,210,100.0,9.394612320890629e-14,0.0021867157767583457,01101110011100000110101000100000010100110100001000000000,npj SB,npj SB,100.0,True
8VC8,global_rotation_translation,combined_xz_rotation_x_translation_then_kabsch_alignment,270,240,100.0,5.451892542391028e-14,0.002186715776758335,01101110011100000110101000100000010100110100001000000000,npj SB,npj SB,100.0,True
8VC8,global_rotation_translation,combined_xz_rotation_x_translation_then_kabsch_alignment,270,270,100.0,2.589364405514449e-14,0.0021867157767586198,01101110011100000110101000100000010100110100001000000000,npj SB,npj SB,100.0,True
8VC8,global_rotation_translation,combined_xz_rotation_x_translation_then_kabsch_alignment,270,300,100.0,2.7733705657831154e-14,0.0021867157767589507,01101110011100000110101000100000010100110100001000000000,npj SB,npj SB,100.0,True
8VC8,global_rotation_translation,combined_xz_rotation_x_translation_then_kabsch_alignment,270,330,100.0,5.079504268297183e-14,0.0021867157767584454,01101110011100000110101000100000010100110100001000000000,npj SB,npj SB,100.0,True
8VC8,global_rotation_translation,combined_xz_rotation_x_translation_then_kabsch_alignment,270,360,100.0,2.4591466924695736e-14,0.002186715776758872,01101110011100000110101000100000010100110100001000000000,npj SB,npj SB,100.0,True
8VC8,global_rotation_translation,combined_xz_rotation_x_translation_then_kabsch_alignment,300,0,100.0,2.961301203132903e-14,0.0021867157767591805,01101110011100000110101000100000010100110100001000000000,npj SB,npj SB,100.0,True
8VC8,global_rotation_translation,combined_xz_rotation_x_translation_then_kabsch_alignment,300,30,100.0,4.761100823415609e-14,0.002186715776758303,01101110011100000110101000100000010100110100001000000000,npj SB,npj SB,100.0,True
8VC8,global_rotation_translation,combined_xz_rotation_x_translation_then_kabsch_alignment,300,60,100.0,3.759514765805591e-14,0.0021867157767586475,01101110011100000110101000100000010100110100001000000000,npj SB,npj SB,100.0,True
8VC8,global_rotation_translation,combined_xz_rotation_x_translation_then_kabsch_alignment,300,90,100.0,3.522526850189462e-14,0.0021867157767588344,01101110011100000110101000100000010100110100001000000000,npj SB,npj SB,100.0,True
8VC8,global_rotation_translation,combined_xz_rotation_x_translation_then_kabsch_alignment,300,120,100.0,1.8312341979678496e-14,0.002186715776758339,01101110011100000110101000100000010100110100001000000000,npj SB,npj SB,100.0,True
8VC8,global_rotation_translation,combined_xz_rotation_x_translation_then_kabsch_alignment,300,150,100.0,3.8110887392835527e-14,0.002186715776759588,01101110011100000110101000100000010100110100001000000000,npj SB,npj SB,100.0,True
8VC8,global_rotation_translation,combined_xz_rotation_x_translation_then_kabsch_alignment,300,180,100.0,5.18181253818863e-14,0.002186715776758635,01101110011100000110101000100000010100110100001000000000,npj SB,npj SB,100.0,True
8VC8,global_rotation_translation,combined_xz_rotation_x_translation_then_kabsch_alignment,300,210,100.0,5.530039313682551e-14,0.002186715776758877,01101110011100000110101000100000010100110100001000000000,npj SB,npj SB,100.0,True
8VC8,global_rotation_translation,combined_xz_rotation_x_translation_then_kabsch_alignment,300,240,100.0,3.633453738593834e-14,0.0021867157767581505,01101110011100000110101000100000010100110100001000000000,npj SB,npj SB,100.0,True
8VC8,global_rotation_translation,combined_xz_rotation_x_translation_then_kabsch_alignment,300,270,100.0,3.1146998430586027e-14,0.002186715776759144,01101110011100000110101000100000010100110100001000000000,npj SB,npj SB,100.0,True
8VC8,global_rotation_translation,combined_xz_rotation_x_translation_then_kabsch_alignment,300,300,100.0,1.749469147490723e-14,0.002186715776758834,01101110011100000110101000100000010100110100001000000000,npj SB,npj SB,100.0,True
8VC8,global_rotation_translation,combined_xz_rotation_x_translation_then_kabsch_alignment,300,330,100.0,4.009795390208217e-14,0.002186715776758642,01101110011100000110101000100000010100110100001000000000,npj SB,npj SB,100.0,True
8VC8,global_rotation_translation,combined_xz_rotation_x_translation_then_kabsch_alignment,300,360,100.0,2.6868865939128188e-14,0.0021867157767589663,01101110011100000110101000100000010100110100001000000000,npj SB,npj SB,100.0,True
8VC8,global_rotation_translation,combined_xz_rotation_x_translation_then_kabsch_alignment,330,0,100.0,3.5291466892836e-14,0.0021867157767592985,01101110011100000110101000100000010100110100001000000000,npj SB,npj SB,100.0,True
8VC8,global_rotation_translation,combined_xz_rotation_x_translation_then_kabsch_alignment,330,30,100.0,3.8006329108989564e-14,0.002186715776758602,01101110011100000110101000100000010100110100001000000000,npj SB,npj SB,100.0,True
8VC8,global_rotation_translation,combined_xz_rotation_x_translation_then_kabsch_alignment,330,60,100.0,2.4514944821487704e-14,0.0021867157767595335,01101110011100000110101000100000010100110100001000000000,npj SB,npj SB,100.0,True
8VC8,global_rotation_translation,combined_xz_rotation_x_translation_then_kabsch_alignment,330,90,100.0,3.9838140288065514e-14,0.0021867157767591437,01101110011100000110101000100000010100110100001000000000,npj SB,npj SB,100.0,True
8VC8,global_rotation_translation,combined_xz_rotation_x_translation_then_kabsch_alignment,330,120,100.0,1.9352095675761273e-14,0.0021867157767583886,01101110011100000110101000100000010100110100001000000000,npj SB,npj SB,100.0,True
8VC8,global_rotation_translation,combined_xz_rotation_x_translation_then_kabsch_alignment,330,150,100.0,2.7806297928710253e-14,0.0021867157767589676,01101110011100000110101000100000010100110100001000000000,npj SB,npj SB,100.0,True
8VC8,global_rotation_translation,combined_xz_rotation_x_translation_then_kabsch_alignment,330,180,100.0,5.04566661452053e-14,0.00218671577675853,01101110011100000110101000100000010100110100001000000000,npj SB,npj SB,100.0,True
8VC8,global_rotation_translation,combined_xz_rotation_x_translation_then_kabsch_alignment,330,210,100.0,1.8609986053204754e-14,0.0021867157767581484,01101110011100000110101000100000010100110100001000000000,npj SB,npj SB,100.0,True
8VC8,global_rotation_translation,combined_xz_rotation_x_translation_then_kabsch_alignment,330,240,100.0,1.891653817687599e-14,0.0021867157767584485,01101110011100000110101000100000010100110100001000000000,npj SB,npj SB,100.0,True
8VC8,global_rotation_translation,combined_xz_rotation_x_translation_then_kabsch_alignment,330,270,100.0,2.0724635402489226e-14,0.002186715776758837,01101110011100000110101000100000010100110100001000000000,npj SB,npj SB,100.0,True
8VC8,global_rotation_translation,combined_xz_rotation_x_translation_then_kabsch_alignment,330,300,100.0,2.0853326519893388e-14,0.0021867157767585807,01101110011100000110101000100000010100110100001000000000,npj SB,npj SB,100.0,True
8VC8,global_rotation_translation,combined_xz_rotation_x_translation_then_kabsch_alignment,330,330,100.0,1.3348941693332146e-14,0.0021867157767577194,01101110011100000110101000100000010100110100001000000000,npj SB,npj SB,100.0,True
8VC8,global_rotation_translation,combined_xz_rotation_x_translation_then_kabsch_alignment,330,360,100.0,4.2410929243228204e-14,0.0021867157767595825,01101110011100000110101000100000010100110100001000000000,npj SB,npj SB,100.0,True
8VC8,global_rotation_translation,combined_xz_rotation_x_translation_then_kabsch_alignment,360,0,100.0,3.042888183008618e-14,0.0021867157767592508,01101110011100000110101000100000010100110100001000000000,npj SB,npj SB,100.0,True
8VC8,global_rotation_translation,combined_xz_rotation_x_translation_then_kabsch_alignment,360,30,100.0,4.0348676657911994e-14,0.0021867157767584784,01101110011100000110101000100000010100110100001000000000,npj SB,npj SB,100.0,True
8VC8,global_rotation_translation,combined_xz_rotation_x_translation_then_kabsch_alignment,360,60,100.0,8.574747014763744e-14,0.002186715776758434,01101110011100000110101000100000010100110100001000000000,npj SB,npj SB,100.0,True
8VC8,global_rotation_translation,combined_xz_rotation_x_translation_then_kabsch_alignment,360,90,100.0,9.626297714500876e-14,0.0021867157767588435,01101110011100000110101000100000010100110100001000000000,npj SB,npj SB,100.0,True
8VC8,global_rotation_translation,combined_xz_rotation_x_translation_then_kabsch_alignment,360,120,100.0,4.515906376243544e-14,0.002186715776758057,01101110011100000110101000100000010100110100001000000000,npj SB,npj SB,100.0,True
8VC8,global_rotation_translation,combined_xz_rotation_x_translation_then_kabsch_alignment,360,150,100.0,7.830901419833898e-14,0.0021867157767577927,01101110011100000110101000100000010100110100001000000000,npj SB,npj SB,100.0,True
8VC8,global_rotation_translation,combined_xz_rotation_x_translation_then_kabsch_alignment,360,180,100.0,5.330720241308156e-14,0.0021867157767585083,01101110011100000110101000100000010100110100001000000000,npj SB,npj SB,100.0,True
8VC8,global_rotation_translation,combined_xz_rotation_x_translation_then_kabsch_alignment,360,210,100.0,2.7576431050330484e-14,0.0021867157767580746,01101110011100000110101000100000010100110100001000000000,npj SB,npj SB,100.0,True
8VC8,global_rotation_translation,combined_xz_rotation_x_translation_then_kabsch_alignment,360,240,100.0,1.369558227040941e-13,0.002186715776757219,01101110011100000110101000100000010100110100001000000000,npj SB,npj SB,100.0,True
8VC8,global_rotation_translation,combined_xz_rotation_x_translation_then_kabsch_alignment,360,270,100.0,5.0448184682798084e-14,0.002186715776758073,01101110011100000110101000100000010100110100001000000000,npj SB,npj SB,100.0,True
8VC8,global_rotation_translation,combined_xz_rotation_x_translation_then_kabsch_alignment,360,300,100.0,6.180941483117828e-14,0.002186715776758629,01101110011100000110101000100000010100110100001000000000,npj SB,npj SB,100.0,True
8VC8,global_rotation_translation,combined_xz_rotation_x_translation_then_kabsch_alignment,360,330,100.0,4.534044915248005e-14,0.002186715776759328,01101110011100000110101000100000010100110100001000000000,npj SB,npj SB,100.0,True
8VC8,global_rotation_translation,combined_xz_rotation_x_translation_then_kabsch_alignment,360,360,100.0,2.4411464164288313e-14,0.0021867157767588258,01101110011100000110101000100000010100110100001000000000,npj SB,npj SB,100.0,True
