case_id,attack,attack_mode,angle_x_deg,angle_z_deg,strength_label,attacked_original_pdb,attacked_query_pdb,aligned_original_pdb,aligned_query_pdb,original_alignment_ca_rmsd,watermarked_alignment_ca_rmsd,decoded_bits,decoded_message,decoded_message_escaped,bitacc_percent,exact_recovery
6MRR,global_rotation_2angle_aligned,combined_xz_rotation_then_kabsch_alignment,0,0,rx_0deg_rz_0deg,G:\Watermarker\Attack\3cases\Global_rotation\6MRR\two_angle_grid\6MRR_original_global_rotation_rx_0deg_rz_0deg.pdb,G:\Watermarker\Attack\3cases\Global_rotation\6MRR\two_angle_grid\6MRR_watermarked_npj_SB_global_rotation_rx_0deg_rz_0deg.pdb,G:\Watermarker\Attack\3cases\Global_rotation\6MRR\two_angle_grid\6MRR_original_global_rotation_rx_0deg_rz_0deg_aligned.pdb,G:\Watermarker\Attack\3cases\Global_rotation\6MRR\two_angle_grid\6MRR_watermarked_npj_SB_global_rotation_rx_0deg_rz_0deg_aligned.pdb,3.1432573293905945e-15,0.003733992218053399,01101110011100000110101000100000010100110100001000000000,npj SB,npj SB,100.0,True
6MRR,global_rotation_2angle_aligned,combined_xz_rotation_then_kabsch_alignment,0,30,rx_0deg_rz_30deg,G:\Watermarker\Attack\3cases\Global_rotation\6MRR\two_angle_grid\6MRR_original_global_rotation_rx_0deg_rz_30deg.pdb,G:\Watermarker\Attack\3cases\Global_rotation\6MRR\two_angle_grid\6MRR_watermarked_npj_SB_global_rotation_rx_0deg_rz_30deg.pdb,G:\Watermarker\Attack\3cases\Global_rotation\6MRR\two_angle_grid\6MRR_original_global_rotation_rx_0deg_rz_30deg_aligned.pdb,G:\Watermarker\Attack\3cases\Global_rotation\6MRR\two_angle_grid\6MRR_watermarked_npj_SB_global_rotation_rx_0deg_rz_30deg_aligned.pdb,0.00039130329022748366,0.003722599814910985,01101110011100000110101000100000010100110100001000000000,npj SB,npj SB,100.0,True
6MRR,global_rotation_2angle_aligned,combined_xz_rotation_then_kabsch_alignment,0,60,rx_0deg_rz_60deg,G:\Watermarker\Attack\3cases\Global_rotation\6MRR\two_angle_grid\6MRR_original_global_rotation_rx_0deg_rz_60deg.pdb,G:\Watermarker\Attack\3cases\Global_rotation\6MRR\two_angle_grid\6MRR_watermarked_npj_SB_global_rotation_rx_0deg_rz_60deg.pdb,G:\Watermarker\Attack\3cases\Global_rotation\6MRR\two_angle_grid\6MRR_original_global_rotation_rx_0deg_rz_60deg_aligned.pdb,G:\Watermarker\Attack\3cases\Global_rotation\6MRR\two_angle_grid\6MRR_watermarked_npj_SB_global_rotation_rx_0deg_rz_60deg_aligned.pdb,0.0003986569091239447,0.00379664087485361,01101110011100000110101000100000010100110100001000000000,npj SB,npj SB,100.0,True
6MRR,global_rotation_2angle_aligned,combined_xz_rotation_then_kabsch_alignment,0,90,rx_0deg_rz_90deg,G:\Watermarker\Attack\3cases\Global_rotation\6MRR\two_angle_grid\6MRR_original_global_rotation_rx_0deg_rz_90deg.pdb,G:\Watermarker\Attack\3cases\Global_rotation\6MRR\two_angle_grid\6MRR_watermarked_npj_SB_global_rotation_rx_0deg_rz_90deg.pdb,G:\Watermarker\Attack\3cases\Global_rotation\6MRR\two_angle_grid\6MRR_original_global_rotation_rx_0deg_rz_90deg_aligned.pdb,G:\Watermarker\Attack\3cases\Global_rotation\6MRR\two_angle_grid\6MRR_watermarked_npj_SB_global_rotation_rx_0deg_rz_90deg_aligned.pdb,5.299191390969599e-15,0.003733992218053172,01101110011100000110101000100000010100110100001000000000,npj SB,npj SB,100.0,True
6MRR,global_rotation_2angle_aligned,combined_xz_rotation_then_kabsch_alignment,0,120,rx_0deg_rz_120deg,G:\Watermarker\Attack\3cases\Global_rotation\6MRR\two_angle_grid\6MRR_original_global_rotation_rx_0deg_rz_120deg.pdb,G:\Watermarker\Attack\3cases\Global_rotation\6MRR\two_angle_grid\6MRR_watermarked_npj_SB_global_rotation_rx_0deg_rz_120deg.pdb,G:\Watermarker\Attack\3cases\Global_rotation\6MRR\two_angle_grid\6MRR_original_global_rotation_rx_0deg_rz_120deg_aligned.pdb,G:\Watermarker\Attack\3cases\Global_rotation\6MRR\two_angle_grid\6MRR_watermarked_npj_SB_global_rotation_rx_0deg_rz_120deg_aligned.pdb,0.0004078374804196108,0.003787050990195466,01101110011100000110101000100000010100110100001000000000,npj SB,npj SB,100.0,True
6MRR,global_rotation_2angle_aligned,combined_xz_rotation_then_kabsch_alignment,0,150,rx_0deg_rz_150deg,G:\Watermarker\Attack\3cases\Global_rotation\6MRR\two_angle_grid\6MRR_original_global_rotation_rx_0deg_rz_150deg.pdb,G:\Watermarker\Attack\3cases\Global_rotation\6MRR\two_angle_grid\6MRR_watermarked_npj_SB_global_rotation_rx_0deg_rz_150deg.pdb,G:\Watermarker\Attack\3cases\Global_rotation\6MRR\two_angle_grid\6MRR_original_global_rotation_rx_0deg_rz_150deg_aligned.pdb,G:\Watermarker\Attack\3cases\Global_rotation\6MRR\two_angle_grid\6MRR_watermarked_npj_SB_global_rotation_rx_0deg_rz_150deg_aligned.pdb,0.0003968069759717678,0.0037270390949756473,01101110011100000110101000100000010100110100001000000000,npj SB,npj SB,100.0,True
6MRR,global_rotation_2angle_aligned,combined_xz_rotation_then_kabsch_alignment,0,180,rx_0deg_rz_180deg,G:\Watermarker\Attack\3cases\Global_rotation\6MRR\two_angle_grid\6MRR_original_global_rotation_rx_0deg_rz_180deg.pdb,G:\Watermarker\Attack\3cases\Global_rotation\6MRR\two_angle_grid\6MRR_watermarked_npj_SB_global_rotation_rx_0deg_rz_180deg.pdb,G:\Watermarker\Attack\3cases\Global_rotation\6MRR\two_angle_grid\6MRR_original_global_rotation_rx_0deg_rz_180deg_aligned.pdb,G:\Watermarker\Attack\3cases\Global_rotation\6MRR\two_angle_grid\6MRR_watermarked_npj_SB_global_rotation_rx_0deg_rz_180deg_aligned.pdb,1.0025471596822327e-14,0.003733992218053694,01101110011100000110101000100000010100110100001000000000,npj SB,npj SB,100.0,True
6MRR,global_rotation_2angle_aligned,combined_xz_rotation_then_kabsch_alignment,0,210,rx_0deg_rz_210deg,G:\Watermarker\Attack\3cases\Global_rotation\6MRR\two_angle_grid\6MRR_original_global_rotation_rx_0deg_rz_210deg.pdb,G:\Watermarker\Attack\3cases\Global_rotation\6MRR\two_angle_grid\6MRR_watermarked_npj_SB_global_rotation_rx_0deg_rz_210deg.pdb,G:\Watermarker\Attack\3cases\Global_rotation\6MRR\two_angle_grid\6MRR_original_global_rotation_rx_0deg_rz_210deg_aligned.pdb,G:\Watermarker\Attack\3cases\Global_rotation\6MRR\two_angle_grid\6MRR_watermarked_npj_SB_global_rotation_rx_0deg_rz_210deg_aligned.pdb,0.0003925860986999147,0.003725667203296717,01101110011100000110101000100000010100110100001000000000,npj SB,npj SB,100.0,True
6MRR,global_rotation_2angle_aligned,combined_xz_rotation_then_kabsch_alignment,0,240,rx_0deg_rz_240deg,G:\Watermarker\Attack\3cases\Global_rotation\6MRR\two_angle_grid\6MRR_original_global_rotation_rx_0deg_rz_240deg.pdb,G:\Watermarker\Attack\3cases\Global_rotation\6MRR\two_angle_grid\6MRR_watermarked_npj_SB_global_rotation_rx_0deg_rz_240deg.pdb,G:\Watermarker\Attack\3cases\Global_rotation\6MRR\two_angle_grid\6MRR_original_global_rotation_rx_0deg_rz_240deg_aligned.pdb,G:\Watermarker\Attack\3cases\Global_rotation\6MRR\two_angle_grid\6MRR_watermarked_npj_SB_global_rotation_rx_0deg_rz_240deg_aligned.pdb,0.0004217706872600814,0.0037967201942925182,01101110011100000110101000100000010100110100001000000000,npj SB,npj SB,100.0,True
6MRR,global_rotation_2angle_aligned,combined_xz_rotation_then_kabsch_alignment,0,270,rx_0deg_rz_270deg,G:\Watermarker\Attack\3cases\Global_rotation\6MRR\two_angle_grid\6MRR_original_global_rotation_rx_0deg_rz_270deg.pdb,G:\Watermarker\Attack\3cases\Global_rotation\6MRR\two_angle_grid\6MRR_watermarked_npj_SB_global_rotation_rx_0deg_rz_270deg.pdb,G:\Watermarker\Attack\3cases\Global_rotation\6MRR\two_angle_grid\6MRR_original_global_rotation_rx_0deg_rz_270deg_aligned.pdb,G:\Watermarker\Attack\3cases\Global_rotation\6MRR\two_angle_grid\6MRR_watermarked_npj_SB_global_rotation_rx_0deg_rz_270deg_aligned.pdb,4.543060754191036e-15,0.0037339922180534223,01101110011100000110101000100000010100110100001000000000,npj SB,npj SB,100.0,True
6MRR,global_rotation_2angle_aligned,combined_xz_rotation_then_kabsch_alignment,0,300,rx_0deg_rz_300deg,G:\Watermarker\Attack\3cases\Global_rotation\6MRR\two_angle_grid\6MRR_original_global_rotation_rx_0deg_rz_300deg.pdb,G:\Watermarker\Attack\3cases\Global_rotation\6MRR\two_angle_grid\6MRR_watermarked_npj_SB_global_rotation_rx_0deg_rz_300deg.pdb,G:\Watermarker\Attack\3cases\Global_rotation\6MRR\two_angle_grid\6MRR_original_global_rotation_rx_0deg_rz_300deg_aligned.pdb,G:\Watermarker\Attack\3cases\Global_rotation\6MRR\two_angle_grid\6MRR_watermarked_npj_SB_global_rotation_rx_0deg_rz_300deg_aligned.pdb,0.000401567946308748,0.0037889204697275636,01101110011100000110101000100000010100110100001000000000,npj SB,npj SB,100.0,True
6MRR,global_rotation_2angle_aligned,combined_xz_rotation_then_kabsch_alignment,0,330,rx_0deg_rz_330deg,G:\Watermarker\Attack\3cases\Global_rotation\6MRR\two_angle_grid\6MRR_original_global_rotation_rx_0deg_rz_330deg.pdb,G:\Watermarker\Attack\3cases\Global_rotation\6MRR\two_angle_grid\6MRR_watermarked_npj_SB_global_rotation_rx_0deg_rz_330deg.pdb,G:\Watermarker\Attack\3cases\Global_rotation\6MRR\two_angle_grid\6MRR_original_global_rotation_rx_0deg_rz_330deg_aligned.pdb,G:\Watermarker\Attack\3cases\Global_rotation\6MRR\two_angle_grid\6MRR_watermarked_npj_SB_global_rotation_rx_0deg_rz_330deg_aligned.pdb,0.0003932345774315231,0.0037131738554226426,01101110011100000110101000100000010100110100001000000000,npj SB,npj SB,100.0,True
6MRR,global_rotation_2angle_aligned,combined_xz_rotation_then_kabsch_alignment,0,360,rx_0deg_rz_360deg,G:\Watermarker\Attack\3cases\Global_rotation\6MRR\two_angle_grid\6MRR_original_global_rotation_rx_0deg_rz_360deg.pdb,G:\Watermarker\Attack\3cases\Global_rotation\6MRR\two_angle_grid\6MRR_watermarked_npj_SB_global_rotation_rx_0deg_rz_360deg.pdb,G:\Watermarker\Attack\3cases\Global_rotation\6MRR\two_angle_grid\6MRR_original_global_rotation_rx_0deg_rz_360deg_aligned.pdb,G:\Watermarker\Attack\3cases\Global_rotation\6MRR\two_angle_grid\6MRR_watermarked_npj_SB_global_rotation_rx_0deg_rz_360deg_aligned.pdb,3.1432573293905945e-15,0.003733992218053399,01101110011100000110101000100000010100110100001000000000,npj SB,npj SB,100.0,True
6MRR,global_rotation_2angle_aligned,combined_xz_rotation_then_kabsch_alignment,30,0,rx_30deg_rz_0deg,G:\Watermarker\Attack\3cases\Global_rotation\6MRR\two_angle_grid\6MRR_original_global_rotation_rx_30deg_rz_0deg.pdb,G:\Watermarker\Attack\3cases\Global_rotation\6MRR\two_angle_grid\6MRR_watermarked_npj_SB_global_rotation_rx_30deg_rz_0deg.pdb,G:\Watermarker\Attack\3cases\Global_rotation\6MRR\two_angle_grid\6MRR_original_global_rotation_rx_30deg_rz_0deg_aligned.pdb,G:\Watermarker\Attack\3cases\Global_rotation\6MRR\two_angle_grid\6MRR_watermarked_npj_SB_global_rotation_rx_30deg_rz_0deg_aligned.pdb,0.0003974590167436291,0.0037368167221946743,01101110011100000110101000100000010100110100001000000000,npj SB,npj SB,100.0,True
6MRR,global_rotation_2angle_aligned,combined_xz_rotation_then_kabsch_alignment,30,30,rx_30deg_rz_30deg,G:\Watermarker\Attack\3cases\Global_rotation\6MRR\two_angle_grid\6MRR_original_global_rotation_rx_30deg_rz_30deg.pdb,G:\Watermarker\Attack\3cases\Global_rotation\6MRR\two_angle_grid\6MRR_watermarked_npj_SB_global_rotation_rx_30deg_rz_30deg.pdb,G:\Watermarker\Attack\3cases\Global_rotation\6MRR\two_angle_grid\6MRR_original_global_rotation_rx_30deg_rz_30deg_aligned.pdb,G:\Watermarker\Attack\3cases\Global_rotation\6MRR\two_angle_grid\6MRR_watermarked_npj_SB_global_rotation_rx_30deg_rz_30deg_aligned.pdb,0.00047874935124089514,0.003740865138878869,01101110011100000110101000100000010100110100001000000000,npj SB,npj SB,100.0,True
6MRR,global_rotation_2angle_aligned,combined_xz_rotation_then_kabsch_alignment,30,60,rx_30deg_rz_60deg,G:\Watermarker\Attack\3cases\Global_rotation\6MRR\two_angle_grid\6MRR_original_global_rotation_rx_30deg_rz_60deg.pdb,G:\Watermarker\Attack\3cases\Global_rotation\6MRR\two_angle_grid\6MRR_watermarked_npj_SB_global_rotation_rx_30deg_rz_60deg.pdb,G:\Watermarker\Attack\3cases\Global_rotation\6MRR\two_angle_grid\6MRR_original_global_rotation_rx_30deg_rz_60deg_aligned.pdb,G:\Watermarker\Attack\3cases\Global_rotation\6MRR\two_angle_grid\6MRR_watermarked_npj_SB_global_rotation_rx_30deg_rz_60deg_aligned.pdb,0.0004996669997945814,0.0037278201778231956,01101110011100000110101000100000010100110100001000000000,npj SB,npj SB,100.0,True
6MRR,global_rotation_2angle_aligned,combined_xz_rotation_then_kabsch_alignment,30,90,rx_30deg_rz_90deg,G:\Watermarker\Attack\3cases\Global_rotation\6MRR\two_angle_grid\6MRR_original_global_rotation_rx_30deg_rz_90deg.pdb,G:\Watermarker\Attack\3cases\Global_rotation\6MRR\two_angle_grid\6MRR_watermarked_npj_SB_global_rotation_rx_30deg_rz_90deg.pdb,G:\Watermarker\Attack\3cases\Global_rotation\6MRR\two_angle_grid\6MRR_original_global_rotation_rx_30deg_rz_90deg_aligned.pdb,G:\Watermarker\Attack\3cases\Global_rotation\6MRR\two_angle_grid\6MRR_watermarked_npj_SB_global_rotation_rx_30deg_rz_90deg_aligned.pdb,0.0003734866857981091,0.003716507466162197,01101110011100000110101000100000010100110100001000000000,npj SB,npj SB,100.0,True
6MRR,global_rotation_2angle_aligned,combined_xz_rotation_then_kabsch_alignment,30,120,rx_30deg_rz_120deg,G:\Watermarker\Attack\3cases\Global_rotation\6MRR\two_angle_grid\6MRR_original_global_rotation_rx_30deg_rz_120deg.pdb,G:\Watermarker\Attack\3cases\Global_rotation\6MRR\two_angle_grid\6MRR_watermarked_npj_SB_global_rotation_rx_30deg_rz_120deg.pdb,G:\Watermarker\Attack\3cases\Global_rotation\6MRR\two_angle_grid\6MRR_original_global_rotation_rx_30deg_rz_120deg_aligned.pdb,G:\Watermarker\Attack\3cases\Global_rotation\6MRR\two_angle_grid\6MRR_watermarked_npj_SB_global_rotation_rx_30deg_rz_120deg_aligned.pdb,0.0004884954164992931,0.0037213217965095325,01101110011100000110101000100000010100110100001000000000,npj SB,npj SB,100.0,True
6MRR,global_rotation_2angle_aligned,combined_xz_rotation_then_kabsch_alignment,30,150,rx_30deg_rz_150deg,G:\Watermarker\Attack\3cases\Global_rotation\6MRR\two_angle_grid\6MRR_original_global_rotation_rx_30deg_rz_150deg.pdb,G:\Watermarker\Attack\3cases\Global_rotation\6MRR\two_angle_grid\6MRR_watermarked_npj_SB_global_rotation_rx_30deg_rz_150deg.pdb,G:\Watermarker\Attack\3cases\Global_rotation\6MRR\two_angle_grid\6MRR_original_global_rotation_rx_30deg_rz_150deg_aligned.pdb,G:\Watermarker\Attack\3cases\Global_rotation\6MRR\two_angle_grid\6MRR_watermarked_npj_SB_global_rotation_rx_30deg_rz_150deg_aligned.pdb,0.0004685877077935758,0.0036902294935361904,01101110011100000110101000100000010100110100001000000000,npj SB,npj SB,100.0,True
6MRR,global_rotation_2angle_aligned,combined_xz_rotation_then_kabsch_alignment,30,180,rx_30deg_rz_180deg,G:\Watermarker\Attack\3cases\Global_rotation\6MRR\two_angle_grid\6MRR_original_global_rotation_rx_30deg_rz_180deg.pdb,G:\Watermarker\Attack\3cases\Global_rotation\6MRR\two_angle_grid\6MRR_watermarked_npj_SB_global_rotation_rx_30deg_rz_180deg.pdb,G:\Watermarker\Attack\3cases\Global_rotation\6MRR\two_angle_grid\6MRR_original_global_rotation_rx_30deg_rz_180deg_aligned.pdb,G:\Watermarker\Attack\3cases\Global_rotation\6MRR\two_angle_grid\6MRR_watermarked_npj_SB_global_rotation_rx_30deg_rz_180deg_aligned.pdb,0.0003991897390111142,0.0037264444348797674,01101110011100000110101000100000010100110100001000000000,npj SB,npj SB,100.0,True
6MRR,global_rotation_2angle_aligned,combined_xz_rotation_then_kabsch_alignment,30,210,rx_30deg_rz_210deg,G:\Watermarker\Attack\3cases\Global_rotation\6MRR\two_angle_grid\6MRR_original_global_rotation_rx_30deg_rz_210deg.pdb,G:\Watermarker\Attack\3cases\Global_rotation\6MRR\two_angle_grid\6MRR_watermarked_npj_SB_global_rotation_rx_30deg_rz_210deg.pdb,G:\Watermarker\Attack\3cases\Global_rotation\6MRR\two_angle_grid\6MRR_original_global_rotation_rx_30deg_rz_210deg_aligned.pdb,G:\Watermarker\Attack\3cases\Global_rotation\6MRR\two_angle_grid\6MRR_watermarked_npj_SB_global_rotation_rx_30deg_rz_210deg_aligned.pdb,0.0004871318089479257,0.003762186122964208,01101110011100000110101000100000010100110100001000000000,npj SB,npj SB,100.0,True
6MRR,global_rotation_2angle_aligned,combined_xz_rotation_then_kabsch_alignment,30,240,rx_30deg_rz_240deg,G:\Watermarker\Attack\3cases\Global_rotation\6MRR\two_angle_grid\6MRR_original_global_rotation_rx_30deg_rz_240deg.pdb,G:\Watermarker\Attack\3cases\Global_rotation\6MRR\two_angle_grid\6MRR_watermarked_npj_SB_global_rotation_rx_30deg_rz_240deg.pdb,G:\Watermarker\Attack\3cases\Global_rotation\6MRR\two_angle_grid\6MRR_original_global_rotation_rx_30deg_rz_240deg_aligned.pdb,G:\Watermarker\Attack\3cases\Global_rotation\6MRR\two_angle_grid\6MRR_watermarked_npj_SB_global_rotation_rx_30deg_rz_240deg_aligned.pdb,0.0005011818206321743,0.003730684179016281,01101110011100000110101000100000010100110100001000000000,npj SB,npj SB,100.0,True
6MRR,global_rotation_2angle_aligned,combined_xz_rotation_then_kabsch_alignment,30,270,rx_30deg_rz_270deg,G:\Watermarker\Attack\3cases\Global_rotation\6MRR\two_angle_grid\6MRR_original_global_rotation_rx_30deg_rz_270deg.pdb,G:\Watermarker\Attack\3cases\Global_rotation\6MRR\two_angle_grid\6MRR_watermarked_npj_SB_global_rotation_rx_30deg_rz_270deg.pdb,G:\Watermarker\Attack\3cases\Global_rotation\6MRR\two_angle_grid\6MRR_original_global_rotation_rx_30deg_rz_270deg_aligned.pdb,G:\Watermarker\Attack\3cases\Global_rotation\6MRR\two_angle_grid\6MRR_watermarked_npj_SB_global_rotation_rx_30deg_rz_270deg_aligned.pdb,0.0003834500996387654,0.0037401364156074693,01101110011100000110101000100000010100110100001000000000,npj SB,npj SB,100.0,True
6MRR,global_rotation_2angle_aligned,combined_xz_rotation_then_kabsch_alignment,30,300,rx_30deg_rz_300deg,G:\Watermarker\Attack\3cases\Global_rotation\6MRR\two_angle_grid\6MRR_original_global_rotation_rx_30deg_rz_300deg.pdb,G:\Watermarker\Attack\3cases\Global_rotation\6MRR\two_angle_grid\6MRR_watermarked_npj_SB_global_rotation_rx_30deg_rz_300deg.pdb,G:\Watermarker\Attack\3cases\Global_rotation\6MRR\two_angle_grid\6MRR_original_global_rotation_rx_30deg_rz_300deg_aligned.pdb,G:\Watermarker\Attack\3cases\Global_rotation\6MRR\two_angle_grid\6MRR_watermarked_npj_SB_global_rotation_rx_30deg_rz_300deg_aligned.pdb,0.0004894086772011416,0.0037396398268093405,01101110011100000110101000100000010100110100001000000000,npj SB,npj SB,100.0,True
6MRR,global_rotation_2angle_aligned,combined_xz_rotation_then_kabsch_alignment,30,330,rx_30deg_rz_330deg,G:\Watermarker\Attack\3cases\Global_rotation\6MRR\two_angle_grid\6MRR_original_global_rotation_rx_30deg_rz_330deg.pdb,G:\Watermarker\Attack\3cases\Global_rotation\6MRR\two_angle_grid\6MRR_watermarked_npj_SB_global_rotation_rx_30deg_rz_330deg.pdb,G:\Watermarker\Attack\3cases\Global_rotation\6MRR\two_angle_grid\6MRR_original_global_rotation_rx_30deg_rz_330deg_aligned.pdb,G:\Watermarker\Attack\3cases\Global_rotation\6MRR\two_angle_grid\6MRR_watermarked_npj_SB_global_rotation_rx_30deg_rz_330deg_aligned.pdb,0.000462641537807843,0.0037275943221933144,01101110011100000110101000100000010100110100001000000000,npj SB,npj SB,100.0,True
6MRR,global_rotation_2angle_aligned,combined_xz_rotation_then_kabsch_alignment,30,360,rx_30deg_rz_360deg,G:\Watermarker\Attack\3cases\Global_rotation\6MRR\two_angle_grid\6MRR_original_global_rotation_rx_30deg_rz_360deg.pdb,G:\Watermarker\Attack\3cases\Global_rotation\6MRR\two_angle_grid\6MRR_watermarked_npj_SB_global_rotation_rx_30deg_rz_360deg.pdb,G:\Watermarker\Attack\3cases\Global_rotation\6MRR\two_angle_grid\6MRR_original_global_rotation_rx_30deg_rz_360deg_aligned.pdb,G:\Watermarker\Attack\3cases\Global_rotation\6MRR\two_angle_grid\6MRR_watermarked_npj_SB_global_rotation_rx_30deg_rz_360deg_aligned.pdb,0.0003974590167436291,0.0037368167221946743,01101110011100000110101000100000010100110100001000000000,npj SB,npj SB,100.0,True
6MRR,global_rotation_2angle_aligned,combined_xz_rotation_then_kabsch_alignment,60,0,rx_60deg_rz_0deg,G:\Watermarker\Attack\3cases\Global_rotation\6MRR\two_angle_grid\6MRR_original_global_rotation_rx_60deg_rz_0deg.pdb,G:\Watermarker\Attack\3cases\Global_rotation\6MRR\two_angle_grid\6MRR_watermarked_npj_SB_global_rotation_rx_60deg_rz_0deg.pdb,G:\Watermarker\Attack\3cases\Global_rotation\6MRR\two_angle_grid\6MRR_original_global_rotation_rx_60deg_rz_0deg_aligned.pdb,G:\Watermarker\Attack\3cases\Global_rotation\6MRR\two_angle_grid\6MRR_watermarked_npj_SB_global_rotation_rx_60deg_rz_0deg_aligned.pdb,0.00040054139269336944,0.00379212432651982,01101110011100000110101000100000010100110100001000000000,npj SB,npj SB,100.0,True
6MRR,global_rotation_2angle_aligned,combined_xz_rotation_then_kabsch_alignment,60,30,rx_60deg_rz_30deg,G:\Watermarker\Attack\3cases\Global_rotation\6MRR\two_angle_grid\6MRR_original_global_rotation_rx_60deg_rz_30deg.pdb,G:\Watermarker\Attack\3cases\Global_rotation\6MRR\two_angle_grid\6MRR_watermarked_npj_SB_global_rotation_rx_60deg_rz_30deg.pdb,G:\Watermarker\Attack\3cases\Global_rotation\6MRR\two_angle_grid\6MRR_original_global_rotation_rx_60deg_rz_30deg_aligned.pdb,G:\Watermarker\Attack\3cases\Global_rotation\6MRR\two_angle_grid\6MRR_watermarked_npj_SB_global_rotation_rx_60deg_rz_30deg_aligned.pdb,0.0004965440148872086,0.003792255795849483,01101110011100000110101000100000010100110100001000000000,npj SB,npj SB,100.0,True
6MRR,global_rotation_2angle_aligned,combined_xz_rotation_then_kabsch_alignment,60,60,rx_60deg_rz_60deg,G:\Watermarker\Attack\3cases\Global_rotation\6MRR\two_angle_grid\6MRR_original_global_rotation_rx_60deg_rz_60deg.pdb,G:\Watermarker\Attack\3cases\Global_rotation\6MRR\two_angle_grid\6MRR_watermarked_npj_SB_global_rotation_rx_60deg_rz_60deg.pdb,G:\Watermarker\Attack\3cases\Global_rotation\6MRR\two_angle_grid\6MRR_original_global_rotation_rx_60deg_rz_60deg_aligned.pdb,G:\Watermarker\Attack\3cases\Global_rotation\6MRR\two_angle_grid\6MRR_watermarked_npj_SB_global_rotation_rx_60deg_rz_60deg_aligned.pdb,0.0004827711243427099,0.003778795135573147,01101110011100000110101000100000010100110100001000000000,npj SB,npj SB,100.0,True
6MRR,global_rotation_2angle_aligned,combined_xz_rotation_then_kabsch_alignment,60,90,rx_60deg_rz_90deg,G:\Watermarker\Attack\3cases\Global_rotation\6MRR\two_angle_grid\6MRR_original_global_rotation_rx_60deg_rz_90deg.pdb,G:\Watermarker\Attack\3cases\Global_rotation\6MRR\two_angle_grid\6MRR_watermarked_npj_SB_global_rotation_rx_60deg_rz_90deg.pdb,G:\Watermarker\Attack\3cases\Global_rotation\6MRR\two_angle_grid\6MRR_original_global_rotation_rx_60deg_rz_90deg_aligned.pdb,G:\Watermarker\Attack\3cases\Global_rotation\6MRR\two_angle_grid\6MRR_watermarked_npj_SB_global_rotation_rx_60deg_rz_90deg_aligned.pdb,0.0004277935200122949,0.0037516701147698728,01101110011100000110101000100000010100110100001000000000,npj SB,npj SB,100.0,True
6MRR,global_rotation_2angle_aligned,combined_xz_rotation_then_kabsch_alignment,60,120,rx_60deg_rz_120deg,G:\Watermarker\Attack\3cases\Global_rotation\6MRR\two_angle_grid\6MRR_original_global_rotation_rx_60deg_rz_120deg.pdb,G:\Watermarker\Attack\3cases\Global_rotation\6MRR\two_angle_grid\6MRR_watermarked_npj_SB_global_rotation_rx_60deg_rz_120deg.pdb,G:\Watermarker\Attack\3cases\Global_rotation\6MRR\two_angle_grid\6MRR_original_global_rotation_rx_60deg_rz_120deg_aligned.pdb,G:\Watermarker\Attack\3cases\Global_rotation\6MRR\two_angle_grid\6MRR_watermarked_npj_SB_global_rotation_rx_60deg_rz_120deg_aligned.pdb,0.000500333340971337,0.0037939831023418307,01101110011100000110101000100000010100110100001000000000,npj SB,npj SB,100.0,True
6MRR,global_rotation_2angle_aligned,combined_xz_rotation_then_kabsch_alignment,60,150,rx_60deg_rz_150deg,G:\Watermarker\Attack\3cases\Global_rotation\6MRR\two_angle_grid\6MRR_original_global_rotation_rx_60deg_rz_150deg.pdb,G:\Watermarker\Attack\3cases\Global_rotation\6MRR\two_angle_grid\6MRR_watermarked_npj_SB_global_rotation_rx_60deg_rz_150deg.pdb,G:\Watermarker\Attack\3cases\Global_rotation\6MRR\two_angle_grid\6MRR_original_global_rotation_rx_60deg_rz_150deg_aligned.pdb,G:\Watermarker\Attack\3cases\Global_rotation\6MRR\two_angle_grid\6MRR_watermarked_npj_SB_global_rotation_rx_60deg_rz_150deg_aligned.pdb,0.0005151988350699552,0.0037750496595194425,01101110011100000110101000100000010100110100001000000000,npj SB,npj SB,100.0,True
6MRR,global_rotation_2angle_aligned,combined_xz_rotation_then_kabsch_alignment,60,180,rx_60deg_rz_180deg,G:\Watermarker\Attack\3cases\Global_rotation\6MRR\two_angle_grid\6MRR_original_global_rotation_rx_60deg_rz_180deg.pdb,G:\Watermarker\Attack\3cases\Global_rotation\6MRR\two_angle_grid\6MRR_watermarked_npj_SB_global_rotation_rx_60deg_rz_180deg.pdb,G:\Watermarker\Attack\3cases\Global_rotation\6MRR\two_angle_grid\6MRR_original_global_rotation_rx_60deg_rz_180deg_aligned.pdb,G:\Watermarker\Attack\3cases\Global_rotation\6MRR\two_angle_grid\6MRR_watermarked_npj_SB_global_rotation_rx_60deg_rz_180deg_aligned.pdb,0.00039874620908814665,0.0037918527593617233,01101110011100000110101000100000010100110100001000000000,npj SB,npj SB,100.0,True
6MRR,global_rotation_2angle_aligned,combined_xz_rotation_then_kabsch_alignment,60,210,rx_60deg_rz_210deg,G:\Watermarker\Attack\3cases\Global_rotation\6MRR\two_angle_grid\6MRR_original_global_rotation_rx_60deg_rz_210deg.pdb,G:\Watermarker\Attack\3cases\Global_rotation\6MRR\two_angle_grid\6MRR_watermarked_npj_SB_global_rotation_rx_60deg_rz_210deg.pdb,G:\Watermarker\Attack\3cases\Global_rotation\6MRR\two_angle_grid\6MRR_original_global_rotation_rx_60deg_rz_210deg_aligned.pdb,G:\Watermarker\Attack\3cases\Global_rotation\6MRR\two_angle_grid\6MRR_watermarked_npj_SB_global_rotation_rx_60deg_rz_210deg_aligned.pdb,0.0004910342714187945,0.003787413676474375,01101110011100000110101000100000010100110100001000000000,npj SB,npj SB,100.0,True
6MRR,global_rotation_2angle_aligned,combined_xz_rotation_then_kabsch_alignment,60,240,rx_60deg_rz_240deg,G:\Watermarker\Attack\3cases\Global_rotation\6MRR\two_angle_grid\6MRR_original_global_rotation_rx_60deg_rz_240deg.pdb,G:\Watermarker\Attack\3cases\Global_rotation\6MRR\two_angle_grid\6MRR_watermarked_npj_SB_global_rotation_rx_60deg_rz_240deg.pdb,G:\Watermarker\Attack\3cases\Global_rotation\6MRR\two_angle_grid\6MRR_original_global_rotation_rx_60deg_rz_240deg_aligned.pdb,G:\Watermarker\Attack\3cases\Global_rotation\6MRR\two_angle_grid\6MRR_watermarked_npj_SB_global_rotation_rx_60deg_rz_240deg_aligned.pdb,0.00048149675637367933,0.0037742482008459206,01101110011100000110101000100000010100110100001000000000,npj SB,npj SB,100.0,True
6MRR,global_rotation_2angle_aligned,combined_xz_rotation_then_kabsch_alignment,60,270,rx_60deg_rz_270deg,G:\Watermarker\Attack\3cases\Global_rotation\6MRR\two_angle_grid\6MRR_original_global_rotation_rx_60deg_rz_270deg.pdb,G:\Watermarker\Attack\3cases\Global_rotation\6MRR\two_angle_grid\6MRR_watermarked_npj_SB_global_rotation_rx_60deg_rz_270deg.pdb,G:\Watermarker\Attack\3cases\Global_rotation\6MRR\two_angle_grid\6MRR_original_global_rotation_rx_60deg_rz_270deg_aligned.pdb,G:\Watermarker\Attack\3cases\Global_rotation\6MRR\two_angle_grid\6MRR_watermarked_npj_SB_global_rotation_rx_60deg_rz_270deg_aligned.pdb,0.00040957128200570916,0.003775802986412404,01101110011100000110101000100000010100110100001000000000,npj SB,npj SB,100.0,True
6MRR,global_rotation_2angle_aligned,combined_xz_rotation_then_kabsch_alignment,60,300,rx_60deg_rz_300deg,G:\Watermarker\Attack\3cases\Global_rotation\6MRR\two_angle_grid\6MRR_original_global_rotation_rx_60deg_rz_300deg.pdb,G:\Watermarker\Attack\3cases\Global_rotation\6MRR\two_angle_grid\6MRR_watermarked_npj_SB_global_rotation_rx_60deg_rz_300deg.pdb,G:\Watermarker\Attack\3cases\Global_rotation\6MRR\two_angle_grid\6MRR_original_global_rotation_rx_60deg_rz_300deg_aligned.pdb,G:\Watermarker\Attack\3cases\Global_rotation\6MRR\two_angle_grid\6MRR_watermarked_npj_SB_global_rotation_rx_60deg_rz_300deg_aligned.pdb,0.000498896594996611,0.003791105165700443,01101110011100000110101000100000010100110100001000000000,npj SB,npj SB,100.0,True
6MRR,global_rotation_2angle_aligned,combined_xz_rotation_then_kabsch_alignment,60,330,rx_60deg_rz_330deg,G:\Watermarker\Attack\3cases\Global_rotation\6MRR\two_angle_grid\6MRR_original_global_rotation_rx_60deg_rz_330deg.pdb,G:\Watermarker\Attack\3cases\Global_rotation\6MRR\two_angle_grid\6MRR_watermarked_npj_SB_global_rotation_rx_60deg_rz_330deg.pdb,G:\Watermarker\Attack\3cases\Global_rotation\6MRR\two_angle_grid\6MRR_original_global_rotation_rx_60deg_rz_330deg_aligned.pdb,G:\Watermarker\Attack\3cases\Global_rotation\6MRR\two_angle_grid\6MRR_watermarked_npj_SB_global_rotation_rx_60deg_rz_330deg_aligned.pdb,0.0005129511028882648,0.00378282565600928,01101110011100000110101000100000010100110100001000000000,npj SB,npj SB,100.0,True
6MRR,global_rotation_2angle_aligned,combined_xz_rotation_then_kabsch_alignment,60,360,rx_60deg_rz_360deg,G:\Watermarker\Attack\3cases\Global_rotation\6MRR\two_angle_grid\6MRR_original_global_rotation_rx_60deg_rz_360deg.pdb,G:\Watermarker\Attack\3cases\Global_rotation\6MRR\two_angle_grid\6MRR_watermarked_npj_SB_global_rotation_rx_60deg_rz_360deg.pdb,G:\Watermarker\Attack\3cases\Global_rotation\6MRR\two_angle_grid\6MRR_original_global_rotation_rx_60deg_rz_360deg_aligned.pdb,G:\Watermarker\Attack\3cases\Global_rotation\6MRR\two_angle_grid\6MRR_watermarked_npj_SB_global_rotation_rx_60deg_rz_360deg_aligned.pdb,0.00040054139269336944,0.00379212432651982,01101110011100000110101000100000010100110100001000000000,npj SB,npj SB,100.0,True
6MRR,global_rotation_2angle_aligned,combined_xz_rotation_then_kabsch_alignment,90,0,rx_90deg_rz_0deg,G:\Watermarker\Attack\3cases\Global_rotation\6MRR\two_angle_grid\6MRR_original_global_rotation_rx_90deg_rz_0deg.pdb,G:\Watermarker\Attack\3cases\Global_rotation\6MRR\two_angle_grid\6MRR_watermarked_npj_SB_global_rotation_rx_90deg_rz_0deg.pdb,G:\Watermarker\Attack\3cases\Global_rotation\6MRR\two_angle_grid\6MRR_original_global_rotation_rx_90deg_rz_0deg_aligned.pdb,G:\Watermarker\Attack\3cases\Global_rotation\6MRR\two_angle_grid\6MRR_watermarked_npj_SB_global_rotation_rx_90deg_rz_0deg_aligned.pdb,3.971586860755727e-15,0.0037339922180535416,01101110011100000110101000100000010100110100001000000000,npj SB,npj SB,100.0,True
6MRR,global_rotation_2angle_aligned,combined_xz_rotation_then_kabsch_alignment,90,30,rx_90deg_rz_30deg,G:\Watermarker\Attack\3cases\Global_rotation\6MRR\two_angle_grid\6MRR_original_global_rotation_rx_90deg_rz_30deg.pdb,G:\Watermarker\Attack\3cases\Global_rotation\6MRR\two_angle_grid\6MRR_watermarked_npj_SB_global_rotation_rx_90deg_rz_30deg.pdb,G:\Watermarker\Attack\3cases\Global_rotation\6MRR\two_angle_grid\6MRR_original_global_rotation_rx_90deg_rz_30deg_aligned.pdb,G:\Watermarker\Attack\3cases\Global_rotation\6MRR\two_angle_grid\6MRR_watermarked_npj_SB_global_rotation_rx_90deg_rz_30deg_aligned.pdb,0.0003972652296671884,0.0037723586388700987,01101110011100000110101000100000010100110100001000000000,npj SB,npj SB,100.0,True
6MRR,global_rotation_2angle_aligned,combined_xz_rotation_then_kabsch_alignment,90,60,rx_90deg_rz_60deg,G:\Watermarker\Attack\3cases\Global_rotation\6MRR\two_angle_grid\6MRR_original_global_rotation_rx_90deg_rz_60deg.pdb,G:\Watermarker\Attack\3cases\Global_rotation\6MRR\two_angle_grid\6MRR_watermarked_npj_SB_global_rotation_rx_90deg_rz_60deg.pdb,G:\Watermarker\Attack\3cases\Global_rotation\6MRR\two_angle_grid\6MRR_original_global_rotation_rx_90deg_rz_60deg_aligned.pdb,G:\Watermarker\Attack\3cases\Global_rotation\6MRR\two_angle_grid\6MRR_watermarked_npj_SB_global_rotation_rx_90deg_rz_60deg_aligned.pdb,0.0003812490633379875,0.0037278060208169664,01101110011100000110101000100000010100110100001000000000,npj SB,npj SB,100.0,True
6MRR,global_rotation_2angle_aligned,combined_xz_rotation_then_kabsch_alignment,90,90,rx_90deg_rz_90deg,G:\Watermarker\Attack\3cases\Global_rotation\6MRR\two_angle_grid\6MRR_original_global_rotation_rx_90deg_rz_90deg.pdb,G:\Watermarker\Attack\3cases\Global_rotation\6MRR\two_angle_grid\6MRR_watermarked_npj_SB_global_rotation_rx_90deg_rz_90deg.pdb,G:\Watermarker\Attack\3cases\Global_rotation\6MRR\two_angle_grid\6MRR_original_global_rotation_rx_90deg_rz_90deg_aligned.pdb,G:\Watermarker\Attack\3cases\Global_rotation\6MRR\two_angle_grid\6MRR_watermarked_npj_SB_global_rotation_rx_90deg_rz_90deg_aligned.pdb,4.033809074577541e-15,0.0037339922180538196,01101110011100000110101000100000010100110100001000000000,npj SB,npj SB,100.0,True
6MRR,global_rotation_2angle_aligned,combined_xz_rotation_then_kabsch_alignment,90,120,rx_90deg_rz_120deg,G:\Watermarker\Attack\3cases\Global_rotation\6MRR\two_angle_grid\6MRR_original_global_rotation_rx_90deg_rz_120deg.pdb,G:\Watermarker\Attack\3cases\Global_rotation\6MRR\two_angle_grid\6MRR_watermarked_npj_SB_global_rotation_rx_90deg_rz_120deg.pdb,G:\Watermarker\Attack\3cases\Global_rotation\6MRR\two_angle_grid\6MRR_original_global_rotation_rx_90deg_rz_120deg_aligned.pdb,G:\Watermarker\Attack\3cases\Global_rotation\6MRR\two_angle_grid\6MRR_watermarked_npj_SB_global_rotation_rx_90deg_rz_120deg_aligned.pdb,0.0004178655306800813,0.0037436460767663353,01101110011100000110101000100000010100110100001000000000,npj SB,npj SB,100.0,True
6MRR,global_rotation_2angle_aligned,combined_xz_rotation_then_kabsch_alignment,90,150,rx_90deg_rz_150deg,G:\Watermarker\Attack\3cases\Global_rotation\6MRR\two_angle_grid\6MRR_original_global_rotation_rx_90deg_rz_150deg.pdb,G:\Watermarker\Attack\3cases\Global_rotation\6MRR\two_angle_grid\6MRR_watermarked_npj_SB_global_rotation_rx_90deg_rz_150deg.pdb,G:\Watermarker\Attack\3cases\Global_rotation\6MRR\two_angle_grid\6MRR_original_global_rotation_rx_90deg_rz_150deg_aligned.pdb,G:\Watermarker\Attack\3cases\Global_rotation\6MRR\two_angle_grid\6MRR_watermarked_npj_SB_global_rotation_rx_90deg_rz_150deg_aligned.pdb,0.0004267856598220643,0.003765035558546099,01101110011100000110101000100000010100110100001000000000,npj SB,npj SB,100.0,True
6MRR,global_rotation_2angle_aligned,combined_xz_rotation_then_kabsch_alignment,90,180,rx_90deg_rz_180deg,G:\Watermarker\Attack\3cases\Global_rotation\6MRR\two_angle_grid\6MRR_original_global_rotation_rx_90deg_rz_180deg.pdb,G:\Watermarker\Attack\3cases\Global_rotation\6MRR\two_angle_grid\6MRR_watermarked_npj_SB_global_rotation_rx_90deg_rz_180deg.pdb,G:\Watermarker\Attack\3cases\Global_rotation\6MRR\two_angle_grid\6MRR_original_global_rotation_rx_90deg_rz_180deg_aligned.pdb,G:\Watermarker\Attack\3cases\Global_rotation\6MRR\two_angle_grid\6MRR_watermarked_npj_SB_global_rotation_rx_90deg_rz_180deg_aligned.pdb,9.282853137248975e-15,0.0037339922180538118,01101110011100000110101000100000010100110100001000000000,npj SB,npj SB,100.0,True
6MRR,global_rotation_2angle_aligned,combined_xz_rotation_then_kabsch_alignment,90,210,rx_90deg_rz_210deg,G:\Watermarker\Attack\3cases\Global_rotation\6MRR\two_angle_grid\6MRR_original_global_rotation_rx_90deg_rz_210deg.pdb,G:\Watermarker\Attack\3cases\Global_rotation\6MRR\two_angle_grid\6MRR_watermarked_npj_SB_global_rotation_rx_90deg_rz_210deg.pdb,G:\Watermarker\Attack\3cases\Global_rotation\6MRR\two_angle_grid\6MRR_original_global_rotation_rx_90deg_rz_210deg_aligned.pdb,G:\Watermarker\Attack\3cases\Global_rotation\6MRR\two_angle_grid\6MRR_watermarked_npj_SB_global_rotation_rx_90deg_rz_210deg_aligned.pdb,0.0003806440611798241,0.0037521924571000363,01101110011100000110101000100000010100110100001000000000,npj SB,npj SB,100.0,True
6MRR,global_rotation_2angle_aligned,combined_xz_rotation_then_kabsch_alignment,90,240,rx_90deg_rz_240deg,G:\Watermarker\Attack\3cases\Global_rotation\6MRR\two_angle_grid\6MRR_original_global_rotation_rx_90deg_rz_240deg.pdb,G:\Watermarker\Attack\3cases\Global_rotation\6MRR\two_angle_grid\6MRR_watermarked_npj_SB_global_rotation_rx_90deg_rz_240deg.pdb,G:\Watermarker\Attack\3cases\Global_rotation\6MRR\two_angle_grid\6MRR_original_global_rotation_rx_90deg_rz_240deg_aligned.pdb,G:\Watermarker\Attack\3cases\Global_rotation\6MRR\two_angle_grid\6MRR_watermarked_npj_SB_global_rotation_rx_90deg_rz_240deg_aligned.pdb,0.00037969672006078043,0.0037370049642202505,01101110011100000110101000100000010100110100001000000000,npj SB,npj SB,100.0,True
6MRR,global_rotation_2angle_aligned,combined_xz_rotation_then_kabsch_alignment,90,270,rx_90deg_rz_270deg,G:\Watermarker\Attack\3cases\Global_rotation\6MRR\two_angle_grid\6MRR_original_global_rotation_rx_90deg_rz_270deg.pdb,G:\Watermarker\Attack\3cases\Global_rotation\6MRR\two_angle_grid\6MRR_watermarked_npj_SB_global_rotation_rx_90deg_rz_270deg.pdb,G:\Watermarker\Attack\3cases\Global_rotation\6MRR\two_angle_grid\6MRR_original_global_rotation_rx_90deg_rz_270deg_aligned.pdb,G:\Watermarker\Attack\3cases\Global_rotation\6MRR\two_angle_grid\6MRR_watermarked_npj_SB_global_rotation_rx_90deg_rz_270deg_aligned.pdb,6.968330742857975e-15,0.0037339922180534236,01101110011100000110101000100000010100110100001000000000,npj SB,npj SB,100.0,True
6MRR,global_rotation_2angle_aligned,combined_xz_rotation_then_kabsch_alignment,90,300,rx_90deg_rz_300deg,G:\Watermarker\Attack\3cases\Global_rotation\6MRR\two_angle_grid\6MRR_original_global_rotation_rx_90deg_rz_300deg.pdb,G:\Watermarker\Attack\3cases\Global_rotation\6MRR\two_angle_grid\6MRR_watermarked_npj_SB_global_rotation_rx_90deg_rz_300deg.pdb,G:\Watermarker\Attack\3cases\Global_rotation\6MRR\two_angle_grid\6MRR_original_global_rotation_rx_90deg_rz_300deg_aligned.pdb,G:\Watermarker\Attack\3cases\Global_rotation\6MRR\two_angle_grid\6MRR_watermarked_npj_SB_global_rotation_rx_90deg_rz_300deg_aligned.pdb,0.00041534621586676986,0.003720959757598784,01101110011100000110101000100000010100110100001000000000,npj SB,npj SB,100.0,True
6MRR,global_rotation_2angle_aligned,combined_xz_rotation_then_kabsch_alignment,90,330,rx_90deg_rz_330deg,G:\Watermarker\Attack\3cases\Global_rotation\6MRR\two_angle_grid\6MRR_original_global_rotation_rx_90deg_rz_330deg.pdb,G:\Watermarker\Attack\3cases\Global_rotation\6MRR\two_angle_grid\6MRR_watermarked_npj_SB_global_rotation_rx_90deg_rz_330deg.pdb,G:\Watermarker\Attack\3cases\Global_rotation\6MRR\two_angle_grid\6MRR_original_global_rotation_rx_90deg_rz_330deg_aligned.pdb,G:\Watermarker\Attack\3cases\Global_rotation\6MRR\two_angle_grid\6MRR_watermarked_npj_SB_global_rotation_rx_90deg_rz_330deg_aligned.pdb,0.00042996357959482884,0.003782324226384376,01101110011100000110101000100000010100110100001000000000,npj SB,npj SB,100.0,True
6MRR,global_rotation_2angle_aligned,combined_xz_rotation_then_kabsch_alignment,90,360,rx_90deg_rz_360deg,G:\Watermarker\Attack\3cases\Global_rotation\6MRR\two_angle_grid\6MRR_original_global_rotation_rx_90deg_rz_360deg.pdb,G:\Watermarker\Attack\3cases\Global_rotation\6MRR\two_angle_grid\6MRR_watermarked_npj_SB_global_rotation_rx_90deg_rz_360deg.pdb,G:\Watermarker\Attack\3cases\Global_rotation\6MRR\two_angle_grid\6MRR_original_global_rotation_rx_90deg_rz_360deg_aligned.pdb,G:\Watermarker\Attack\3cases\Global_rotation\6MRR\two_angle_grid\6MRR_watermarked_npj_SB_global_rotation_rx_90deg_rz_360deg_aligned.pdb,3.971586860755727e-15,0.0037339922180535416,01101110011100000110101000100000010100110100001000000000,npj SB,npj SB,100.0,True
6MRR,global_rotation_2angle_aligned,combined_xz_rotation_then_kabsch_alignment,120,0,rx_120deg_rz_0deg,G:\Watermarker\Attack\3cases\Global_rotation\6MRR\two_angle_grid\6MRR_original_global_rotation_rx_120deg_rz_0deg.pdb,G:\Watermarker\Attack\3cases\Global_rotation\6MRR\two_angle_grid\6MRR_watermarked_npj_SB_global_rotation_rx_120deg_rz_0deg.pdb,G:\Watermarker\Attack\3cases\Global_rotation\6MRR\two_angle_grid\6MRR_original_global_rotation_rx_120deg_rz_0deg_aligned.pdb,G:\Watermarker\Attack\3cases\Global_rotation\6MRR\two_angle_grid\6MRR_watermarked_npj_SB_global_rotation_rx_120deg_rz_0deg_aligned.pdb,0.000371291284516846,0.0037714431241621794,01101110011100000110101000100000010100110100001000000000,npj SB,npj SB,100.0,True
6MRR,global_rotation_2angle_aligned,combined_xz_rotation_then_kabsch_alignment,120,30,rx_120deg_rz_30deg,G:\Watermarker\Attack\3cases\Global_rotation\6MRR\two_angle_grid\6MRR_original_global_rotation_rx_120deg_rz_30deg.pdb,G:\Watermarker\Attack\3cases\Global_rotation\6MRR\two_angle_grid\6MRR_watermarked_npj_SB_global_rotation_rx_120deg_rz_30deg.pdb,G:\Watermarker\Attack\3cases\Global_rotation\6MRR\two_angle_grid\6MRR_original_global_rotation_rx_120deg_rz_30deg_aligned.pdb,G:\Watermarker\Attack\3cases\Global_rotation\6MRR\two_angle_grid\6MRR_watermarked_npj_SB_global_rotation_rx_120deg_rz_30deg_aligned.pdb,0.0004689383201334042,0.0037420783245767633,01101110011100000110101000100000010100110100001000000000,npj SB,npj SB,100.0,True
6MRR,global_rotation_2angle_aligned,combined_xz_rotation_then_kabsch_alignment,120,60,rx_120deg_rz_60deg,G:\Watermarker\Attack\3cases\Global_rotation\6MRR\two_angle_grid\6MRR_original_global_rotation_rx_120deg_rz_60deg.pdb,G:\Watermarker\Attack\3cases\Global_rotation\6MRR\two_angle_grid\6MRR_watermarked_npj_SB_global_rotation_rx_120deg_rz_60deg.pdb,G:\Watermarker\Attack\3cases\Global_rotation\6MRR\two_angle_grid\6MRR_original_global_rotation_rx_120deg_rz_60deg_aligned.pdb,G:\Watermarker\Attack\3cases\Global_rotation\6MRR\two_angle_grid\6MRR_watermarked_npj_SB_global_rotation_rx_120deg_rz_60deg_aligned.pdb,0.0004703215875896197,0.0037094361304937638,01101110011100000110101000100000010100110100001000000000,npj SB,npj SB,100.0,True
6MRR,global_rotation_2angle_aligned,combined_xz_rotation_then_kabsch_alignment,120,90,rx_120deg_rz_90deg,G:\Watermarker\Attack\3cases\Global_rotation\6MRR\two_angle_grid\6MRR_original_global_rotation_rx_120deg_rz_90deg.pdb,G:\Watermarker\Attack\3cases\Global_rotation\6MRR\two_angle_grid\6MRR_watermarked_npj_SB_global_rotation_rx_120deg_rz_90deg.pdb,G:\Watermarker\Attack\3cases\Global_rotation\6MRR\two_angle_grid\6MRR_original_global_rotation_rx_120deg_rz_90deg_aligned.pdb,G:\Watermarker\Attack\3cases\Global_rotation\6MRR\two_angle_grid\6MRR_watermarked_npj_SB_global_rotation_rx_120deg_rz_90deg_aligned.pdb,0.0003995363875540376,0.003711397530339609,01101110011100000110101000100000010100110100001000000000,npj SB,npj SB,100.0,True
6MRR,global_rotation_2angle_aligned,combined_xz_rotation_then_kabsch_alignment,120,120,rx_120deg_rz_120deg,G:\Watermarker\Attack\3cases\Global_rotation\6MRR\two_angle_grid\6MRR_original_global_rotation_rx_120deg_rz_120deg.pdb,G:\Watermarker\Attack\3cases\Global_rotation\6MRR\two_angle_grid\6MRR_watermarked_npj_SB_global_rotation_rx_120deg_rz_120deg.pdb,G:\Watermarker\Attack\3cases\Global_rotation\6MRR\two_angle_grid\6MRR_original_global_rotation_rx_120deg_rz_120deg_aligned.pdb,G:\Watermarker\Attack\3cases\Global_rotation\6MRR\two_angle_grid\6MRR_watermarked_npj_SB_global_rotation_rx_120deg_rz_120deg_aligned.pdb,0.0004748812012766225,0.0037175853477461472,01101110011100000110101000100000010100110100001000000000,npj SB,npj SB,100.0,True
6MRR,global_rotation_2angle_aligned,combined_xz_rotation_then_kabsch_alignment,120,150,rx_120deg_rz_150deg,G:\Watermarker\Attack\3cases\Global_rotation\6MRR\two_angle_grid\6MRR_original_global_rotation_rx_120deg_rz_150deg.pdb,G:\Watermarker\Attack\3cases\Global_rotation\6MRR\two_angle_grid\6MRR_watermarked_npj_SB_global_rotation_rx_120deg_rz_150deg.pdb,G:\Watermarker\Attack\3cases\Global_rotation\6MRR\two_angle_grid\6MRR_original_global_rotation_rx_120deg_rz_150deg_aligned.pdb,G:\Watermarker\Attack\3cases\Global_rotation\6MRR\two_angle_grid\6MRR_watermarked_npj_SB_global_rotation_rx_120deg_rz_150deg_aligned.pdb,0.0004534796349783527,0.0037639800476299713,01101110011100000110101000100000010100110100001000000000,npj SB,npj SB,100.0,True
6MRR,global_rotation_2angle_aligned,combined_xz_rotation_then_kabsch_alignment,120,180,rx_120deg_rz_180deg,G:\Watermarker\Attack\3cases\Global_rotation\6MRR\two_angle_grid\6MRR_original_global_rotation_rx_120deg_rz_180deg.pdb,G:\Watermarker\Attack\3cases\Global_rotation\6MRR\two_angle_grid\6MRR_watermarked_npj_SB_global_rotation_rx_120deg_rz_180deg.pdb,G:\Watermarker\Attack\3cases\Global_rotation\6MRR\two_angle_grid\6MRR_original_global_rotation_rx_120deg_rz_180deg_aligned.pdb,G:\Watermarker\Attack\3cases\Global_rotation\6MRR\two_angle_grid\6MRR_watermarked_npj_SB_global_rotation_rx_120deg_rz_180deg_aligned.pdb,0.00036952141568381445,0.003783032464105617,01101110011100000110101000100000010100110100001000000000,npj SB,npj SB,100.0,True
6MRR,global_rotation_2angle_aligned,combined_xz_rotation_then_kabsch_alignment,120,210,rx_120deg_rz_210deg,G:\Watermarker\Attack\3cases\Global_rotation\6MRR\two_angle_grid\6MRR_original_global_rotation_rx_120deg_rz_210deg.pdb,G:\Watermarker\Attack\3cases\Global_rotation\6MRR\two_angle_grid\6MRR_watermarked_npj_SB_global_rotation_rx_120deg_rz_210deg.pdb,G:\Watermarker\Attack\3cases\Global_rotation\6MRR\two_angle_grid\6MRR_original_global_rotation_rx_120deg_rz_210deg_aligned.pdb,G:\Watermarker\Attack\3cases\Global_rotation\6MRR\two_angle_grid\6MRR_watermarked_npj_SB_global_rotation_rx_120deg_rz_210deg_aligned.pdb,0.00045946852092832645,0.0037445356306873654,01101110011100000110101000100000010100110100001000000000,npj SB,npj SB,100.0,True
6MRR,global_rotation_2angle_aligned,combined_xz_rotation_then_kabsch_alignment,120,240,rx_120deg_rz_240deg,G:\Watermarker\Attack\3cases\Global_rotation\6MRR\two_angle_grid\6MRR_original_global_rotation_rx_120deg_rz_240deg.pdb,G:\Watermarker\Attack\3cases\Global_rotation\6MRR\two_angle_grid\6MRR_watermarked_npj_SB_global_rotation_rx_120deg_rz_240deg.pdb,G:\Watermarker\Attack\3cases\Global_rotation\6MRR\two_angle_grid\6MRR_original_global_rotation_rx_120deg_rz_240deg_aligned.pdb,G:\Watermarker\Attack\3cases\Global_rotation\6MRR\two_angle_grid\6MRR_watermarked_npj_SB_global_rotation_rx_120deg_rz_240deg_aligned.pdb,0.0004823977020906521,0.003711599307499597,01101110011100000110101000100000010100110100001000000000,npj SB,npj SB,100.0,True
6MRR,global_rotation_2angle_aligned,combined_xz_rotation_then_kabsch_alignment,120,270,rx_120deg_rz_270deg,G:\Watermarker\Attack\3cases\Global_rotation\6MRR\two_angle_grid\6MRR_original_global_rotation_rx_120deg_rz_270deg.pdb,G:\Watermarker\Attack\3cases\Global_rotation\6MRR\two_angle_grid\6MRR_watermarked_npj_SB_global_rotation_rx_120deg_rz_270deg.pdb,G:\Watermarker\Attack\3cases\Global_rotation\6MRR\two_angle_grid\6MRR_original_global_rotation_rx_120deg_rz_270deg_aligned.pdb,G:\Watermarker\Attack\3cases\Global_rotation\6MRR\two_angle_grid\6MRR_watermarked_npj_SB_global_rotation_rx_120deg_rz_270deg_aligned.pdb,0.0003766055982922234,0.0037452776381736498,01101110011100000110101000100000010100110100001000000000,npj SB,npj SB,100.0,True
6MRR,global_rotation_2angle_aligned,combined_xz_rotation_then_kabsch_alignment,120,300,rx_120deg_rz_300deg,G:\Watermarker\Attack\3cases\Global_rotation\6MRR\two_angle_grid\6MRR_original_global_rotation_rx_120deg_rz_300deg.pdb,G:\Watermarker\Attack\3cases\Global_rotation\6MRR\two_angle_grid\6MRR_watermarked_npj_SB_global_rotation_rx_120deg_rz_300deg.pdb,G:\Watermarker\Attack\3cases\Global_rotation\6MRR\two_angle_grid\6MRR_original_global_rotation_rx_120deg_rz_300deg_aligned.pdb,G:\Watermarker\Attack\3cases\Global_rotation\6MRR\two_angle_grid\6MRR_watermarked_npj_SB_global_rotation_rx_120deg_rz_300deg_aligned.pdb,0.00045930825998454964,0.0037628579492078283,01101110011100000110101000100000010100110100001000000000,npj SB,npj SB,100.0,True
6MRR,global_rotation_2angle_aligned,combined_xz_rotation_then_kabsch_alignment,120,330,rx_120deg_rz_330deg,G:\Watermarker\Attack\3cases\Global_rotation\6MRR\two_angle_grid\6MRR_original_global_rotation_rx_120deg_rz_330deg.pdb,G:\Watermarker\Attack\3cases\Global_rotation\6MRR\two_angle_grid\6MRR_watermarked_npj_SB_global_rotation_rx_120deg_rz_330deg.pdb,G:\Watermarker\Attack\3cases\Global_rotation\6MRR\two_angle_grid\6MRR_original_global_rotation_rx_120deg_rz_330deg_aligned.pdb,G:\Watermarker\Attack\3cases\Global_rotation\6MRR\two_angle_grid\6MRR_watermarked_npj_SB_global_rotation_rx_120deg_rz_330deg_aligned.pdb,0.00046195567198472584,0.003786114987207106,01101110011100000110101000100000010100110100001000000000,npj SB,npj SB,100.0,True
6MRR,global_rotation_2angle_aligned,combined_xz_rotation_then_kabsch_alignment,120,360,rx_120deg_rz_360deg,G:\Watermarker\Attack\3cases\Global_rotation\6MRR\two_angle_grid\6MRR_original_global_rotation_rx_120deg_rz_360deg.pdb,G:\Watermarker\Attack\3cases\Global_rotation\6MRR\two_angle_grid\6MRR_watermarked_npj_SB_global_rotation_rx_120deg_rz_360deg.pdb,G:\Watermarker\Attack\3cases\Global_rotation\6MRR\two_angle_grid\6MRR_original_global_rotation_rx_120deg_rz_360deg_aligned.pdb,G:\Watermarker\Attack\3cases\Global_rotation\6MRR\two_angle_grid\6MRR_watermarked_npj_SB_global_rotation_rx_120deg_rz_360deg_aligned.pdb,0.000371291284516846,0.0037714431241621794,01101110011100000110101000100000010100110100001000000000,npj SB,npj SB,100.0,True
6MRR,global_rotation_2angle_aligned,combined_xz_rotation_then_kabsch_alignment,150,0,rx_150deg_rz_0deg,G:\Watermarker\Attack\3cases\Global_rotation\6MRR\two_angle_grid\6MRR_original_global_rotation_rx_150deg_rz_0deg.pdb,G:\Watermarker\Attack\3cases\Global_rotation\6MRR\two_angle_grid\6MRR_watermarked_npj_SB_global_rotation_rx_150deg_rz_0deg.pdb,G:\Watermarker\Attack\3cases\Global_rotation\6MRR\two_angle_grid\6MRR_original_global_rotation_rx_150deg_rz_0deg_aligned.pdb,G:\Watermarker\Attack\3cases\Global_rotation\6MRR\two_angle_grid\6MRR_watermarked_npj_SB_global_rotation_rx_150deg_rz_0deg_aligned.pdb,0.00042592324980566,0.003726877766794119,01101110011100000110101000100000010100110100001000000000,npj SB,npj SB,100.0,True
6MRR,global_rotation_2angle_aligned,combined_xz_rotation_then_kabsch_alignment,150,30,rx_150deg_rz_30deg,G:\Watermarker\Attack\3cases\Global_rotation\6MRR\two_angle_grid\6MRR_original_global_rotation_rx_150deg_rz_30deg.pdb,G:\Watermarker\Attack\3cases\Global_rotation\6MRR\two_angle_grid\6MRR_watermarked_npj_SB_global_rotation_rx_150deg_rz_30deg.pdb,G:\Watermarker\Attack\3cases\Global_rotation\6MRR\two_angle_grid\6MRR_original_global_rotation_rx_150deg_rz_30deg_aligned.pdb,G:\Watermarker\Attack\3cases\Global_rotation\6MRR\two_angle_grid\6MRR_watermarked_npj_SB_global_rotation_rx_150deg_rz_30deg_aligned.pdb,0.0004725556168035842,0.003783848811835417,01101110011100000110101000100000010100110100001000000000,npj SB,npj SB,100.0,True
6MRR,global_rotation_2angle_aligned,combined_xz_rotation_then_kabsch_alignment,150,60,rx_150deg_rz_60deg,G:\Watermarker\Attack\3cases\Global_rotation\6MRR\two_angle_grid\6MRR_original_global_rotation_rx_150deg_rz_60deg.pdb,G:\Watermarker\Attack\3cases\Global_rotation\6MRR\two_angle_grid\6MRR_watermarked_npj_SB_global_rotation_rx_150deg_rz_60deg.pdb,G:\Watermarker\Attack\3cases\Global_rotation\6MRR\two_angle_grid\6MRR_original_global_rotation_rx_150deg_rz_60deg_aligned.pdb,G:\Watermarker\Attack\3cases\Global_rotation\6MRR\two_angle_grid\6MRR_watermarked_npj_SB_global_rotation_rx_150deg_rz_60deg_aligned.pdb,0.0004803973156295358,0.0037423892174767953,01101110011100000110101000100000010100110100001000000000,npj SB,npj SB,100.0,True
6MRR,global_rotation_2angle_aligned,combined_xz_rotation_then_kabsch_alignment,150,90,rx_150deg_rz_90deg,G:\Watermarker\Attack\3cases\Global_rotation\6MRR\two_angle_grid\6MRR_original_global_rotation_rx_150deg_rz_90deg.pdb,G:\Watermarker\Attack\3cases\Global_rotation\6MRR\two_angle_grid\6MRR_watermarked_npj_SB_global_rotation_rx_150deg_rz_90deg.pdb,G:\Watermarker\Attack\3cases\Global_rotation\6MRR\two_angle_grid\6MRR_original_global_rotation_rx_150deg_rz_90deg_aligned.pdb,G:\Watermarker\Attack\3cases\Global_rotation\6MRR\two_angle_grid\6MRR_watermarked_npj_SB_global_rotation_rx_150deg_rz_90deg_aligned.pdb,0.0004038802548466337,0.00369637494962885,01101110011100000110101000100000010100110100001000000000,npj SB,npj SB,100.0,True
6MRR,global_rotation_2angle_aligned,combined_xz_rotation_then_kabsch_alignment,150,120,rx_150deg_rz_120deg,G:\Watermarker\Attack\3cases\Global_rotation\6MRR\two_angle_grid\6MRR_original_global_rotation_rx_150deg_rz_120deg.pdb,G:\Watermarker\Attack\3cases\Global_rotation\6MRR\two_angle_grid\6MRR_watermarked_npj_SB_global_rotation_rx_150deg_rz_120deg.pdb,G:\Watermarker\Attack\3cases\Global_rotation\6MRR\two_angle_grid\6MRR_original_global_rotation_rx_150deg_rz_120deg_aligned.pdb,G:\Watermarker\Attack\3cases\Global_rotation\6MRR\two_angle_grid\6MRR_watermarked_npj_SB_global_rotation_rx_150deg_rz_120deg_aligned.pdb,0.000519609000390667,0.00371416859550813,01101110011100000110101000100000010100110100001000000000,npj SB,npj SB,100.0,True
6MRR,global_rotation_2angle_aligned,combined_xz_rotation_then_kabsch_alignment,150,150,rx_150deg_rz_150deg,G:\Watermarker\Attack\3cases\Global_rotation\6MRR\two_angle_grid\6MRR_original_global_rotation_rx_150deg_rz_150deg.pdb,G:\Watermarker\Attack\3cases\Global_rotation\6MRR\two_angle_grid\6MRR_watermarked_npj_SB_global_rotation_rx_150deg_rz_150deg.pdb,G:\Watermarker\Attack\3cases\Global_rotation\6MRR\two_angle_grid\6MRR_original_global_rotation_rx_150deg_rz_150deg_aligned.pdb,G:\Watermarker\Attack\3cases\Global_rotation\6MRR\two_angle_grid\6MRR_watermarked_npj_SB_global_rotation_rx_150deg_rz_150deg_aligned.pdb,0.0005181842441159012,0.00371748958776888,01101110011100000110101000100000010100110100001000000000,npj SB,npj SB,100.0,True
6MRR,global_rotation_2angle_aligned,combined_xz_rotation_then_kabsch_alignment,150,180,rx_150deg_rz_180deg,G:\Watermarker\Attack\3cases\Global_rotation\6MRR\two_angle_grid\6MRR_original_global_rotation_rx_150deg_rz_180deg.pdb,G:\Watermarker\Attack\3cases\Global_rotation\6MRR\two_angle_grid\6MRR_watermarked_npj_SB_global_rotation_rx_150deg_rz_180deg.pdb,G:\Watermarker\Attack\3cases\Global_rotation\6MRR\two_angle_grid\6MRR_original_global_rotation_rx_150deg_rz_180deg_aligned.pdb,G:\Watermarker\Attack\3cases\Global_rotation\6MRR\two_angle_grid\6MRR_watermarked_npj_SB_global_rotation_rx_150deg_rz_180deg_aligned.pdb,0.0004247594257964965,0.0037274357554334617,01101110011100000110101000100000010100110100001000000000,npj SB,npj SB,100.0,True
6MRR,global_rotation_2angle_aligned,combined_xz_rotation_then_kabsch_alignment,150,210,rx_150deg_rz_210deg,G:\Watermarker\Attack\3cases\Global_rotation\6MRR\two_angle_grid\6MRR_original_global_rotation_rx_150deg_rz_210deg.pdb,G:\Watermarker\Attack\3cases\Global_rotation\6MRR\two_angle_grid\6MRR_watermarked_npj_SB_global_rotation_rx_150deg_rz_210deg.pdb,G:\Watermarker\Attack\3cases\Global_rotation\6MRR\two_angle_grid\6MRR_original_global_rotation_rx_150deg_rz_210deg_aligned.pdb,G:\Watermarker\Attack\3cases\Global_rotation\6MRR\two_angle_grid\6MRR_watermarked_npj_SB_global_rotation_rx_150deg_rz_210deg_aligned.pdb,0.00048152255269638726,0.003799378248049601,01101110011100000110101000100000010100110100001000000000,npj SB,npj SB,100.0,True
6MRR,global_rotation_2angle_aligned,combined_xz_rotation_then_kabsch_alignment,150,240,rx_150deg_rz_240deg,G:\Watermarker\Attack\3cases\Global_rotation\6MRR\two_angle_grid\6MRR_original_global_rotation_rx_150deg_rz_240deg.pdb,G:\Watermarker\Attack\3cases\Global_rotation\6MRR\two_angle_grid\6MRR_watermarked_npj_SB_global_rotation_rx_150deg_rz_240deg.pdb,G:\Watermarker\Attack\3cases\Global_rotation\6MRR\two_angle_grid\6MRR_original_global_rotation_rx_150deg_rz_240deg_aligned.pdb,G:\Watermarker\Attack\3cases\Global_rotation\6MRR\two_angle_grid\6MRR_watermarked_npj_SB_global_rotation_rx_150deg_rz_240deg_aligned.pdb,0.0004968523585334148,0.0037218953003193673,01101110011100000110101000100000010100110100001000000000,npj SB,npj SB,100.0,True
6MRR,global_rotation_2angle_aligned,combined_xz_rotation_then_kabsch_alignment,150,270,rx_150deg_rz_270deg,G:\Watermarker\Attack\3cases\Global_rotation\6MRR\two_angle_grid\6MRR_original_global_rotation_rx_150deg_rz_270deg.pdb,G:\Watermarker\Attack\3cases\Global_rotation\6MRR\two_angle_grid\6MRR_watermarked_npj_SB_global_rotation_rx_150deg_rz_270deg.pdb,G:\Watermarker\Attack\3cases\Global_rotation\6MRR\two_angle_grid\6MRR_original_global_rotation_rx_150deg_rz_270deg_aligned.pdb,G:\Watermarker\Attack\3cases\Global_rotation\6MRR\two_angle_grid\6MRR_watermarked_npj_SB_global_rotation_rx_150deg_rz_270deg_aligned.pdb,0.00041998127543309944,0.0037313125014870096,01101110011100000110101000100000010100110100001000000000,npj SB,npj SB,100.0,True
6MRR,global_rotation_2angle_aligned,combined_xz_rotation_then_kabsch_alignment,150,300,rx_150deg_rz_300deg,G:\Watermarker\Attack\3cases\Global_rotation\6MRR\two_angle_grid\6MRR_original_global_rotation_rx_150deg_rz_300deg.pdb,G:\Watermarker\Attack\3cases\Global_rotation\6MRR\two_angle_grid\6MRR_watermarked_npj_SB_global_rotation_rx_150deg_rz_300deg.pdb,G:\Watermarker\Attack\3cases\Global_rotation\6MRR\two_angle_grid\6MRR_original_global_rotation_rx_150deg_rz_300deg_aligned.pdb,G:\Watermarker\Attack\3cases\Global_rotation\6MRR\two_angle_grid\6MRR_watermarked_npj_SB_global_rotation_rx_150deg_rz_300deg_aligned.pdb,0.0005136353146879873,0.003709583832373039,01101110011100000110101000100000010100110100001000000000,npj SB,npj SB,100.0,True
6MRR,global_rotation_2angle_aligned,combined_xz_rotation_then_kabsch_alignment,150,330,rx_150deg_rz_330deg,G:\Watermarker\Attack\3cases\Global_rotation\6MRR\two_angle_grid\6MRR_original_global_rotation_rx_150deg_rz_330deg.pdb,G:\Watermarker\Attack\3cases\Global_rotation\6MRR\two_angle_grid\6MRR_watermarked_npj_SB_global_rotation_rx_150deg_rz_330deg.pdb,G:\Watermarker\Attack\3cases\Global_rotation\6MRR\two_angle_grid\6MRR_original_global_rotation_rx_150deg_rz_330deg_aligned.pdb,G:\Watermarker\Attack\3cases\Global_rotation\6MRR\two_angle_grid\6MRR_watermarked_npj_SB_global_rotation_rx_150deg_rz_330deg_aligned.pdb,0.0005123406628355638,0.0037490154000316763,01101110011100000110101000100000010100110100001000000000,npj SB,npj SB,100.0,True
6MRR,global_rotation_2angle_aligned,combined_xz_rotation_then_kabsch_alignment,150,360,rx_150deg_rz_360deg,G:\Watermarker\Attack\3cases\Global_rotation\6MRR\two_angle_grid\6MRR_original_global_rotation_rx_150deg_rz_360deg.pdb,G:\Watermarker\Attack\3cases\Global_rotation\6MRR\two_angle_grid\6MRR_watermarked_npj_SB_global_rotation_rx_150deg_rz_360deg.pdb,G:\Watermarker\Attack\3cases\Global_rotation\6MRR\two_angle_grid\6MRR_original_global_rotation_rx_150deg_rz_360deg_aligned.pdb,G:\Watermarker\Attack\3cases\Global_rotation\6MRR\two_angle_grid\6MRR_watermarked_npj_SB_global_rotation_rx_150deg_rz_360deg_aligned.pdb,0.00042592324980566,0.003726877766794119,01101110011100000110101000100000010100110100001000000000,npj SB,npj SB,100.0,True
6MRR,global_rotation_2angle_aligned,combined_xz_rotation_then_kabsch_alignment,180,0,rx_180deg_rz_0deg,G:\Watermarker\Attack\3cases\Global_rotation\6MRR\two_angle_grid\6MRR_original_global_rotation_rx_180deg_rz_0deg.pdb,G:\Watermarker\Attack\3cases\Global_rotation\6MRR\two_angle_grid\6MRR_watermarked_npj_SB_global_rotation_rx_180deg_rz_0deg.pdb,G:\Watermarker\Attack\3cases\Global_rotation\6MRR\two_angle_grid\6MRR_original_global_rotation_rx_180deg_rz_0deg_aligned.pdb,G:\Watermarker\Attack\3cases\Global_rotation\6MRR\two_angle_grid\6MRR_watermarked_npj_SB_global_rotation_rx_180deg_rz_0deg_aligned.pdb,4.727629953646109e-15,0.0037339922180535667,01101110011100000110101000100000010100110100001000000000,npj SB,npj SB,100.0,True
6MRR,global_rotation_2angle_aligned,combined_xz_rotation_then_kabsch_alignment,180,30,rx_180deg_rz_30deg,G:\Watermarker\Attack\3cases\Global_rotation\6MRR\two_angle_grid\6MRR_original_global_rotation_rx_180deg_rz_30deg.pdb,G:\Watermarker\Attack\3cases\Global_rotation\6MRR\two_angle_grid\6MRR_watermarked_npj_SB_global_rotation_rx_180deg_rz_30deg.pdb,G:\Watermarker\Attack\3cases\Global_rotation\6MRR\two_angle_grid\6MRR_original_global_rotation_rx_180deg_rz_30deg_aligned.pdb,G:\Watermarker\Attack\3cases\Global_rotation\6MRR\two_angle_grid\6MRR_watermarked_npj_SB_global_rotation_rx_180deg_rz_30deg_aligned.pdb,0.00039583826616880523,0.0037063941651483607,01101110011100000110101000100000010100110100001000000000,npj SB,npj SB,100.0,True
6MRR,global_rotation_2angle_aligned,combined_xz_rotation_then_kabsch_alignment,180,60,rx_180deg_rz_60deg,G:\Watermarker\Attack\3cases\Global_rotation\6MRR\two_angle_grid\6MRR_original_global_rotation_rx_180deg_rz_60deg.pdb,G:\Watermarker\Attack\3cases\Global_rotation\6MRR\two_angle_grid\6MRR_watermarked_npj_SB_global_rotation_rx_180deg_rz_60deg.pdb,G:\Watermarker\Attack\3cases\Global_rotation\6MRR\two_angle_grid\6MRR_original_global_rotation_rx_180deg_rz_60deg_aligned.pdb,G:\Watermarker\Attack\3cases\Global_rotation\6MRR\two_angle_grid\6MRR_watermarked_npj_SB_global_rotation_rx_180deg_rz_60deg_aligned.pdb,0.000402746444914501,0.00378938806675315,01101110011100000110101000100000010100110100001000000000,npj SB,npj SB,100.0,True
6MRR,global_rotation_2angle_aligned,combined_xz_rotation_then_kabsch_alignment,180,90,rx_180deg_rz_90deg,G:\Watermarker\Attack\3cases\Global_rotation\6MRR\two_angle_grid\6MRR_original_global_rotation_rx_180deg_rz_90deg.pdb,G:\Watermarker\Attack\3cases\Global_rotation\6MRR\two_angle_grid\6MRR_watermarked_npj_SB_global_rotation_rx_180deg_rz_90deg.pdb,G:\Watermarker\Attack\3cases\Global_rotation\6MRR\two_angle_grid\6MRR_original_global_rotation_rx_180deg_rz_90deg_aligned.pdb,G:\Watermarker\Attack\3cases\Global_rotation\6MRR\two_angle_grid\6MRR_watermarked_npj_SB_global_rotation_rx_180deg_rz_90deg_aligned.pdb,4.461487550271877e-15,0.0037339922180532684,01101110011100000110101000100000010100110100001000000000,npj SB,npj SB,100.0,True
6MRR,global_rotation_2angle_aligned,combined_xz_rotation_then_kabsch_alignment,180,120,rx_180deg_rz_120deg,G:\Watermarker\Attack\3cases\Global_rotation\6MRR\two_angle_grid\6MRR_original_global_rotation_rx_180deg_rz_120deg.pdb,G:\Watermarker\Attack\3cases\Global_rotation\6MRR\two_angle_grid\6MRR_watermarked_npj_SB_global_rotation_rx_180deg_rz_120deg.pdb,G:\Watermarker\Attack\3cases\Global_rotation\6MRR\two_angle_grid\6MRR_original_global_rotation_rx_180deg_rz_120deg_aligned.pdb,G:\Watermarker\Attack\3cases\Global_rotation\6MRR\two_angle_grid\6MRR_watermarked_npj_SB_global_rotation_rx_180deg_rz_120deg_aligned.pdb,0.0004221013198976434,0.0037971075399648464,01101110011100000110101000100000010100110100001000000000,npj SB,npj SB,100.0,True
6MRR,global_rotation_2angle_aligned,combined_xz_rotation_then_kabsch_alignment,180,150,rx_180deg_rz_150deg,G:\Watermarker\Attack\3cases\Global_rotation\6MRR\two_angle_grid\6MRR_original_global_rotation_rx_180deg_rz_150deg.pdb,G:\Watermarker\Attack\3cases\Global_rotation\6MRR\two_angle_grid\6MRR_watermarked_npj_SB_global_rotation_rx_180deg_rz_150deg.pdb,G:\Watermarker\Attack\3cases\Global_rotation\6MRR\two_angle_grid\6MRR_original_global_rotation_rx_180deg_rz_150deg_aligned.pdb,G:\Watermarker\Attack\3cases\Global_rotation\6MRR\two_angle_grid\6MRR_watermarked_npj_SB_global_rotation_rx_180deg_rz_150deg_aligned.pdb,0.0003925860986996367,0.0037265811333243933,01101110011100000110101000100000010100110100001000000000,npj SB,npj SB,100.0,True
6MRR,global_rotation_2angle_aligned,combined_xz_rotation_then_kabsch_alignment,180,180,rx_180deg_rz_180deg,G:\Watermarker\Attack\3cases\Global_rotation\6MRR\two_angle_grid\6MRR_original_global_rotation_rx_180deg_rz_180deg.pdb,G:\Watermarker\Attack\3cases\Global_rotation\6MRR\two_angle_grid\6MRR_watermarked_npj_SB_global_rotation_rx_180deg_rz_180deg.pdb,G:\Watermarker\Attack\3cases\Global_rotation\6MRR\two_angle_grid\6MRR_original_global_rotation_rx_180deg_rz_180deg_aligned.pdb,G:\Watermarker\Attack\3cases\Global_rotation\6MRR\two_angle_grid\6MRR_watermarked_npj_SB_global_rotation_rx_180deg_rz_180deg_aligned.pdb,1.0609686104008125e-14,0.0037339922180535928,01101110011100000110101000100000010100110100001000000000,npj SB,npj SB,100.0,True
6MRR,global_rotation_2angle_aligned,combined_xz_rotation_then_kabsch_alignment,180,210,rx_180deg_rz_210deg,G:\Watermarker\Attack\3cases\Global_rotation\6MRR\two_angle_grid\6MRR_original_global_rotation_rx_180deg_rz_210deg.pdb,G:\Watermarker\Attack\3cases\Global_rotation\6MRR\two_angle_grid\6MRR_watermarked_npj_SB_global_rotation_rx_180deg_rz_210deg.pdb,G:\Watermarker\Attack\3cases\Global_rotation\6MRR\two_angle_grid\6MRR_original_global_rotation_rx_180deg_rz_210deg_aligned.pdb,G:\Watermarker\Attack\3cases\Global_rotation\6MRR\two_angle_grid\6MRR_watermarked_npj_SB_global_rotation_rx_180deg_rz_210deg_aligned.pdb,0.00039310943388300206,0.0037339415135905006,01101110011100000110101000100000010100110100001000000000,npj SB,npj SB,100.0,True
6MRR,global_rotation_2angle_aligned,combined_xz_rotation_then_kabsch_alignment,180,240,rx_180deg_rz_240deg,G:\Watermarker\Attack\3cases\Global_rotation\6MRR\two_angle_grid\6MRR_original_global_rotation_rx_180deg_rz_240deg.pdb,G:\Watermarker\Attack\3cases\Global_rotation\6MRR\two_angle_grid\6MRR_watermarked_npj_SB_global_rotation_rx_180deg_rz_240deg.pdb,G:\Watermarker\Attack\3cases\Global_rotation\6MRR\two_angle_grid\6MRR_original_global_rotation_rx_180deg_rz_240deg_aligned.pdb,G:\Watermarker\Attack\3cases\Global_rotation\6MRR\two_angle_grid\6MRR_watermarked_npj_SB_global_rotation_rx_180deg_rz_240deg_aligned.pdb,0.00040838357935914297,0.003786608936670763,01101110011100000110101000100000010100110100001000000000,npj SB,npj SB,100.0,True
6MRR,global_rotation_2angle_aligned,combined_xz_rotation_then_kabsch_alignment,180,270,rx_180deg_rz_270deg,G:\Watermarker\Attack\3cases\Global_rotation\6MRR\two_angle_grid\6MRR_original_global_rotation_rx_180deg_rz_270deg.pdb,G:\Watermarker\Attack\3cases\Global_rotation\6MRR\two_angle_grid\6MRR_watermarked_npj_SB_global_rotation_rx_180deg_rz_270deg.pdb,G:\Watermarker\Attack\3cases\Global_rotation\6MRR\two_angle_grid\6MRR_original_global_rotation_rx_180deg_rz_270deg_aligned.pdb,G:\Watermarker\Attack\3cases\Global_rotation\6MRR\two_angle_grid\6MRR_watermarked_npj_SB_global_rotation_rx_180deg_rz_270deg_aligned.pdb,1.0683684842603885e-14,0.0037339922180533638,01101110011100000110101000100000010100110100001000000000,npj SB,npj SB,100.0,True
6MRR,global_rotation_2angle_aligned,combined_xz_rotation_then_kabsch_alignment,180,300,rx_180deg_rz_300deg,G:\Watermarker\Attack\3cases\Global_rotation\6MRR\two_angle_grid\6MRR_original_global_rotation_rx_180deg_rz_300deg.pdb,G:\Watermarker\Attack\3cases\Global_rotation\6MRR\two_angle_grid\6MRR_watermarked_npj_SB_global_rotation_rx_180deg_rz_300deg.pdb,G:\Watermarker\Attack\3cases\Global_rotation\6MRR\two_angle_grid\6MRR_original_global_rotation_rx_180deg_rz_300deg_aligned.pdb,G:\Watermarker\Attack\3cases\Global_rotation\6MRR\two_angle_grid\6MRR_watermarked_npj_SB_global_rotation_rx_180deg_rz_300deg_aligned.pdb,0.00039772451620101966,0.003796196326028173,01101110011100000110101000100000010100110100001000000000,npj SB,npj SB,100.0,True
6MRR,global_rotation_2angle_aligned,combined_xz_rotation_then_kabsch_alignment,180,330,rx_180deg_rz_330deg,G:\Watermarker\Attack\3cases\Global_rotation\6MRR\two_angle_grid\6MRR_original_global_rotation_rx_180deg_rz_330deg.pdb,G:\Watermarker\Attack\3cases\Global_rotation\6MRR\two_angle_grid\6MRR_watermarked_npj_SB_global_rotation_rx_180deg_rz_330deg.pdb,G:\Watermarker\Attack\3cases\Global_rotation\6MRR\two_angle_grid\6MRR_original_global_rotation_rx_180deg_rz_330deg_aligned.pdb,G:\Watermarker\Attack\3cases\Global_rotation\6MRR\two_angle_grid\6MRR_watermarked_npj_SB_global_rotation_rx_180deg_rz_330deg_aligned.pdb,0.00039130329022755034,0.003721731287491906,01101110011100000110101000100000010100110100001000000000,npj SB,npj SB,100.0,True
6MRR,global_rotation_2angle_aligned,combined_xz_rotation_then_kabsch_alignment,180,360,rx_180deg_rz_360deg,G:\Watermarker\Attack\3cases\Global_rotation\6MRR\two_angle_grid\6MRR_original_global_rotation_rx_180deg_rz_360deg.pdb,G:\Watermarker\Attack\3cases\Global_rotation\6MRR\two_angle_grid\6MRR_watermarked_npj_SB_global_rotation_rx_180deg_rz_360deg.pdb,G:\Watermarker\Attack\3cases\Global_rotation\6MRR\two_angle_grid\6MRR_original_global_rotation_rx_180deg_rz_360deg_aligned.pdb,G:\Watermarker\Attack\3cases\Global_rotation\6MRR\two_angle_grid\6MRR_watermarked_npj_SB_global_rotation_rx_180deg_rz_360deg_aligned.pdb,4.727629953646109e-15,0.0037339922180535667,01101110011100000110101000100000010100110100001000000000,npj SB,npj SB,100.0,True
6MRR,global_rotation_2angle_aligned,combined_xz_rotation_then_kabsch_alignment,210,0,rx_210deg_rz_0deg,G:\Watermarker\Attack\3cases\Global_rotation\6MRR\two_angle_grid\6MRR_original_global_rotation_rx_210deg_rz_0deg.pdb,G:\Watermarker\Attack\3cases\Global_rotation\6MRR\two_angle_grid\6MRR_watermarked_npj_SB_global_rotation_rx_210deg_rz_0deg.pdb,G:\Watermarker\Attack\3cases\Global_rotation\6MRR\two_angle_grid\6MRR_original_global_rotation_rx_210deg_rz_0deg_aligned.pdb,G:\Watermarker\Attack\3cases\Global_rotation\6MRR\two_angle_grid\6MRR_watermarked_npj_SB_global_rotation_rx_210deg_rz_0deg_aligned.pdb,0.00042597795101388024,0.0037283089073153063,01101110011100000110101000100000010100110100001000000000,npj SB,npj SB,100.0,True
6MRR,global_rotation_2angle_aligned,combined_xz_rotation_then_kabsch_alignment,210,30,rx_210deg_rz_30deg,G:\Watermarker\Attack\3cases\Global_rotation\6MRR\two_angle_grid\6MRR_original_global_rotation_rx_210deg_rz_30deg.pdb,G:\Watermarker\Attack\3cases\Global_rotation\6MRR\two_angle_grid\6MRR_watermarked_npj_SB_global_rotation_rx_210deg_rz_30deg.pdb,G:\Watermarker\Attack\3cases\Global_rotation\6MRR\two_angle_grid\6MRR_original_global_rotation_rx_210deg_rz_30deg_aligned.pdb,G:\Watermarker\Attack\3cases\Global_rotation\6MRR\two_angle_grid\6MRR_watermarked_npj_SB_global_rotation_rx_210deg_rz_30deg_aligned.pdb,0.00048723588720050266,0.0037177367772099597,01101110011100000110101000100000010100110100001000000000,npj SB,npj SB,100.0,True
6MRR,global_rotation_2angle_aligned,combined_xz_rotation_then_kabsch_alignment,210,60,rx_210deg_rz_60deg,G:\Watermarker\Attack\3cases\Global_rotation\6MRR\two_angle_grid\6MRR_original_global_rotation_rx_210deg_rz_60deg.pdb,G:\Watermarker\Attack\3cases\Global_rotation\6MRR\two_angle_grid\6MRR_watermarked_npj_SB_global_rotation_rx_210deg_rz_60deg.pdb,G:\Watermarker\Attack\3cases\Global_rotation\6MRR\two_angle_grid\6MRR_original_global_rotation_rx_210deg_rz_60deg_aligned.pdb,G:\Watermarker\Attack\3cases\Global_rotation\6MRR\two_angle_grid\6MRR_watermarked_npj_SB_global_rotation_rx_210deg_rz_60deg_aligned.pdb,0.0005116519498752913,0.00374111020780844,01101110011100000110101000100000010100110100001000000000,npj SB,npj SB,100.0,True
6MRR,global_rotation_2angle_aligned,combined_xz_rotation_then_kabsch_alignment,210,90,rx_210deg_rz_90deg,G:\Watermarker\Attack\3cases\Global_rotation\6MRR\two_angle_grid\6MRR_original_global_rotation_rx_210deg_rz_90deg.pdb,G:\Watermarker\Attack\3cases\Global_rotation\6MRR\two_angle_grid\6MRR_watermarked_npj_SB_global_rotation_rx_210deg_rz_90deg.pdb,G:\Watermarker\Attack\3cases\Global_rotation\6MRR\two_angle_grid\6MRR_original_global_rotation_rx_210deg_rz_90deg_aligned.pdb,G:\Watermarker\Attack\3cases\Global_rotation\6MRR\two_angle_grid\6MRR_watermarked_npj_SB_global_rotation_rx_210deg_rz_90deg_aligned.pdb,0.000411093967822536,0.003741899297064884,01101110011100000110101000100000010100110100001000000000,npj SB,npj SB,100.0,True
6MRR,global_rotation_2angle_aligned,combined_xz_rotation_then_kabsch_alignment,210,120,rx_210deg_rz_120deg,G:\Watermarker\Attack\3cases\Global_rotation\6MRR\two_angle_grid\6MRR_original_global_rotation_rx_210deg_rz_120deg.pdb,G:\Watermarker\Attack\3cases\Global_rotation\6MRR\two_angle_grid\6MRR_watermarked_npj_SB_global_rotation_rx_210deg_rz_120deg.pdb,G:\Watermarker\Attack\3cases\Global_rotation\6MRR\two_angle_grid\6MRR_original_global_rotation_rx_210deg_rz_120deg_aligned.pdb,G:\Watermarker\Attack\3cases\Global_rotation\6MRR\two_angle_grid\6MRR_watermarked_npj_SB_global_rotation_rx_210deg_rz_120deg_aligned.pdb,0.0005278770353247796,0.003730121926436209,01101110011100000110101000100000010100110100001000000000,npj SB,npj SB,100.0,True
6MRR,global_rotation_2angle_aligned,combined_xz_rotation_then_kabsch_alignment,210,150,rx_210deg_rz_150deg,G:\Watermarker\Attack\3cases\Global_rotation\6MRR\two_angle_grid\6MRR_original_global_rotation_rx_210deg_rz_150deg.pdb,G:\Watermarker\Attack\3cases\Global_rotation\6MRR\two_angle_grid\6MRR_watermarked_npj_SB_global_rotation_rx_210deg_rz_150deg.pdb,G:\Watermarker\Attack\3cases\Global_rotation\6MRR\two_angle_grid\6MRR_original_global_rotation_rx_210deg_rz_150deg_aligned.pdb,G:\Watermarker\Attack\3cases\Global_rotation\6MRR\two_angle_grid\6MRR_watermarked_npj_SB_global_rotation_rx_210deg_rz_150deg_aligned.pdb,0.0005103354527975174,0.003769296605168674,01101110011100000110101000100000010100110100001000000000,npj SB,npj SB,100.0,True
6MRR,global_rotation_2angle_aligned,combined_xz_rotation_then_kabsch_alignment,210,180,rx_210deg_rz_180deg,G:\Watermarker\Attack\3cases\Global_rotation\6MRR\two_angle_grid\6MRR_original_global_rotation_rx_210deg_rz_180deg.pdb,G:\Watermarker\Attack\3cases\Global_rotation\6MRR\two_angle_grid\6MRR_watermarked_npj_SB_global_rotation_rx_210deg_rz_180deg.pdb,G:\Watermarker\Attack\3cases\Global_rotation\6MRR\two_angle_grid\6MRR_original_global_rotation_rx_210deg_rz_180deg_aligned.pdb,G:\Watermarker\Attack\3cases\Global_rotation\6MRR\two_angle_grid\6MRR_watermarked_npj_SB_global_rotation_rx_210deg_rz_180deg_aligned.pdb,0.00042447751549384404,0.0037387698198413123,01101110011100000110101000100000010100110100001000000000,npj SB,npj SB,100.0,True
6MRR,global_rotation_2angle_aligned,combined_xz_rotation_then_kabsch_alignment,210,210,rx_210deg_rz_210deg,G:\Watermarker\Attack\3cases\Global_rotation\6MRR\two_angle_grid\6MRR_original_global_rotation_rx_210deg_rz_210deg.pdb,G:\Watermarker\Attack\3cases\Global_rotation\6MRR\two_angle_grid\6MRR_watermarked_npj_SB_global_rotation_rx_210deg_rz_210deg.pdb,G:\Watermarker\Attack\3cases\Global_rotation\6MRR\two_angle_grid\6MRR_original_global_rotation_rx_210deg_rz_210deg_aligned.pdb,G:\Watermarker\Attack\3cases\Global_rotation\6MRR\two_angle_grid\6MRR_watermarked_npj_SB_global_rotation_rx_210deg_rz_210deg_aligned.pdb,0.0004921218087672191,0.00370435699458376,01101110011100000110101000100000010100110100001000000000,npj SB,npj SB,100.0,True
6MRR,global_rotation_2angle_aligned,combined_xz_rotation_then_kabsch_alignment,210,240,rx_210deg_rz_240deg,G:\Watermarker\Attack\3cases\Global_rotation\6MRR\two_angle_grid\6MRR_original_global_rotation_rx_210deg_rz_240deg.pdb,G:\Watermarker\Attack\3cases\Global_rotation\6MRR\two_angle_grid\6MRR_watermarked_npj_SB_global_rotation_rx_210deg_rz_240deg.pdb,G:\Watermarker\Attack\3cases\Global_rotation\6MRR\two_angle_grid\6MRR_original_global_rotation_rx_210deg_rz_240deg_aligned.pdb,G:\Watermarker\Attack\3cases\Global_rotation\6MRR\two_angle_grid\6MRR_watermarked_npj_SB_global_rotation_rx_210deg_rz_240deg_aligned.pdb,0.0005100909367313917,0.0037238189708933907,01101110011100000110101000100000010100110100001000000000,npj SB,npj SB,100.0,True
6MRR,global_rotation_2angle_aligned,combined_xz_rotation_then_kabsch_alignment,210,270,rx_210deg_rz_270deg,G:\Watermarker\Attack\3cases\Global_rotation\6MRR\two_angle_grid\6MRR_original_global_rotation_rx_210deg_rz_270deg.pdb,G:\Watermarker\Attack\3cases\Global_rotation\6MRR\two_angle_grid\6MRR_watermarked_npj_SB_global_rotation_rx_210deg_rz_270deg.pdb,G:\Watermarker\Attack\3cases\Global_rotation\6MRR\two_angle_grid\6MRR_original_global_rotation_rx_210deg_rz_270deg_aligned.pdb,G:\Watermarker\Attack\3cases\Global_rotation\6MRR\two_angle_grid\6MRR_watermarked_npj_SB_global_rotation_rx_210deg_rz_270deg_aligned.pdb,0.0004030099172007996,0.0037187539456263016,01101110011100000110101000100000010100110100001000000000,npj SB,npj SB,100.0,True
6MRR,global_rotation_2angle_aligned,combined_xz_rotation_then_kabsch_alignment,210,300,rx_210deg_rz_300deg,G:\Watermarker\Attack\3cases\Global_rotation\6MRR\two_angle_grid\6MRR_original_global_rotation_rx_210deg_rz_300deg.pdb,G:\Watermarker\Attack\3cases\Global_rotation\6MRR\two_angle_grid\6MRR_watermarked_npj_SB_global_rotation_rx_210deg_rz_300deg.pdb,G:\Watermarker\Attack\3cases\Global_rotation\6MRR\two_angle_grid\6MRR_original_global_rotation_rx_210deg_rz_300deg_aligned.pdb,G:\Watermarker\Attack\3cases\Global_rotation\6MRR\two_angle_grid\6MRR_watermarked_npj_SB_global_rotation_rx_210deg_rz_300deg_aligned.pdb,0.0005161683137874615,0.0037317970373094435,01101110011100000110101000100000010100110100001000000000,npj SB,npj SB,100.0,True
6MRR,global_rotation_2angle_aligned,combined_xz_rotation_then_kabsch_alignment,210,330,rx_210deg_rz_330deg,G:\Watermarker\Attack\3cases\Global_rotation\6MRR\two_angle_grid\6MRR_original_global_rotation_rx_210deg_rz_330deg.pdb,G:\Watermarker\Attack\3cases\Global_rotation\6MRR\two_angle_grid\6MRR_watermarked_npj_SB_global_rotation_rx_210deg_rz_330deg.pdb,G:\Watermarker\Attack\3cases\Global_rotation\6MRR\two_angle_grid\6MRR_original_global_rotation_rx_210deg_rz_330deg_aligned.pdb,G:\Watermarker\Attack\3cases\Global_rotation\6MRR\two_angle_grid\6MRR_watermarked_npj_SB_global_rotation_rx_210deg_rz_330deg_aligned.pdb,0.0005006368556209677,0.0037381109090273952,01101110011100000110101000100000010100110100001000000000,npj SB,npj SB,100.0,True
6MRR,global_rotation_2angle_aligned,combined_xz_rotation_then_kabsch_alignment,210,360,rx_210deg_rz_360deg,G:\Watermarker\Attack\3cases\Global_rotation\6MRR\two_angle_grid\6MRR_original_global_rotation_rx_210deg_rz_360deg.pdb,G:\Watermarker\Attack\3cases\Global_rotation\6MRR\two_angle_grid\6MRR_watermarked_npj_SB_global_rotation_rx_210deg_rz_360deg.pdb,G:\Watermarker\Attack\3cases\Global_rotation\6MRR\two_angle_grid\6MRR_original_global_rotation_rx_210deg_rz_360deg_aligned.pdb,G:\Watermarker\Attack\3cases\Global_rotation\6MRR\two_angle_grid\6MRR_watermarked_npj_SB_global_rotation_rx_210deg_rz_360deg_aligned.pdb,0.00042597795101388024,0.0037283089073153063,01101110011100000110101000100000010100110100001000000000,npj SB,npj SB,100.0,True
6MRR,global_rotation_2angle_aligned,combined_xz_rotation_then_kabsch_alignment,240,0,rx_240deg_rz_0deg,G:\Watermarker\Attack\3cases\Global_rotation\6MRR\two_angle_grid\6MRR_original_global_rotation_rx_240deg_rz_0deg.pdb,G:\Watermarker\Attack\3cases\Global_rotation\6MRR\two_angle_grid\6MRR_watermarked_npj_SB_global_rotation_rx_240deg_rz_0deg.pdb,G:\Watermarker\Attack\3cases\Global_rotation\6MRR\two_angle_grid\6MRR_original_global_rotation_rx_240deg_rz_0deg_aligned.pdb,G:\Watermarker\Attack\3cases\Global_rotation\6MRR\two_angle_grid\6MRR_watermarked_npj_SB_global_rotation_rx_240deg_rz_0deg_aligned.pdb,0.00037344100595882547,0.0037442682836137,01101110011100000110101000100000010100110100001000000000,npj SB,npj SB,100.0,True
6MRR,global_rotation_2angle_aligned,combined_xz_rotation_then_kabsch_alignment,240,30,rx_240deg_rz_30deg,G:\Watermarker\Attack\3cases\Global_rotation\6MRR\two_angle_grid\6MRR_original_global_rotation_rx_240deg_rz_30deg.pdb,G:\Watermarker\Attack\3cases\Global_rotation\6MRR\two_angle_grid\6MRR_watermarked_npj_SB_global_rotation_rx_240deg_rz_30deg.pdb,G:\Watermarker\Attack\3cases\Global_rotation\6MRR\two_angle_grid\6MRR_original_global_rotation_rx_240deg_rz_30deg_aligned.pdb,G:\Watermarker\Attack\3cases\Global_rotation\6MRR\two_angle_grid\6MRR_watermarked_npj_SB_global_rotation_rx_240deg_rz_30deg_aligned.pdb,0.0004951447626149557,0.003751650146549339,01101110011100000110101000100000010100110100001000000000,npj SB,npj SB,100.0,True
6MRR,global_rotation_2angle_aligned,combined_xz_rotation_then_kabsch_alignment,240,60,rx_240deg_rz_60deg,G:\Watermarker\Attack\3cases\Global_rotation\6MRR\two_angle_grid\6MRR_original_global_rotation_rx_240deg_rz_60deg.pdb,G:\Watermarker\Attack\3cases\Global_rotation\6MRR\two_angle_grid\6MRR_watermarked_npj_SB_global_rotation_rx_240deg_rz_60deg.pdb,G:\Watermarker\Attack\3cases\Global_rotation\6MRR\two_angle_grid\6MRR_original_global_rotation_rx_240deg_rz_60deg_aligned.pdb,G:\Watermarker\Attack\3cases\Global_rotation\6MRR\two_angle_grid\6MRR_watermarked_npj_SB_global_rotation_rx_240deg_rz_60deg_aligned.pdb,0.0004809868777822534,0.0037598243453392417,01101110011100000110101000100000010100110100001000000000,npj SB,npj SB,100.0,True
6MRR,global_rotation_2angle_aligned,combined_xz_rotation_then_kabsch_alignment,240,90,rx_240deg_rz_90deg,G:\Watermarker\Attack\3cases\Global_rotation\6MRR\two_angle_grid\6MRR_original_global_rotation_rx_240deg_rz_90deg.pdb,G:\Watermarker\Attack\3cases\Global_rotation\6MRR\two_angle_grid\6MRR_watermarked_npj_SB_global_rotation_rx_240deg_rz_90deg.pdb,G:\Watermarker\Attack\3cases\Global_rotation\6MRR\two_angle_grid\6MRR_original_global_rotation_rx_240deg_rz_90deg_aligned.pdb,G:\Watermarker\Attack\3cases\Global_rotation\6MRR\two_angle_grid\6MRR_watermarked_npj_SB_global_rotation_rx_240deg_rz_90deg_aligned.pdb,0.0003833260621404503,0.003727336525374794,01101110011100000110101000100000010100110100001000000000,npj SB,npj SB,100.0,True
6MRR,global_rotation_2angle_aligned,combined_xz_rotation_then_kabsch_alignment,240,120,rx_240deg_rz_120deg,G:\Watermarker\Attack\3cases\Global_rotation\6MRR\two_angle_grid\6MRR_original_global_rotation_rx_240deg_rz_120deg.pdb,G:\Watermarker\Attack\3cases\Global_rotation\6MRR\two_angle_grid\6MRR_watermarked_npj_SB_global_rotation_rx_240deg_rz_120deg.pdb,G:\Watermarker\Attack\3cases\Global_rotation\6MRR\two_angle_grid\6MRR_original_global_rotation_rx_240deg_rz_120deg_aligned.pdb,G:\Watermarker\Attack\3cases\Global_rotation\6MRR\two_angle_grid\6MRR_watermarked_npj_SB_global_rotation_rx_240deg_rz_120deg_aligned.pdb,0.00045999049643589165,0.0037248640732999187,01101110011100000110101000100000010100110100001000000000,npj SB,npj SB,100.0,True
6MRR,global_rotation_2angle_aligned,combined_xz_rotation_then_kabsch_alignment,240,150,rx_240deg_rz_150deg,G:\Watermarker\Attack\3cases\Global_rotation\6MRR\two_angle_grid\6MRR_original_global_rotation_rx_240deg_rz_150deg.pdb,G:\Watermarker\Attack\3cases\Global_rotation\6MRR\two_angle_grid\6MRR_watermarked_npj_SB_global_rotation_rx_240deg_rz_150deg.pdb,G:\Watermarker\Attack\3cases\Global_rotation\6MRR\two_angle_grid\6MRR_original_global_rotation_rx_240deg_rz_150deg_aligned.pdb,G:\Watermarker\Attack\3cases\Global_rotation\6MRR\two_angle_grid\6MRR_watermarked_npj_SB_global_rotation_rx_240deg_rz_150deg_aligned.pdb,0.0004636800299951307,0.003738279453867686,01101110011100000110101000100000010100110100001000000000,npj SB,npj SB,100.0,True
6MRR,global_rotation_2angle_aligned,combined_xz_rotation_then_kabsch_alignment,240,180,rx_240deg_rz_180deg,G:\Watermarker\Attack\3cases\Global_rotation\6MRR\two_angle_grid\6MRR_original_global_rotation_rx_240deg_rz_180deg.pdb,G:\Watermarker\Attack\3cases\Global_rotation\6MRR\two_angle_grid\6MRR_watermarked_npj_SB_global_rotation_rx_240deg_rz_180deg.pdb,G:\Watermarker\Attack\3cases\Global_rotation\6MRR\two_angle_grid\6MRR_original_global_rotation_rx_240deg_rz_180deg_aligned.pdb,G:\Watermarker\Attack\3cases\Global_rotation\6MRR\two_angle_grid\6MRR_watermarked_npj_SB_global_rotation_rx_240deg_rz_180deg_aligned.pdb,0.00037537225481330984,0.003744576334277039,01101110011100000110101000100000010100110100001000000000,npj SB,npj SB,100.0,True
6MRR,global_rotation_2angle_aligned,combined_xz_rotation_then_kabsch_alignment,240,210,rx_240deg_rz_210deg,G:\Watermarker\Attack\3cases\Global_rotation\6MRR\two_angle_grid\6MRR_original_global_rotation_rx_240deg_rz_210deg.pdb,G:\Watermarker\Attack\3cases\Global_rotation\6MRR\two_angle_grid\6MRR_watermarked_npj_SB_global_rotation_rx_240deg_rz_210deg.pdb,G:\Watermarker\Attack\3cases\Global_rotation\6MRR\two_angle_grid\6MRR_original_global_rotation_rx_240deg_rz_210deg_aligned.pdb,G:\Watermarker\Attack\3cases\Global_rotation\6MRR\two_angle_grid\6MRR_watermarked_npj_SB_global_rotation_rx_240deg_rz_210deg_aligned.pdb,0.0004963857184448654,0.0037107140555719086,01101110011100000110101000100000010100110100001000000000,npj SB,npj SB,100.0,True
6MRR,global_rotation_2angle_aligned,combined_xz_rotation_then_kabsch_alignment,240,240,rx_240deg_rz_240deg,G:\Watermarker\Attack\3cases\Global_rotation\6MRR\two_angle_grid\6MRR_original_global_rotation_rx_240deg_rz_240deg.pdb,G:\Watermarker\Attack\3cases\Global_rotation\6MRR\two_angle_grid\6MRR_watermarked_npj_SB_global_rotation_rx_240deg_rz_240deg.pdb,G:\Watermarker\Attack\3cases\Global_rotation\6MRR\two_angle_grid\6MRR_original_global_rotation_rx_240deg_rz_240deg_aligned.pdb,G:\Watermarker\Attack\3cases\Global_rotation\6MRR\two_angle_grid\6MRR_watermarked_npj_SB_global_rotation_rx_240deg_rz_240deg_aligned.pdb,0.000478666860334554,0.0037292868970179647,01101110011100000110101000100000010100110100001000000000,npj SB,npj SB,100.0,True
6MRR,global_rotation_2angle_aligned,combined_xz_rotation_then_kabsch_alignment,240,270,rx_240deg_rz_270deg,G:\Watermarker\Attack\3cases\Global_rotation\6MRR\two_angle_grid\6MRR_original_global_rotation_rx_240deg_rz_270deg.pdb,G:\Watermarker\Attack\3cases\Global_rotation\6MRR\two_angle_grid\6MRR_watermarked_npj_SB_global_rotation_rx_240deg_rz_270deg.pdb,G:\Watermarker\Attack\3cases\Global_rotation\6MRR\two_angle_grid\6MRR_original_global_rotation_rx_240deg_rz_270deg_aligned.pdb,G:\Watermarker\Attack\3cases\Global_rotation\6MRR\two_angle_grid\6MRR_watermarked_npj_SB_global_rotation_rx_240deg_rz_270deg_aligned.pdb,0.000403397324562945,0.003702855516939559,01101110011100000110101000100000010100110100001000000000,npj SB,npj SB,100.0,True
6MRR,global_rotation_2angle_aligned,combined_xz_rotation_then_kabsch_alignment,240,300,rx_240deg_rz_300deg,G:\Watermarker\Attack\3cases\Global_rotation\6MRR\two_angle_grid\6MRR_original_global_rotation_rx_240deg_rz_300deg.pdb,G:\Watermarker\Attack\3cases\Global_rotation\6MRR\two_angle_grid\6MRR_watermarked_npj_SB_global_rotation_rx_240deg_rz_300deg.pdb,G:\Watermarker\Attack\3cases\Global_rotation\6MRR\two_angle_grid\6MRR_original_global_rotation_rx_240deg_rz_300deg_aligned.pdb,G:\Watermarker\Attack\3cases\Global_rotation\6MRR\two_angle_grid\6MRR_watermarked_npj_SB_global_rotation_rx_240deg_rz_300deg_aligned.pdb,0.0004506423671719423,0.003729112619717148,01101110011100000110101000100000010100110100001000000000,npj SB,npj SB,100.0,True
6MRR,global_rotation_2angle_aligned,combined_xz_rotation_then_kabsch_alignment,240,330,rx_240deg_rz_330deg,G:\Watermarker\Attack\3cases\Global_rotation\6MRR\two_angle_grid\6MRR_original_global_rotation_rx_240deg_rz_330deg.pdb,G:\Watermarker\Attack\3cases\Global_rotation\6MRR\two_angle_grid\6MRR_watermarked_npj_SB_global_rotation_rx_240deg_rz_330deg.pdb,G:\Watermarker\Attack\3cases\Global_rotation\6MRR\two_angle_grid\6MRR_original_global_rotation_rx_240deg_rz_330deg_aligned.pdb,G:\Watermarker\Attack\3cases\Global_rotation\6MRR\two_angle_grid\6MRR_watermarked_npj_SB_global_rotation_rx_240deg_rz_330deg_aligned.pdb,0.0004737933201040594,0.003743597851453664,01101110011100000110101000100000010100110100001000000000,npj SB,npj SB,100.0,True
6MRR,global_rotation_2angle_aligned,combined_xz_rotation_then_kabsch_alignment,240,360,rx_240deg_rz_360deg,G:\Watermarker\Attack\3cases\Global_rotation\6MRR\two_angle_grid\6MRR_original_global_rotation_rx_240deg_rz_360deg.pdb,G:\Watermarker\Attack\3cases\Global_rotation\6MRR\two_angle_grid\6MRR_watermarked_npj_SB_global_rotation_rx_240deg_rz_360deg.pdb,G:\Watermarker\Attack\3cases\Global_rotation\6MRR\two_angle_grid\6MRR_original_global_rotation_rx_240deg_rz_360deg_aligned.pdb,G:\Watermarker\Attack\3cases\Global_rotation\6MRR\two_angle_grid\6MRR_watermarked_npj_SB_global_rotation_rx_240deg_rz_360deg_aligned.pdb,0.00037344100595882547,0.0037442682836137,01101110011100000110101000100000010100110100001000000000,npj SB,npj SB,100.0,True
6MRR,global_rotation_2angle_aligned,combined_xz_rotation_then_kabsch_alignment,270,0,rx_270deg_rz_0deg,G:\Watermarker\Attack\3cases\Global_rotation\6MRR\two_angle_grid\6MRR_original_global_rotation_rx_270deg_rz_0deg.pdb,G:\Watermarker\Attack\3cases\Global_rotation\6MRR\two_angle_grid\6MRR_watermarked_npj_SB_global_rotation_rx_270deg_rz_0deg.pdb,G:\Watermarker\Attack\3cases\Global_rotation\6MRR\two_angle_grid\6MRR_original_global_rotation_rx_270deg_rz_0deg_aligned.pdb,G:\Watermarker\Attack\3cases\Global_rotation\6MRR\two_angle_grid\6MRR_watermarked_npj_SB_global_rotation_rx_270deg_rz_0deg_aligned.pdb,4.115485030822533e-15,0.003733992218053368,01101110011100000110101000100000010100110100001000000000,npj SB,npj SB,100.0,True
6MRR,global_rotation_2angle_aligned,combined_xz_rotation_then_kabsch_alignment,270,30,rx_270deg_rz_30deg,G:\Watermarker\Attack\3cases\Global_rotation\6MRR\two_angle_grid\6MRR_original_global_rotation_rx_270deg_rz_30deg.pdb,G:\Watermarker\Attack\3cases\Global_rotation\6MRR\two_angle_grid\6MRR_watermarked_npj_SB_global_rotation_rx_270deg_rz_30deg.pdb,G:\Watermarker\Attack\3cases\Global_rotation\6MRR\two_angle_grid\6MRR_original_global_rotation_rx_270deg_rz_30deg_aligned.pdb,G:\Watermarker\Attack\3cases\Global_rotation\6MRR\two_angle_grid\6MRR_watermarked_npj_SB_global_rotation_rx_270deg_rz_30deg_aligned.pdb,0.0004307461020776813,0.0037813748503796015,01101110011100000110101000100000010100110100001000000000,npj SB,npj SB,100.0,True
6MRR,global_rotation_2angle_aligned,combined_xz_rotation_then_kabsch_alignment,270,60,rx_270deg_rz_60deg,G:\Watermarker\Attack\3cases\Global_rotation\6MRR\two_angle_grid\6MRR_original_global_rotation_rx_270deg_rz_60deg.pdb,G:\Watermarker\Attack\3cases\Global_rotation\6MRR\two_angle_grid\6MRR_watermarked_npj_SB_global_rotation_rx_270deg_rz_60deg.pdb,G:\Watermarker\Attack\3cases\Global_rotation\6MRR\two_angle_grid\6MRR_original_global_rotation_rx_270deg_rz_60deg_aligned.pdb,G:\Watermarker\Attack\3cases\Global_rotation\6MRR\two_angle_grid\6MRR_watermarked_npj_SB_global_rotation_rx_270deg_rz_60deg_aligned.pdb,0.0004137612447294118,0.003738569006379524,01101110011100000110101000100000010100110100001000000000,npj SB,npj SB,100.0,True
6MRR,global_rotation_2angle_aligned,combined_xz_rotation_then_kabsch_alignment,270,90,rx_270deg_rz_90deg,G:\Watermarker\Attack\3cases\Global_rotation\6MRR\two_angle_grid\6MRR_original_global_rotation_rx_270deg_rz_90deg.pdb,G:\Watermarker\Attack\3cases\Global_rotation\6MRR\two_angle_grid\6MRR_watermarked_npj_SB_global_rotation_rx_270deg_rz_90deg.pdb,G:\Watermarker\Attack\3cases\Global_rotation\6MRR\two_angle_grid\6MRR_original_global_rotation_rx_270deg_rz_90deg_aligned.pdb,G:\Watermarker\Attack\3cases\Global_rotation\6MRR\two_angle_grid\6MRR_watermarked_npj_SB_global_rotation_rx_270deg_rz_90deg_aligned.pdb,8.946685935735591e-15,0.003733992218053872,01101110011100000110101000100000010100110100001000000000,npj SB,npj SB,100.0,True
6MRR,global_rotation_2angle_aligned,combined_xz_rotation_then_kabsch_alignment,270,120,rx_270deg_rz_120deg,G:\Watermarker\Attack\3cases\Global_rotation\6MRR\two_angle_grid\6MRR_original_global_rotation_rx_270deg_rz_120deg.pdb,G:\Watermarker\Attack\3cases\Global_rotation\6MRR\two_angle_grid\6MRR_watermarked_npj_SB_global_rotation_rx_270deg_rz_120deg.pdb,G:\Watermarker\Attack\3cases\Global_rotation\6MRR\two_angle_grid\6MRR_original_global_rotation_rx_270deg_rz_120deg_aligned.pdb,G:\Watermarker\Attack\3cases\Global_rotation\6MRR\two_angle_grid\6MRR_watermarked_npj_SB_global_rotation_rx_270deg_rz_120deg_aligned.pdb,0.0003796967200613907,0.0037429243401502195,01101110011100000110101000100000010100110100001000000000,npj SB,npj SB,100.0,True
6MRR,global_rotation_2angle_aligned,combined_xz_rotation_then_kabsch_alignment,270,150,rx_270deg_rz_150deg,G:\Watermarker\Attack\3cases\Global_rotation\6MRR\two_angle_grid\6MRR_original_global_rotation_rx_270deg_rz_150deg.pdb,G:\Watermarker\Attack\3cases\Global_rotation\6MRR\two_angle_grid\6MRR_watermarked_npj_SB_global_rotation_rx_270deg_rz_150deg.pdb,G:\Watermarker\Attack\3cases\Global_rotation\6MRR\two_angle_grid\6MRR_original_global_rotation_rx_270deg_rz_150deg_aligned.pdb,G:\Watermarker\Attack\3cases\Global_rotation\6MRR\two_angle_grid\6MRR_watermarked_npj_SB_global_rotation_rx_270deg_rz_150deg_aligned.pdb,0.0003812128930438733,0.0037520569942097472,01101110011100000110101000100000010100110100001000000000,npj SB,npj SB,100.0,True
6MRR,global_rotation_2angle_aligned,combined_xz_rotation_then_kabsch_alignment,270,180,rx_270deg_rz_180deg,G:\Watermarker\Attack\3cases\Global_rotation\6MRR\two_angle_grid\6MRR_original_global_rotation_rx_270deg_rz_180deg.pdb,G:\Watermarker\Attack\3cases\Global_rotation\6MRR\two_angle_grid\6MRR_watermarked_npj_SB_global_rotation_rx_270deg_rz_180deg.pdb,G:\Watermarker\Attack\3cases\Global_rotation\6MRR\two_angle_grid\6MRR_original_global_rotation_rx_270deg_rz_180deg_aligned.pdb,G:\Watermarker\Attack\3cases\Global_rotation\6MRR\two_angle_grid\6MRR_watermarked_npj_SB_global_rotation_rx_270deg_rz_180deg_aligned.pdb,9.64748129246266e-15,0.0037339922180537853,01101110011100000110101000100000010100110100001000000000,npj SB,npj SB,100.0,True
6MRR,global_rotation_2angle_aligned,combined_xz_rotation_then_kabsch_alignment,270,210,rx_270deg_rz_210deg,G:\Watermarker\Attack\3cases\Global_rotation\6MRR\two_angle_grid\6MRR_original_global_rotation_rx_270deg_rz_210deg.pdb,G:\Watermarker\Attack\3cases\Global_rotation\6MRR\two_angle_grid\6MRR_watermarked_npj_SB_global_rotation_rx_270deg_rz_210deg.pdb,G:\Watermarker\Attack\3cases\Global_rotation\6MRR\two_angle_grid\6MRR_original_global_rotation_rx_270deg_rz_210deg_aligned.pdb,G:\Watermarker\Attack\3cases\Global_rotation\6MRR\two_angle_grid\6MRR_watermarked_npj_SB_global_rotation_rx_270deg_rz_210deg_aligned.pdb,0.00042604102314433974,0.0037658984402294668,01101110011100000110101000100000010100110100001000000000,npj SB,npj SB,100.0,True
6MRR,global_rotation_2angle_aligned,combined_xz_rotation_then_kabsch_alignment,270,240,rx_270deg_rz_240deg,G:\Watermarker\Attack\3cases\Global_rotation\6MRR\two_angle_grid\6MRR_original_global_rotation_rx_270deg_rz_240deg.pdb,G:\Watermarker\Attack\3cases\Global_rotation\6MRR\two_angle_grid\6MRR_watermarked_npj_SB_global_rotation_rx_270deg_rz_240deg.pdb,G:\Watermarker\Attack\3cases\Global_rotation\6MRR\two_angle_grid\6MRR_original_global_rotation_rx_270deg_rz_240deg_aligned.pdb,G:\Watermarker\Attack\3cases\Global_rotation\6MRR\two_angle_grid\6MRR_watermarked_npj_SB_global_rotation_rx_270deg_rz_240deg_aligned.pdb,0.00042081091442866856,0.0037261862360422698,01101110011100000110101000100000010100110100001000000000,npj SB,npj SB,100.0,True
6MRR,global_rotation_2angle_aligned,combined_xz_rotation_then_kabsch_alignment,270,270,rx_270deg_rz_270deg,G:\Watermarker\Attack\3cases\Global_rotation\6MRR\two_angle_grid\6MRR_original_global_rotation_rx_270deg_rz_270deg.pdb,G:\Watermarker\Attack\3cases\Global_rotation\6MRR\two_angle_grid\6MRR_watermarked_npj_SB_global_rotation_rx_270deg_rz_270deg.pdb,G:\Watermarker\Attack\3cases\Global_rotation\6MRR\two_angle_grid\6MRR_original_global_rotation_rx_270deg_rz_270deg_aligned.pdb,G:\Watermarker\Attack\3cases\Global_rotation\6MRR\two_angle_grid\6MRR_watermarked_npj_SB_global_rotation_rx_270deg_rz_270deg_aligned.pdb,4.959653063845146e-15,0.0037339922180534275,01101110011100000110101000100000010100110100001000000000,npj SB,npj SB,100.0,True
6MRR,global_rotation_2angle_aligned,combined_xz_rotation_then_kabsch_alignment,270,300,rx_270deg_rz_300deg,G:\Watermarker\Attack\3cases\Global_rotation\6MRR\two_angle_grid\6MRR_original_global_rotation_rx_270deg_rz_300deg.pdb,G:\Watermarker\Attack\3cases\Global_rotation\6MRR\two_angle_grid\6MRR_watermarked_npj_SB_global_rotation_rx_270deg_rz_300deg.pdb,G:\Watermarker\Attack\3cases\Global_rotation\6MRR\two_angle_grid\6MRR_original_global_rotation_rx_270deg_rz_300deg_aligned.pdb,G:\Watermarker\Attack\3cases\Global_rotation\6MRR\two_angle_grid\6MRR_watermarked_npj_SB_global_rotation_rx_270deg_rz_300deg_aligned.pdb,0.0003812490633380883,0.0037218568232354186,01101110011100000110101000100000010100110100001000000000,npj SB,npj SB,100.0,True
6MRR,global_rotation_2angle_aligned,combined_xz_rotation_then_kabsch_alignment,270,330,rx_270deg_rz_330deg,G:\Watermarker\Attack\3cases\Global_rotation\6MRR\two_angle_grid\6MRR_original_global_rotation_rx_270deg_rz_330deg.pdb,G:\Watermarker\Attack\3cases\Global_rotation\6MRR\two_angle_grid\6MRR_watermarked_npj_SB_global_rotation_rx_270deg_rz_330deg.pdb,G:\Watermarker\Attack\3cases\Global_rotation\6MRR\two_angle_grid\6MRR_original_global_rotation_rx_270deg_rz_330deg_aligned.pdb,G:\Watermarker\Attack\3cases\Global_rotation\6MRR\two_angle_grid\6MRR_watermarked_npj_SB_global_rotation_rx_270deg_rz_330deg_aligned.pdb,0.00039669045772631323,0.0037724818408241354,01101110011100000110101000100000010100110100001000000000,npj SB,npj SB,100.0,True
6MRR,global_rotation_2angle_aligned,combined_xz_rotation_then_kabsch_alignment,270,360,rx_270deg_rz_360deg,G:\Watermarker\Attack\3cases\Global_rotation\6MRR\two_angle_grid\6MRR_original_global_rotation_rx_270deg_rz_360deg.pdb,G:\Watermarker\Attack\3cases\Global_rotation\6MRR\two_angle_grid\6MRR_watermarked_npj_SB_global_rotation_rx_270deg_rz_360deg.pdb,G:\Watermarker\Attack\3cases\Global_rotation\6MRR\two_angle_grid\6MRR_original_global_rotation_rx_270deg_rz_360deg_aligned.pdb,G:\Watermarker\Attack\3cases\Global_rotation\6MRR\two_angle_grid\6MRR_watermarked_npj_SB_global_rotation_rx_270deg_rz_360deg_aligned.pdb,4.115485030822533e-15,0.003733992218053368,01101110011100000110101000100000010100110100001000000000,npj SB,npj SB,100.0,True
6MRR,global_rotation_2angle_aligned,combined_xz_rotation_then_kabsch_alignment,300,0,rx_300deg_rz_0deg,G:\Watermarker\Attack\3cases\Global_rotation\6MRR\two_angle_grid\6MRR_original_global_rotation_rx_300deg_rz_0deg.pdb,G:\Watermarker\Attack\3cases\Global_rotation\6MRR\two_angle_grid\6MRR_watermarked_npj_SB_global_rotation_rx_300deg_rz_0deg.pdb,G:\Watermarker\Attack\3cases\Global_rotation\6MRR\two_angle_grid\6MRR_original_global_rotation_rx_300deg_rz_0deg_aligned.pdb,G:\Watermarker\Attack\3cases\Global_rotation\6MRR\two_angle_grid\6MRR_watermarked_npj_SB_global_rotation_rx_300deg_rz_0deg_aligned.pdb,0.0003999771951753308,0.003797209879759629,01101110011100000110101000100000010100110100001000000000,npj SB,npj SB,100.0,True
6MRR,global_rotation_2angle_aligned,combined_xz_rotation_then_kabsch_alignment,300,30,rx_300deg_rz_30deg,G:\Watermarker\Attack\3cases\Global_rotation\6MRR\two_angle_grid\6MRR_original_global_rotation_rx_300deg_rz_30deg.pdb,G:\Watermarker\Attack\3cases\Global_rotation\6MRR\two_angle_grid\6MRR_watermarked_npj_SB_global_rotation_rx_300deg_rz_30deg.pdb,G:\Watermarker\Attack\3cases\Global_rotation\6MRR\two_angle_grid\6MRR_original_global_rotation_rx_300deg_rz_30deg_aligned.pdb,G:\Watermarker\Attack\3cases\Global_rotation\6MRR\two_angle_grid\6MRR_watermarked_npj_SB_global_rotation_rx_300deg_rz_30deg_aligned.pdb,0.0004933602324247752,0.0038009902443405116,01101110011100000110101000100000010100110100001000000000,npj SB,npj SB,100.0,True
6MRR,global_rotation_2angle_aligned,combined_xz_rotation_then_kabsch_alignment,300,60,rx_300deg_rz_60deg,G:\Watermarker\Attack\3cases\Global_rotation\6MRR\two_angle_grid\6MRR_original_global_rotation_rx_300deg_rz_60deg.pdb,G:\Watermarker\Attack\3cases\Global_rotation\6MRR\two_angle_grid\6MRR_watermarked_npj_SB_global_rotation_rx_300deg_rz_60deg.pdb,G:\Watermarker\Attack\3cases\Global_rotation\6MRR\two_angle_grid\6MRR_original_global_rotation_rx_300deg_rz_60deg_aligned.pdb,G:\Watermarker\Attack\3cases\Global_rotation\6MRR\two_angle_grid\6MRR_watermarked_npj_SB_global_rotation_rx_300deg_rz_60deg_aligned.pdb,0.0004914681848557267,0.0037774516931844337,01101110011100000110101000100000010100110100001000000000,npj SB,npj SB,100.0,True
6MRR,global_rotation_2angle_aligned,combined_xz_rotation_then_kabsch_alignment,300,90,rx_300deg_rz_90deg,G:\Watermarker\Attack\3cases\Global_rotation\6MRR\two_angle_grid\6MRR_original_global_rotation_rx_300deg_rz_90deg.pdb,G:\Watermarker\Attack\3cases\Global_rotation\6MRR\two_angle_grid\6MRR_watermarked_npj_SB_global_rotation_rx_300deg_rz_90deg.pdb,G:\Watermarker\Attack\3cases\Global_rotation\6MRR\two_angle_grid\6MRR_original_global_rotation_rx_300deg_rz_90deg_aligned.pdb,G:\Watermarker\Attack\3cases\Global_rotation\6MRR\two_angle_grid\6MRR_watermarked_npj_SB_global_rotation_rx_300deg_rz_90deg_aligned.pdb,0.0004075270281028252,0.003760105606653999,01101110011100000110101000100000010100110100001000000000,npj SB,npj SB,100.0,True
6MRR,global_rotation_2angle_aligned,combined_xz_rotation_then_kabsch_alignment,300,120,rx_300deg_rz_120deg,G:\Watermarker\Attack\3cases\Global_rotation\6MRR\two_angle_grid\6MRR_original_global_rotation_rx_300deg_rz_120deg.pdb,G:\Watermarker\Attack\3cases\Global_rotation\6MRR\two_angle_grid\6MRR_watermarked_npj_SB_global_rotation_rx_300deg_rz_120deg.pdb,G:\Watermarker\Attack\3cases\Global_rotation\6MRR\two_angle_grid\6MRR_original_global_rotation_rx_300deg_rz_120deg_aligned.pdb,G:\Watermarker\Attack\3cases\Global_rotation\6MRR\two_angle_grid\6MRR_watermarked_npj_SB_global_rotation_rx_300deg_rz_120deg_aligned.pdb,0.0005132093646979935,0.0037215865118026435,01101110011100000110101000100000010100110100001000000000,npj SB,npj SB,100.0,True
6MRR,global_rotation_2angle_aligned,combined_xz_rotation_then_kabsch_alignment,300,150,rx_300deg_rz_150deg,G:\Watermarker\Attack\3cases\Global_rotation\6MRR\two_angle_grid\6MRR_original_global_rotation_rx_300deg_rz_150deg.pdb,G:\Watermarker\Attack\3cases\Global_rotation\6MRR\two_angle_grid\6MRR_watermarked_npj_SB_global_rotation_rx_300deg_rz_150deg.pdb,G:\Watermarker\Attack\3cases\Global_rotation\6MRR\two_angle_grid\6MRR_original_global_rotation_rx_300deg_rz_150deg_aligned.pdb,G:\Watermarker\Attack\3cases\Global_rotation\6MRR\two_angle_grid\6MRR_watermarked_npj_SB_global_rotation_rx_300deg_rz_150deg_aligned.pdb,0.0004827057633590402,0.003766337568362377,01101110011100000110101000100000010100110100001000000000,npj SB,npj SB,100.0,True
6MRR,global_rotation_2angle_aligned,combined_xz_rotation_then_kabsch_alignment,300,180,rx_300deg_rz_180deg,G:\Watermarker\Attack\3cases\Global_rotation\6MRR\two_angle_grid\6MRR_original_global_rotation_rx_300deg_rz_180deg.pdb,G:\Watermarker\Attack\3cases\Global_rotation\6MRR\two_angle_grid\6MRR_watermarked_npj_SB_global_rotation_rx_300deg_rz_180deg.pdb,G:\Watermarker\Attack\3cases\Global_rotation\6MRR\two_angle_grid\6MRR_original_global_rotation_rx_300deg_rz_180deg_aligned.pdb,G:\Watermarker\Attack\3cases\Global_rotation\6MRR\two_angle_grid\6MRR_watermarked_npj_SB_global_rotation_rx_300deg_rz_180deg_aligned.pdb,0.00040319999678864747,0.003785497478971439,01101110011100000110101000100000010100110100001000000000,npj SB,npj SB,100.0,True
6MRR,global_rotation_2angle_aligned,combined_xz_rotation_then_kabsch_alignment,300,210,rx_300deg_rz_210deg,G:\Watermarker\Attack\3cases\Global_rotation\6MRR\two_angle_grid\6MRR_original_global_rotation_rx_300deg_rz_210deg.pdb,G:\Watermarker\Attack\3cases\Global_rotation\6MRR\two_angle_grid\6MRR_watermarked_npj_SB_global_rotation_rx_300deg_rz_210deg.pdb,G:\Watermarker\Attack\3cases\Global_rotation\6MRR\two_angle_grid\6MRR_original_global_rotation_rx_300deg_rz_210deg_aligned.pdb,G:\Watermarker\Attack\3cases\Global_rotation\6MRR\two_angle_grid\6MRR_watermarked_npj_SB_global_rotation_rx_300deg_rz_210deg_aligned.pdb,0.0004868703097176311,0.003778797372411332,01101110011100000110101000100000010100110100001000000000,npj SB,npj SB,100.0,True
6MRR,global_rotation_2angle_aligned,combined_xz_rotation_then_kabsch_alignment,300,240,rx_300deg_rz_240deg,G:\Watermarker\Attack\3cases\Global_rotation\6MRR\two_angle_grid\6MRR_original_global_rotation_rx_300deg_rz_240deg.pdb,G:\Watermarker\Attack\3cases\Global_rotation\6MRR\two_angle_grid\6MRR_watermarked_npj_SB_global_rotation_rx_300deg_rz_240deg.pdb,G:\Watermarker\Attack\3cases\Global_rotation\6MRR\two_angle_grid\6MRR_original_global_rotation_rx_300deg_rz_240deg_aligned.pdb,G:\Watermarker\Attack\3cases\Global_rotation\6MRR\two_angle_grid\6MRR_watermarked_npj_SB_global_rotation_rx_300deg_rz_240deg_aligned.pdb,0.0004985792629594006,0.0037326011944676845,01101110011100000110101000100000010100110100001000000000,npj SB,npj SB,100.0,True
6MRR,global_rotation_2angle_aligned,combined_xz_rotation_then_kabsch_alignment,300,270,rx_300deg_rz_270deg,G:\Watermarker\Attack\3cases\Global_rotation\6MRR\two_angle_grid\6MRR_original_global_rotation_rx_300deg_rz_270deg.pdb,G:\Watermarker\Attack\3cases\Global_rotation\6MRR\two_angle_grid\6MRR_watermarked_npj_SB_global_rotation_rx_300deg_rz_270deg.pdb,G:\Watermarker\Attack\3cases\Global_rotation\6MRR\two_angle_grid\6MRR_original_global_rotation_rx_300deg_rz_270deg_aligned.pdb,G:\Watermarker\Attack\3cases\Global_rotation\6MRR\two_angle_grid\6MRR_watermarked_npj_SB_global_rotation_rx_300deg_rz_270deg_aligned.pdb,0.0004258062582217291,0.003725885909202924,01101110011100000110101000100000010100110100001000000000,npj SB,npj SB,100.0,True
6MRR,global_rotation_2angle_aligned,combined_xz_rotation_then_kabsch_alignment,300,300,rx_300deg_rz_300deg,G:\Watermarker\Attack\3cases\Global_rotation\6MRR\two_angle_grid\6MRR_original_global_rotation_rx_300deg_rz_300deg.pdb,G:\Watermarker\Attack\3cases\Global_rotation\6MRR\two_angle_grid\6MRR_watermarked_npj_SB_global_rotation_rx_300deg_rz_300deg.pdb,G:\Watermarker\Attack\3cases\Global_rotation\6MRR\two_angle_grid\6MRR_original_global_rotation_rx_300deg_rz_300deg_aligned.pdb,G:\Watermarker\Attack\3cases\Global_rotation\6MRR\two_angle_grid\6MRR_watermarked_npj_SB_global_rotation_rx_300deg_rz_300deg_aligned.pdb,0.0004907190017808616,0.003728738656001371,01101110011100000110101000100000010100110100001000000000,npj SB,npj SB,100.0,True
6MRR,global_rotation_2angle_aligned,combined_xz_rotation_then_kabsch_alignment,300,330,rx_300deg_rz_330deg,G:\Watermarker\Attack\3cases\Global_rotation\6MRR\two_angle_grid\6MRR_original_global_rotation_rx_300deg_rz_330deg.pdb,G:\Watermarker\Attack\3cases\Global_rotation\6MRR\two_angle_grid\6MRR_watermarked_npj_SB_global_rotation_rx_300deg_rz_330deg.pdb,G:\Watermarker\Attack\3cases\Global_rotation\6MRR\two_angle_grid\6MRR_original_global_rotation_rx_300deg_rz_330deg_aligned.pdb,G:\Watermarker\Attack\3cases\Global_rotation\6MRR\two_angle_grid\6MRR_watermarked_npj_SB_global_rotation_rx_300deg_rz_330deg_aligned.pdb,0.0004935003059503989,0.0037500183019234102,01101110011100000110101000100000010100110100001000000000,npj SB,npj SB,100.0,True
6MRR,global_rotation_2angle_aligned,combined_xz_rotation_then_kabsch_alignment,300,360,rx_300deg_rz_360deg,G:\Watermarker\Attack\3cases\Global_rotation\6MRR\two_angle_grid\6MRR_original_global_rotation_rx_300deg_rz_360deg.pdb,G:\Watermarker\Attack\3cases\Global_rotation\6MRR\two_angle_grid\6MRR_watermarked_npj_SB_global_rotation_rx_300deg_rz_360deg.pdb,G:\Watermarker\Attack\3cases\Global_rotation\6MRR\two_angle_grid\6MRR_original_global_rotation_rx_300deg_rz_360deg_aligned.pdb,G:\Watermarker\Attack\3cases\Global_rotation\6MRR\two_angle_grid\6MRR_watermarked_npj_SB_global_rotation_rx_300deg_rz_360deg_aligned.pdb,0.0003999771951753308,0.003797209879759629,01101110011100000110101000100000010100110100001000000000,npj SB,npj SB,100.0,True
6MRR,global_rotation_2angle_aligned,combined_xz_rotation_then_kabsch_alignment,330,0,rx_330deg_rz_0deg,G:\Watermarker\Attack\3cases\Global_rotation\6MRR\two_angle_grid\6MRR_original_global_rotation_rx_330deg_rz_0deg.pdb,G:\Watermarker\Attack\3cases\Global_rotation\6MRR\two_angle_grid\6MRR_watermarked_npj_SB_global_rotation_rx_330deg_rz_0deg.pdb,G:\Watermarker\Attack\3cases\Global_rotation\6MRR\two_angle_grid\6MRR_original_global_rotation_rx_330deg_rz_0deg_aligned.pdb,G:\Watermarker\Attack\3cases\Global_rotation\6MRR\two_angle_grid\6MRR_watermarked_npj_SB_global_rotation_rx_330deg_rz_0deg_aligned.pdb,0.00039916787148739594,0.003762510198585223,01101110011100000110101000100000010100110100001000000000,npj SB,npj SB,100.0,True
6MRR,global_rotation_2angle_aligned,combined_xz_rotation_then_kabsch_alignment,330,30,rx_330deg_rz_30deg,G:\Watermarker\Attack\3cases\Global_rotation\6MRR\two_angle_grid\6MRR_original_global_rotation_rx_330deg_rz_30deg.pdb,G:\Watermarker\Attack\3cases\Global_rotation\6MRR\two_angle_grid\6MRR_watermarked_npj_SB_global_rotation_rx_330deg_rz_30deg.pdb,G:\Watermarker\Attack\3cases\Global_rotation\6MRR\two_angle_grid\6MRR_original_global_rotation_rx_330deg_rz_30deg_aligned.pdb,G:\Watermarker\Attack\3cases\Global_rotation\6MRR\two_angle_grid\6MRR_watermarked_npj_SB_global_rotation_rx_330deg_rz_30deg_aligned.pdb,0.000490759871550223,0.0037633619248299112,01101110011100000110101000100000010100110100001000000000,npj SB,npj SB,100.0,True
6MRR,global_rotation_2angle_aligned,combined_xz_rotation_then_kabsch_alignment,330,60,rx_330deg_rz_60deg,G:\Watermarker\Attack\3cases\Global_rotation\6MRR\two_angle_grid\6MRR_original_global_rotation_rx_330deg_rz_60deg.pdb,G:\Watermarker\Attack\3cases\Global_rotation\6MRR\two_angle_grid\6MRR_watermarked_npj_SB_global_rotation_rx_330deg_rz_60deg.pdb,G:\Watermarker\Attack\3cases\Global_rotation\6MRR\two_angle_grid\6MRR_original_global_rotation_rx_330deg_rz_60deg_aligned.pdb,G:\Watermarker\Attack\3cases\Global_rotation\6MRR\two_angle_grid\6MRR_watermarked_npj_SB_global_rotation_rx_330deg_rz_60deg_aligned.pdb,0.0004917202304355615,0.0037438747550202385,01101110011100000110101000100000010100110100001000000000,npj SB,npj SB,100.0,True
6MRR,global_rotation_2angle_aligned,combined_xz_rotation_then_kabsch_alignment,330,90,rx_330deg_rz_90deg,G:\Watermarker\Attack\3cases\Global_rotation\6MRR\two_angle_grid\6MRR_original_global_rotation_rx_330deg_rz_90deg.pdb,G:\Watermarker\Attack\3cases\Global_rotation\6MRR\two_angle_grid\6MRR_watermarked_npj_SB_global_rotation_rx_330deg_rz_90deg.pdb,G:\Watermarker\Attack\3cases\Global_rotation\6MRR\two_angle_grid\6MRR_original_global_rotation_rx_330deg_rz_90deg_aligned.pdb,G:\Watermarker\Attack\3cases\Global_rotation\6MRR\two_angle_grid\6MRR_watermarked_npj_SB_global_rotation_rx_330deg_rz_90deg_aligned.pdb,0.00039154388497767914,0.0037666906512975524,01101110011100000110101000100000010100110100001000000000,npj SB,npj SB,100.0,True
6MRR,global_rotation_2angle_aligned,combined_xz_rotation_then_kabsch_alignment,330,120,rx_330deg_rz_120deg,G:\Watermarker\Attack\3cases\Global_rotation\6MRR\two_angle_grid\6MRR_original_global_rotation_rx_330deg_rz_120deg.pdb,G:\Watermarker\Attack\3cases\Global_rotation\6MRR\two_angle_grid\6MRR_watermarked_npj_SB_global_rotation_rx_330deg_rz_120deg.pdb,G:\Watermarker\Attack\3cases\Global_rotation\6MRR\two_angle_grid\6MRR_original_global_rotation_rx_330deg_rz_120deg_aligned.pdb,G:\Watermarker\Attack\3cases\Global_rotation\6MRR\two_angle_grid\6MRR_watermarked_npj_SB_global_rotation_rx_330deg_rz_120deg_aligned.pdb,0.00047383225115296907,0.0037492449766732667,01101110011100000110101000100000010100110100001000000000,npj SB,npj SB,100.0,True
6MRR,global_rotation_2angle_aligned,combined_xz_rotation_then_kabsch_alignment,330,150,rx_330deg_rz_150deg,G:\Watermarker\Attack\3cases\Global_rotation\6MRR\two_angle_grid\6MRR_original_global_rotation_rx_330deg_rz_150deg.pdb,G:\Watermarker\Attack\3cases\Global_rotation\6MRR\two_angle_grid\6MRR_watermarked_npj_SB_global_rotation_rx_330deg_rz_150deg.pdb,G:\Watermarker\Attack\3cases\Global_rotation\6MRR\two_angle_grid\6MRR_original_global_rotation_rx_330deg_rz_150deg_aligned.pdb,G:\Watermarker\Attack\3cases\Global_rotation\6MRR\two_angle_grid\6MRR_watermarked_npj_SB_global_rotation_rx_330deg_rz_150deg_aligned.pdb,0.00045743577810177823,0.003825744639074344,01101110011100000110101000100000010100110100001000000000,npj SB,npj SB,100.0,True
6MRR,global_rotation_2angle_aligned,combined_xz_rotation_then_kabsch_alignment,330,180,rx_330deg_rz_180deg,G:\Watermarker\Attack\3cases\Global_rotation\6MRR\two_angle_grid\6MRR_original_global_rotation_rx_330deg_rz_180deg.pdb,G:\Watermarker\Attack\3cases\Global_rotation\6MRR\two_angle_grid\6MRR_watermarked_npj_SB_global_rotation_rx_330deg_rz_180deg.pdb,G:\Watermarker\Attack\3cases\Global_rotation\6MRR\two_angle_grid\6MRR_original_global_rotation_rx_330deg_rz_180deg_aligned.pdb,G:\Watermarker\Attack\3cases\Global_rotation\6MRR\two_angle_grid\6MRR_watermarked_npj_SB_global_rotation_rx_330deg_rz_180deg_aligned.pdb,0.0003994870088670895,0.003762158235101511,01101110011100000110101000100000010100110100001000000000,npj SB,npj SB,100.0,True
6MRR,global_rotation_2angle_aligned,combined_xz_rotation_then_kabsch_alignment,330,210,rx_330deg_rz_210deg,G:\Watermarker\Attack\3cases\Global_rotation\6MRR\two_angle_grid\6MRR_original_global_rotation_rx_330deg_rz_210deg.pdb,G:\Watermarker\Attack\3cases\Global_rotation\6MRR\two_angle_grid\6MRR_watermarked_npj_SB_global_rotation_rx_330deg_rz_210deg.pdb,G:\Watermarker\Attack\3cases\Global_rotation\6MRR\two_angle_grid\6MRR_original_global_rotation_rx_330deg_rz_210deg_aligned.pdb,G:\Watermarker\Attack\3cases\Global_rotation\6MRR\two_angle_grid\6MRR_watermarked_npj_SB_global_rotation_rx_330deg_rz_210deg_aligned.pdb,0.0004946703709342418,0.0037718974052914677,01101110011100000110101000100000010100110100001000000000,npj SB,npj SB,100.0,True
6MRR,global_rotation_2angle_aligned,combined_xz_rotation_then_kabsch_alignment,330,240,rx_330deg_rz_240deg,G:\Watermarker\Attack\3cases\Global_rotation\6MRR\two_angle_grid\6MRR_original_global_rotation_rx_330deg_rz_240deg.pdb,G:\Watermarker\Attack\3cases\Global_rotation\6MRR\two_angle_grid\6MRR_watermarked_npj_SB_global_rotation_rx_330deg_rz_240deg.pdb,G:\Watermarker\Attack\3cases\Global_rotation\6MRR\two_angle_grid\6MRR_original_global_rotation_rx_330deg_rz_240deg_aligned.pdb,G:\Watermarker\Attack\3cases\Global_rotation\6MRR\two_angle_grid\6MRR_watermarked_npj_SB_global_rotation_rx_330deg_rz_240deg_aligned.pdb,0.0004973965517960098,0.0037488852864033463,01101110011100000110101000100000010100110100001000000000,npj SB,npj SB,100.0,True
6MRR,global_rotation_2angle_aligned,combined_xz_rotation_then_kabsch_alignment,330,270,rx_330deg_rz_270deg,G:\Watermarker\Attack\3cases\Global_rotation\6MRR\two_angle_grid\6MRR_original_global_rotation_rx_330deg_rz_270deg.pdb,G:\Watermarker\Attack\3cases\Global_rotation\6MRR\two_angle_grid\6MRR_watermarked_npj_SB_global_rotation_rx_330deg_rz_270deg.pdb,G:\Watermarker\Attack\3cases\Global_rotation\6MRR\two_angle_grid\6MRR_original_global_rotation_rx_330deg_rz_270deg_aligned.pdb,G:\Watermarker\Attack\3cases\Global_rotation\6MRR\two_angle_grid\6MRR_watermarked_npj_SB_global_rotation_rx_330deg_rz_270deg_aligned.pdb,0.00037306083001266676,0.0037320882251299925,01101110011100000110101000100000010100110100001000000000,npj SB,npj SB,100.0,True
6MRR,global_rotation_2angle_aligned,combined_xz_rotation_then_kabsch_alignment,330,300,rx_330deg_rz_300deg,G:\Watermarker\Attack\3cases\Global_rotation\6MRR\two_angle_grid\6MRR_original_global_rotation_rx_330deg_rz_300deg.pdb,G:\Watermarker\Attack\3cases\Global_rotation\6MRR\two_angle_grid\6MRR_watermarked_npj_SB_global_rotation_rx_330deg_rz_300deg.pdb,G:\Watermarker\Attack\3cases\Global_rotation\6MRR\two_angle_grid\6MRR_original_global_rotation_rx_330deg_rz_300deg_aligned.pdb,G:\Watermarker\Attack\3cases\Global_rotation\6MRR\two_angle_grid\6MRR_watermarked_npj_SB_global_rotation_rx_330deg_rz_300deg_aligned.pdb,0.00045717298469541705,0.0037869042865057412,01101110011100000110101000100000010100110100001000000000,npj SB,npj SB,100.0,True
6MRR,global_rotation_2angle_aligned,combined_xz_rotation_then_kabsch_alignment,330,330,rx_330deg_rz_330deg,G:\Watermarker\Attack\3cases\Global_rotation\6MRR\two_angle_grid\6MRR_original_global_rotation_rx_330deg_rz_330deg.pdb,G:\Watermarker\Attack\3cases\Global_rotation\6MRR\two_angle_grid\6MRR_watermarked_npj_SB_global_rotation_rx_330deg_rz_330deg.pdb,G:\Watermarker\Attack\3cases\Global_rotation\6MRR\two_angle_grid\6MRR_original_global_rotation_rx_330deg_rz_330deg_aligned.pdb,G:\Watermarker\Attack\3cases\Global_rotation\6MRR\two_angle_grid\6MRR_watermarked_npj_SB_global_rotation_rx_330deg_rz_330deg_aligned.pdb,0.00044763803999317564,0.003828444569241132,01101110011100000110101000100000010100110100001000000000,npj SB,npj SB,100.0,True
6MRR,global_rotation_2angle_aligned,combined_xz_rotation_then_kabsch_alignment,330,360,rx_330deg_rz_360deg,G:\Watermarker\Attack\3cases\Global_rotation\6MRR\two_angle_grid\6MRR_original_global_rotation_rx_330deg_rz_360deg.pdb,G:\Watermarker\Attack\3cases\Global_rotation\6MRR\two_angle_grid\6MRR_watermarked_npj_SB_global_rotation_rx_330deg_rz_360deg.pdb,G:\Watermarker\Attack\3cases\Global_rotation\6MRR\two_angle_grid\6MRR_original_global_rotation_rx_330deg_rz_360deg_aligned.pdb,G:\Watermarker\Attack\3cases\Global_rotation\6MRR\two_angle_grid\6MRR_watermarked_npj_SB_global_rotation_rx_330deg_rz_360deg_aligned.pdb,0.00039916787148739594,0.003762510198585223,01101110011100000110101000100000010100110100001000000000,npj SB,npj SB,100.0,True
6MRR,global_rotation_2angle_aligned,combined_xz_rotation_then_kabsch_alignment,360,0,rx_360deg_rz_0deg,G:\Watermarker\Attack\3cases\Global_rotation\6MRR\two_angle_grid\6MRR_original_global_rotation_rx_360deg_rz_0deg.pdb,G:\Watermarker\Attack\3cases\Global_rotation\6MRR\two_angle_grid\6MRR_watermarked_npj_SB_global_rotation_rx_360deg_rz_0deg.pdb,G:\Watermarker\Attack\3cases\Global_rotation\6MRR\two_angle_grid\6MRR_original_global_rotation_rx_360deg_rz_0deg_aligned.pdb,G:\Watermarker\Attack\3cases\Global_rotation\6MRR\two_angle_grid\6MRR_watermarked_npj_SB_global_rotation_rx_360deg_rz_0deg_aligned.pdb,3.1432573293905945e-15,0.003733992218053399,01101110011100000110101000100000010100110100001000000000,npj SB,npj SB,100.0,True
6MRR,global_rotation_2angle_aligned,combined_xz_rotation_then_kabsch_alignment,360,30,rx_360deg_rz_30deg,G:\Watermarker\Attack\3cases\Global_rotation\6MRR\two_angle_grid\6MRR_original_global_rotation_rx_360deg_rz_30deg.pdb,G:\Watermarker\Attack\3cases\Global_rotation\6MRR\two_angle_grid\6MRR_watermarked_npj_SB_global_rotation_rx_360deg_rz_30deg.pdb,G:\Watermarker\Attack\3cases\Global_rotation\6MRR\two_angle_grid\6MRR_original_global_rotation_rx_360deg_rz_30deg_aligned.pdb,G:\Watermarker\Attack\3cases\Global_rotation\6MRR\two_angle_grid\6MRR_watermarked_npj_SB_global_rotation_rx_360deg_rz_30deg_aligned.pdb,0.00039130329022748366,0.003722599814910985,01101110011100000110101000100000010100110100001000000000,npj SB,npj SB,100.0,True
6MRR,global_rotation_2angle_aligned,combined_xz_rotation_then_kabsch_alignment,360,60,rx_360deg_rz_60deg,G:\Watermarker\Attack\3cases\Global_rotation\6MRR\two_angle_grid\6MRR_original_global_rotation_rx_360deg_rz_60deg.pdb,G:\Watermarker\Attack\3cases\Global_rotation\6MRR\two_angle_grid\6MRR_watermarked_npj_SB_global_rotation_rx_360deg_rz_60deg.pdb,G:\Watermarker\Attack\3cases\Global_rotation\6MRR\two_angle_grid\6MRR_original_global_rotation_rx_360deg_rz_60deg_aligned.pdb,G:\Watermarker\Attack\3cases\Global_rotation\6MRR\two_angle_grid\6MRR_watermarked_npj_SB_global_rotation_rx_360deg_rz_60deg_aligned.pdb,0.0003986569091239447,0.00379664087485361,01101110011100000110101000100000010100110100001000000000,npj SB,npj SB,100.0,True
6MRR,global_rotation_2angle_aligned,combined_xz_rotation_then_kabsch_alignment,360,90,rx_360deg_rz_90deg,G:\Watermarker\Attack\3cases\Global_rotation\6MRR\two_angle_grid\6MRR_original_global_rotation_rx_360deg_rz_90deg.pdb,G:\Watermarker\Attack\3cases\Global_rotation\6MRR\two_angle_grid\6MRR_watermarked_npj_SB_global_rotation_rx_360deg_rz_90deg.pdb,G:\Watermarker\Attack\3cases\Global_rotation\6MRR\two_angle_grid\6MRR_original_global_rotation_rx_360deg_rz_90deg_aligned.pdb,G:\Watermarker\Attack\3cases\Global_rotation\6MRR\two_angle_grid\6MRR_watermarked_npj_SB_global_rotation_rx_360deg_rz_90deg_aligned.pdb,5.299191390969599e-15,0.003733992218053172,01101110011100000110101000100000010100110100001000000000,npj SB,npj SB,100.0,True
6MRR,global_rotation_2angle_aligned,combined_xz_rotation_then_kabsch_alignment,360,120,rx_360deg_rz_120deg,G:\Watermarker\Attack\3cases\Global_rotation\6MRR\two_angle_grid\6MRR_original_global_rotation_rx_360deg_rz_120deg.pdb,G:\Watermarker\Attack\3cases\Global_rotation\6MRR\two_angle_grid\6MRR_watermarked_npj_SB_global_rotation_rx_360deg_rz_120deg.pdb,G:\Watermarker\Attack\3cases\Global_rotation\6MRR\two_angle_grid\6MRR_original_global_rotation_rx_360deg_rz_120deg_aligned.pdb,G:\Watermarker\Attack\3cases\Global_rotation\6MRR\two_angle_grid\6MRR_watermarked_npj_SB_global_rotation_rx_360deg_rz_120deg_aligned.pdb,0.0004078374804196108,0.003787050990195466,01101110011100000110101000100000010100110100001000000000,npj SB,npj SB,100.0,True
6MRR,global_rotation_2angle_aligned,combined_xz_rotation_then_kabsch_alignment,360,150,rx_360deg_rz_150deg,G:\Watermarker\Attack\3cases\Global_rotation\6MRR\two_angle_grid\6MRR_original_global_rotation_rx_360deg_rz_150deg.pdb,G:\Watermarker\Attack\3cases\Global_rotation\6MRR\two_angle_grid\6MRR_watermarked_npj_SB_global_rotation_rx_360deg_rz_150deg.pdb,G:\Watermarker\Attack\3cases\Global_rotation\6MRR\two_angle_grid\6MRR_original_global_rotation_rx_360deg_rz_150deg_aligned.pdb,G:\Watermarker\Attack\3cases\Global_rotation\6MRR\two_angle_grid\6MRR_watermarked_npj_SB_global_rotation_rx_360deg_rz_150deg_aligned.pdb,0.0003968069759717678,0.0037270390949756473,01101110011100000110101000100000010100110100001000000000,npj SB,npj SB,100.0,True
6MRR,global_rotation_2angle_aligned,combined_xz_rotation_then_kabsch_alignment,360,180,rx_360deg_rz_180deg,G:\Watermarker\Attack\3cases\Global_rotation\6MRR\two_angle_grid\6MRR_original_global_rotation_rx_360deg_rz_180deg.pdb,G:\Watermarker\Attack\3cases\Global_rotation\6MRR\two_angle_grid\6MRR_watermarked_npj_SB_global_rotation_rx_360deg_rz_180deg.pdb,G:\Watermarker\Attack\3cases\Global_rotation\6MRR\two_angle_grid\6MRR_original_global_rotation_rx_360deg_rz_180deg_aligned.pdb,G:\Watermarker\Attack\3cases\Global_rotation\6MRR\two_angle_grid\6MRR_watermarked_npj_SB_global_rotation_rx_360deg_rz_180deg_aligned.pdb,1.0025471596822327e-14,0.003733992218053694,01101110011100000110101000100000010100110100001000000000,npj SB,npj SB,100.0,True
6MRR,global_rotation_2angle_aligned,combined_xz_rotation_then_kabsch_alignment,360,210,rx_360deg_rz_210deg,G:\Watermarker\Attack\3cases\Global_rotation\6MRR\two_angle_grid\6MRR_original_global_rotation_rx_360deg_rz_210deg.pdb,G:\Watermarker\Attack\3cases\Global_rotation\6MRR\two_angle_grid\6MRR_watermarked_npj_SB_global_rotation_rx_360deg_rz_210deg.pdb,G:\Watermarker\Attack\3cases\Global_rotation\6MRR\two_angle_grid\6MRR_original_global_rotation_rx_360deg_rz_210deg_aligned.pdb,G:\Watermarker\Attack\3cases\Global_rotation\6MRR\two_angle_grid\6MRR_watermarked_npj_SB_global_rotation_rx_360deg_rz_210deg_aligned.pdb,0.0003925860986999147,0.003725667203296717,01101110011100000110101000100000010100110100001000000000,npj SB,npj SB,100.0,True
6MRR,global_rotation_2angle_aligned,combined_xz_rotation_then_kabsch_alignment,360,240,rx_360deg_rz_240deg,G:\Watermarker\Attack\3cases\Global_rotation\6MRR\two_angle_grid\6MRR_original_global_rotation_rx_360deg_rz_240deg.pdb,G:\Watermarker\Attack\3cases\Global_rotation\6MRR\two_angle_grid\6MRR_watermarked_npj_SB_global_rotation_rx_360deg_rz_240deg.pdb,G:\Watermarker\Attack\3cases\Global_rotation\6MRR\two_angle_grid\6MRR_original_global_rotation_rx_360deg_rz_240deg_aligned.pdb,G:\Watermarker\Attack\3cases\Global_rotation\6MRR\two_angle_grid\6MRR_watermarked_npj_SB_global_rotation_rx_360deg_rz_240deg_aligned.pdb,0.0004217706872600814,0.0037967201942925182,01101110011100000110101000100000010100110100001000000000,npj SB,npj SB,100.0,True
6MRR,global_rotation_2angle_aligned,combined_xz_rotation_then_kabsch_alignment,360,270,rx_360deg_rz_270deg,G:\Watermarker\Attack\3cases\Global_rotation\6MRR\two_angle_grid\6MRR_original_global_rotation_rx_360deg_rz_270deg.pdb,G:\Watermarker\Attack\3cases\Global_rotation\6MRR\two_angle_grid\6MRR_watermarked_npj_SB_global_rotation_rx_360deg_rz_270deg.pdb,G:\Watermarker\Attack\3cases\Global_rotation\6MRR\two_angle_grid\6MRR_original_global_rotation_rx_360deg_rz_270deg_aligned.pdb,G:\Watermarker\Attack\3cases\Global_rotation\6MRR\two_angle_grid\6MRR_watermarked_npj_SB_global_rotation_rx_360deg_rz_270deg_aligned.pdb,4.543060754191036e-15,0.0037339922180534223,01101110011100000110101000100000010100110100001000000000,npj SB,npj SB,100.0,True
6MRR,global_rotation_2angle_aligned,combined_xz_rotation_then_kabsch_alignment,360,300,rx_360deg_rz_300deg,G:\Watermarker\Attack\3cases\Global_rotation\6MRR\two_angle_grid\6MRR_original_global_rotation_rx_360deg_rz_300deg.pdb,G:\Watermarker\Attack\3cases\Global_rotation\6MRR\two_angle_grid\6MRR_watermarked_npj_SB_global_rotation_rx_360deg_rz_300deg.pdb,G:\Watermarker\Attack\3cases\Global_rotation\6MRR\two_angle_grid\6MRR_original_global_rotation_rx_360deg_rz_300deg_aligned.pdb,G:\Watermarker\Attack\3cases\Global_rotation\6MRR\two_angle_grid\6MRR_watermarked_npj_SB_global_rotation_rx_360deg_rz_300deg_aligned.pdb,0.000401567946308748,0.0037889204697275636,01101110011100000110101000100000010100110100001000000000,npj SB,npj SB,100.0,True
6MRR,global_rotation_2angle_aligned,combined_xz_rotation_then_kabsch_alignment,360,330,rx_360deg_rz_330deg,G:\Watermarker\Attack\3cases\Global_rotation\6MRR\two_angle_grid\6MRR_original_global_rotation_rx_360deg_rz_330deg.pdb,G:\Watermarker\Attack\3cases\Global_rotation\6MRR\two_angle_grid\6MRR_watermarked_npj_SB_global_rotation_rx_360deg_rz_330deg.pdb,G:\Watermarker\Attack\3cases\Global_rotation\6MRR\two_angle_grid\6MRR_original_global_rotation_rx_360deg_rz_330deg_aligned.pdb,G:\Watermarker\Attack\3cases\Global_rotation\6MRR\two_angle_grid\6MRR_watermarked_npj_SB_global_rotation_rx_360deg_rz_330deg_aligned.pdb,0.0003932345774315231,0.0037131738554226426,01101110011100000110101000100000010100110100001000000000,npj SB,npj SB,100.0,True
6MRR,global_rotation_2angle_aligned,combined_xz_rotation_then_kabsch_alignment,360,360,rx_360deg_rz_360deg,G:\Watermarker\Attack\3cases\Global_rotation\6MRR\two_angle_grid\6MRR_original_global_rotation_rx_360deg_rz_360deg.pdb,G:\Watermarker\Attack\3cases\Global_rotation\6MRR\two_angle_grid\6MRR_watermarked_npj_SB_global_rotation_rx_360deg_rz_360deg.pdb,G:\Watermarker\Attack\3cases\Global_rotation\6MRR\two_angle_grid\6MRR_original_global_rotation_rx_360deg_rz_360deg_aligned.pdb,G:\Watermarker\Attack\3cases\Global_rotation\6MRR\two_angle_grid\6MRR_watermarked_npj_SB_global_rotation_rx_360deg_rz_360deg_aligned.pdb,3.1432573293905945e-15,0.003733992218053399,01101110011100000110101000100000010100110100001000000000,npj SB,npj SB,100.0,True
8HFE,global_rotation_2angle_aligned,combined_xz_rotation_then_kabsch_alignment,0,0,rx_0deg_rz_0deg,G:\Watermarker\Attack\3cases\Global_rotation\8HFE\two_angle_grid\8HFE_original_global_rotation_rx_0deg_rz_0deg.pdb,G:\Watermarker\Attack\3cases\Global_rotation\8HFE\two_angle_grid\8HFE_watermarked_npj_SB_global_rotation_rx_0deg_rz_0deg.pdb,G:\Watermarker\Attack\3cases\Global_rotation\8HFE\two_angle_grid\8HFE_original_global_rotation_rx_0deg_rz_0deg_aligned.pdb,G:\Watermarker\Attack\3cases\Global_rotation\8HFE\two_angle_grid\8HFE_watermarked_npj_SB_global_rotation_rx_0deg_rz_0deg_aligned.pdb,1.4394435972265675e-14,0.0013303315609294126,01101110011100000110101000100000010100110100001000000000,npj SB,npj SB,100.0,True
8HFE,global_rotation_2angle_aligned,combined_xz_rotation_then_kabsch_alignment,0,30,rx_0deg_rz_30deg,G:\Watermarker\Attack\3cases\Global_rotation\8HFE\two_angle_grid\8HFE_original_global_rotation_rx_0deg_rz_30deg.pdb,G:\Watermarker\Attack\3cases\Global_rotation\8HFE\two_angle_grid\8HFE_watermarked_npj_SB_global_rotation_rx_0deg_rz_30deg.pdb,G:\Watermarker\Attack\3cases\Global_rotation\8HFE\two_angle_grid\8HFE_original_global_rotation_rx_0deg_rz_30deg_aligned.pdb,G:\Watermarker\Attack\3cases\Global_rotation\8HFE\two_angle_grid\8HFE_watermarked_npj_SB_global_rotation_rx_0deg_rz_30deg_aligned.pdb,0.00041106272471885694,0.001365033661090083,01101110011100000110101000100000010100110100001000000000,npj SB,npj SB,100.0,True
8HFE,global_rotation_2angle_aligned,combined_xz_rotation_then_kabsch_alignment,0,60,rx_0deg_rz_60deg,G:\Watermarker\Attack\3cases\Global_rotation\8HFE\two_angle_grid\8HFE_original_global_rotation_rx_0deg_rz_60deg.pdb,G:\Watermarker\Attack\3cases\Global_rotation\8HFE\two_angle_grid\8HFE_watermarked_npj_SB_global_rotation_rx_0deg_rz_60deg.pdb,G:\Watermarker\Attack\3cases\Global_rotation\8HFE\two_angle_grid\8HFE_original_global_rotation_rx_0deg_rz_60deg_aligned.pdb,G:\Watermarker\Attack\3cases\Global_rotation\8HFE\two_angle_grid\8HFE_watermarked_npj_SB_global_rotation_rx_0deg_rz_60deg_aligned.pdb,0.00041257029536023656,0.0013895887526418375,01101110011100000110101000100000010100110100001000000000,npj SB,npj SB,100.0,True
8HFE,global_rotation_2angle_aligned,combined_xz_rotation_then_kabsch_alignment,0,90,rx_0deg_rz_90deg,G:\Watermarker\Attack\3cases\Global_rotation\8HFE\two_angle_grid\8HFE_original_global_rotation_rx_0deg_rz_90deg.pdb,G:\Watermarker\Attack\3cases\Global_rotation\8HFE\two_angle_grid\8HFE_watermarked_npj_SB_global_rotation_rx_0deg_rz_90deg.pdb,G:\Watermarker\Attack\3cases\Global_rotation\8HFE\two_angle_grid\8HFE_original_global_rotation_rx_0deg_rz_90deg_aligned.pdb,G:\Watermarker\Attack\3cases\Global_rotation\8HFE\two_angle_grid\8HFE_watermarked_npj_SB_global_rotation_rx_0deg_rz_90deg_aligned.pdb,6.689488596288759e-14,0.0013303315609299985,01101110011100000110101000100000010100110100001000000000,npj SB,npj SB,100.0,True
8HFE,global_rotation_2angle_aligned,combined_xz_rotation_then_kabsch_alignment,0,120,rx_0deg_rz_120deg,G:\Watermarker\Attack\3cases\Global_rotation\8HFE\two_angle_grid\8HFE_original_global_rotation_rx_0deg_rz_120deg.pdb,G:\Watermarker\Attack\3cases\Global_rotation\8HFE\two_angle_grid\8HFE_watermarked_npj_SB_global_rotation_rx_0deg_rz_120deg.pdb,G:\Watermarker\Attack\3cases\Global_rotation\8HFE\two_angle_grid\8HFE_original_global_rotation_rx_0deg_rz_120deg_aligned.pdb,G:\Watermarker\Attack\3cases\Global_rotation\8HFE\two_angle_grid\8HFE_watermarked_npj_SB_global_rotation_rx_0deg_rz_120deg_aligned.pdb,0.00041122485370673694,0.0013853717222621893,01101110011100000110101000100000010100110100001000000000,npj SB,npj SB,100.0,True
8HFE,global_rotation_2angle_aligned,combined_xz_rotation_then_kabsch_alignment,0,150,rx_0deg_rz_150deg,G:\Watermarker\Attack\3cases\Global_rotation\8HFE\two_angle_grid\8HFE_original_global_rotation_rx_0deg_rz_150deg.pdb,G:\Watermarker\Attack\3cases\Global_rotation\8HFE\two_angle_grid\8HFE_watermarked_npj_SB_global_rotation_rx_0deg_rz_150deg.pdb,G:\Watermarker\Attack\3cases\Global_rotation\8HFE\two_angle_grid\8HFE_original_global_rotation_rx_0deg_rz_150deg_aligned.pdb,G:\Watermarker\Attack\3cases\Global_rotation\8HFE\two_angle_grid\8HFE_watermarked_npj_SB_global_rotation_rx_0deg_rz_150deg_aligned.pdb,0.0004084193055650473,0.0013781073066279955,01101110011100000110101000100000010100110100001000000000,npj SB,npj SB,100.0,True
8HFE,global_rotation_2angle_aligned,combined_xz_rotation_then_kabsch_alignment,0,180,rx_0deg_rz_180deg,G:\Watermarker\Attack\3cases\Global_rotation\8HFE\two_angle_grid\8HFE_original_global_rotation_rx_0deg_rz_180deg.pdb,G:\Watermarker\Attack\3cases\Global_rotation\8HFE\two_angle_grid\8HFE_watermarked_npj_SB_global_rotation_rx_0deg_rz_180deg.pdb,G:\Watermarker\Attack\3cases\Global_rotation\8HFE\two_angle_grid\8HFE_original_global_rotation_rx_0deg_rz_180deg_aligned.pdb,G:\Watermarker\Attack\3cases\Global_rotation\8HFE\two_angle_grid\8HFE_watermarked_npj_SB_global_rotation_rx_0deg_rz_180deg_aligned.pdb,5.1736305996625554e-14,0.0013303315609298498,01101110011100000110101000100000010100110100001000000000,npj SB,npj SB,100.0,True
8HFE,global_rotation_2angle_aligned,combined_xz_rotation_then_kabsch_alignment,0,210,rx_0deg_rz_210deg,G:\Watermarker\Attack\3cases\Global_rotation\8HFE\two_angle_grid\8HFE_original_global_rotation_rx_0deg_rz_210deg.pdb,G:\Watermarker\Attack\3cases\Global_rotation\8HFE\two_angle_grid\8HFE_watermarked_npj_SB_global_rotation_rx_0deg_rz_210deg.pdb,G:\Watermarker\Attack\3cases\Global_rotation\8HFE\two_angle_grid\8HFE_original_global_rotation_rx_0deg_rz_210deg_aligned.pdb,G:\Watermarker\Attack\3cases\Global_rotation\8HFE\two_angle_grid\8HFE_watermarked_npj_SB_global_rotation_rx_0deg_rz_210deg_aligned.pdb,0.0004089293755802931,0.001370464853634376,01101110011100000110101000100000010100110100001000000000,npj SB,npj SB,100.0,True
8HFE,global_rotation_2angle_aligned,combined_xz_rotation_then_kabsch_alignment,0,240,rx_0deg_rz_240deg,G:\Watermarker\Attack\3cases\Global_rotation\8HFE\two_angle_grid\8HFE_original_global_rotation_rx_0deg_rz_240deg.pdb,G:\Watermarker\Attack\3cases\Global_rotation\8HFE\two_angle_grid\8HFE_watermarked_npj_SB_global_rotation_rx_0deg_rz_240deg.pdb,G:\Watermarker\Attack\3cases\Global_rotation\8HFE\two_angle_grid\8HFE_original_global_rotation_rx_0deg_rz_240deg_aligned.pdb,G:\Watermarker\Attack\3cases\Global_rotation\8HFE\two_angle_grid\8HFE_watermarked_npj_SB_global_rotation_rx_0deg_rz_240deg_aligned.pdb,0.00040842279807760625,0.0013991536098931767,01101110011100000110101000100000010100110100001000000000,npj SB,npj SB,100.0,True
8HFE,global_rotation_2angle_aligned,combined_xz_rotation_then_kabsch_alignment,0,270,rx_0deg_rz_270deg,G:\Watermarker\Attack\3cases\Global_rotation\8HFE\two_angle_grid\8HFE_original_global_rotation_rx_0deg_rz_270deg.pdb,G:\Watermarker\Attack\3cases\Global_rotation\8HFE\two_angle_grid\8HFE_watermarked_npj_SB_global_rotation_rx_0deg_rz_270deg.pdb,G:\Watermarker\Attack\3cases\Global_rotation\8HFE\two_angle_grid\8HFE_original_global_rotation_rx_0deg_rz_270deg_aligned.pdb,G:\Watermarker\Attack\3cases\Global_rotation\8HFE\two_angle_grid\8HFE_watermarked_npj_SB_global_rotation_rx_0deg_rz_270deg_aligned.pdb,8.403802435274554e-14,0.0013303315609290657,01101110011100000110101000100000010100110100001000000000,npj SB,npj SB,100.0,True
8HFE,global_rotation_2angle_aligned,combined_xz_rotation_then_kabsch_alignment,0,300,rx_0deg_rz_300deg,G:\Watermarker\Attack\3cases\Global_rotation\8HFE\two_angle_grid\8HFE_original_global_rotation_rx_0deg_rz_300deg.pdb,G:\Watermarker\Attack\3cases\Global_rotation\8HFE\two_angle_grid\8HFE_watermarked_npj_SB_global_rotation_rx_0deg_rz_300deg.pdb,G:\Watermarker\Attack\3cases\Global_rotation\8HFE\two_angle_grid\8HFE_original_global_rotation_rx_0deg_rz_300deg_aligned.pdb,G:\Watermarker\Attack\3cases\Global_rotation\8HFE\two_angle_grid\8HFE_watermarked_npj_SB_global_rotation_rx_0deg_rz_300deg_aligned.pdb,0.00041214139718482115,0.001401205549161231,01101110011100000110101000100000010100110100001000000000,npj SB,npj SB,100.0,True
8HFE,global_rotation_2angle_aligned,combined_xz_rotation_then_kabsch_alignment,0,330,rx_0deg_rz_330deg,G:\Watermarker\Attack\3cases\Global_rotation\8HFE\two_angle_grid\8HFE_original_global_rotation_rx_0deg_rz_330deg.pdb,G:\Watermarker\Attack\3cases\Global_rotation\8HFE\two_angle_grid\8HFE_watermarked_npj_SB_global_rotation_rx_0deg_rz_330deg.pdb,G:\Watermarker\Attack\3cases\Global_rotation\8HFE\two_angle_grid\8HFE_original_global_rotation_rx_0deg_rz_330deg_aligned.pdb,G:\Watermarker\Attack\3cases\Global_rotation\8HFE\two_angle_grid\8HFE_watermarked_npj_SB_global_rotation_rx_0deg_rz_330deg_aligned.pdb,0.00041118517931367724,0.0013984776107023198,01101110011100000110101000100000010100110100001000000000,npj SB,npj SB,100.0,True
8HFE,global_rotation_2angle_aligned,combined_xz_rotation_then_kabsch_alignment,0,360,rx_0deg_rz_360deg,G:\Watermarker\Attack\3cases\Global_rotation\8HFE\two_angle_grid\8HFE_original_global_rotation_rx_0deg_rz_360deg.pdb,G:\Watermarker\Attack\3cases\Global_rotation\8HFE\two_angle_grid\8HFE_watermarked_npj_SB_global_rotation_rx_0deg_rz_360deg.pdb,G:\Watermarker\Attack\3cases\Global_rotation\8HFE\two_angle_grid\8HFE_original_global_rotation_rx_0deg_rz_360deg_aligned.pdb,G:\Watermarker\Attack\3cases\Global_rotation\8HFE\two_angle_grid\8HFE_watermarked_npj_SB_global_rotation_rx_0deg_rz_360deg_aligned.pdb,1.4394435972265675e-14,0.0013303315609294126,01101110011100000110101000100000010100110100001000000000,npj SB,npj SB,100.0,True
8HFE,global_rotation_2angle_aligned,combined_xz_rotation_then_kabsch_alignment,30,0,rx_30deg_rz_0deg,G:\Watermarker\Attack\3cases\Global_rotation\8HFE\two_angle_grid\8HFE_original_global_rotation_rx_30deg_rz_0deg.pdb,G:\Watermarker\Attack\3cases\Global_rotation\8HFE\two_angle_grid\8HFE_watermarked_npj_SB_global_rotation_rx_30deg_rz_0deg.pdb,G:\Watermarker\Attack\3cases\Global_rotation\8HFE\two_angle_grid\8HFE_original_global_rotation_rx_30deg_rz_0deg_aligned.pdb,G:\Watermarker\Attack\3cases\Global_rotation\8HFE\two_angle_grid\8HFE_watermarked_npj_SB_global_rotation_rx_30deg_rz_0deg_aligned.pdb,0.00040699178449135,0.0013957786378856031,01101110011100000110101000100000010100110100001000000000,npj SB,npj SB,100.0,True
8HFE,global_rotation_2angle_aligned,combined_xz_rotation_then_kabsch_alignment,30,30,rx_30deg_rz_30deg,G:\Watermarker\Attack\3cases\Global_rotation\8HFE\two_angle_grid\8HFE_original_global_rotation_rx_30deg_rz_30deg.pdb,G:\Watermarker\Attack\3cases\Global_rotation\8HFE\two_angle_grid\8HFE_watermarked_npj_SB_global_rotation_rx_30deg_rz_30deg.pdb,G:\Watermarker\Attack\3cases\Global_rotation\8HFE\two_angle_grid\8HFE_original_global_rotation_rx_30deg_rz_30deg_aligned.pdb,G:\Watermarker\Attack\3cases\Global_rotation\8HFE\two_angle_grid\8HFE_watermarked_npj_SB_global_rotation_rx_30deg_rz_30deg_aligned.pdb,0.0004982374357596836,0.0014257674567456193,01101110011100000110101000100000010100110100001000000000,npj SB,npj SB,100.0,True
8HFE,global_rotation_2angle_aligned,combined_xz_rotation_then_kabsch_alignment,30,60,rx_30deg_rz_60deg,G:\Watermarker\Attack\3cases\Global_rotation\8HFE\two_angle_grid\8HFE_original_global_rotation_rx_30deg_rz_60deg.pdb,G:\Watermarker\Attack\3cases\Global_rotation\8HFE\two_angle_grid\8HFE_watermarked_npj_SB_global_rotation_rx_30deg_rz_60deg.pdb,G:\Watermarker\Attack\3cases\Global_rotation\8HFE\two_angle_grid\8HFE_original_global_rotation_rx_30deg_rz_60deg_aligned.pdb,G:\Watermarker\Attack\3cases\Global_rotation\8HFE\two_angle_grid\8HFE_watermarked_npj_SB_global_rotation_rx_30deg_rz_60deg_aligned.pdb,0.0005040515820870802,0.0014062995325450666,01101110011100000110101000100000010100110100001000000000,npj SB,npj SB,100.0,True
8HFE,global_rotation_2angle_aligned,combined_xz_rotation_then_kabsch_alignment,30,90,rx_30deg_rz_90deg,G:\Watermarker\Attack\3cases\Global_rotation\8HFE\two_angle_grid\8HFE_original_global_rotation_rx_30deg_rz_90deg.pdb,G:\Watermarker\Attack\3cases\Global_rotation\8HFE\two_angle_grid\8HFE_watermarked_npj_SB_global_rotation_rx_30deg_rz_90deg.pdb,G:\Watermarker\Attack\3cases\Global_rotation\8HFE\two_angle_grid\8HFE_original_global_rotation_rx_30deg_rz_90deg_aligned.pdb,G:\Watermarker\Attack\3cases\Global_rotation\8HFE\two_angle_grid\8HFE_watermarked_npj_SB_global_rotation_rx_30deg_rz_90deg_aligned.pdb,0.0004058249239960471,0.0014030705007415216,01101110011100000110101000100000010100110100001000000000,npj SB,npj SB,100.0,True
8HFE,global_rotation_2angle_aligned,combined_xz_rotation_then_kabsch_alignment,30,120,rx_30deg_rz_120deg,G:\Watermarker\Attack\3cases\Global_rotation\8HFE\two_angle_grid\8HFE_original_global_rotation_rx_30deg_rz_120deg.pdb,G:\Watermarker\Attack\3cases\Global_rotation\8HFE\two_angle_grid\8HFE_watermarked_npj_SB_global_rotation_rx_30deg_rz_120deg.pdb,G:\Watermarker\Attack\3cases\Global_rotation\8HFE\two_angle_grid\8HFE_original_global_rotation_rx_30deg_rz_120deg_aligned.pdb,G:\Watermarker\Attack\3cases\Global_rotation\8HFE\two_angle_grid\8HFE_watermarked_npj_SB_global_rotation_rx_30deg_rz_120deg_aligned.pdb,0.0005011038928491193,0.0014083569273780534,01101110011100000110101000100000010100110100001000000000,npj SB,npj SB,100.0,True
8HFE,global_rotation_2angle_aligned,combined_xz_rotation_then_kabsch_alignment,30,150,rx_30deg_rz_150deg,G:\Watermarker\Attack\3cases\Global_rotation\8HFE\two_angle_grid\8HFE_original_global_rotation_rx_30deg_rz_150deg.pdb,G:\Watermarker\Attack\3cases\Global_rotation\8HFE\two_angle_grid\8HFE_watermarked_npj_SB_global_rotation_rx_30deg_rz_150deg.pdb,G:\Watermarker\Attack\3cases\Global_rotation\8HFE\two_angle_grid\8HFE_original_global_rotation_rx_30deg_rz_150deg_aligned.pdb,G:\Watermarker\Attack\3cases\Global_rotation\8HFE\two_angle_grid\8HFE_watermarked_npj_SB_global_rotation_rx_30deg_rz_150deg_aligned.pdb,0.0004952325590487341,0.001432873914417448,01101110011100000110101000100000010100110100001000000000,npj SB,npj SB,100.0,True
8HFE,global_rotation_2angle_aligned,combined_xz_rotation_then_kabsch_alignment,30,180,rx_30deg_rz_180deg,G:\Watermarker\Attack\3cases\Global_rotation\8HFE\two_angle_grid\8HFE_original_global_rotation_rx_30deg_rz_180deg.pdb,G:\Watermarker\Attack\3cases\Global_rotation\8HFE\two_angle_grid\8HFE_watermarked_npj_SB_global_rotation_rx_30deg_rz_180deg.pdb,G:\Watermarker\Attack\3cases\Global_rotation\8HFE\two_angle_grid\8HFE_original_global_rotation_rx_30deg_rz_180deg_aligned.pdb,G:\Watermarker\Attack\3cases\Global_rotation\8HFE\two_angle_grid\8HFE_watermarked_npj_SB_global_rotation_rx_30deg_rz_180deg_aligned.pdb,0.00040656364939519184,0.00139571565480511,01101110011100000110101000100000010100110100001000000000,npj SB,npj SB,100.0,True
8HFE,global_rotation_2angle_aligned,combined_xz_rotation_then_kabsch_alignment,30,210,rx_30deg_rz_210deg,G:\Watermarker\Attack\3cases\Global_rotation\8HFE\two_angle_grid\8HFE_original_global_rotation_rx_30deg_rz_210deg.pdb,G:\Watermarker\Attack\3cases\Global_rotation\8HFE\two_angle_grid\8HFE_watermarked_npj_SB_global_rotation_rx_30deg_rz_210deg.pdb,G:\Watermarker\Attack\3cases\Global_rotation\8HFE\two_angle_grid\8HFE_original_global_rotation_rx_30deg_rz_210deg_aligned.pdb,G:\Watermarker\Attack\3cases\Global_rotation\8HFE\two_angle_grid\8HFE_watermarked_npj_SB_global_rotation_rx_30deg_rz_210deg_aligned.pdb,0.0004978952717261352,0.0014228532842605471,01101110011100000110101000100000010100110100001000000000,npj SB,npj SB,100.0,True
8HFE,global_rotation_2angle_aligned,combined_xz_rotation_then_kabsch_alignment,30,240,rx_30deg_rz_240deg,G:\Watermarker\Attack\3cases\Global_rotation\8HFE\two_angle_grid\8HFE_original_global_rotation_rx_30deg_rz_240deg.pdb,G:\Watermarker\Attack\3cases\Global_rotation\8HFE\two_angle_grid\8HFE_watermarked_npj_SB_global_rotation_rx_30deg_rz_240deg.pdb,G:\Watermarker\Attack\3cases\Global_rotation\8HFE\two_angle_grid\8HFE_original_global_rotation_rx_30deg_rz_240deg_aligned.pdb,G:\Watermarker\Attack\3cases\Global_rotation\8HFE\two_angle_grid\8HFE_watermarked_npj_SB_global_rotation_rx_30deg_rz_240deg_aligned.pdb,0.0005029660879856495,0.0014295671783755373,01101110011100000110101000100000010100110100001000000000,npj SB,npj SB,100.0,True
8HFE,global_rotation_2angle_aligned,combined_xz_rotation_then_kabsch_alignment,30,270,rx_30deg_rz_270deg,G:\Watermarker\Attack\3cases\Global_rotation\8HFE\two_angle_grid\8HFE_original_global_rotation_rx_30deg_rz_270deg.pdb,G:\Watermarker\Attack\3cases\Global_rotation\8HFE\two_angle_grid\8HFE_watermarked_npj_SB_global_rotation_rx_30deg_rz_270deg.pdb,G:\Watermarker\Attack\3cases\Global_rotation\8HFE\two_angle_grid\8HFE_original_global_rotation_rx_30deg_rz_270deg_aligned.pdb,G:\Watermarker\Attack\3cases\Global_rotation\8HFE\two_angle_grid\8HFE_watermarked_npj_SB_global_rotation_rx_30deg_rz_270deg_aligned.pdb,0.00040831171954863954,0.0013959631291283613,01101110011100000110101000100000010100110100001000000000,npj SB,npj SB,100.0,True
8HFE,global_rotation_2angle_aligned,combined_xz_rotation_then_kabsch_alignment,30,300,rx_30deg_rz_300deg,G:\Watermarker\Attack\3cases\Global_rotation\8HFE\two_angle_grid\8HFE_original_global_rotation_rx_30deg_rz_300deg.pdb,G:\Watermarker\Attack\3cases\Global_rotation\8HFE\two_angle_grid\8HFE_watermarked_npj_SB_global_rotation_rx_30deg_rz_300deg.pdb,G:\Watermarker\Attack\3cases\Global_rotation\8HFE\two_angle_grid\8HFE_original_global_rotation_rx_30deg_rz_300deg_aligned.pdb,G:\Watermarker\Attack\3cases\Global_rotation\8HFE\two_angle_grid\8HFE_watermarked_npj_SB_global_rotation_rx_30deg_rz_300deg_aligned.pdb,0.000492262078594262,0.001430677399904023,01101110011100000110101000100000010100110100001000000000,npj SB,npj SB,100.0,True
8HFE,global_rotation_2angle_aligned,combined_xz_rotation_then_kabsch_alignment,30,330,rx_30deg_rz_330deg,G:\Watermarker\Attack\3cases\Global_rotation\8HFE\two_angle_grid\8HFE_original_global_rotation_rx_30deg_rz_330deg.pdb,G:\Watermarker\Attack\3cases\Global_rotation\8HFE\two_angle_grid\8HFE_watermarked_npj_SB_global_rotation_rx_30deg_rz_330deg.pdb,G:\Watermarker\Attack\3cases\Global_rotation\8HFE\two_angle_grid\8HFE_original_global_rotation_rx_30deg_rz_330deg_aligned.pdb,G:\Watermarker\Attack\3cases\Global_rotation\8HFE\two_angle_grid\8HFE_watermarked_npj_SB_global_rotation_rx_30deg_rz_330deg_aligned.pdb,0.0004953524808898826,0.0014287474763625978,01101110011100000110101000100000010100110100001000000000,npj SB,npj SB,100.0,True
8HFE,global_rotation_2angle_aligned,combined_xz_rotation_then_kabsch_alignment,30,360,rx_30deg_rz_360deg,G:\Watermarker\Attack\3cases\Global_rotation\8HFE\two_angle_grid\8HFE_original_global_rotation_rx_30deg_rz_360deg.pdb,G:\Watermarker\Attack\3cases\Global_rotation\8HFE\two_angle_grid\8HFE_watermarked_npj_SB_global_rotation_rx_30deg_rz_360deg.pdb,G:\Watermarker\Attack\3cases\Global_rotation\8HFE\two_angle_grid\8HFE_original_global_rotation_rx_30deg_rz_360deg_aligned.pdb,G:\Watermarker\Attack\3cases\Global_rotation\8HFE\two_angle_grid\8HFE_watermarked_npj_SB_global_rotation_rx_30deg_rz_360deg_aligned.pdb,0.00040699178449135,0.0013957786378856031,01101110011100000110101000100000010100110100001000000000,npj SB,npj SB,100.0,True
8HFE,global_rotation_2angle_aligned,combined_xz_rotation_then_kabsch_alignment,60,0,rx_60deg_rz_0deg,G:\Watermarker\Attack\3cases\Global_rotation\8HFE\two_angle_grid\8HFE_original_global_rotation_rx_60deg_rz_0deg.pdb,G:\Watermarker\Attack\3cases\Global_rotation\8HFE\two_angle_grid\8HFE_watermarked_npj_SB_global_rotation_rx_60deg_rz_0deg.pdb,G:\Watermarker\Attack\3cases\Global_rotation\8HFE\two_angle_grid\8HFE_original_global_rotation_rx_60deg_rz_0deg_aligned.pdb,G:\Watermarker\Attack\3cases\Global_rotation\8HFE\two_angle_grid\8HFE_watermarked_npj_SB_global_rotation_rx_60deg_rz_0deg_aligned.pdb,0.00040636342870978986,0.0013965407604822242,01101110011100000110101000100000010100110100001000000000,npj SB,npj SB,100.0,True
8HFE,global_rotation_2angle_aligned,combined_xz_rotation_then_kabsch_alignment,60,30,rx_60deg_rz_30deg,G:\Watermarker\Attack\3cases\Global_rotation\8HFE\two_angle_grid\8HFE_original_global_rotation_rx_60deg_rz_30deg.pdb,G:\Watermarker\Attack\3cases\Global_rotation\8HFE\two_angle_grid\8HFE_watermarked_npj_SB_global_rotation_rx_60deg_rz_30deg.pdb,G:\Watermarker\Attack\3cases\Global_rotation\8HFE\two_angle_grid\8HFE_original_global_rotation_rx_60deg_rz_30deg_aligned.pdb,G:\Watermarker\Attack\3cases\Global_rotation\8HFE\two_angle_grid\8HFE_watermarked_npj_SB_global_rotation_rx_60deg_rz_30deg_aligned.pdb,0.0005012917680926153,0.001425227016014309,01101110011100000110101000100000010100110100001000000000,npj SB,npj SB,100.0,True
8HFE,global_rotation_2angle_aligned,combined_xz_rotation_then_kabsch_alignment,60,60,rx_60deg_rz_60deg,G:\Watermarker\Attack\3cases\Global_rotation\8HFE\two_angle_grid\8HFE_original_global_rotation_rx_60deg_rz_60deg.pdb,G:\Watermarker\Attack\3cases\Global_rotation\8HFE\two_angle_grid\8HFE_watermarked_npj_SB_global_rotation_rx_60deg_rz_60deg.pdb,G:\Watermarker\Attack\3cases\Global_rotation\8HFE\two_angle_grid\8HFE_original_global_rotation_rx_60deg_rz_60deg_aligned.pdb,G:\Watermarker\Attack\3cases\Global_rotation\8HFE\two_angle_grid\8HFE_watermarked_npj_SB_global_rotation_rx_60deg_rz_60deg_aligned.pdb,0.0004978300285259386,0.001427915654767558,01101110011100000110101000100000010100110100001000000000,npj SB,npj SB,100.0,True
8HFE,global_rotation_2angle_aligned,combined_xz_rotation_then_kabsch_alignment,60,90,rx_60deg_rz_90deg,G:\Watermarker\Attack\3cases\Global_rotation\8HFE\two_angle_grid\8HFE_original_global_rotation_rx_60deg_rz_90deg.pdb,G:\Watermarker\Attack\3cases\Global_rotation\8HFE\two_angle_grid\8HFE_watermarked_npj_SB_global_rotation_rx_60deg_rz_90deg.pdb,G:\Watermarker\Attack\3cases\Global_rotation\8HFE\two_angle_grid\8HFE_original_global_rotation_rx_60deg_rz_90deg_aligned.pdb,G:\Watermarker\Attack\3cases\Global_rotation\8HFE\two_angle_grid\8HFE_watermarked_npj_SB_global_rotation_rx_60deg_rz_90deg_aligned.pdb,0.0004042519088068818,0.0013914942088367635,01101110011100000110101000100000010100110100001000000000,npj SB,npj SB,100.0,True
8HFE,global_rotation_2angle_aligned,combined_xz_rotation_then_kabsch_alignment,60,120,rx_60deg_rz_120deg,G:\Watermarker\Attack\3cases\Global_rotation\8HFE\two_angle_grid\8HFE_original_global_rotation_rx_60deg_rz_120deg.pdb,G:\Watermarker\Attack\3cases\Global_rotation\8HFE\two_angle_grid\8HFE_watermarked_npj_SB_global_rotation_rx_60deg_rz_120deg.pdb,G:\Watermarker\Attack\3cases\Global_rotation\8HFE\two_angle_grid\8HFE_original_global_rotation_rx_60deg_rz_120deg_aligned.pdb,G:\Watermarker\Attack\3cases\Global_rotation\8HFE\two_angle_grid\8HFE_watermarked_npj_SB_global_rotation_rx_60deg_rz_120deg_aligned.pdb,0.0004919621396060551,0.0014282569545651424,01101110011100000110101000100000010100110100001000000000,npj SB,npj SB,100.0,True
8HFE,global_rotation_2angle_aligned,combined_xz_rotation_then_kabsch_alignment,60,150,rx_60deg_rz_150deg,G:\Watermarker\Attack\3cases\Global_rotation\8HFE\two_angle_grid\8HFE_original_global_rotation_rx_60deg_rz_150deg.pdb,G:\Watermarker\Attack\3cases\Global_rotation\8HFE\two_angle_grid\8HFE_watermarked_npj_SB_global_rotation_rx_60deg_rz_150deg.pdb,G:\Watermarker\Attack\3cases\Global_rotation\8HFE\two_angle_grid\8HFE_original_global_rotation_rx_60deg_rz_150deg_aligned.pdb,G:\Watermarker\Attack\3cases\Global_rotation\8HFE\two_angle_grid\8HFE_watermarked_npj_SB_global_rotation_rx_60deg_rz_150deg_aligned.pdb,0.0005005525128646667,0.0014250134342086065,01101110011100000110101000100000010100110100001000000000,npj SB,npj SB,100.0,True
8HFE,global_rotation_2angle_aligned,combined_xz_rotation_then_kabsch_alignment,60,180,rx_60deg_rz_180deg,G:\Watermarker\Attack\3cases\Global_rotation\8HFE\two_angle_grid\8HFE_original_global_rotation_rx_60deg_rz_180deg.pdb,G:\Watermarker\Attack\3cases\Global_rotation\8HFE\two_angle_grid\8HFE_watermarked_npj_SB_global_rotation_rx_60deg_rz_180deg.pdb,G:\Watermarker\Attack\3cases\Global_rotation\8HFE\two_angle_grid\8HFE_original_global_rotation_rx_60deg_rz_180deg_aligned.pdb,G:\Watermarker\Attack\3cases\Global_rotation\8HFE\two_angle_grid\8HFE_watermarked_npj_SB_global_rotation_rx_60deg_rz_180deg_aligned.pdb,0.00040581945901924354,0.0013963289177320558,01101110011100000110101000100000010100110100001000000000,npj SB,npj SB,100.0,True
8HFE,global_rotation_2angle_aligned,combined_xz_rotation_then_kabsch_alignment,60,210,rx_60deg_rz_210deg,G:\Watermarker\Attack\3cases\Global_rotation\8HFE\two_angle_grid\8HFE_original_global_rotation_rx_60deg_rz_210deg.pdb,G:\Watermarker\Attack\3cases\Global_rotation\8HFE\two_angle_grid\8HFE_watermarked_npj_SB_global_rotation_rx_60deg_rz_210deg.pdb,G:\Watermarker\Attack\3cases\Global_rotation\8HFE\two_angle_grid\8HFE_original_global_rotation_rx_60deg_rz_210deg_aligned.pdb,G:\Watermarker\Attack\3cases\Global_rotation\8HFE\two_angle_grid\8HFE_watermarked_npj_SB_global_rotation_rx_60deg_rz_210deg_aligned.pdb,0.0004969082982559576,0.001422147149048597,01101110011100000110101000100000010100110100001000000000,npj SB,npj SB,100.0,True
8HFE,global_rotation_2angle_aligned,combined_xz_rotation_then_kabsch_alignment,60,240,rx_60deg_rz_240deg,G:\Watermarker\Attack\3cases\Global_rotation\8HFE\two_angle_grid\8HFE_original_global_rotation_rx_60deg_rz_240deg.pdb,G:\Watermarker\Attack\3cases\Global_rotation\8HFE\two_angle_grid\8HFE_watermarked_npj_SB_global_rotation_rx_60deg_rz_240deg.pdb,G:\Watermarker\Attack\3cases\Global_rotation\8HFE\two_angle_grid\8HFE_original_global_rotation_rx_60deg_rz_240deg_aligned.pdb,G:\Watermarker\Attack\3cases\Global_rotation\8HFE\two_angle_grid\8HFE_watermarked_npj_SB_global_rotation_rx_60deg_rz_240deg_aligned.pdb,0.0004991837798007779,0.0014080798638599263,01101110011100000110101000100000010100110100001000000000,npj SB,npj SB,100.0,True
8HFE,global_rotation_2angle_aligned,combined_xz_rotation_then_kabsch_alignment,60,270,rx_60deg_rz_270deg,G:\Watermarker\Attack\3cases\Global_rotation\8HFE\two_angle_grid\8HFE_original_global_rotation_rx_60deg_rz_270deg.pdb,G:\Watermarker\Attack\3cases\Global_rotation\8HFE\two_angle_grid\8HFE_watermarked_npj_SB_global_rotation_rx_60deg_rz_270deg.pdb,G:\Watermarker\Attack\3cases\Global_rotation\8HFE\two_angle_grid\8HFE_original_global_rotation_rx_60deg_rz_270deg_aligned.pdb,G:\Watermarker\Attack\3cases\Global_rotation\8HFE\two_angle_grid\8HFE_watermarked_npj_SB_global_rotation_rx_60deg_rz_270deg_aligned.pdb,0.00040795774125092275,0.0013959490417942487,01101110011100000110101000100000010100110100001000000000,npj SB,npj SB,100.0,True
8HFE,global_rotation_2angle_aligned,combined_xz_rotation_then_kabsch_alignment,60,300,rx_60deg_rz_300deg,G:\Watermarker\Attack\3cases\Global_rotation\8HFE\two_angle_grid\8HFE_original_global_rotation_rx_60deg_rz_300deg.pdb,G:\Watermarker\Attack\3cases\Global_rotation\8HFE\two_angle_grid\8HFE_watermarked_npj_SB_global_rotation_rx_60deg_rz_300deg.pdb,G:\Watermarker\Attack\3cases\Global_rotation\8HFE\two_angle_grid\8HFE_original_global_rotation_rx_60deg_rz_300deg_aligned.pdb,G:\Watermarker\Attack\3cases\Global_rotation\8HFE\two_angle_grid\8HFE_watermarked_npj_SB_global_rotation_rx_60deg_rz_300deg_aligned.pdb,0.0004955131779805612,0.001421443824019461,01101110011100000110101000100000010100110100001000000000,npj SB,npj SB,100.0,True
8HFE,global_rotation_2angle_aligned,combined_xz_rotation_then_kabsch_alignment,60,330,rx_60deg_rz_330deg,G:\Watermarker\Attack\3cases\Global_rotation\8HFE\two_angle_grid\8HFE_original_global_rotation_rx_60deg_rz_330deg.pdb,G:\Watermarker\Attack\3cases\Global_rotation\8HFE\two_angle_grid\8HFE_watermarked_npj_SB_global_rotation_rx_60deg_rz_330deg.pdb,G:\Watermarker\Attack\3cases\Global_rotation\8HFE\two_angle_grid\8HFE_original_global_rotation_rx_60deg_rz_330deg_aligned.pdb,G:\Watermarker\Attack\3cases\Global_rotation\8HFE\two_angle_grid\8HFE_watermarked_npj_SB_global_rotation_rx_60deg_rz_330deg_aligned.pdb,0.0004964438592294065,0.0014326195259932858,01101110011100000110101000100000010100110100001000000000,npj SB,npj SB,100.0,True
8HFE,global_rotation_2angle_aligned,combined_xz_rotation_then_kabsch_alignment,60,360,rx_60deg_rz_360deg,G:\Watermarker\Attack\3cases\Global_rotation\8HFE\two_angle_grid\8HFE_original_global_rotation_rx_60deg_rz_360deg.pdb,G:\Watermarker\Attack\3cases\Global_rotation\8HFE\two_angle_grid\8HFE_watermarked_npj_SB_global_rotation_rx_60deg_rz_360deg.pdb,G:\Watermarker\Attack\3cases\Global_rotation\8HFE\two_angle_grid\8HFE_original_global_rotation_rx_60deg_rz_360deg_aligned.pdb,G:\Watermarker\Attack\3cases\Global_rotation\8HFE\two_angle_grid\8HFE_watermarked_npj_SB_global_rotation_rx_60deg_rz_360deg_aligned.pdb,0.00040636342870978986,0.0013965407604822242,01101110011100000110101000100000010100110100001000000000,npj SB,npj SB,100.0,True
8HFE,global_rotation_2angle_aligned,combined_xz_rotation_then_kabsch_alignment,90,0,rx_90deg_rz_0deg,G:\Watermarker\Attack\3cases\Global_rotation\8HFE\two_angle_grid\8HFE_original_global_rotation_rx_90deg_rz_0deg.pdb,G:\Watermarker\Attack\3cases\Global_rotation\8HFE\two_angle_grid\8HFE_watermarked_npj_SB_global_rotation_rx_90deg_rz_0deg.pdb,G:\Watermarker\Attack\3cases\Global_rotation\8HFE\two_angle_grid\8HFE_original_global_rotation_rx_90deg_rz_0deg_aligned.pdb,G:\Watermarker\Attack\3cases\Global_rotation\8HFE\two_angle_grid\8HFE_watermarked_npj_SB_global_rotation_rx_90deg_rz_0deg_aligned.pdb,1.296064480360152e-13,0.0013303315609297834,01101110011100000110101000100000010100110100001000000000,npj SB,npj SB,100.0,True
8HFE,global_rotation_2angle_aligned,combined_xz_rotation_then_kabsch_alignment,90,30,rx_90deg_rz_30deg,G:\Watermarker\Attack\3cases\Global_rotation\8HFE\two_angle_grid\8HFE_original_global_rotation_rx_90deg_rz_30deg.pdb,G:\Watermarker\Attack\3cases\Global_rotation\8HFE\two_angle_grid\8HFE_watermarked_npj_SB_global_rotation_rx_90deg_rz_30deg.pdb,G:\Watermarker\Attack\3cases\Global_rotation\8HFE\two_angle_grid\8HFE_original_global_rotation_rx_90deg_rz_30deg_aligned.pdb,G:\Watermarker\Attack\3cases\Global_rotation\8HFE\two_angle_grid\8HFE_watermarked_npj_SB_global_rotation_rx_90deg_rz_30deg_aligned.pdb,0.0004008186618620044,0.0013791218212362922,01101110011100000110101000100000010100110100001000000000,npj SB,npj SB,100.0,True
8HFE,global_rotation_2angle_aligned,combined_xz_rotation_then_kabsch_alignment,90,60,rx_90deg_rz_60deg,G:\Watermarker\Attack\3cases\Global_rotation\8HFE\two_angle_grid\8HFE_original_global_rotation_rx_90deg_rz_60deg.pdb,G:\Watermarker\Attack\3cases\Global_rotation\8HFE\two_angle_grid\8HFE_watermarked_npj_SB_global_rotation_rx_90deg_rz_60deg.pdb,G:\Watermarker\Attack\3cases\Global_rotation\8HFE\two_angle_grid\8HFE_original_global_rotation_rx_90deg_rz_60deg_aligned.pdb,G:\Watermarker\Attack\3cases\Global_rotation\8HFE\two_angle_grid\8HFE_watermarked_npj_SB_global_rotation_rx_90deg_rz_60deg_aligned.pdb,0.00040313209355496147,0.0013919261400767637,01101110011100000110101000100000010100110100001000000000,npj SB,npj SB,100.0,True
8HFE,global_rotation_2angle_aligned,combined_xz_rotation_then_kabsch_alignment,90,90,rx_90deg_rz_90deg,G:\Watermarker\Attack\3cases\Global_rotation\8HFE\two_angle_grid\8HFE_original_global_rotation_rx_90deg_rz_90deg.pdb,G:\Watermarker\Attack\3cases\Global_rotation\8HFE\two_angle_grid\8HFE_watermarked_npj_SB_global_rotation_rx_90deg_rz_90deg.pdb,G:\Watermarker\Attack\3cases\Global_rotation\8HFE\two_angle_grid\8HFE_original_global_rotation_rx_90deg_rz_90deg_aligned.pdb,G:\Watermarker\Attack\3cases\Global_rotation\8HFE\two_angle_grid\8HFE_watermarked_npj_SB_global_rotation_rx_90deg_rz_90deg_aligned.pdb,2.6027485160440414e-14,0.0013303315609297186,01101110011100000110101000100000010100110100001000000000,npj SB,npj SB,100.0,True
8HFE,global_rotation_2angle_aligned,combined_xz_rotation_then_kabsch_alignment,90,120,rx_90deg_rz_120deg,G:\Watermarker\Attack\3cases\Global_rotation\8HFE\two_angle_grid\8HFE_original_global_rotation_rx_90deg_rz_120deg.pdb,G:\Watermarker\Attack\3cases\Global_rotation\8HFE\two_angle_grid\8HFE_watermarked_npj_SB_global_rotation_rx_90deg_rz_120deg.pdb,G:\Watermarker\Attack\3cases\Global_rotation\8HFE\two_angle_grid\8HFE_original_global_rotation_rx_90deg_rz_120deg_aligned.pdb,G:\Watermarker\Attack\3cases\Global_rotation\8HFE\two_angle_grid\8HFE_watermarked_npj_SB_global_rotation_rx_90deg_rz_120deg_aligned.pdb,0.0004005029175022677,0.0013820835644016117,01101110011100000110101000100000010100110100001000000000,npj SB,npj SB,100.0,True
8HFE,global_rotation_2angle_aligned,combined_xz_rotation_then_kabsch_alignment,90,150,rx_90deg_rz_150deg,G:\Watermarker\Attack\3cases\Global_rotation\8HFE\two_angle_grid\8HFE_original_global_rotation_rx_90deg_rz_150deg.pdb,G:\Watermarker\Attack\3cases\Global_rotation\8HFE\two_angle_grid\8HFE_watermarked_npj_SB_global_rotation_rx_90deg_rz_150deg.pdb,G:\Watermarker\Attack\3cases\Global_rotation\8HFE\two_angle_grid\8HFE_original_global_rotation_rx_90deg_rz_150deg_aligned.pdb,G:\Watermarker\Attack\3cases\Global_rotation\8HFE\two_angle_grid\8HFE_watermarked_npj_SB_global_rotation_rx_90deg_rz_150deg_aligned.pdb,0.0004118076512176342,0.0013879589897549116,01101110011100000110101000100000010100110100001000000000,npj SB,npj SB,100.0,True
8HFE,global_rotation_2angle_aligned,combined_xz_rotation_then_kabsch_alignment,90,180,rx_90deg_rz_180deg,G:\Watermarker\Attack\3cases\Global_rotation\8HFE\two_angle_grid\8HFE_original_global_rotation_rx_90deg_rz_180deg.pdb,G:\Watermarker\Attack\3cases\Global_rotation\8HFE\two_angle_grid\8HFE_watermarked_npj_SB_global_rotation_rx_90deg_rz_180deg.pdb,G:\Watermarker\Attack\3cases\Global_rotation\8HFE\two_angle_grid\8HFE_original_global_rotation_rx_90deg_rz_180deg_aligned.pdb,G:\Watermarker\Attack\3cases\Global_rotation\8HFE\two_angle_grid\8HFE_watermarked_npj_SB_global_rotation_rx_90deg_rz_180deg_aligned.pdb,1.0194411839929922e-13,0.0013303315609295328,01101110011100000110101000100000010100110100001000000000,npj SB,npj SB,100.0,True
8HFE,global_rotation_2angle_aligned,combined_xz_rotation_then_kabsch_alignment,90,210,rx_90deg_rz_210deg,G:\Watermarker\Attack\3cases\Global_rotation\8HFE\two_angle_grid\8HFE_original_global_rotation_rx_90deg_rz_210deg.pdb,G:\Watermarker\Attack\3cases\Global_rotation\8HFE\two_angle_grid\8HFE_watermarked_npj_SB_global_rotation_rx_90deg_rz_210deg.pdb,G:\Watermarker\Attack\3cases\Global_rotation\8HFE\two_angle_grid\8HFE_original_global_rotation_rx_90deg_rz_210deg_aligned.pdb,G:\Watermarker\Attack\3cases\Global_rotation\8HFE\two_angle_grid\8HFE_watermarked_npj_SB_global_rotation_rx_90deg_rz_210deg_aligned.pdb,0.00041049251691975585,0.0013761396791336076,01101110011100000110101000100000010100110100001000000000,npj SB,npj SB,100.0,True
8HFE,global_rotation_2angle_aligned,combined_xz_rotation_then_kabsch_alignment,90,240,rx_90deg_rz_240deg,G:\Watermarker\Attack\3cases\Global_rotation\8HFE\two_angle_grid\8HFE_original_global_rotation_rx_90deg_rz_240deg.pdb,G:\Watermarker\Attack\3cases\Global_rotation\8HFE\two_angle_grid\8HFE_watermarked_npj_SB_global_rotation_rx_90deg_rz_240deg.pdb,G:\Watermarker\Attack\3cases\Global_rotation\8HFE\two_angle_grid\8HFE_original_global_rotation_rx_90deg_rz_240deg_aligned.pdb,G:\Watermarker\Attack\3cases\Global_rotation\8HFE\two_angle_grid\8HFE_watermarked_npj_SB_global_rotation_rx_90deg_rz_240deg_aligned.pdb,0.00040679887427242707,0.0014076043067584186,01101110011100000110101000100000010100110100001000000000,npj SB,npj SB,100.0,True
8HFE,global_rotation_2angle_aligned,combined_xz_rotation_then_kabsch_alignment,90,270,rx_90deg_rz_270deg,G:\Watermarker\Attack\3cases\Global_rotation\8HFE\two_angle_grid\8HFE_original_global_rotation_rx_90deg_rz_270deg.pdb,G:\Watermarker\Attack\3cases\Global_rotation\8HFE\two_angle_grid\8HFE_watermarked_npj_SB_global_rotation_rx_90deg_rz_270deg.pdb,G:\Watermarker\Attack\3cases\Global_rotation\8HFE\two_angle_grid\8HFE_original_global_rotation_rx_90deg_rz_270deg_aligned.pdb,G:\Watermarker\Attack\3cases\Global_rotation\8HFE\two_angle_grid\8HFE_watermarked_npj_SB_global_rotation_rx_90deg_rz_270deg_aligned.pdb,1.1077429499093342e-13,0.001330331560929256,01101110011100000110101000100000010100110100001000000000,npj SB,npj SB,100.0,True
8HFE,global_rotation_2angle_aligned,combined_xz_rotation_then_kabsch_alignment,90,300,rx_90deg_rz_300deg,G:\Watermarker\Attack\3cases\Global_rotation\8HFE\two_angle_grid\8HFE_original_global_rotation_rx_90deg_rz_300deg.pdb,G:\Watermarker\Attack\3cases\Global_rotation\8HFE\two_angle_grid\8HFE_watermarked_npj_SB_global_rotation_rx_90deg_rz_300deg.pdb,G:\Watermarker\Attack\3cases\Global_rotation\8HFE\two_angle_grid\8HFE_original_global_rotation_rx_90deg_rz_300deg_aligned.pdb,G:\Watermarker\Attack\3cases\Global_rotation\8HFE\two_angle_grid\8HFE_watermarked_npj_SB_global_rotation_rx_90deg_rz_300deg_aligned.pdb,0.000406158161137284,0.001398059802604071,01101110011100000110101000100000010100110100001000000000,npj SB,npj SB,100.0,True
8HFE,global_rotation_2angle_aligned,combined_xz_rotation_then_kabsch_alignment,90,330,rx_90deg_rz_330deg,G:\Watermarker\Attack\3cases\Global_rotation\8HFE\two_angle_grid\8HFE_original_global_rotation_rx_90deg_rz_330deg.pdb,G:\Watermarker\Attack\3cases\Global_rotation\8HFE\two_angle_grid\8HFE_watermarked_npj_SB_global_rotation_rx_90deg_rz_330deg.pdb,G:\Watermarker\Attack\3cases\Global_rotation\8HFE\two_angle_grid\8HFE_original_global_rotation_rx_90deg_rz_330deg_aligned.pdb,G:\Watermarker\Attack\3cases\Global_rotation\8HFE\two_angle_grid\8HFE_watermarked_npj_SB_global_rotation_rx_90deg_rz_330deg_aligned.pdb,0.0004045174987466893,0.0013898525283814471,01101110011100000110101000100000010100110100001000000000,npj SB,npj SB,100.0,True
8HFE,global_rotation_2angle_aligned,combined_xz_rotation_then_kabsch_alignment,90,360,rx_90deg_rz_360deg,G:\Watermarker\Attack\3cases\Global_rotation\8HFE\two_angle_grid\8HFE_original_global_rotation_rx_90deg_rz_360deg.pdb,G:\Watermarker\Attack\3cases\Global_rotation\8HFE\two_angle_grid\8HFE_watermarked_npj_SB_global_rotation_rx_90deg_rz_360deg.pdb,G:\Watermarker\Attack\3cases\Global_rotation\8HFE\two_angle_grid\8HFE_original_global_rotation_rx_90deg_rz_360deg_aligned.pdb,G:\Watermarker\Attack\3cases\Global_rotation\8HFE\two_angle_grid\8HFE_watermarked_npj_SB_global_rotation_rx_90deg_rz_360deg_aligned.pdb,1.296064480360152e-13,0.0013303315609297834,01101110011100000110101000100000010100110100001000000000,npj SB,npj SB,100.0,True
8HFE,global_rotation_2angle_aligned,combined_xz_rotation_then_kabsch_alignment,120,0,rx_120deg_rz_0deg,G:\Watermarker\Attack\3cases\Global_rotation\8HFE\two_angle_grid\8HFE_original_global_rotation_rx_120deg_rz_0deg.pdb,G:\Watermarker\Attack\3cases\Global_rotation\8HFE\two_angle_grid\8HFE_watermarked_npj_SB_global_rotation_rx_120deg_rz_0deg.pdb,G:\Watermarker\Attack\3cases\Global_rotation\8HFE\two_angle_grid\8HFE_original_global_rotation_rx_120deg_rz_0deg_aligned.pdb,G:\Watermarker\Attack\3cases\Global_rotation\8HFE\two_angle_grid\8HFE_watermarked_npj_SB_global_rotation_rx_120deg_rz_0deg_aligned.pdb,0.00040622537392256036,0.0013979009239735237,01101110011100000110101000100000010100110100001000000000,npj SB,npj SB,100.0,True
8HFE,global_rotation_2angle_aligned,combined_xz_rotation_then_kabsch_alignment,120,30,rx_120deg_rz_30deg,G:\Watermarker\Attack\3cases\Global_rotation\8HFE\two_angle_grid\8HFE_original_global_rotation_rx_120deg_rz_30deg.pdb,G:\Watermarker\Attack\3cases\Global_rotation\8HFE\two_angle_grid\8HFE_watermarked_npj_SB_global_rotation_rx_120deg_rz_30deg.pdb,G:\Watermarker\Attack\3cases\Global_rotation\8HFE\two_angle_grid\8HFE_original_global_rotation_rx_120deg_rz_30deg_aligned.pdb,G:\Watermarker\Attack\3cases\Global_rotation\8HFE\two_angle_grid\8HFE_watermarked_npj_SB_global_rotation_rx_120deg_rz_30deg_aligned.pdb,0.0005073993102246834,0.001419396540172759,01101110011100000110101000100000010100110100001000000000,npj SB,npj SB,100.0,True
8HFE,global_rotation_2angle_aligned,combined_xz_rotation_then_kabsch_alignment,120,60,rx_120deg_rz_60deg,G:\Watermarker\Attack\3cases\Global_rotation\8HFE\two_angle_grid\8HFE_original_global_rotation_rx_120deg_rz_60deg.pdb,G:\Watermarker\Attack\3cases\Global_rotation\8HFE\two_angle_grid\8HFE_watermarked_npj_SB_global_rotation_rx_120deg_rz_60deg.pdb,G:\Watermarker\Attack\3cases\Global_rotation\8HFE\two_angle_grid\8HFE_original_global_rotation_rx_120deg_rz_60deg_aligned.pdb,G:\Watermarker\Attack\3cases\Global_rotation\8HFE\two_angle_grid\8HFE_watermarked_npj_SB_global_rotation_rx_120deg_rz_60deg_aligned.pdb,0.0005001839558979346,0.0014274626264337373,01101110011100000110101000100000010100110100001000000000,npj SB,npj SB,100.0,True
8HFE,global_rotation_2angle_aligned,combined_xz_rotation_then_kabsch_alignment,120,90,rx_120deg_rz_90deg,G:\Watermarker\Attack\3cases\Global_rotation\8HFE\two_angle_grid\8HFE_original_global_rotation_rx_120deg_rz_90deg.pdb,G:\Watermarker\Attack\3cases\Global_rotation\8HFE\two_angle_grid\8HFE_watermarked_npj_SB_global_rotation_rx_120deg_rz_90deg.pdb,G:\Watermarker\Attack\3cases\Global_rotation\8HFE\two_angle_grid\8HFE_original_global_rotation_rx_120deg_rz_90deg_aligned.pdb,G:\Watermarker\Attack\3cases\Global_rotation\8HFE\two_angle_grid\8HFE_watermarked_npj_SB_global_rotation_rx_120deg_rz_90deg_aligned.pdb,0.0004036981305159818,0.0013924933901293699,01101110011100000110101000100000010100110100001000000000,npj SB,npj SB,100.0,True
8HFE,global_rotation_2angle_aligned,combined_xz_rotation_then_kabsch_alignment,120,120,rx_120deg_rz_120deg,G:\Watermarker\Attack\3cases\Global_rotation\8HFE\two_angle_grid\8HFE_original_global_rotation_rx_120deg_rz_120deg.pdb,G:\Watermarker\Attack\3cases\Global_rotation\8HFE\two_angle_grid\8HFE_watermarked_npj_SB_global_rotation_rx_120deg_rz_120deg.pdb,G:\Watermarker\Attack\3cases\Global_rotation\8HFE\two_angle_grid\8HFE_original_global_rotation_rx_120deg_rz_120deg_aligned.pdb,G:\Watermarker\Attack\3cases\Global_rotation\8HFE\two_angle_grid\8HFE_watermarked_npj_SB_global_rotation_rx_120deg_rz_120deg_aligned.pdb,0.0004970534623879886,0.0014429957833604712,01101110011100000110101000100000010100110100001000000000,npj SB,npj SB,100.0,True
8HFE,global_rotation_2angle_aligned,combined_xz_rotation_then_kabsch_alignment,120,150,rx_120deg_rz_150deg,G:\Watermarker\Attack\3cases\Global_rotation\8HFE\two_angle_grid\8HFE_original_global_rotation_rx_120deg_rz_150deg.pdb,G:\Watermarker\Attack\3cases\Global_rotation\8HFE\two_angle_grid\8HFE_watermarked_npj_SB_global_rotation_rx_120deg_rz_150deg.pdb,G:\Watermarker\Attack\3cases\Global_rotation\8HFE\two_angle_grid\8HFE_original_global_rotation_rx_120deg_rz_150deg_aligned.pdb,G:\Watermarker\Attack\3cases\Global_rotation\8HFE\two_angle_grid\8HFE_watermarked_npj_SB_global_rotation_rx_120deg_rz_150deg_aligned.pdb,0.0004987653058836385,0.001433691538804358,01101110011100000110101000100000010100110100001000000000,npj SB,npj SB,100.0,True
8HFE,global_rotation_2angle_aligned,combined_xz_rotation_then_kabsch_alignment,120,180,rx_120deg_rz_180deg,G:\Watermarker\Attack\3cases\Global_rotation\8HFE\two_angle_grid\8HFE_original_global_rotation_rx_120deg_rz_180deg.pdb,G:\Watermarker\Attack\3cases\Global_rotation\8HFE\two_angle_grid\8HFE_watermarked_npj_SB_global_rotation_rx_120deg_rz_180deg.pdb,G:\Watermarker\Attack\3cases\Global_rotation\8HFE\two_angle_grid\8HFE_original_global_rotation_rx_120deg_rz_180deg_aligned.pdb,G:\Watermarker\Attack\3cases\Global_rotation\8HFE\two_angle_grid\8HFE_watermarked_npj_SB_global_rotation_rx_120deg_rz_180deg_aligned.pdb,0.0004055975391050761,0.0013976972276178896,01101110011100000110101000100000010100110100001000000000,npj SB,npj SB,100.0,True
8HFE,global_rotation_2angle_aligned,combined_xz_rotation_then_kabsch_alignment,120,210,rx_120deg_rz_210deg,G:\Watermarker\Attack\3cases\Global_rotation\8HFE\two_angle_grid\8HFE_original_global_rotation_rx_120deg_rz_210deg.pdb,G:\Watermarker\Attack\3cases\Global_rotation\8HFE\two_angle_grid\8HFE_watermarked_npj_SB_global_rotation_rx_120deg_rz_210deg.pdb,G:\Watermarker\Attack\3cases\Global_rotation\8HFE\two_angle_grid\8HFE_original_global_rotation_rx_120deg_rz_210deg_aligned.pdb,G:\Watermarker\Attack\3cases\Global_rotation\8HFE\two_angle_grid\8HFE_watermarked_npj_SB_global_rotation_rx_120deg_rz_210deg_aligned.pdb,0.0005028152735631219,0.0014100115638555114,01101110011100000110101000100000010100110100001000000000,npj SB,npj SB,100.0,True
8HFE,global_rotation_2angle_aligned,combined_xz_rotation_then_kabsch_alignment,120,240,rx_120deg_rz_240deg,G:\Watermarker\Attack\3cases\Global_rotation\8HFE\two_angle_grid\8HFE_original_global_rotation_rx_120deg_rz_240deg.pdb,G:\Watermarker\Attack\3cases\Global_rotation\8HFE\two_angle_grid\8HFE_watermarked_npj_SB_global_rotation_rx_120deg_rz_240deg.pdb,G:\Watermarker\Attack\3cases\Global_rotation\8HFE\two_angle_grid\8HFE_original_global_rotation_rx_120deg_rz_240deg_aligned.pdb,G:\Watermarker\Attack\3cases\Global_rotation\8HFE\two_angle_grid\8HFE_watermarked_npj_SB_global_rotation_rx_120deg_rz_240deg_aligned.pdb,0.0004928789389900974,0.0014137075491134177,01101110011100000110101000100000010100110100001000000000,npj SB,npj SB,100.0,True
8HFE,global_rotation_2angle_aligned,combined_xz_rotation_then_kabsch_alignment,120,270,rx_120deg_rz_270deg,G:\Watermarker\Attack\3cases\Global_rotation\8HFE\two_angle_grid\8HFE_original_global_rotation_rx_120deg_rz_270deg.pdb,G:\Watermarker\Attack\3cases\Global_rotation\8HFE\two_angle_grid\8HFE_watermarked_npj_SB_global_rotation_rx_120deg_rz_270deg.pdb,G:\Watermarker\Attack\3cases\Global_rotation\8HFE\two_angle_grid\8HFE_original_global_rotation_rx_120deg_rz_270deg_aligned.pdb,G:\Watermarker\Attack\3cases\Global_rotation\8HFE\two_angle_grid\8HFE_watermarked_npj_SB_global_rotation_rx_120deg_rz_270deg_aligned.pdb,0.0004074399515789486,0.0014016396446238236,01101110011100000110101000100000010100110100001000000000,npj SB,npj SB,100.0,True
8HFE,global_rotation_2angle_aligned,combined_xz_rotation_then_kabsch_alignment,120,300,rx_120deg_rz_300deg,G:\Watermarker\Attack\3cases\Global_rotation\8HFE\two_angle_grid\8HFE_original_global_rotation_rx_120deg_rz_300deg.pdb,G:\Watermarker\Attack\3cases\Global_rotation\8HFE\two_angle_grid\8HFE_watermarked_npj_SB_global_rotation_rx_120deg_rz_300deg.pdb,G:\Watermarker\Attack\3cases\Global_rotation\8HFE\two_angle_grid\8HFE_original_global_rotation_rx_120deg_rz_300deg_aligned.pdb,G:\Watermarker\Attack\3cases\Global_rotation\8HFE\two_angle_grid\8HFE_watermarked_npj_SB_global_rotation_rx_120deg_rz_300deg_aligned.pdb,0.0005049407122151365,0.0014379404912825376,01101110011100000110101000100000010100110100001000000000,npj SB,npj SB,100.0,True
8HFE,global_rotation_2angle_aligned,combined_xz_rotation_then_kabsch_alignment,120,330,rx_120deg_rz_330deg,G:\Watermarker\Attack\3cases\Global_rotation\8HFE\two_angle_grid\8HFE_original_global_rotation_rx_120deg_rz_330deg.pdb,G:\Watermarker\Attack\3cases\Global_rotation\8HFE\two_angle_grid\8HFE_watermarked_npj_SB_global_rotation_rx_120deg_rz_330deg.pdb,G:\Watermarker\Attack\3cases\Global_rotation\8HFE\two_angle_grid\8HFE_original_global_rotation_rx_120deg_rz_330deg_aligned.pdb,G:\Watermarker\Attack\3cases\Global_rotation\8HFE\two_angle_grid\8HFE_watermarked_npj_SB_global_rotation_rx_120deg_rz_330deg_aligned.pdb,0.0005042176275411155,0.00141971559201081,01101110011100000110101000100000010100110100001000000000,npj SB,npj SB,100.0,True
8HFE,global_rotation_2angle_aligned,combined_xz_rotation_then_kabsch_alignment,120,360,rx_120deg_rz_360deg,G:\Watermarker\Attack\3cases\Global_rotation\8HFE\two_angle_grid\8HFE_original_global_rotation_rx_120deg_rz_360deg.pdb,G:\Watermarker\Attack\3cases\Global_rotation\8HFE\two_angle_grid\8HFE_watermarked_npj_SB_global_rotation_rx_120deg_rz_360deg.pdb,G:\Watermarker\Attack\3cases\Global_rotation\8HFE\two_angle_grid\8HFE_original_global_rotation_rx_120deg_rz_360deg_aligned.pdb,G:\Watermarker\Attack\3cases\Global_rotation\8HFE\two_angle_grid\8HFE_watermarked_npj_SB_global_rotation_rx_120deg_rz_360deg_aligned.pdb,0.00040622537392256036,0.0013979009239735237,01101110011100000110101000100000010100110100001000000000,npj SB,npj SB,100.0,True
8HFE,global_rotation_2angle_aligned,combined_xz_rotation_then_kabsch_alignment,150,0,rx_150deg_rz_0deg,G:\Watermarker\Attack\3cases\Global_rotation\8HFE\two_angle_grid\8HFE_original_global_rotation_rx_150deg_rz_0deg.pdb,G:\Watermarker\Attack\3cases\Global_rotation\8HFE\two_angle_grid\8HFE_watermarked_npj_SB_global_rotation_rx_150deg_rz_0deg.pdb,G:\Watermarker\Attack\3cases\Global_rotation\8HFE\two_angle_grid\8HFE_original_global_rotation_rx_150deg_rz_0deg_aligned.pdb,G:\Watermarker\Attack\3cases\Global_rotation\8HFE\two_angle_grid\8HFE_watermarked_npj_SB_global_rotation_rx_150deg_rz_0deg_aligned.pdb,0.00040593873825595317,0.0013964152638639368,01101110011100000110101000100000010100110100001000000000,npj SB,npj SB,100.0,True
8HFE,global_rotation_2angle_aligned,combined_xz_rotation_then_kabsch_alignment,150,30,rx_150deg_rz_30deg,G:\Watermarker\Attack\3cases\Global_rotation\8HFE\two_angle_grid\8HFE_original_global_rotation_rx_150deg_rz_30deg.pdb,G:\Watermarker\Attack\3cases\Global_rotation\8HFE\two_angle_grid\8HFE_watermarked_npj_SB_global_rotation_rx_150deg_rz_30deg.pdb,G:\Watermarker\Attack\3cases\Global_rotation\8HFE\two_angle_grid\8HFE_original_global_rotation_rx_150deg_rz_30deg_aligned.pdb,G:\Watermarker\Attack\3cases\Global_rotation\8HFE\two_angle_grid\8HFE_watermarked_npj_SB_global_rotation_rx_150deg_rz_30deg_aligned.pdb,0.000502394989038494,0.0014282091881456344,01101110011100000110101000100000010100110100001000000000,npj SB,npj SB,100.0,True
8HFE,global_rotation_2angle_aligned,combined_xz_rotation_then_kabsch_alignment,150,60,rx_150deg_rz_60deg,G:\Watermarker\Attack\3cases\Global_rotation\8HFE\two_angle_grid\8HFE_original_global_rotation_rx_150deg_rz_60deg.pdb,G:\Watermarker\Attack\3cases\Global_rotation\8HFE\two_angle_grid\8HFE_watermarked_npj_SB_global_rotation_rx_150deg_rz_60deg.pdb,G:\Watermarker\Attack\3cases\Global_rotation\8HFE\two_angle_grid\8HFE_original_global_rotation_rx_150deg_rz_60deg_aligned.pdb,G:\Watermarker\Attack\3cases\Global_rotation\8HFE\two_angle_grid\8HFE_watermarked_npj_SB_global_rotation_rx_150deg_rz_60deg_aligned.pdb,0.0004977482878689567,0.0014107834380696787,01101110011100000110101000100000010100110100001000000000,npj SB,npj SB,100.0,True
8HFE,global_rotation_2angle_aligned,combined_xz_rotation_then_kabsch_alignment,150,90,rx_150deg_rz_90deg,G:\Watermarker\Attack\3cases\Global_rotation\8HFE\two_angle_grid\8HFE_original_global_rotation_rx_150deg_rz_90deg.pdb,G:\Watermarker\Attack\3cases\Global_rotation\8HFE\two_angle_grid\8HFE_watermarked_npj_SB_global_rotation_rx_150deg_rz_90deg.pdb,G:\Watermarker\Attack\3cases\Global_rotation\8HFE\two_angle_grid\8HFE_original_global_rotation_rx_150deg_rz_90deg_aligned.pdb,G:\Watermarker\Attack\3cases\Global_rotation\8HFE\two_angle_grid\8HFE_watermarked_npj_SB_global_rotation_rx_150deg_rz_90deg_aligned.pdb,0.00040673881698711215,0.0014024543546618847,01101110011100000110101000100000010100110100001000000000,npj SB,npj SB,100.0,True
8HFE,global_rotation_2angle_aligned,combined_xz_rotation_then_kabsch_alignment,150,120,rx_150deg_rz_120deg,G:\Watermarker\Attack\3cases\Global_rotation\8HFE\two_angle_grid\8HFE_original_global_rotation_rx_150deg_rz_120deg.pdb,G:\Watermarker\Attack\3cases\Global_rotation\8HFE\two_angle_grid\8HFE_watermarked_npj_SB_global_rotation_rx_150deg_rz_120deg.pdb,G:\Watermarker\Attack\3cases\Global_rotation\8HFE\two_angle_grid\8HFE_original_global_rotation_rx_150deg_rz_120deg_aligned.pdb,G:\Watermarker\Attack\3cases\Global_rotation\8HFE\two_angle_grid\8HFE_watermarked_npj_SB_global_rotation_rx_150deg_rz_120deg_aligned.pdb,0.0004927924837753877,0.0014175882310646076,01101110011100000110101000100000010100110100001000000000,npj SB,npj SB,100.0,True
8HFE,global_rotation_2angle_aligned,combined_xz_rotation_then_kabsch_alignment,150,150,rx_150deg_rz_150deg,G:\Watermarker\Attack\3cases\Global_rotation\8HFE\two_angle_grid\8HFE_original_global_rotation_rx_150deg_rz_150deg.pdb,G:\Watermarker\Attack\3cases\Global_rotation\8HFE\two_angle_grid\8HFE_watermarked_npj_SB_global_rotation_rx_150deg_rz_150deg.pdb,G:\Watermarker\Attack\3cases\Global_rotation\8HFE\two_angle_grid\8HFE_original_global_rotation_rx_150deg_rz_150deg_aligned.pdb,G:\Watermarker\Attack\3cases\Global_rotation\8HFE\two_angle_grid\8HFE_watermarked_npj_SB_global_rotation_rx_150deg_rz_150deg_aligned.pdb,0.0004926836750340733,0.0014100227374483913,01101110011100000110101000100000010100110100001000000000,npj SB,npj SB,100.0,True
8HFE,global_rotation_2angle_aligned,combined_xz_rotation_then_kabsch_alignment,150,180,rx_150deg_rz_180deg,G:\Watermarker\Attack\3cases\Global_rotation\8HFE\two_angle_grid\8HFE_original_global_rotation_rx_150deg_rz_180deg.pdb,G:\Watermarker\Attack\3cases\Global_rotation\8HFE\two_angle_grid\8HFE_watermarked_npj_SB_global_rotation_rx_150deg_rz_180deg.pdb,G:\Watermarker\Attack\3cases\Global_rotation\8HFE\two_angle_grid\8HFE_original_global_rotation_rx_150deg_rz_180deg_aligned.pdb,G:\Watermarker\Attack\3cases\Global_rotation\8HFE\two_angle_grid\8HFE_watermarked_npj_SB_global_rotation_rx_150deg_rz_180deg_aligned.pdb,0.0004063264582385994,0.0013965089403391248,01101110011100000110101000100000010100110100001000000000,npj SB,npj SB,100.0,True
8HFE,global_rotation_2angle_aligned,combined_xz_rotation_then_kabsch_alignment,150,210,rx_150deg_rz_210deg,G:\Watermarker\Attack\3cases\Global_rotation\8HFE\two_angle_grid\8HFE_original_global_rotation_rx_150deg_rz_210deg.pdb,G:\Watermarker\Attack\3cases\Global_rotation\8HFE\two_angle_grid\8HFE_watermarked_npj_SB_global_rotation_rx_150deg_rz_210deg.pdb,G:\Watermarker\Attack\3cases\Global_rotation\8HFE\two_angle_grid\8HFE_original_global_rotation_rx_150deg_rz_210deg_aligned.pdb,G:\Watermarker\Attack\3cases\Global_rotation\8HFE\two_angle_grid\8HFE_watermarked_npj_SB_global_rotation_rx_150deg_rz_210deg_aligned.pdb,0.0004938015520036885,0.0014382893461467648,01101110011100000110101000100000010100110100001000000000,npj SB,npj SB,100.0,True
8HFE,global_rotation_2angle_aligned,combined_xz_rotation_then_kabsch_alignment,150,240,rx_150deg_rz_240deg,G:\Watermarker\Attack\3cases\Global_rotation\8HFE\two_angle_grid\8HFE_original_global_rotation_rx_150deg_rz_240deg.pdb,G:\Watermarker\Attack\3cases\Global_rotation\8HFE\two_angle_grid\8HFE_watermarked_npj_SB_global_rotation_rx_150deg_rz_240deg.pdb,G:\Watermarker\Attack\3cases\Global_rotation\8HFE\two_angle_grid\8HFE_original_global_rotation_rx_150deg_rz_240deg_aligned.pdb,G:\Watermarker\Attack\3cases\Global_rotation\8HFE\two_angle_grid\8HFE_watermarked_npj_SB_global_rotation_rx_150deg_rz_240deg_aligned.pdb,0.0004987425900475639,0.0014187356900362184,01101110011100000110101000100000010100110100001000000000,npj SB,npj SB,100.0,True
8HFE,global_rotation_2angle_aligned,combined_xz_rotation_then_kabsch_alignment,150,270,rx_150deg_rz_270deg,G:\Watermarker\Attack\3cases\Global_rotation\8HFE\two_angle_grid\8HFE_original_global_rotation_rx_150deg_rz_270deg.pdb,G:\Watermarker\Attack\3cases\Global_rotation\8HFE\two_angle_grid\8HFE_watermarked_npj_SB_global_rotation_rx_150deg_rz_270deg.pdb,G:\Watermarker\Attack\3cases\Global_rotation\8HFE\two_angle_grid\8HFE_original_global_rotation_rx_150deg_rz_270deg_aligned.pdb,G:\Watermarker\Attack\3cases\Global_rotation\8HFE\two_angle_grid\8HFE_watermarked_npj_SB_global_rotation_rx_150deg_rz_270deg_aligned.pdb,0.00040562969791569124,0.0013809537329769752,01101110011100000110101000100000010100110100001000000000,npj SB,npj SB,100.0,True
8HFE,global_rotation_2angle_aligned,combined_xz_rotation_then_kabsch_alignment,150,300,rx_150deg_rz_300deg,G:\Watermarker\Attack\3cases\Global_rotation\8HFE\two_angle_grid\8HFE_original_global_rotation_rx_150deg_rz_300deg.pdb,G:\Watermarker\Attack\3cases\Global_rotation\8HFE\two_angle_grid\8HFE_watermarked_npj_SB_global_rotation_rx_150deg_rz_300deg.pdb,G:\Watermarker\Attack\3cases\Global_rotation\8HFE\two_angle_grid\8HFE_original_global_rotation_rx_150deg_rz_300deg_aligned.pdb,G:\Watermarker\Attack\3cases\Global_rotation\8HFE\two_angle_grid\8HFE_watermarked_npj_SB_global_rotation_rx_150deg_rz_300deg_aligned.pdb,0.0004961564769254894,0.0014386523779566119,01101110011100000110101000100000010100110100001000000000,npj SB,npj SB,100.0,True
8HFE,global_rotation_2angle_aligned,combined_xz_rotation_then_kabsch_alignment,150,330,rx_150deg_rz_330deg,G:\Watermarker\Attack\3cases\Global_rotation\8HFE\two_angle_grid\8HFE_original_global_rotation_rx_150deg_rz_330deg.pdb,G:\Watermarker\Attack\3cases\Global_rotation\8HFE\two_angle_grid\8HFE_watermarked_npj_SB_global_rotation_rx_150deg_rz_330deg.pdb,G:\Watermarker\Attack\3cases\Global_rotation\8HFE\two_angle_grid\8HFE_original_global_rotation_rx_150deg_rz_330deg_aligned.pdb,G:\Watermarker\Attack\3cases\Global_rotation\8HFE\two_angle_grid\8HFE_watermarked_npj_SB_global_rotation_rx_150deg_rz_330deg_aligned.pdb,0.0005053309650868727,0.0014062149185927846,01101110011100000110101000100000010100110100001000000000,npj SB,npj SB,100.0,True
8HFE,global_rotation_2angle_aligned,combined_xz_rotation_then_kabsch_alignment,150,360,rx_150deg_rz_360deg,G:\Watermarker\Attack\3cases\Global_rotation\8HFE\two_angle_grid\8HFE_original_global_rotation_rx_150deg_rz_360deg.pdb,G:\Watermarker\Attack\3cases\Global_rotation\8HFE\two_angle_grid\8HFE_watermarked_npj_SB_global_rotation_rx_150deg_rz_360deg.pdb,G:\Watermarker\Attack\3cases\Global_rotation\8HFE\two_angle_grid\8HFE_original_global_rotation_rx_150deg_rz_360deg_aligned.pdb,G:\Watermarker\Attack\3cases\Global_rotation\8HFE\two_angle_grid\8HFE_watermarked_npj_SB_global_rotation_rx_150deg_rz_360deg_aligned.pdb,0.00040593873825595317,0.0013964152638639368,01101110011100000110101000100000010100110100001000000000,npj SB,npj SB,100.0,True
8HFE,global_rotation_2angle_aligned,combined_xz_rotation_then_kabsch_alignment,180,0,rx_180deg_rz_0deg,G:\Watermarker\Attack\3cases\Global_rotation\8HFE\two_angle_grid\8HFE_original_global_rotation_rx_180deg_rz_0deg.pdb,G:\Watermarker\Attack\3cases\Global_rotation\8HFE\two_angle_grid\8HFE_watermarked_npj_SB_global_rotation_rx_180deg_rz_0deg.pdb,G:\Watermarker\Attack\3cases\Global_rotation\8HFE\two_angle_grid\8HFE_original_global_rotation_rx_180deg_rz_0deg_aligned.pdb,G:\Watermarker\Attack\3cases\Global_rotation\8HFE\two_angle_grid\8HFE_watermarked_npj_SB_global_rotation_rx_180deg_rz_0deg_aligned.pdb,3.251018895592324e-14,0.001330331560928806,01101110011100000110101000100000010100110100001000000000,npj SB,npj SB,100.0,True
8HFE,global_rotation_2angle_aligned,combined_xz_rotation_then_kabsch_alignment,180,30,rx_180deg_rz_30deg,G:\Watermarker\Attack\3cases\Global_rotation\8HFE\two_angle_grid\8HFE_original_global_rotation_rx_180deg_rz_30deg.pdb,G:\Watermarker\Attack\3cases\Global_rotation\8HFE\two_angle_grid\8HFE_watermarked_npj_SB_global_rotation_rx_180deg_rz_30deg.pdb,G:\Watermarker\Attack\3cases\Global_rotation\8HFE\two_angle_grid\8HFE_original_global_rotation_rx_180deg_rz_30deg_aligned.pdb,G:\Watermarker\Attack\3cases\Global_rotation\8HFE\two_angle_grid\8HFE_watermarked_npj_SB_global_rotation_rx_180deg_rz_30deg_aligned.pdb,0.0004102204790060961,0.001398509283886782,01101110011100000110101000100000010100110100001000000000,npj SB,npj SB,100.0,True
8HFE,global_rotation_2angle_aligned,combined_xz_rotation_then_kabsch_alignment,180,60,rx_180deg_rz_60deg,G:\Watermarker\Attack\3cases\Global_rotation\8HFE\two_angle_grid\8HFE_original_global_rotation_rx_180deg_rz_60deg.pdb,G:\Watermarker\Attack\3cases\Global_rotation\8HFE\two_angle_grid\8HFE_watermarked_npj_SB_global_rotation_rx_180deg_rz_60deg.pdb,G:\Watermarker\Attack\3cases\Global_rotation\8HFE\two_angle_grid\8HFE_original_global_rotation_rx_180deg_rz_60deg_aligned.pdb,G:\Watermarker\Attack\3cases\Global_rotation\8HFE\two_angle_grid\8HFE_watermarked_npj_SB_global_rotation_rx_180deg_rz_60deg_aligned.pdb,0.00041208877593769665,0.0014013115502686131,01101110011100000110101000100000010100110100001000000000,npj SB,npj SB,100.0,True
8HFE,global_rotation_2angle_aligned,combined_xz_rotation_then_kabsch_alignment,180,90,rx_180deg_rz_90deg,G:\Watermarker\Attack\3cases\Global_rotation\8HFE\two_angle_grid\8HFE_original_global_rotation_rx_180deg_rz_90deg.pdb,G:\Watermarker\Attack\3cases\Global_rotation\8HFE\two_angle_grid\8HFE_watermarked_npj_SB_global_rotation_rx_180deg_rz_90deg.pdb,G:\Watermarker\Attack\3cases\Global_rotation\8HFE\two_angle_grid\8HFE_original_global_rotation_rx_180deg_rz_90deg_aligned.pdb,G:\Watermarker\Attack\3cases\Global_rotation\8HFE\two_angle_grid\8HFE_watermarked_npj_SB_global_rotation_rx_180deg_rz_90deg_aligned.pdb,4.416109546102174e-14,0.0013303315609299094,01101110011100000110101000100000010100110100001000000000,npj SB,npj SB,100.0,True
8HFE,global_rotation_2angle_aligned,combined_xz_rotation_then_kabsch_alignment,180,120,rx_180deg_rz_120deg,G:\Watermarker\Attack\3cases\Global_rotation\8HFE\two_angle_grid\8HFE_original_global_rotation_rx_180deg_rz_120deg.pdb,G:\Watermarker\Attack\3cases\Global_rotation\8HFE\two_angle_grid\8HFE_watermarked_npj_SB_global_rotation_rx_180deg_rz_120deg.pdb,G:\Watermarker\Attack\3cases\Global_rotation\8HFE\two_angle_grid\8HFE_original_global_rotation_rx_180deg_rz_120deg_aligned.pdb,G:\Watermarker\Attack\3cases\Global_rotation\8HFE\two_angle_grid\8HFE_watermarked_npj_SB_global_rotation_rx_180deg_rz_120deg_aligned.pdb,0.0004084420968048859,0.0013991810510140344,01101110011100000110101000100000010100110100001000000000,npj SB,npj SB,100.0,True
8HFE,global_rotation_2angle_aligned,combined_xz_rotation_then_kabsch_alignment,180,150,rx_180deg_rz_150deg,G:\Watermarker\Attack\3cases\Global_rotation\8HFE\two_angle_grid\8HFE_original_global_rotation_rx_180deg_rz_150deg.pdb,G:\Watermarker\Attack\3cases\Global_rotation\8HFE\two_angle_grid\8HFE_watermarked_npj_SB_global_rotation_rx_180deg_rz_150deg.pdb,G:\Watermarker\Attack\3cases\Global_rotation\8HFE\two_angle_grid\8HFE_original_global_rotation_rx_180deg_rz_150deg_aligned.pdb,G:\Watermarker\Attack\3cases\Global_rotation\8HFE\two_angle_grid\8HFE_watermarked_npj_SB_global_rotation_rx_180deg_rz_150deg_aligned.pdb,0.0004084048111322312,0.0013703993208669554,01101110011100000110101000100000010100110100001000000000,npj SB,npj SB,100.0,True
8HFE,global_rotation_2angle_aligned,combined_xz_rotation_then_kabsch_alignment,180,180,rx_180deg_rz_180deg,G:\Watermarker\Attack\3cases\Global_rotation\8HFE\two_angle_grid\8HFE_original_global_rotation_rx_180deg_rz_180deg.pdb,G:\Watermarker\Attack\3cases\Global_rotation\8HFE\two_angle_grid\8HFE_watermarked_npj_SB_global_rotation_rx_180deg_rz_180deg.pdb,G:\Watermarker\Attack\3cases\Global_rotation\8HFE\two_angle_grid\8HFE_original_global_rotation_rx_180deg_rz_180deg_aligned.pdb,G:\Watermarker\Attack\3cases\Global_rotation\8HFE\two_angle_grid\8HFE_watermarked_npj_SB_global_rotation_rx_180deg_rz_180deg_aligned.pdb,6.972975833978532e-14,0.001330331560929653,01101110011100000110101000100000010100110100001000000000,npj SB,npj SB,100.0,True
8HFE,global_rotation_2angle_aligned,combined_xz_rotation_then_kabsch_alignment,180,210,rx_180deg_rz_210deg,G:\Watermarker\Attack\3cases\Global_rotation\8HFE\two_angle_grid\8HFE_original_global_rotation_rx_180deg_rz_210deg.pdb,G:\Watermarker\Attack\3cases\Global_rotation\8HFE\two_angle_grid\8HFE_watermarked_npj_SB_global_rotation_rx_180deg_rz_210deg.pdb,G:\Watermarker\Attack\3cases\Global_rotation\8HFE\two_angle_grid\8HFE_original_global_rotation_rx_180deg_rz_210deg_aligned.pdb,G:\Watermarker\Attack\3cases\Global_rotation\8HFE\two_angle_grid\8HFE_watermarked_npj_SB_global_rotation_rx_180deg_rz_210deg_aligned.pdb,0.00040919739660587426,0.001378070062242003,01101110011100000110101000100000010100110100001000000000,npj SB,npj SB,100.0,True
8HFE,global_rotation_2angle_aligned,combined_xz_rotation_then_kabsch_alignment,180,240,rx_180deg_rz_240deg,G:\Watermarker\Attack\3cases\Global_rotation\8HFE\two_angle_grid\8HFE_original_global_rotation_rx_180deg_rz_240deg.pdb,G:\Watermarker\Attack\3cases\Global_rotation\8HFE\two_angle_grid\8HFE_watermarked_npj_SB_global_rotation_rx_180deg_rz_240deg.pdb,G:\Watermarker\Attack\3cases\Global_rotation\8HFE\two_angle_grid\8HFE_original_global_rotation_rx_180deg_rz_240deg_aligned.pdb,G:\Watermarker\Attack\3cases\Global_rotation\8HFE\two_angle_grid\8HFE_watermarked_npj_SB_global_rotation_rx_180deg_rz_240deg_aligned.pdb,0.00041101585048539157,0.0013851691769063575,01101110011100000110101000100000010100110100001000000000,npj SB,npj SB,100.0,True
8HFE,global_rotation_2angle_aligned,combined_xz_rotation_then_kabsch_alignment,180,270,rx_180deg_rz_270deg,G:\Watermarker\Attack\3cases\Global_rotation\8HFE\two_angle_grid\8HFE_original_global_rotation_rx_180deg_rz_270deg.pdb,G:\Watermarker\Attack\3cases\Global_rotation\8HFE\two_angle_grid\8HFE_watermarked_npj_SB_global_rotation_rx_180deg_rz_270deg.pdb,G:\Watermarker\Attack\3cases\Global_rotation\8HFE\two_angle_grid\8HFE_original_global_rotation_rx_180deg_rz_270deg_aligned.pdb,G:\Watermarker\Attack\3cases\Global_rotation\8HFE\two_angle_grid\8HFE_watermarked_npj_SB_global_rotation_rx_180deg_rz_270deg_aligned.pdb,1.0056839931193587e-13,0.001330331560929088,01101110011100000110101000100000010100110100001000000000,npj SB,npj SB,100.0,True
8HFE,global_rotation_2angle_aligned,combined_xz_rotation_then_kabsch_alignment,180,300,rx_180deg_rz_300deg,G:\Watermarker\Attack\3cases\Global_rotation\8HFE\two_angle_grid\8HFE_original_global_rotation_rx_180deg_rz_300deg.pdb,G:\Watermarker\Attack\3cases\Global_rotation\8HFE\two_angle_grid\8HFE_watermarked_npj_SB_global_rotation_rx_180deg_rz_300deg.pdb,G:\Watermarker\Attack\3cases\Global_rotation\8HFE\two_angle_grid\8HFE_original_global_rotation_rx_180deg_rz_300deg_aligned.pdb,G:\Watermarker\Attack\3cases\Global_rotation\8HFE\two_angle_grid\8HFE_watermarked_npj_SB_global_rotation_rx_180deg_rz_300deg_aligned.pdb,0.0004125673177959243,0.0013895623429802102,01101110011100000110101000100000010100110100001000000000,npj SB,npj SB,100.0,True
8HFE,global_rotation_2angle_aligned,combined_xz_rotation_then_kabsch_alignment,180,330,rx_180deg_rz_330deg,G:\Watermarker\Attack\3cases\Global_rotation\8HFE\two_angle_grid\8HFE_original_global_rotation_rx_180deg_rz_330deg.pdb,G:\Watermarker\Attack\3cases\Global_rotation\8HFE\two_angle_grid\8HFE_watermarked_npj_SB_global_rotation_rx_180deg_rz_330deg.pdb,G:\Watermarker\Attack\3cases\Global_rotation\8HFE\two_angle_grid\8HFE_original_global_rotation_rx_180deg_rz_330deg_aligned.pdb,G:\Watermarker\Attack\3cases\Global_rotation\8HFE\two_angle_grid\8HFE_watermarked_npj_SB_global_rotation_rx_180deg_rz_330deg_aligned.pdb,0.0004116168026048825,0.0013650961168146201,01101110011100000110101000100000010100110100001000000000,npj SB,npj SB,100.0,True
8HFE,global_rotation_2angle_aligned,combined_xz_rotation_then_kabsch_alignment,180,360,rx_180deg_rz_360deg,G:\Watermarker\Attack\3cases\Global_rotation\8HFE\two_angle_grid\8HFE_original_global_rotation_rx_180deg_rz_360deg.pdb,G:\Watermarker\Attack\3cases\Global_rotation\8HFE\two_angle_grid\8HFE_watermarked_npj_SB_global_rotation_rx_180deg_rz_360deg.pdb,G:\Watermarker\Attack\3cases\Global_rotation\8HFE\two_angle_grid\8HFE_original_global_rotation_rx_180deg_rz_360deg_aligned.pdb,G:\Watermarker\Attack\3cases\Global_rotation\8HFE\two_angle_grid\8HFE_watermarked_npj_SB_global_rotation_rx_180deg_rz_360deg_aligned.pdb,3.251018895592324e-14,0.001330331560928806,01101110011100000110101000100000010100110100001000000000,npj SB,npj SB,100.0,True
8HFE,global_rotation_2angle_aligned,combined_xz_rotation_then_kabsch_alignment,210,0,rx_210deg_rz_0deg,G:\Watermarker\Attack\3cases\Global_rotation\8HFE\two_angle_grid\8HFE_original_global_rotation_rx_210deg_rz_0deg.pdb,G:\Watermarker\Attack\3cases\Global_rotation\8HFE\two_angle_grid\8HFE_watermarked_npj_SB_global_rotation_rx_210deg_rz_0deg.pdb,G:\Watermarker\Attack\3cases\Global_rotation\8HFE\two_angle_grid\8HFE_original_global_rotation_rx_210deg_rz_0deg_aligned.pdb,G:\Watermarker\Attack\3cases\Global_rotation\8HFE\two_angle_grid\8HFE_watermarked_npj_SB_global_rotation_rx_210deg_rz_0deg_aligned.pdb,0.0004056454595542544,0.0013976761639474659,01101110011100000110101000100000010100110100001000000000,npj SB,npj SB,100.0,True
8HFE,global_rotation_2angle_aligned,combined_xz_rotation_then_kabsch_alignment,210,30,rx_210deg_rz_30deg,G:\Watermarker\Attack\3cases\Global_rotation\8HFE\two_angle_grid\8HFE_original_global_rotation_rx_210deg_rz_30deg.pdb,G:\Watermarker\Attack\3cases\Global_rotation\8HFE\two_angle_grid\8HFE_watermarked_npj_SB_global_rotation_rx_210deg_rz_30deg.pdb,G:\Watermarker\Attack\3cases\Global_rotation\8HFE\two_angle_grid\8HFE_original_global_rotation_rx_210deg_rz_30deg_aligned.pdb,G:\Watermarker\Attack\3cases\Global_rotation\8HFE\two_angle_grid\8HFE_watermarked_npj_SB_global_rotation_rx_210deg_rz_30deg_aligned.pdb,0.0004946821102355994,0.0014307780850122802,01101110011100000110101000100000010100110100001000000000,npj SB,npj SB,100.0,True
8HFE,global_rotation_2angle_aligned,combined_xz_rotation_then_kabsch_alignment,210,60,rx_210deg_rz_60deg,G:\Watermarker\Attack\3cases\Global_rotation\8HFE\two_angle_grid\8HFE_original_global_rotation_rx_210deg_rz_60deg.pdb,G:\Watermarker\Attack\3cases\Global_rotation\8HFE\two_angle_grid\8HFE_watermarked_npj_SB_global_rotation_rx_210deg_rz_60deg.pdb,G:\Watermarker\Attack\3cases\Global_rotation\8HFE\two_angle_grid\8HFE_original_global_rotation_rx_210deg_rz_60deg_aligned.pdb,G:\Watermarker\Attack\3cases\Global_rotation\8HFE\two_angle_grid\8HFE_watermarked_npj_SB_global_rotation_rx_210deg_rz_60deg_aligned.pdb,0.0004917286511734911,0.0014382771139231896,01101110011100000110101000100000010100110100001000000000,npj SB,npj SB,100.0,True
8HFE,global_rotation_2angle_aligned,combined_xz_rotation_then_kabsch_alignment,210,90,rx_210deg_rz_90deg,G:\Watermarker\Attack\3cases\Global_rotation\8HFE\two_angle_grid\8HFE_original_global_rotation_rx_210deg_rz_90deg.pdb,G:\Watermarker\Attack\3cases\Global_rotation\8HFE\two_angle_grid\8HFE_watermarked_npj_SB_global_rotation_rx_210deg_rz_90deg.pdb,G:\Watermarker\Attack\3cases\Global_rotation\8HFE\two_angle_grid\8HFE_original_global_rotation_rx_210deg_rz_90deg_aligned.pdb,G:\Watermarker\Attack\3cases\Global_rotation\8HFE\two_angle_grid\8HFE_watermarked_npj_SB_global_rotation_rx_210deg_rz_90deg_aligned.pdb,0.0004073565367129599,0.0013979117858940462,01101110011100000110101000100000010100110100001000000000,npj SB,npj SB,100.0,True
8HFE,global_rotation_2angle_aligned,combined_xz_rotation_then_kabsch_alignment,210,120,rx_210deg_rz_120deg,G:\Watermarker\Attack\3cases\Global_rotation\8HFE\two_angle_grid\8HFE_original_global_rotation_rx_210deg_rz_120deg.pdb,G:\Watermarker\Attack\3cases\Global_rotation\8HFE\two_angle_grid\8HFE_watermarked_npj_SB_global_rotation_rx_210deg_rz_120deg.pdb,G:\Watermarker\Attack\3cases\Global_rotation\8HFE\two_angle_grid\8HFE_original_global_rotation_rx_210deg_rz_120deg_aligned.pdb,G:\Watermarker\Attack\3cases\Global_rotation\8HFE\two_angle_grid\8HFE_watermarked_npj_SB_global_rotation_rx_210deg_rz_120deg_aligned.pdb,0.0005023863246060449,0.0014327846212880875,01101110011100000110101000100000010100110100001000000000,npj SB,npj SB,100.0,True
8HFE,global_rotation_2angle_aligned,combined_xz_rotation_then_kabsch_alignment,210,150,rx_210deg_rz_150deg,G:\Watermarker\Attack\3cases\Global_rotation\8HFE\two_angle_grid\8HFE_original_global_rotation_rx_210deg_rz_150deg.pdb,G:\Watermarker\Attack\3cases\Global_rotation\8HFE\two_angle_grid\8HFE_watermarked_npj_SB_global_rotation_rx_210deg_rz_150deg.pdb,G:\Watermarker\Attack\3cases\Global_rotation\8HFE\two_angle_grid\8HFE_original_global_rotation_rx_210deg_rz_150deg_aligned.pdb,G:\Watermarker\Attack\3cases\Global_rotation\8HFE\two_angle_grid\8HFE_watermarked_npj_SB_global_rotation_rx_210deg_rz_150deg_aligned.pdb,0.000497729873217778,0.001425556589973729,01101110011100000110101000100000010100110100001000000000,npj SB,npj SB,100.0,True
8HFE,global_rotation_2angle_aligned,combined_xz_rotation_then_kabsch_alignment,210,180,rx_210deg_rz_180deg,G:\Watermarker\Attack\3cases\Global_rotation\8HFE\two_angle_grid\8HFE_original_global_rotation_rx_210deg_rz_180deg.pdb,G:\Watermarker\Attack\3cases\Global_rotation\8HFE\two_angle_grid\8HFE_watermarked_npj_SB_global_rotation_rx_210deg_rz_180deg.pdb,G:\Watermarker\Attack\3cases\Global_rotation\8HFE\two_angle_grid\8HFE_original_global_rotation_rx_210deg_rz_180deg_aligned.pdb,G:\Watermarker\Attack\3cases\Global_rotation\8HFE\two_angle_grid\8HFE_watermarked_npj_SB_global_rotation_rx_210deg_rz_180deg_aligned.pdb,0.0004060828083482609,0.0013977418734514677,01101110011100000110101000100000010100110100001000000000,npj SB,npj SB,100.0,True
8HFE,global_rotation_2angle_aligned,combined_xz_rotation_then_kabsch_alignment,210,210,rx_210deg_rz_210deg,G:\Watermarker\Attack\3cases\Global_rotation\8HFE\two_angle_grid\8HFE_original_global_rotation_rx_210deg_rz_210deg.pdb,G:\Watermarker\Attack\3cases\Global_rotation\8HFE\two_angle_grid\8HFE_watermarked_npj_SB_global_rotation_rx_210deg_rz_210deg.pdb,G:\Watermarker\Attack\3cases\Global_rotation\8HFE\two_angle_grid\8HFE_original_global_rotation_rx_210deg_rz_210deg_aligned.pdb,G:\Watermarker\Attack\3cases\Global_rotation\8HFE\two_angle_grid\8HFE_watermarked_npj_SB_global_rotation_rx_210deg_rz_210deg_aligned.pdb,0.0004943891661812166,0.0014346714456930916,01101110011100000110101000100000010100110100001000000000,npj SB,npj SB,100.0,True
8HFE,global_rotation_2angle_aligned,combined_xz_rotation_then_kabsch_alignment,210,240,rx_210deg_rz_240deg,G:\Watermarker\Attack\3cases\Global_rotation\8HFE\two_angle_grid\8HFE_original_global_rotation_rx_210deg_rz_240deg.pdb,G:\Watermarker\Attack\3cases\Global_rotation\8HFE\two_angle_grid\8HFE_watermarked_npj_SB_global_rotation_rx_210deg_rz_240deg.pdb,G:\Watermarker\Attack\3cases\Global_rotation\8HFE\two_angle_grid\8HFE_original_global_rotation_rx_210deg_rz_240deg_aligned.pdb,G:\Watermarker\Attack\3cases\Global_rotation\8HFE\two_angle_grid\8HFE_watermarked_npj_SB_global_rotation_rx_210deg_rz_240deg_aligned.pdb,0.000500097219204021,0.0014044875144881743,01101110011100000110101000100000010100110100001000000000,npj SB,npj SB,100.0,True
8HFE,global_rotation_2angle_aligned,combined_xz_rotation_then_kabsch_alignment,210,270,rx_210deg_rz_270deg,G:\Watermarker\Attack\3cases\Global_rotation\8HFE\two_angle_grid\8HFE_original_global_rotation_rx_210deg_rz_270deg.pdb,G:\Watermarker\Attack\3cases\Global_rotation\8HFE\two_angle_grid\8HFE_watermarked_npj_SB_global_rotation_rx_210deg_rz_270deg.pdb,G:\Watermarker\Attack\3cases\Global_rotation\8HFE\two_angle_grid\8HFE_original_global_rotation_rx_210deg_rz_270deg_aligned.pdb,G:\Watermarker\Attack\3cases\Global_rotation\8HFE\two_angle_grid\8HFE_watermarked_npj_SB_global_rotation_rx_210deg_rz_270deg_aligned.pdb,0.0004049453121555192,0.00140503982686197,01101110011100000110101000100000010100110100001000000000,npj SB,npj SB,100.0,True
8HFE,global_rotation_2angle_aligned,combined_xz_rotation_then_kabsch_alignment,210,300,rx_210deg_rz_300deg,G:\Watermarker\Attack\3cases\Global_rotation\8HFE\two_angle_grid\8HFE_original_global_rotation_rx_210deg_rz_300deg.pdb,G:\Watermarker\Attack\3cases\Global_rotation\8HFE\two_angle_grid\8HFE_watermarked_npj_SB_global_rotation_rx_210deg_rz_300deg.pdb,G:\Watermarker\Attack\3cases\Global_rotation\8HFE\two_angle_grid\8HFE_original_global_rotation_rx_210deg_rz_300deg_aligned.pdb,G:\Watermarker\Attack\3cases\Global_rotation\8HFE\two_angle_grid\8HFE_watermarked_npj_SB_global_rotation_rx_210deg_rz_300deg_aligned.pdb,0.0005031770405069284,0.0014069117513341633,01101110011100000110101000100000010100110100001000000000,npj SB,npj SB,100.0,True
8HFE,global_rotation_2angle_aligned,combined_xz_rotation_then_kabsch_alignment,210,330,rx_210deg_rz_330deg,G:\Watermarker\Attack\3cases\Global_rotation\8HFE\two_angle_grid\8HFE_original_global_rotation_rx_210deg_rz_330deg.pdb,G:\Watermarker\Attack\3cases\Global_rotation\8HFE\two_angle_grid\8HFE_watermarked_npj_SB_global_rotation_rx_210deg_rz_330deg.pdb,G:\Watermarker\Attack\3cases\Global_rotation\8HFE\two_angle_grid\8HFE_original_global_rotation_rx_210deg_rz_330deg_aligned.pdb,G:\Watermarker\Attack\3cases\Global_rotation\8HFE\two_angle_grid\8HFE_watermarked_npj_SB_global_rotation_rx_210deg_rz_330deg_aligned.pdb,0.0004970009230657968,0.0014269799182214486,01101110011100000110101000100000010100110100001000000000,npj SB,npj SB,100.0,True
8HFE,global_rotation_2angle_aligned,combined_xz_rotation_then_kabsch_alignment,210,360,rx_210deg_rz_360deg,G:\Watermarker\Attack\3cases\Global_rotation\8HFE\two_angle_grid\8HFE_original_global_rotation_rx_210deg_rz_360deg.pdb,G:\Watermarker\Attack\3cases\Global_rotation\8HFE\two_angle_grid\8HFE_watermarked_npj_SB_global_rotation_rx_210deg_rz_360deg.pdb,G:\Watermarker\Attack\3cases\Global_rotation\8HFE\two_angle_grid\8HFE_original_global_rotation_rx_210deg_rz_360deg_aligned.pdb,G:\Watermarker\Attack\3cases\Global_rotation\8HFE\two_angle_grid\8HFE_watermarked_npj_SB_global_rotation_rx_210deg_rz_360deg_aligned.pdb,0.0004056454595542544,0.0013976761639474659,01101110011100000110101000100000010100110100001000000000,npj SB,npj SB,100.0,True
8HFE,global_rotation_2angle_aligned,combined_xz_rotation_then_kabsch_alignment,240,0,rx_240deg_rz_0deg,G:\Watermarker\Attack\3cases\Global_rotation\8HFE\two_angle_grid\8HFE_original_global_rotation_rx_240deg_rz_0deg.pdb,G:\Watermarker\Attack\3cases\Global_rotation\8HFE\two_angle_grid\8HFE_watermarked_npj_SB_global_rotation_rx_240deg_rz_0deg.pdb,G:\Watermarker\Attack\3cases\Global_rotation\8HFE\two_angle_grid\8HFE_original_global_rotation_rx_240deg_rz_0deg_aligned.pdb,G:\Watermarker\Attack\3cases\Global_rotation\8HFE\two_angle_grid\8HFE_watermarked_npj_SB_global_rotation_rx_240deg_rz_0deg_aligned.pdb,0.00040651368864401974,0.001396517608237762,01101110011100000110101000100000010100110100001000000000,npj SB,npj SB,100.0,True
8HFE,global_rotation_2angle_aligned,combined_xz_rotation_then_kabsch_alignment,240,30,rx_240deg_rz_30deg,G:\Watermarker\Attack\3cases\Global_rotation\8HFE\two_angle_grid\8HFE_original_global_rotation_rx_240deg_rz_30deg.pdb,G:\Watermarker\Attack\3cases\Global_rotation\8HFE\two_angle_grid\8HFE_watermarked_npj_SB_global_rotation_rx_240deg_rz_30deg.pdb,G:\Watermarker\Attack\3cases\Global_rotation\8HFE\two_angle_grid\8HFE_original_global_rotation_rx_240deg_rz_30deg_aligned.pdb,G:\Watermarker\Attack\3cases\Global_rotation\8HFE\two_angle_grid\8HFE_watermarked_npj_SB_global_rotation_rx_240deg_rz_30deg_aligned.pdb,0.0004965978260682266,0.0014327294734534028,01101110011100000110101000100000010100110100001000000000,npj SB,npj SB,100.0,True
8HFE,global_rotation_2angle_aligned,combined_xz_rotation_then_kabsch_alignment,240,60,rx_240deg_rz_60deg,G:\Watermarker\Attack\3cases\Global_rotation\8HFE\two_angle_grid\8HFE_original_global_rotation_rx_240deg_rz_60deg.pdb,G:\Watermarker\Attack\3cases\Global_rotation\8HFE\two_angle_grid\8HFE_watermarked_npj_SB_global_rotation_rx_240deg_rz_60deg.pdb,G:\Watermarker\Attack\3cases\Global_rotation\8HFE\two_angle_grid\8HFE_original_global_rotation_rx_240deg_rz_60deg_aligned.pdb,G:\Watermarker\Attack\3cases\Global_rotation\8HFE\two_angle_grid\8HFE_watermarked_npj_SB_global_rotation_rx_240deg_rz_60deg_aligned.pdb,0.0004957136742383564,0.0014250327617439786,01101110011100000110101000100000010100110100001000000000,npj SB,npj SB,100.0,True
8HFE,global_rotation_2angle_aligned,combined_xz_rotation_then_kabsch_alignment,240,90,rx_240deg_rz_90deg,G:\Watermarker\Attack\3cases\Global_rotation\8HFE\two_angle_grid\8HFE_original_global_rotation_rx_240deg_rz_90deg.pdb,G:\Watermarker\Attack\3cases\Global_rotation\8HFE\two_angle_grid\8HFE_watermarked_npj_SB_global_rotation_rx_240deg_rz_90deg.pdb,G:\Watermarker\Attack\3cases\Global_rotation\8HFE\two_angle_grid\8HFE_original_global_rotation_rx_240deg_rz_90deg_aligned.pdb,G:\Watermarker\Attack\3cases\Global_rotation\8HFE\two_angle_grid\8HFE_watermarked_npj_SB_global_rotation_rx_240deg_rz_90deg_aligned.pdb,0.00040855243111696853,0.0013961045186362282,01101110011100000110101000100000010100110100001000000000,npj SB,npj SB,100.0,True
8HFE,global_rotation_2angle_aligned,combined_xz_rotation_then_kabsch_alignment,240,120,rx_240deg_rz_120deg,G:\Watermarker\Attack\3cases\Global_rotation\8HFE\two_angle_grid\8HFE_original_global_rotation_rx_240deg_rz_120deg.pdb,G:\Watermarker\Attack\3cases\Global_rotation\8HFE\two_angle_grid\8HFE_watermarked_npj_SB_global_rotation_rx_240deg_rz_120deg.pdb,G:\Watermarker\Attack\3cases\Global_rotation\8HFE\two_angle_grid\8HFE_original_global_rotation_rx_240deg_rz_120deg_aligned.pdb,G:\Watermarker\Attack\3cases\Global_rotation\8HFE\two_angle_grid\8HFE_watermarked_npj_SB_global_rotation_rx_240deg_rz_120deg_aligned.pdb,0.0004997750829735606,0.0014082452491344518,01101110011100000110101000100000010100110100001000000000,npj SB,npj SB,100.0,True
8HFE,global_rotation_2angle_aligned,combined_xz_rotation_then_kabsch_alignment,240,150,rx_240deg_rz_150deg,G:\Watermarker\Attack\3cases\Global_rotation\8HFE\two_angle_grid\8HFE_original_global_rotation_rx_240deg_rz_150deg.pdb,G:\Watermarker\Attack\3cases\Global_rotation\8HFE\two_angle_grid\8HFE_watermarked_npj_SB_global_rotation_rx_240deg_rz_150deg.pdb,G:\Watermarker\Attack\3cases\Global_rotation\8HFE\two_angle_grid\8HFE_original_global_rotation_rx_240deg_rz_150deg_aligned.pdb,G:\Watermarker\Attack\3cases\Global_rotation\8HFE\two_angle_grid\8HFE_watermarked_npj_SB_global_rotation_rx_240deg_rz_150deg_aligned.pdb,0.0004962845498697303,0.0014219578584638358,01101110011100000110101000100000010100110100001000000000,npj SB,npj SB,100.0,True
8HFE,global_rotation_2angle_aligned,combined_xz_rotation_then_kabsch_alignment,240,180,rx_240deg_rz_180deg,G:\Watermarker\Attack\3cases\Global_rotation\8HFE\two_angle_grid\8HFE_original_global_rotation_rx_240deg_rz_180deg.pdb,G:\Watermarker\Attack\3cases\Global_rotation\8HFE\two_angle_grid\8HFE_watermarked_npj_SB_global_rotation_rx_240deg_rz_180deg.pdb,G:\Watermarker\Attack\3cases\Global_rotation\8HFE\two_angle_grid\8HFE_original_global_rotation_rx_240deg_rz_180deg_aligned.pdb,G:\Watermarker\Attack\3cases\Global_rotation\8HFE\two_angle_grid\8HFE_watermarked_npj_SB_global_rotation_rx_240deg_rz_180deg_aligned.pdb,0.00040710044451347136,0.0013967316464169007,01101110011100000110101000100000010100110100001000000000,npj SB,npj SB,100.0,True
8HFE,global_rotation_2angle_aligned,combined_xz_rotation_then_kabsch_alignment,240,210,rx_240deg_rz_210deg,G:\Watermarker\Attack\3cases\Global_rotation\8HFE\two_angle_grid\8HFE_original_global_rotation_rx_240deg_rz_210deg.pdb,G:\Watermarker\Attack\3cases\Global_rotation\8HFE\two_angle_grid\8HFE_watermarked_npj_SB_global_rotation_rx_240deg_rz_210deg.pdb,G:\Watermarker\Attack\3cases\Global_rotation\8HFE\two_angle_grid\8HFE_original_global_rotation_rx_240deg_rz_210deg_aligned.pdb,G:\Watermarker\Attack\3cases\Global_rotation\8HFE\two_angle_grid\8HFE_watermarked_npj_SB_global_rotation_rx_240deg_rz_210deg_aligned.pdb,0.0005020379246018227,0.001425442657569808,01101110011100000110101000100000010100110100001000000000,npj SB,npj SB,100.0,True
8HFE,global_rotation_2angle_aligned,combined_xz_rotation_then_kabsch_alignment,240,240,rx_240deg_rz_240deg,G:\Watermarker\Attack\3cases\Global_rotation\8HFE\two_angle_grid\8HFE_original_global_rotation_rx_240deg_rz_240deg.pdb,G:\Watermarker\Attack\3cases\Global_rotation\8HFE\two_angle_grid\8HFE_watermarked_npj_SB_global_rotation_rx_240deg_rz_240deg.pdb,G:\Watermarker\Attack\3cases\Global_rotation\8HFE\two_angle_grid\8HFE_original_global_rotation_rx_240deg_rz_240deg_aligned.pdb,G:\Watermarker\Attack\3cases\Global_rotation\8HFE\two_angle_grid\8HFE_watermarked_npj_SB_global_rotation_rx_240deg_rz_240deg_aligned.pdb,0.0004926694244763517,0.0014249288070155334,01101110011100000110101000100000010100110100001000000000,npj SB,npj SB,100.0,True
8HFE,global_rotation_2angle_aligned,combined_xz_rotation_then_kabsch_alignment,240,270,rx_240deg_rz_270deg,G:\Watermarker\Attack\3cases\Global_rotation\8HFE\two_angle_grid\8HFE_original_global_rotation_rx_240deg_rz_270deg.pdb,G:\Watermarker\Attack\3cases\Global_rotation\8HFE\two_angle_grid\8HFE_watermarked_npj_SB_global_rotation_rx_240deg_rz_270deg.pdb,G:\Watermarker\Attack\3cases\Global_rotation\8HFE\two_angle_grid\8HFE_original_global_rotation_rx_240deg_rz_270deg_aligned.pdb,G:\Watermarker\Attack\3cases\Global_rotation\8HFE\two_angle_grid\8HFE_watermarked_npj_SB_global_rotation_rx_240deg_rz_270deg_aligned.pdb,0.00040480145612799723,0.0013916623689845227,01101110011100000110101000100000010100110100001000000000,npj SB,npj SB,100.0,True
8HFE,global_rotation_2angle_aligned,combined_xz_rotation_then_kabsch_alignment,240,300,rx_240deg_rz_300deg,G:\Watermarker\Attack\3cases\Global_rotation\8HFE\two_angle_grid\8HFE_original_global_rotation_rx_240deg_rz_300deg.pdb,G:\Watermarker\Attack\3cases\Global_rotation\8HFE\two_angle_grid\8HFE_watermarked_npj_SB_global_rotation_rx_240deg_rz_300deg.pdb,G:\Watermarker\Attack\3cases\Global_rotation\8HFE\two_angle_grid\8HFE_original_global_rotation_rx_240deg_rz_300deg_aligned.pdb,G:\Watermarker\Attack\3cases\Global_rotation\8HFE\two_angle_grid\8HFE_watermarked_npj_SB_global_rotation_rx_240deg_rz_300deg_aligned.pdb,0.0004975835175685331,0.0014279446064784937,01101110011100000110101000100000010100110100001000000000,npj SB,npj SB,100.0,True
8HFE,global_rotation_2angle_aligned,combined_xz_rotation_then_kabsch_alignment,240,330,rx_240deg_rz_330deg,G:\Watermarker\Attack\3cases\Global_rotation\8HFE\two_angle_grid\8HFE_original_global_rotation_rx_240deg_rz_330deg.pdb,G:\Watermarker\Attack\3cases\Global_rotation\8HFE\two_angle_grid\8HFE_watermarked_npj_SB_global_rotation_rx_240deg_rz_330deg.pdb,G:\Watermarker\Attack\3cases\Global_rotation\8HFE\two_angle_grid\8HFE_original_global_rotation_rx_240deg_rz_330deg_aligned.pdb,G:\Watermarker\Attack\3cases\Global_rotation\8HFE\two_angle_grid\8HFE_watermarked_npj_SB_global_rotation_rx_240deg_rz_330deg_aligned.pdb,0.0005020186492942346,0.0014254623200913405,01101110011100000110101000100000010100110100001000000000,npj SB,npj SB,100.0,True
8HFE,global_rotation_2angle_aligned,combined_xz_rotation_then_kabsch_alignment,240,360,rx_240deg_rz_360deg,G:\Watermarker\Attack\3cases\Global_rotation\8HFE\two_angle_grid\8HFE_original_global_rotation_rx_240deg_rz_360deg.pdb,G:\Watermarker\Attack\3cases\Global_rotation\8HFE\two_angle_grid\8HFE_watermarked_npj_SB_global_rotation_rx_240deg_rz_360deg.pdb,G:\Watermarker\Attack\3cases\Global_rotation\8HFE\two_angle_grid\8HFE_original_global_rotation_rx_240deg_rz_360deg_aligned.pdb,G:\Watermarker\Attack\3cases\Global_rotation\8HFE\two_angle_grid\8HFE_watermarked_npj_SB_global_rotation_rx_240deg_rz_360deg_aligned.pdb,0.00040651368864401974,0.001396517608237762,01101110011100000110101000100000010100110100001000000000,npj SB,npj SB,100.0,True
8HFE,global_rotation_2angle_aligned,combined_xz_rotation_then_kabsch_alignment,270,0,rx_270deg_rz_0deg,G:\Watermarker\Attack\3cases\Global_rotation\8HFE\two_angle_grid\8HFE_original_global_rotation_rx_270deg_rz_0deg.pdb,G:\Watermarker\Attack\3cases\Global_rotation\8HFE\two_angle_grid\8HFE_watermarked_npj_SB_global_rotation_rx_270deg_rz_0deg.pdb,G:\Watermarker\Attack\3cases\Global_rotation\8HFE\two_angle_grid\8HFE_original_global_rotation_rx_270deg_rz_0deg_aligned.pdb,G:\Watermarker\Attack\3cases\Global_rotation\8HFE\two_angle_grid\8HFE_watermarked_npj_SB_global_rotation_rx_270deg_rz_0deg_aligned.pdb,9.21113685460065e-14,0.0013303315609294196,01101110011100000110101000100000010100110100001000000000,npj SB,npj SB,100.0,True
8HFE,global_rotation_2angle_aligned,combined_xz_rotation_then_kabsch_alignment,270,30,rx_270deg_rz_30deg,G:\Watermarker\Attack\3cases\Global_rotation\8HFE\two_angle_grid\8HFE_original_global_rotation_rx_270deg_rz_30deg.pdb,G:\Watermarker\Attack\3cases\Global_rotation\8HFE\two_angle_grid\8HFE_watermarked_npj_SB_global_rotation_rx_270deg_rz_30deg.pdb,G:\Watermarker\Attack\3cases\Global_rotation\8HFE\two_angle_grid\8HFE_original_global_rotation_rx_270deg_rz_30deg_aligned.pdb,G:\Watermarker\Attack\3cases\Global_rotation\8HFE\two_angle_grid\8HFE_watermarked_npj_SB_global_rotation_rx_270deg_rz_30deg_aligned.pdb,0.00040458642333689583,0.001387324637872088,01101110011100000110101000100000010100110100001000000000,npj SB,npj SB,100.0,True
8HFE,global_rotation_2angle_aligned,combined_xz_rotation_then_kabsch_alignment,270,60,rx_270deg_rz_60deg,G:\Watermarker\Attack\3cases\Global_rotation\8HFE\two_angle_grid\8HFE_original_global_rotation_rx_270deg_rz_60deg.pdb,G:\Watermarker\Attack\3cases\Global_rotation\8HFE\two_angle_grid\8HFE_watermarked_npj_SB_global_rotation_rx_270deg_rz_60deg.pdb,G:\Watermarker\Attack\3cases\Global_rotation\8HFE\two_angle_grid\8HFE_original_global_rotation_rx_270deg_rz_60deg_aligned.pdb,G:\Watermarker\Attack\3cases\Global_rotation\8HFE\two_angle_grid\8HFE_watermarked_npj_SB_global_rotation_rx_270deg_rz_60deg_aligned.pdb,0.00040681731491147094,0.001398307114477433,01101110011100000110101000100000010100110100001000000000,npj SB,npj SB,100.0,True
8HFE,global_rotation_2angle_aligned,combined_xz_rotation_then_kabsch_alignment,270,90,rx_270deg_rz_90deg,G:\Watermarker\Attack\3cases\Global_rotation\8HFE\two_angle_grid\8HFE_original_global_rotation_rx_270deg_rz_90deg.pdb,G:\Watermarker\Attack\3cases\Global_rotation\8HFE\two_angle_grid\8HFE_watermarked_npj_SB_global_rotation_rx_270deg_rz_90deg.pdb,G:\Watermarker\Attack\3cases\Global_rotation\8HFE\two_angle_grid\8HFE_original_global_rotation_rx_270deg_rz_90deg_aligned.pdb,G:\Watermarker\Attack\3cases\Global_rotation\8HFE\two_angle_grid\8HFE_watermarked_npj_SB_global_rotation_rx_270deg_rz_90deg_aligned.pdb,6.117743528835713e-14,0.0013303315609296956,01101110011100000110101000100000010100110100001000000000,npj SB,npj SB,100.0,True
8HFE,global_rotation_2angle_aligned,combined_xz_rotation_then_kabsch_alignment,270,120,rx_270deg_rz_120deg,G:\Watermarker\Attack\3cases\Global_rotation\8HFE\two_angle_grid\8HFE_original_global_rotation_rx_270deg_rz_120deg.pdb,G:\Watermarker\Attack\3cases\Global_rotation\8HFE\two_angle_grid\8HFE_watermarked_npj_SB_global_rotation_rx_270deg_rz_120deg.pdb,G:\Watermarker\Attack\3cases\Global_rotation\8HFE\two_angle_grid\8HFE_original_global_rotation_rx_270deg_rz_120deg_aligned.pdb,G:\Watermarker\Attack\3cases\Global_rotation\8HFE\two_angle_grid\8HFE_watermarked_npj_SB_global_rotation_rx_270deg_rz_120deg_aligned.pdb,0.00040739909083455957,0.001407786061868738,01101110011100000110101000100000010100110100001000000000,npj SB,npj SB,100.0,True
8HFE,global_rotation_2angle_aligned,combined_xz_rotation_then_kabsch_alignment,270,150,rx_270deg_rz_150deg,G:\Watermarker\Attack\3cases\Global_rotation\8HFE\two_angle_grid\8HFE_original_global_rotation_rx_270deg_rz_150deg.pdb,G:\Watermarker\Attack\3cases\Global_rotation\8HFE\two_angle_grid\8HFE_watermarked_npj_SB_global_rotation_rx_270deg_rz_150deg.pdb,G:\Watermarker\Attack\3cases\Global_rotation\8HFE\two_angle_grid\8HFE_original_global_rotation_rx_270deg_rz_150deg_aligned.pdb,G:\Watermarker\Attack\3cases\Global_rotation\8HFE\two_angle_grid\8HFE_watermarked_npj_SB_global_rotation_rx_270deg_rz_150deg_aligned.pdb,0.00040944309197258,0.0013817351105040317,01101110011100000110101000100000010100110100001000000000,npj SB,npj SB,100.0,True
8HFE,global_rotation_2angle_aligned,combined_xz_rotation_then_kabsch_alignment,270,180,rx_270deg_rz_180deg,G:\Watermarker\Attack\3cases\Global_rotation\8HFE\two_angle_grid\8HFE_original_global_rotation_rx_270deg_rz_180deg.pdb,G:\Watermarker\Attack\3cases\Global_rotation\8HFE\two_angle_grid\8HFE_watermarked_npj_SB_global_rotation_rx_270deg_rz_180deg.pdb,G:\Watermarker\Attack\3cases\Global_rotation\8HFE\two_angle_grid\8HFE_original_global_rotation_rx_270deg_rz_180deg_aligned.pdb,G:\Watermarker\Attack\3cases\Global_rotation\8HFE\two_angle_grid\8HFE_watermarked_npj_SB_global_rotation_rx_270deg_rz_180deg_aligned.pdb,1.2777661811837475e-13,0.0013303315609299708,01101110011100000110101000100000010100110100001000000000,npj SB,npj SB,100.0,True
8HFE,global_rotation_2angle_aligned,combined_xz_rotation_then_kabsch_alignment,270,210,rx_270deg_rz_210deg,G:\Watermarker\Attack\3cases\Global_rotation\8HFE\two_angle_grid\8HFE_original_global_rotation_rx_270deg_rz_210deg.pdb,G:\Watermarker\Attack\3cases\Global_rotation\8HFE\two_angle_grid\8HFE_watermarked_npj_SB_global_rotation_rx_270deg_rz_210deg.pdb,G:\Watermarker\Attack\3cases\Global_rotation\8HFE\two_angle_grid\8HFE_original_global_rotation_rx_270deg_rz_210deg_aligned.pdb,G:\Watermarker\Attack\3cases\Global_rotation\8HFE\two_angle_grid\8HFE_watermarked_npj_SB_global_rotation_rx_270deg_rz_210deg_aligned.pdb,0.00041156842856529514,0.0013904618238819162,01101110011100000110101000100000010100110100001000000000,npj SB,npj SB,100.0,True
8HFE,global_rotation_2angle_aligned,combined_xz_rotation_then_kabsch_alignment,270,240,rx_270deg_rz_240deg,G:\Watermarker\Attack\3cases\Global_rotation\8HFE\two_angle_grid\8HFE_original_global_rotation_rx_270deg_rz_240deg.pdb,G:\Watermarker\Attack\3cases\Global_rotation\8HFE\two_angle_grid\8HFE_watermarked_npj_SB_global_rotation_rx_270deg_rz_240deg.pdb,G:\Watermarker\Attack\3cases\Global_rotation\8HFE\two_angle_grid\8HFE_original_global_rotation_rx_270deg_rz_240deg_aligned.pdb,G:\Watermarker\Attack\3cases\Global_rotation\8HFE\two_angle_grid\8HFE_watermarked_npj_SB_global_rotation_rx_270deg_rz_240deg_aligned.pdb,0.00039982583073861226,0.001381849998167099,01101110011100000110101000100000010100110100001000000000,npj SB,npj SB,100.0,True
8HFE,global_rotation_2angle_aligned,combined_xz_rotation_then_kabsch_alignment,270,270,rx_270deg_rz_270deg,G:\Watermarker\Attack\3cases\Global_rotation\8HFE\two_angle_grid\8HFE_original_global_rotation_rx_270deg_rz_270deg.pdb,G:\Watermarker\Attack\3cases\Global_rotation\8HFE\two_angle_grid\8HFE_watermarked_npj_SB_global_rotation_rx_270deg_rz_270deg.pdb,G:\Watermarker\Attack\3cases\Global_rotation\8HFE\two_angle_grid\8HFE_original_global_rotation_rx_270deg_rz_270deg_aligned.pdb,G:\Watermarker\Attack\3cases\Global_rotation\8HFE\two_angle_grid\8HFE_watermarked_npj_SB_global_rotation_rx_270deg_rz_270deg_aligned.pdb,8.748635592344954e-14,0.0013303315609292966,01101110011100000110101000100000010100110100001000000000,npj SB,npj SB,100.0,True
8HFE,global_rotation_2angle_aligned,combined_xz_rotation_then_kabsch_alignment,270,300,rx_270deg_rz_300deg,G:\Watermarker\Attack\3cases\Global_rotation\8HFE\two_angle_grid\8HFE_original_global_rotation_rx_270deg_rz_300deg.pdb,G:\Watermarker\Attack\3cases\Global_rotation\8HFE\two_angle_grid\8HFE_watermarked_npj_SB_global_rotation_rx_270deg_rz_300deg.pdb,G:\Watermarker\Attack\3cases\Global_rotation\8HFE\two_angle_grid\8HFE_original_global_rotation_rx_270deg_rz_300deg_aligned.pdb,G:\Watermarker\Attack\3cases\Global_rotation\8HFE\two_angle_grid\8HFE_watermarked_npj_SB_global_rotation_rx_270deg_rz_300deg_aligned.pdb,0.0004025069076426682,0.0013917339606068504,01101110011100000110101000100000010100110100001000000000,npj SB,npj SB,100.0,True
8HFE,global_rotation_2angle_aligned,combined_xz_rotation_then_kabsch_alignment,270,330,rx_270deg_rz_330deg,G:\Watermarker\Attack\3cases\Global_rotation\8HFE\two_angle_grid\8HFE_original_global_rotation_rx_270deg_rz_330deg.pdb,G:\Watermarker\Attack\3cases\Global_rotation\8HFE\two_angle_grid\8HFE_watermarked_npj_SB_global_rotation_rx_270deg_rz_330deg.pdb,G:\Watermarker\Attack\3cases\Global_rotation\8HFE\two_angle_grid\8HFE_original_global_rotation_rx_270deg_rz_330deg_aligned.pdb,G:\Watermarker\Attack\3cases\Global_rotation\8HFE\two_angle_grid\8HFE_watermarked_npj_SB_global_rotation_rx_270deg_rz_330deg_aligned.pdb,0.00040159998869282617,0.0013734879477970128,01101110011100000110101000100000010100110100001000000000,npj SB,npj SB,100.0,True
8HFE,global_rotation_2angle_aligned,combined_xz_rotation_then_kabsch_alignment,270,360,rx_270deg_rz_360deg,G:\Watermarker\Attack\3cases\Global_rotation\8HFE\two_angle_grid\8HFE_original_global_rotation_rx_270deg_rz_360deg.pdb,G:\Watermarker\Attack\3cases\Global_rotation\8HFE\two_angle_grid\8HFE_watermarked_npj_SB_global_rotation_rx_270deg_rz_360deg.pdb,G:\Watermarker\Attack\3cases\Global_rotation\8HFE\two_angle_grid\8HFE_original_global_rotation_rx_270deg_rz_360deg_aligned.pdb,G:\Watermarker\Attack\3cases\Global_rotation\8HFE\two_angle_grid\8HFE_watermarked_npj_SB_global_rotation_rx_270deg_rz_360deg_aligned.pdb,9.21113685460065e-14,0.0013303315609294196,01101110011100000110101000100000010100110100001000000000,npj SB,npj SB,100.0,True
8HFE,global_rotation_2angle_aligned,combined_xz_rotation_then_kabsch_alignment,300,0,rx_300deg_rz_0deg,G:\Watermarker\Attack\3cases\Global_rotation\8HFE\two_angle_grid\8HFE_original_global_rotation_rx_300deg_rz_0deg.pdb,G:\Watermarker\Attack\3cases\Global_rotation\8HFE\two_angle_grid\8HFE_watermarked_npj_SB_global_rotation_rx_300deg_rz_0deg.pdb,G:\Watermarker\Attack\3cases\Global_rotation\8HFE\two_angle_grid\8HFE_original_global_rotation_rx_300deg_rz_0deg_aligned.pdb,G:\Watermarker\Attack\3cases\Global_rotation\8HFE\two_angle_grid\8HFE_watermarked_npj_SB_global_rotation_rx_300deg_rz_0deg_aligned.pdb,0.00040673888416082666,0.0013978627821409674,01101110011100000110101000100000010100110100001000000000,npj SB,npj SB,100.0,True
8HFE,global_rotation_2angle_aligned,combined_xz_rotation_then_kabsch_alignment,300,30,rx_300deg_rz_30deg,G:\Watermarker\Attack\3cases\Global_rotation\8HFE\two_angle_grid\8HFE_original_global_rotation_rx_300deg_rz_30deg.pdb,G:\Watermarker\Attack\3cases\Global_rotation\8HFE\two_angle_grid\8HFE_watermarked_npj_SB_global_rotation_rx_300deg_rz_30deg.pdb,G:\Watermarker\Attack\3cases\Global_rotation\8HFE\two_angle_grid\8HFE_original_global_rotation_rx_300deg_rz_30deg_aligned.pdb,G:\Watermarker\Attack\3cases\Global_rotation\8HFE\two_angle_grid\8HFE_watermarked_npj_SB_global_rotation_rx_300deg_rz_30deg_aligned.pdb,0.0005046697438603922,0.0014170605486097212,01101110011100000110101000100000010100110100001000000000,npj SB,npj SB,100.0,True
8HFE,global_rotation_2angle_aligned,combined_xz_rotation_then_kabsch_alignment,300,60,rx_300deg_rz_60deg,G:\Watermarker\Attack\3cases\Global_rotation\8HFE\two_angle_grid\8HFE_original_global_rotation_rx_300deg_rz_60deg.pdb,G:\Watermarker\Attack\3cases\Global_rotation\8HFE\two_angle_grid\8HFE_watermarked_npj_SB_global_rotation_rx_300deg_rz_60deg.pdb,G:\Watermarker\Attack\3cases\Global_rotation\8HFE\two_angle_grid\8HFE_original_global_rotation_rx_300deg_rz_60deg_aligned.pdb,G:\Watermarker\Attack\3cases\Global_rotation\8HFE\two_angle_grid\8HFE_watermarked_npj_SB_global_rotation_rx_300deg_rz_60deg_aligned.pdb,0.0005055978695446229,0.0014389161646085372,01101110011100000110101000100000010100110100001000000000,npj SB,npj SB,100.0,True
8HFE,global_rotation_2angle_aligned,combined_xz_rotation_then_kabsch_alignment,300,90,rx_300deg_rz_90deg,G:\Watermarker\Attack\3cases\Global_rotation\8HFE\two_angle_grid\8HFE_original_global_rotation_rx_300deg_rz_90deg.pdb,G:\Watermarker\Attack\3cases\Global_rotation\8HFE\two_angle_grid\8HFE_watermarked_npj_SB_global_rotation_rx_300deg_rz_90deg.pdb,G:\Watermarker\Attack\3cases\Global_rotation\8HFE\two_angle_grid\8HFE_original_global_rotation_rx_300deg_rz_90deg_aligned.pdb,G:\Watermarker\Attack\3cases\Global_rotation\8HFE\two_angle_grid\8HFE_watermarked_npj_SB_global_rotation_rx_300deg_rz_90deg_aligned.pdb,0.00040856743513005827,0.0014018049153987548,01101110011100000110101000100000010100110100001000000000,npj SB,npj SB,100.0,True
8HFE,global_rotation_2angle_aligned,combined_xz_rotation_then_kabsch_alignment,300,120,rx_300deg_rz_120deg,G:\Watermarker\Attack\3cases\Global_rotation\8HFE\two_angle_grid\8HFE_original_global_rotation_rx_300deg_rz_120deg.pdb,G:\Watermarker\Attack\3cases\Global_rotation\8HFE\two_angle_grid\8HFE_watermarked_npj_SB_global_rotation_rx_300deg_rz_120deg.pdb,G:\Watermarker\Attack\3cases\Global_rotation\8HFE\two_angle_grid\8HFE_original_global_rotation_rx_300deg_rz_120deg_aligned.pdb,G:\Watermarker\Attack\3cases\Global_rotation\8HFE\two_angle_grid\8HFE_watermarked_npj_SB_global_rotation_rx_300deg_rz_120deg_aligned.pdb,0.0004938234127374803,0.0014162123025933922,01101110011100000110101000100000010100110100001000000000,npj SB,npj SB,100.0,True
8HFE,global_rotation_2angle_aligned,combined_xz_rotation_then_kabsch_alignment,300,150,rx_300deg_rz_150deg,G:\Watermarker\Attack\3cases\Global_rotation\8HFE\two_angle_grid\8HFE_original_global_rotation_rx_300deg_rz_150deg.pdb,G:\Watermarker\Attack\3cases\Global_rotation\8HFE\two_angle_grid\8HFE_watermarked_npj_SB_global_rotation_rx_300deg_rz_150deg.pdb,G:\Watermarker\Attack\3cases\Global_rotation\8HFE\two_angle_grid\8HFE_original_global_rotation_rx_300deg_rz_150deg_aligned.pdb,G:\Watermarker\Attack\3cases\Global_rotation\8HFE\two_angle_grid\8HFE_watermarked_npj_SB_global_rotation_rx_300deg_rz_150deg_aligned.pdb,0.0005032427997169631,0.0014100164100193057,01101110011100000110101000100000010100110100001000000000,npj SB,npj SB,100.0,True
8HFE,global_rotation_2angle_aligned,combined_xz_rotation_then_kabsch_alignment,300,180,rx_300deg_rz_180deg,G:\Watermarker\Attack\3cases\Global_rotation\8HFE\two_angle_grid\8HFE_original_global_rotation_rx_300deg_rz_180deg.pdb,G:\Watermarker\Attack\3cases\Global_rotation\8HFE\two_angle_grid\8HFE_watermarked_npj_SB_global_rotation_rx_300deg_rz_180deg.pdb,G:\Watermarker\Attack\3cases\Global_rotation\8HFE\two_angle_grid\8HFE_original_global_rotation_rx_300deg_rz_180deg_aligned.pdb,G:\Watermarker\Attack\3cases\Global_rotation\8HFE\two_angle_grid\8HFE_watermarked_npj_SB_global_rotation_rx_300deg_rz_180deg_aligned.pdb,0.00040736873810719713,0.0013980660618590336,01101110011100000110101000100000010100110100001000000000,npj SB,npj SB,100.0,True
8HFE,global_rotation_2angle_aligned,combined_xz_rotation_then_kabsch_alignment,300,210,rx_300deg_rz_210deg,G:\Watermarker\Attack\3cases\Global_rotation\8HFE\two_angle_grid\8HFE_original_global_rotation_rx_300deg_rz_210deg.pdb,G:\Watermarker\Attack\3cases\Global_rotation\8HFE\two_angle_grid\8HFE_watermarked_npj_SB_global_rotation_rx_300deg_rz_210deg.pdb,G:\Watermarker\Attack\3cases\Global_rotation\8HFE\two_angle_grid\8HFE_original_global_rotation_rx_300deg_rz_210deg_aligned.pdb,G:\Watermarker\Attack\3cases\Global_rotation\8HFE\two_angle_grid\8HFE_watermarked_npj_SB_global_rotation_rx_300deg_rz_210deg_aligned.pdb,0.0005001341527054112,0.0014366689791637226,01101110011100000110101000100000010100110100001000000000,npj SB,npj SB,100.0,True
8HFE,global_rotation_2angle_aligned,combined_xz_rotation_then_kabsch_alignment,300,240,rx_300deg_rz_240deg,G:\Watermarker\Attack\3cases\Global_rotation\8HFE\two_angle_grid\8HFE_original_global_rotation_rx_300deg_rz_240deg.pdb,G:\Watermarker\Attack\3cases\Global_rotation\8HFE\two_angle_grid\8HFE_watermarked_npj_SB_global_rotation_rx_300deg_rz_240deg.pdb,G:\Watermarker\Attack\3cases\Global_rotation\8HFE\two_angle_grid\8HFE_original_global_rotation_rx_300deg_rz_240deg_aligned.pdb,G:\Watermarker\Attack\3cases\Global_rotation\8HFE\two_angle_grid\8HFE_watermarked_npj_SB_global_rotation_rx_300deg_rz_240deg_aligned.pdb,0.0004982126401765876,0.0014423199340213213,01101110011100000110101000100000010100110100001000000000,npj SB,npj SB,100.0,True
8HFE,global_rotation_2angle_aligned,combined_xz_rotation_then_kabsch_alignment,300,270,rx_300deg_rz_270deg,G:\Watermarker\Attack\3cases\Global_rotation\8HFE\two_angle_grid\8HFE_original_global_rotation_rx_300deg_rz_270deg.pdb,G:\Watermarker\Attack\3cases\Global_rotation\8HFE\two_angle_grid\8HFE_watermarked_npj_SB_global_rotation_rx_300deg_rz_270deg.pdb,G:\Watermarker\Attack\3cases\Global_rotation\8HFE\two_angle_grid\8HFE_original_global_rotation_rx_300deg_rz_270deg_aligned.pdb,G:\Watermarker\Attack\3cases\Global_rotation\8HFE\two_angle_grid\8HFE_watermarked_npj_SB_global_rotation_rx_300deg_rz_270deg_aligned.pdb,0.0004048418153283699,0.0013926607290048736,01101110011100000110101000100000010100110100001000000000,npj SB,npj SB,100.0,True
8HFE,global_rotation_2angle_aligned,combined_xz_rotation_then_kabsch_alignment,300,300,rx_300deg_rz_300deg,G:\Watermarker\Attack\3cases\Global_rotation\8HFE\two_angle_grid\8HFE_original_global_rotation_rx_300deg_rz_300deg.pdb,G:\Watermarker\Attack\3cases\Global_rotation\8HFE\two_angle_grid\8HFE_watermarked_npj_SB_global_rotation_rx_300deg_rz_300deg.pdb,G:\Watermarker\Attack\3cases\Global_rotation\8HFE\two_angle_grid\8HFE_original_global_rotation_rx_300deg_rz_300deg_aligned.pdb,G:\Watermarker\Attack\3cases\Global_rotation\8HFE\two_angle_grid\8HFE_watermarked_npj_SB_global_rotation_rx_300deg_rz_300deg_aligned.pdb,0.0005010577414622042,0.0014253159607732302,01101110011100000110101000100000010100110100001000000000,npj SB,npj SB,100.0,True
8HFE,global_rotation_2angle_aligned,combined_xz_rotation_then_kabsch_alignment,300,330,rx_300deg_rz_330deg,G:\Watermarker\Attack\3cases\Global_rotation\8HFE\two_angle_grid\8HFE_original_global_rotation_rx_300deg_rz_330deg.pdb,G:\Watermarker\Attack\3cases\Global_rotation\8HFE\two_angle_grid\8HFE_watermarked_npj_SB_global_rotation_rx_300deg_rz_330deg.pdb,G:\Watermarker\Attack\3cases\Global_rotation\8HFE\two_angle_grid\8HFE_original_global_rotation_rx_300deg_rz_330deg_aligned.pdb,G:\Watermarker\Attack\3cases\Global_rotation\8HFE\two_angle_grid\8HFE_watermarked_npj_SB_global_rotation_rx_300deg_rz_330deg_aligned.pdb,0.0005091642977716503,0.001419856879232003,01101110011100000110101000100000010100110100001000000000,npj SB,npj SB,100.0,True
8HFE,global_rotation_2angle_aligned,combined_xz_rotation_then_kabsch_alignment,300,360,rx_300deg_rz_360deg,G:\Watermarker\Attack\3cases\Global_rotation\8HFE\two_angle_grid\8HFE_original_global_rotation_rx_300deg_rz_360deg.pdb,G:\Watermarker\Attack\3cases\Global_rotation\8HFE\two_angle_grid\8HFE_watermarked_npj_SB_global_rotation_rx_300deg_rz_360deg.pdb,G:\Watermarker\Attack\3cases\Global_rotation\8HFE\two_angle_grid\8HFE_original_global_rotation_rx_300deg_rz_360deg_aligned.pdb,G:\Watermarker\Attack\3cases\Global_rotation\8HFE\two_angle_grid\8HFE_watermarked_npj_SB_global_rotation_rx_300deg_rz_360deg_aligned.pdb,0.00040673888416082666,0.0013978627821409674,01101110011100000110101000100000010100110100001000000000,npj SB,npj SB,100.0,True
8HFE,global_rotation_2angle_aligned,combined_xz_rotation_then_kabsch_alignment,330,0,rx_330deg_rz_0deg,G:\Watermarker\Attack\3cases\Global_rotation\8HFE\two_angle_grid\8HFE_original_global_rotation_rx_330deg_rz_0deg.pdb,G:\Watermarker\Attack\3cases\Global_rotation\8HFE\two_angle_grid\8HFE_watermarked_npj_SB_global_rotation_rx_330deg_rz_0deg.pdb,G:\Watermarker\Attack\3cases\Global_rotation\8HFE\two_angle_grid\8HFE_original_global_rotation_rx_330deg_rz_0deg_aligned.pdb,G:\Watermarker\Attack\3cases\Global_rotation\8HFE\two_angle_grid\8HFE_watermarked_npj_SB_global_rotation_rx_330deg_rz_0deg_aligned.pdb,0.00040742328915606516,0.0013968836471248318,01101110011100000110101000100000010100110100001000000000,npj SB,npj SB,100.0,True
8HFE,global_rotation_2angle_aligned,combined_xz_rotation_then_kabsch_alignment,330,30,rx_330deg_rz_30deg,G:\Watermarker\Attack\3cases\Global_rotation\8HFE\two_angle_grid\8HFE_original_global_rotation_rx_330deg_rz_30deg.pdb,G:\Watermarker\Attack\3cases\Global_rotation\8HFE\two_angle_grid\8HFE_watermarked_npj_SB_global_rotation_rx_330deg_rz_30deg.pdb,G:\Watermarker\Attack\3cases\Global_rotation\8HFE\two_angle_grid\8HFE_original_global_rotation_rx_330deg_rz_30deg_aligned.pdb,G:\Watermarker\Attack\3cases\Global_rotation\8HFE\two_angle_grid\8HFE_watermarked_npj_SB_global_rotation_rx_330deg_rz_30deg_aligned.pdb,0.00050581965103813,0.0014098066087143972,01101110011100000110101000100000010100110100001000000000,npj SB,npj SB,100.0,True
8HFE,global_rotation_2angle_aligned,combined_xz_rotation_then_kabsch_alignment,330,60,rx_330deg_rz_60deg,G:\Watermarker\Attack\3cases\Global_rotation\8HFE\two_angle_grid\8HFE_original_global_rotation_rx_330deg_rz_60deg.pdb,G:\Watermarker\Attack\3cases\Global_rotation\8HFE\two_angle_grid\8HFE_watermarked_npj_SB_global_rotation_rx_330deg_rz_60deg.pdb,G:\Watermarker\Attack\3cases\Global_rotation\8HFE\two_angle_grid\8HFE_original_global_rotation_rx_330deg_rz_60deg_aligned.pdb,G:\Watermarker\Attack\3cases\Global_rotation\8HFE\two_angle_grid\8HFE_watermarked_npj_SB_global_rotation_rx_330deg_rz_60deg_aligned.pdb,0.0004959190319786157,0.0014391467517951627,01101110011100000110101000100000010100110100001000000000,npj SB,npj SB,100.0,True
8HFE,global_rotation_2angle_aligned,combined_xz_rotation_then_kabsch_alignment,330,90,rx_330deg_rz_90deg,G:\Watermarker\Attack\3cases\Global_rotation\8HFE\two_angle_grid\8HFE_original_global_rotation_rx_330deg_rz_90deg.pdb,G:\Watermarker\Attack\3cases\Global_rotation\8HFE\two_angle_grid\8HFE_watermarked_npj_SB_global_rotation_rx_330deg_rz_90deg.pdb,G:\Watermarker\Attack\3cases\Global_rotation\8HFE\two_angle_grid\8HFE_original_global_rotation_rx_330deg_rz_90deg_aligned.pdb,G:\Watermarker\Attack\3cases\Global_rotation\8HFE\two_angle_grid\8HFE_watermarked_npj_SB_global_rotation_rx_330deg_rz_90deg_aligned.pdb,0.0004067623025935103,0.0013813343530671468,01101110011100000110101000100000010100110100001000000000,npj SB,npj SB,100.0,True
8HFE,global_rotation_2angle_aligned,combined_xz_rotation_then_kabsch_alignment,330,120,rx_330deg_rz_120deg,G:\Watermarker\Attack\3cases\Global_rotation\8HFE\two_angle_grid\8HFE_original_global_rotation_rx_330deg_rz_120deg.pdb,G:\Watermarker\Attack\3cases\Global_rotation\8HFE\two_angle_grid\8HFE_watermarked_npj_SB_global_rotation_rx_330deg_rz_120deg.pdb,G:\Watermarker\Attack\3cases\Global_rotation\8HFE\two_angle_grid\8HFE_original_global_rotation_rx_330deg_rz_120deg_aligned.pdb,G:\Watermarker\Attack\3cases\Global_rotation\8HFE\two_angle_grid\8HFE_watermarked_npj_SB_global_rotation_rx_330deg_rz_120deg_aligned.pdb,0.0004985936298423729,0.0014187603219488788,01101110011100000110101000100000010100110100001000000000,npj SB,npj SB,100.0,True
8HFE,global_rotation_2angle_aligned,combined_xz_rotation_then_kabsch_alignment,330,150,rx_330deg_rz_150deg,G:\Watermarker\Attack\3cases\Global_rotation\8HFE\two_angle_grid\8HFE_original_global_rotation_rx_330deg_rz_150deg.pdb,G:\Watermarker\Attack\3cases\Global_rotation\8HFE\two_angle_grid\8HFE_watermarked_npj_SB_global_rotation_rx_330deg_rz_150deg.pdb,G:\Watermarker\Attack\3cases\Global_rotation\8HFE\two_angle_grid\8HFE_original_global_rotation_rx_330deg_rz_150deg_aligned.pdb,G:\Watermarker\Attack\3cases\Global_rotation\8HFE\two_angle_grid\8HFE_watermarked_npj_SB_global_rotation_rx_330deg_rz_150deg_aligned.pdb,0.0004941515103737905,0.0014385248813450718,01101110011100000110101000100000010100110100001000000000,npj SB,npj SB,100.0,True
8HFE,global_rotation_2angle_aligned,combined_xz_rotation_then_kabsch_alignment,330,180,rx_330deg_rz_180deg,G:\Watermarker\Attack\3cases\Global_rotation\8HFE\two_angle_grid\8HFE_original_global_rotation_rx_330deg_rz_180deg.pdb,G:\Watermarker\Attack\3cases\Global_rotation\8HFE\two_angle_grid\8HFE_watermarked_npj_SB_global_rotation_rx_330deg_rz_180deg.pdb,G:\Watermarker\Attack\3cases\Global_rotation\8HFE\two_angle_grid\8HFE_original_global_rotation_rx_330deg_rz_180deg_aligned.pdb,G:\Watermarker\Attack\3cases\Global_rotation\8HFE\two_angle_grid\8HFE_watermarked_npj_SB_global_rotation_rx_330deg_rz_180deg_aligned.pdb,0.000406943084400946,0.0013967795306583015,01101110011100000110101000100000010100110100001000000000,npj SB,npj SB,100.0,True
8HFE,global_rotation_2angle_aligned,combined_xz_rotation_then_kabsch_alignment,330,210,rx_330deg_rz_210deg,G:\Watermarker\Attack\3cases\Global_rotation\8HFE\two_angle_grid\8HFE_original_global_rotation_rx_330deg_rz_210deg.pdb,G:\Watermarker\Attack\3cases\Global_rotation\8HFE\two_angle_grid\8HFE_watermarked_npj_SB_global_rotation_rx_330deg_rz_210deg.pdb,G:\Watermarker\Attack\3cases\Global_rotation\8HFE\two_angle_grid\8HFE_original_global_rotation_rx_330deg_rz_210deg_aligned.pdb,G:\Watermarker\Attack\3cases\Global_rotation\8HFE\two_angle_grid\8HFE_watermarked_npj_SB_global_rotation_rx_330deg_rz_210deg_aligned.pdb,0.0004940138491104433,0.0014072405595339308,01101110011100000110101000100000010100110100001000000000,npj SB,npj SB,100.0,True
8HFE,global_rotation_2angle_aligned,combined_xz_rotation_then_kabsch_alignment,330,240,rx_330deg_rz_240deg,G:\Watermarker\Attack\3cases\Global_rotation\8HFE\two_angle_grid\8HFE_original_global_rotation_rx_330deg_rz_240deg.pdb,G:\Watermarker\Attack\3cases\Global_rotation\8HFE\two_angle_grid\8HFE_watermarked_npj_SB_global_rotation_rx_330deg_rz_240deg.pdb,G:\Watermarker\Attack\3cases\Global_rotation\8HFE\two_angle_grid\8HFE_original_global_rotation_rx_330deg_rz_240deg_aligned.pdb,G:\Watermarker\Attack\3cases\Global_rotation\8HFE\two_angle_grid\8HFE_watermarked_npj_SB_global_rotation_rx_330deg_rz_240deg_aligned.pdb,0.0004947234207998266,0.001417806721957884,01101110011100000110101000100000010100110100001000000000,npj SB,npj SB,100.0,True
8HFE,global_rotation_2angle_aligned,combined_xz_rotation_then_kabsch_alignment,330,270,rx_330deg_rz_270deg,G:\Watermarker\Attack\3cases\Global_rotation\8HFE\two_angle_grid\8HFE_original_global_rotation_rx_330deg_rz_270deg.pdb,G:\Watermarker\Attack\3cases\Global_rotation\8HFE\two_angle_grid\8HFE_watermarked_npj_SB_global_rotation_rx_330deg_rz_270deg.pdb,G:\Watermarker\Attack\3cases\Global_rotation\8HFE\two_angle_grid\8HFE_original_global_rotation_rx_330deg_rz_270deg_aligned.pdb,G:\Watermarker\Attack\3cases\Global_rotation\8HFE\two_angle_grid\8HFE_watermarked_npj_SB_global_rotation_rx_330deg_rz_270deg_aligned.pdb,0.0004076653129480427,0.0014028019937488351,01101110011100000110101000100000010100110100001000000000,npj SB,npj SB,100.0,True
8HFE,global_rotation_2angle_aligned,combined_xz_rotation_then_kabsch_alignment,330,300,rx_330deg_rz_300deg,G:\Watermarker\Attack\3cases\Global_rotation\8HFE\two_angle_grid\8HFE_original_global_rotation_rx_330deg_rz_300deg.pdb,G:\Watermarker\Attack\3cases\Global_rotation\8HFE\two_angle_grid\8HFE_watermarked_npj_SB_global_rotation_rx_330deg_rz_300deg.pdb,G:\Watermarker\Attack\3cases\Global_rotation\8HFE\two_angle_grid\8HFE_original_global_rotation_rx_330deg_rz_300deg_aligned.pdb,G:\Watermarker\Attack\3cases\Global_rotation\8HFE\two_angle_grid\8HFE_watermarked_npj_SB_global_rotation_rx_330deg_rz_300deg_aligned.pdb,0.0004995707815621136,0.0014114744848688218,01101110011100000110101000100000010100110100001000000000,npj SB,npj SB,100.0,True
8HFE,global_rotation_2angle_aligned,combined_xz_rotation_then_kabsch_alignment,330,330,rx_330deg_rz_330deg,G:\Watermarker\Attack\3cases\Global_rotation\8HFE\two_angle_grid\8HFE_original_global_rotation_rx_330deg_rz_330deg.pdb,G:\Watermarker\Attack\3cases\Global_rotation\8HFE\two_angle_grid\8HFE_watermarked_npj_SB_global_rotation_rx_330deg_rz_330deg.pdb,G:\Watermarker\Attack\3cases\Global_rotation\8HFE\two_angle_grid\8HFE_original_global_rotation_rx_330deg_rz_330deg_aligned.pdb,G:\Watermarker\Attack\3cases\Global_rotation\8HFE\two_angle_grid\8HFE_watermarked_npj_SB_global_rotation_rx_330deg_rz_330deg_aligned.pdb,0.0005036752240918809,0.0014286850883646369,01101110011100000110101000100000010100110100001000000000,npj SB,npj SB,100.0,True
8HFE,global_rotation_2angle_aligned,combined_xz_rotation_then_kabsch_alignment,330,360,rx_330deg_rz_360deg,G:\Watermarker\Attack\3cases\Global_rotation\8HFE\two_angle_grid\8HFE_original_global_rotation_rx_330deg_rz_360deg.pdb,G:\Watermarker\Attack\3cases\Global_rotation\8HFE\two_angle_grid\8HFE_watermarked_npj_SB_global_rotation_rx_330deg_rz_360deg.pdb,G:\Watermarker\Attack\3cases\Global_rotation\8HFE\two_angle_grid\8HFE_original_global_rotation_rx_330deg_rz_360deg_aligned.pdb,G:\Watermarker\Attack\3cases\Global_rotation\8HFE\two_angle_grid\8HFE_watermarked_npj_SB_global_rotation_rx_330deg_rz_360deg_aligned.pdb,0.00040742328915606516,0.0013968836471248318,01101110011100000110101000100000010100110100001000000000,npj SB,npj SB,100.0,True
8HFE,global_rotation_2angle_aligned,combined_xz_rotation_then_kabsch_alignment,360,0,rx_360deg_rz_0deg,G:\Watermarker\Attack\3cases\Global_rotation\8HFE\two_angle_grid\8HFE_original_global_rotation_rx_360deg_rz_0deg.pdb,G:\Watermarker\Attack\3cases\Global_rotation\8HFE\two_angle_grid\8HFE_watermarked_npj_SB_global_rotation_rx_360deg_rz_0deg.pdb,G:\Watermarker\Attack\3cases\Global_rotation\8HFE\two_angle_grid\8HFE_original_global_rotation_rx_360deg_rz_0deg_aligned.pdb,G:\Watermarker\Attack\3cases\Global_rotation\8HFE\two_angle_grid\8HFE_watermarked_npj_SB_global_rotation_rx_360deg_rz_0deg_aligned.pdb,1.4394435972265675e-14,0.0013303315609294126,01101110011100000110101000100000010100110100001000000000,npj SB,npj SB,100.0,True
8HFE,global_rotation_2angle_aligned,combined_xz_rotation_then_kabsch_alignment,360,30,rx_360deg_rz_30deg,G:\Watermarker\Attack\3cases\Global_rotation\8HFE\two_angle_grid\8HFE_original_global_rotation_rx_360deg_rz_30deg.pdb,G:\Watermarker\Attack\3cases\Global_rotation\8HFE\two_angle_grid\8HFE_watermarked_npj_SB_global_rotation_rx_360deg_rz_30deg.pdb,G:\Watermarker\Attack\3cases\Global_rotation\8HFE\two_angle_grid\8HFE_original_global_rotation_rx_360deg_rz_30deg_aligned.pdb,G:\Watermarker\Attack\3cases\Global_rotation\8HFE\two_angle_grid\8HFE_watermarked_npj_SB_global_rotation_rx_360deg_rz_30deg_aligned.pdb,0.00041106272471885694,0.001365033661090083,01101110011100000110101000100000010100110100001000000000,npj SB,npj SB,100.0,True
8HFE,global_rotation_2angle_aligned,combined_xz_rotation_then_kabsch_alignment,360,60,rx_360deg_rz_60deg,G:\Watermarker\Attack\3cases\Global_rotation\8HFE\two_angle_grid\8HFE_original_global_rotation_rx_360deg_rz_60deg.pdb,G:\Watermarker\Attack\3cases\Global_rotation\8HFE\two_angle_grid\8HFE_watermarked_npj_SB_global_rotation_rx_360deg_rz_60deg.pdb,G:\Watermarker\Attack\3cases\Global_rotation\8HFE\two_angle_grid\8HFE_original_global_rotation_rx_360deg_rz_60deg_aligned.pdb,G:\Watermarker\Attack\3cases\Global_rotation\8HFE\two_angle_grid\8HFE_watermarked_npj_SB_global_rotation_rx_360deg_rz_60deg_aligned.pdb,0.00041257029536023656,0.0013895887526418375,01101110011100000110101000100000010100110100001000000000,npj SB,npj SB,100.0,True
8HFE,global_rotation_2angle_aligned,combined_xz_rotation_then_kabsch_alignment,360,90,rx_360deg_rz_90deg,G:\Watermarker\Attack\3cases\Global_rotation\8HFE\two_angle_grid\8HFE_original_global_rotation_rx_360deg_rz_90deg.pdb,G:\Watermarker\Attack\3cases\Global_rotation\8HFE\two_angle_grid\8HFE_watermarked_npj_SB_global_rotation_rx_360deg_rz_90deg.pdb,G:\Watermarker\Attack\3cases\Global_rotation\8HFE\two_angle_grid\8HFE_original_global_rotation_rx_360deg_rz_90deg_aligned.pdb,G:\Watermarker\Attack\3cases\Global_rotation\8HFE\two_angle_grid\8HFE_watermarked_npj_SB_global_rotation_rx_360deg_rz_90deg_aligned.pdb,6.689488596288759e-14,0.0013303315609299985,01101110011100000110101000100000010100110100001000000000,npj SB,npj SB,100.0,True
8HFE,global_rotation_2angle_aligned,combined_xz_rotation_then_kabsch_alignment,360,120,rx_360deg_rz_120deg,G:\Watermarker\Attack\3cases\Global_rotation\8HFE\two_angle_grid\8HFE_original_global_rotation_rx_360deg_rz_120deg.pdb,G:\Watermarker\Attack\3cases\Global_rotation\8HFE\two_angle_grid\8HFE_watermarked_npj_SB_global_rotation_rx_360deg_rz_120deg.pdb,G:\Watermarker\Attack\3cases\Global_rotation\8HFE\two_angle_grid\8HFE_original_global_rotation_rx_360deg_rz_120deg_aligned.pdb,G:\Watermarker\Attack\3cases\Global_rotation\8HFE\two_angle_grid\8HFE_watermarked_npj_SB_global_rotation_rx_360deg_rz_120deg_aligned.pdb,0.00041122485370673694,0.0013853717222621893,01101110011100000110101000100000010100110100001000000000,npj SB,npj SB,100.0,True
8HFE,global_rotation_2angle_aligned,combined_xz_rotation_then_kabsch_alignment,360,150,rx_360deg_rz_150deg,G:\Watermarker\Attack\3cases\Global_rotation\8HFE\two_angle_grid\8HFE_original_global_rotation_rx_360deg_rz_150deg.pdb,G:\Watermarker\Attack\3cases\Global_rotation\8HFE\two_angle_grid\8HFE_watermarked_npj_SB_global_rotation_rx_360deg_rz_150deg.pdb,G:\Watermarker\Attack\3cases\Global_rotation\8HFE\two_angle_grid\8HFE_original_global_rotation_rx_360deg_rz_150deg_aligned.pdb,G:\Watermarker\Attack\3cases\Global_rotation\8HFE\two_angle_grid\8HFE_watermarked_npj_SB_global_rotation_rx_360deg_rz_150deg_aligned.pdb,0.0004084193055650473,0.0013781073066279955,01101110011100000110101000100000010100110100001000000000,npj SB,npj SB,100.0,True
8HFE,global_rotation_2angle_aligned,combined_xz_rotation_then_kabsch_alignment,360,180,rx_360deg_rz_180deg,G:\Watermarker\Attack\3cases\Global_rotation\8HFE\two_angle_grid\8HFE_original_global_rotation_rx_360deg_rz_180deg.pdb,G:\Watermarker\Attack\3cases\Global_rotation\8HFE\two_angle_grid\8HFE_watermarked_npj_SB_global_rotation_rx_360deg_rz_180deg.pdb,G:\Watermarker\Attack\3cases\Global_rotation\8HFE\two_angle_grid\8HFE_original_global_rotation_rx_360deg_rz_180deg_aligned.pdb,G:\Watermarker\Attack\3cases\Global_rotation\8HFE\two_angle_grid\8HFE_watermarked_npj_SB_global_rotation_rx_360deg_rz_180deg_aligned.pdb,5.1736305996625554e-14,0.0013303315609298498,01101110011100000110101000100000010100110100001000000000,npj SB,npj SB,100.0,True
8HFE,global_rotation_2angle_aligned,combined_xz_rotation_then_kabsch_alignment,360,210,rx_360deg_rz_210deg,G:\Watermarker\Attack\3cases\Global_rotation\8HFE\two_angle_grid\8HFE_original_global_rotation_rx_360deg_rz_210deg.pdb,G:\Watermarker\Attack\3cases\Global_rotation\8HFE\two_angle_grid\8HFE_watermarked_npj_SB_global_rotation_rx_360deg_rz_210deg.pdb,G:\Watermarker\Attack\3cases\Global_rotation\8HFE\two_angle_grid\8HFE_original_global_rotation_rx_360deg_rz_210deg_aligned.pdb,G:\Watermarker\Attack\3cases\Global_rotation\8HFE\two_angle_grid\8HFE_watermarked_npj_SB_global_rotation_rx_360deg_rz_210deg_aligned.pdb,0.0004089293755802931,0.001370464853634376,01101110011100000110101000100000010100110100001000000000,npj SB,npj SB,100.0,True
8HFE,global_rotation_2angle_aligned,combined_xz_rotation_then_kabsch_alignment,360,240,rx_360deg_rz_240deg,G:\Watermarker\Attack\3cases\Global_rotation\8HFE\two_angle_grid\8HFE_original_global_rotation_rx_360deg_rz_240deg.pdb,G:\Watermarker\Attack\3cases\Global_rotation\8HFE\two_angle_grid\8HFE_watermarked_npj_SB_global_rotation_rx_360deg_rz_240deg.pdb,G:\Watermarker\Attack\3cases\Global_rotation\8HFE\two_angle_grid\8HFE_original_global_rotation_rx_360deg_rz_240deg_aligned.pdb,G:\Watermarker\Attack\3cases\Global_rotation\8HFE\two_angle_grid\8HFE_watermarked_npj_SB_global_rotation_rx_360deg_rz_240deg_aligned.pdb,0.00040842279807760625,0.0013991536098931767,01101110011100000110101000100000010100110100001000000000,npj SB,npj SB,100.0,True
8HFE,global_rotation_2angle_aligned,combined_xz_rotation_then_kabsch_alignment,360,270,rx_360deg_rz_270deg,G:\Watermarker\Attack\3cases\Global_rotation\8HFE\two_angle_grid\8HFE_original_global_rotation_rx_360deg_rz_270deg.pdb,G:\Watermarker\Attack\3cases\Global_rotation\8HFE\two_angle_grid\8HFE_watermarked_npj_SB_global_rotation_rx_360deg_rz_270deg.pdb,G:\Watermarker\Attack\3cases\Global_rotation\8HFE\two_angle_grid\8HFE_original_global_rotation_rx_360deg_rz_270deg_aligned.pdb,G:\Watermarker\Attack\3cases\Global_rotation\8HFE\two_angle_grid\8HFE_watermarked_npj_SB_global_rotation_rx_360deg_rz_270deg_aligned.pdb,8.403802435274554e-14,0.0013303315609290657,01101110011100000110101000100000010100110100001000000000,npj SB,npj SB,100.0,True
8HFE,global_rotation_2angle_aligned,combined_xz_rotation_then_kabsch_alignment,360,300,rx_360deg_rz_300deg,G:\Watermarker\Attack\3cases\Global_rotation\8HFE\two_angle_grid\8HFE_original_global_rotation_rx_360deg_rz_300deg.pdb,G:\Watermarker\Attack\3cases\Global_rotation\8HFE\two_angle_grid\8HFE_watermarked_npj_SB_global_rotation_rx_360deg_rz_300deg.pdb,G:\Watermarker\Attack\3cases\Global_rotation\8HFE\two_angle_grid\8HFE_original_global_rotation_rx_360deg_rz_300deg_aligned.pdb,G:\Watermarker\Attack\3cases\Global_rotation\8HFE\two_angle_grid\8HFE_watermarked_npj_SB_global_rotation_rx_360deg_rz_300deg_aligned.pdb,0.00041214139718482115,0.001401205549161231,01101110011100000110101000100000010100110100001000000000,npj SB,npj SB,100.0,True
8HFE,global_rotation_2angle_aligned,combined_xz_rotation_then_kabsch_alignment,360,330,rx_360deg_rz_330deg,G:\Watermarker\Attack\3cases\Global_rotation\8HFE\two_angle_grid\8HFE_original_global_rotation_rx_360deg_rz_330deg.pdb,G:\Watermarker\Attack\3cases\Global_rotation\8HFE\two_angle_grid\8HFE_watermarked_npj_SB_global_rotation_rx_360deg_rz_330deg.pdb,G:\Watermarker\Attack\3cases\Global_rotation\8HFE\two_angle_grid\8HFE_original_global_rotation_rx_360deg_rz_330deg_aligned.pdb,G:\Watermarker\Attack\3cases\Global_rotation\8HFE\two_angle_grid\8HFE_watermarked_npj_SB_global_rotation_rx_360deg_rz_330deg_aligned.pdb,0.00041118517931367724,0.0013984776107023198,01101110011100000110101000100000010100110100001000000000,npj SB,npj SB,100.0,True
8HFE,global_rotation_2angle_aligned,combined_xz_rotation_then_kabsch_alignment,360,360,rx_360deg_rz_360deg,G:\Watermarker\Attack\3cases\Global_rotation\8HFE\two_angle_grid\8HFE_original_global_rotation_rx_360deg_rz_360deg.pdb,G:\Watermarker\Attack\3cases\Global_rotation\8HFE\two_angle_grid\8HFE_watermarked_npj_SB_global_rotation_rx_360deg_rz_360deg.pdb,G:\Watermarker\Attack\3cases\Global_rotation\8HFE\two_angle_grid\8HFE_original_global_rotation_rx_360deg_rz_360deg_aligned.pdb,G:\Watermarker\Attack\3cases\Global_rotation\8HFE\two_angle_grid\8HFE_watermarked_npj_SB_global_rotation_rx_360deg_rz_360deg_aligned.pdb,1.4394435972265675e-14,0.0013303315609294126,01101110011100000110101000100000010100110100001000000000,npj SB,npj SB,100.0,True
8VC8,global_rotation_2angle_aligned,combined_xz_rotation_then_kabsch_alignment,0,0,rx_0deg_rz_0deg,G:\Watermarker\Attack\3cases\Global_rotation\8VC8\two_angle_grid\8VC8_original_global_rotation_rx_0deg_rz_0deg.pdb,G:\Watermarker\Attack\3cases\Global_rotation\8VC8\two_angle_grid\8VC8_watermarked_npj_SB_global_rotation_rx_0deg_rz_0deg.pdb,G:\Watermarker\Attack\3cases\Global_rotation\8VC8\two_angle_grid\8VC8_original_global_rotation_rx_0deg_rz_0deg_aligned.pdb,G:\Watermarker\Attack\3cases\Global_rotation\8VC8\two_angle_grid\8VC8_watermarked_npj_SB_global_rotation_rx_0deg_rz_0deg_aligned.pdb,5.305406033436011e-15,0.0021857710740399543,01101110011100000110101000100000010100110100001000000000,npj SB,npj SB,100.0,True
8VC8,global_rotation_2angle_aligned,combined_xz_rotation_then_kabsch_alignment,0,30,rx_0deg_rz_30deg,G:\Watermarker\Attack\3cases\Global_rotation\8VC8\two_angle_grid\8VC8_original_global_rotation_rx_0deg_rz_30deg.pdb,G:\Watermarker\Attack\3cases\Global_rotation\8VC8\two_angle_grid\8VC8_watermarked_npj_SB_global_rotation_rx_0deg_rz_30deg.pdb,G:\Watermarker\Attack\3cases\Global_rotation\8VC8\two_angle_grid\8VC8_original_global_rotation_rx_0deg_rz_30deg_aligned.pdb,G:\Watermarker\Attack\3cases\Global_rotation\8VC8\two_angle_grid\8VC8_watermarked_npj_SB_global_rotation_rx_0deg_rz_30deg_aligned.pdb,0.0004095368372327417,0.002244514695752972,01101110011100000110101000100000010100110100001000000000,npj SB,npj SB,100.0,True
8VC8,global_rotation_2angle_aligned,combined_xz_rotation_then_kabsch_alignment,0,60,rx_0deg_rz_60deg,G:\Watermarker\Attack\3cases\Global_rotation\8VC8\two_angle_grid\8VC8_original_global_rotation_rx_0deg_rz_60deg.pdb,G:\Watermarker\Attack\3cases\Global_rotation\8VC8\two_angle_grid\8VC8_watermarked_npj_SB_global_rotation_rx_0deg_rz_60deg.pdb,G:\Watermarker\Attack\3cases\Global_rotation\8VC8\two_angle_grid\8VC8_original_global_rotation_rx_0deg_rz_60deg_aligned.pdb,G:\Watermarker\Attack\3cases\Global_rotation\8VC8\two_angle_grid\8VC8_watermarked_npj_SB_global_rotation_rx_0deg_rz_60deg_aligned.pdb,0.0004107724776562032,0.0022309302869995503,01101110011100000110101000100000010100110100001000000000,npj SB,npj SB,100.0,True
8VC8,global_rotation_2angle_aligned,combined_xz_rotation_then_kabsch_alignment,0,90,rx_0deg_rz_90deg,G:\Watermarker\Attack\3cases\Global_rotation\8VC8\two_angle_grid\8VC8_original_global_rotation_rx_0deg_rz_90deg.pdb,G:\Watermarker\Attack\3cases\Global_rotation\8VC8\two_angle_grid\8VC8_watermarked_npj_SB_global_rotation_rx_0deg_rz_90deg.pdb,G:\Watermarker\Attack\3cases\Global_rotation\8VC8\two_angle_grid\8VC8_original_global_rotation_rx_0deg_rz_90deg_aligned.pdb,G:\Watermarker\Attack\3cases\Global_rotation\8VC8\two_angle_grid\8VC8_watermarked_npj_SB_global_rotation_rx_0deg_rz_90deg_aligned.pdb,1.1639888317487544e-14,0.0021857710740399035,01101110011100000110101000100000010100110100001000000000,npj SB,npj SB,100.0,True
8VC8,global_rotation_2angle_aligned,combined_xz_rotation_then_kabsch_alignment,0,120,rx_0deg_rz_120deg,G:\Watermarker\Attack\3cases\Global_rotation\8VC8\two_angle_grid\8VC8_original_global_rotation_rx_0deg_rz_120deg.pdb,G:\Watermarker\Attack\3cases\Global_rotation\8VC8\two_angle_grid\8VC8_watermarked_npj_SB_global_rotation_rx_0deg_rz_120deg.pdb,G:\Watermarker\Attack\3cases\Global_rotation\8VC8\two_angle_grid\8VC8_original_global_rotation_rx_0deg_rz_120deg_aligned.pdb,G:\Watermarker\Attack\3cases\Global_rotation\8VC8\two_angle_grid\8VC8_watermarked_npj_SB_global_rotation_rx_0deg_rz_120deg_aligned.pdb,0.00039432588053266653,0.0022075536264988213,01101110011100000110101000100000010100110100001000000000,npj SB,npj SB,100.0,True
8VC8,global_rotation_2angle_aligned,combined_xz_rotation_then_kabsch_alignment,0,150,rx_0deg_rz_150deg,G:\Watermarker\Attack\3cases\Global_rotation\8VC8\two_angle_grid\8VC8_original_global_rotation_rx_0deg_rz_150deg.pdb,G:\Watermarker\Attack\3cases\Global_rotation\8VC8\two_angle_grid\8VC8_watermarked_npj_SB_global_rotation_rx_0deg_rz_150deg.pdb,G:\Watermarker\Attack\3cases\Global_rotation\8VC8\two_angle_grid\8VC8_original_global_rotation_rx_0deg_rz_150deg_aligned.pdb,G:\Watermarker\Attack\3cases\Global_rotation\8VC8\two_angle_grid\8VC8_watermarked_npj_SB_global_rotation_rx_0deg_rz_150deg_aligned.pdb,0.00040117915894824133,0.0022419798794208554,01101110011100000110101000100000010100110100001000000000,npj SB,npj SB,100.0,True
8VC8,global_rotation_2angle_aligned,combined_xz_rotation_then_kabsch_alignment,0,180,rx_0deg_rz_180deg,G:\Watermarker\Attack\3cases\Global_rotation\8VC8\two_angle_grid\8VC8_original_global_rotation_rx_0deg_rz_180deg.pdb,G:\Watermarker\Attack\3cases\Global_rotation\8VC8\two_angle_grid\8VC8_watermarked_npj_SB_global_rotation_rx_0deg_rz_180deg.pdb,G:\Watermarker\Attack\3cases\Global_rotation\8VC8\two_angle_grid\8VC8_original_global_rotation_rx_0deg_rz_180deg_aligned.pdb,G:\Watermarker\Attack\3cases\Global_rotation\8VC8\two_angle_grid\8VC8_watermarked_npj_SB_global_rotation_rx_0deg_rz_180deg_aligned.pdb,6.447754725342032e-15,0.0021857710740400458,01101110011100000110101000100000010100110100001000000000,npj SB,npj SB,100.0,True
8VC8,global_rotation_2angle_aligned,combined_xz_rotation_then_kabsch_alignment,0,210,rx_0deg_rz_210deg,G:\Watermarker\Attack\3cases\Global_rotation\8VC8\two_angle_grid\8VC8_original_global_rotation_rx_0deg_rz_210deg.pdb,G:\Watermarker\Attack\3cases\Global_rotation\8VC8\two_angle_grid\8VC8_watermarked_npj_SB_global_rotation_rx_0deg_rz_210deg.pdb,G:\Watermarker\Attack\3cases\Global_rotation\8VC8\two_angle_grid\8VC8_original_global_rotation_rx_0deg_rz_210deg_aligned.pdb,G:\Watermarker\Attack\3cases\Global_rotation\8VC8\two_angle_grid\8VC8_watermarked_npj_SB_global_rotation_rx_0deg_rz_210deg_aligned.pdb,0.0003971214099794093,0.0022107047525690596,01101110011100000110101000100000010100110100001000000000,npj SB,npj SB,100.0,True
8VC8,global_rotation_2angle_aligned,combined_xz_rotation_then_kabsch_alignment,0,240,rx_0deg_rz_240deg,G:\Watermarker\Attack\3cases\Global_rotation\8VC8\two_angle_grid\8VC8_original_global_rotation_rx_0deg_rz_240deg.pdb,G:\Watermarker\Attack\3cases\Global_rotation\8VC8\two_angle_grid\8VC8_watermarked_npj_SB_global_rotation_rx_0deg_rz_240deg.pdb,G:\Watermarker\Attack\3cases\Global_rotation\8VC8\two_angle_grid\8VC8_original_global_rotation_rx_0deg_rz_240deg_aligned.pdb,G:\Watermarker\Attack\3cases\Global_rotation\8VC8\two_angle_grid\8VC8_watermarked_npj_SB_global_rotation_rx_0deg_rz_240deg_aligned.pdb,0.00040095337776519977,0.002231100209882754,01101110011100000110101000100000010100110100001000000000,npj SB,npj SB,100.0,True
8VC8,global_rotation_2angle_aligned,combined_xz_rotation_then_kabsch_alignment,0,270,rx_0deg_rz_270deg,G:\Watermarker\Attack\3cases\Global_rotation\8VC8\two_angle_grid\8VC8_original_global_rotation_rx_0deg_rz_270deg.pdb,G:\Watermarker\Attack\3cases\Global_rotation\8VC8\two_angle_grid\8VC8_watermarked_npj_SB_global_rotation_rx_0deg_rz_270deg.pdb,G:\Watermarker\Attack\3cases\Global_rotation\8VC8\two_angle_grid\8VC8_original_global_rotation_rx_0deg_rz_270deg_aligned.pdb,G:\Watermarker\Attack\3cases\Global_rotation\8VC8\two_angle_grid\8VC8_watermarked_npj_SB_global_rotation_rx_0deg_rz_270deg_aligned.pdb,9.634091185213546e-15,0.0021857710740399816,01101110011100000110101000100000010100110100001000000000,npj SB,npj SB,100.0,True
8VC8,global_rotation_2angle_aligned,combined_xz_rotation_then_kabsch_alignment,0,300,rx_0deg_rz_300deg,G:\Watermarker\Attack\3cases\Global_rotation\8VC8\two_angle_grid\8VC8_original_global_rotation_rx_0deg_rz_300deg.pdb,G:\Watermarker\Attack\3cases\Global_rotation\8VC8\two_angle_grid\8VC8_watermarked_npj_SB_global_rotation_rx_0deg_rz_300deg.pdb,G:\Watermarker\Attack\3cases\Global_rotation\8VC8\two_angle_grid\8VC8_original_global_rotation_rx_0deg_rz_300deg_aligned.pdb,G:\Watermarker\Attack\3cases\Global_rotation\8VC8\two_angle_grid\8VC8_watermarked_npj_SB_global_rotation_rx_0deg_rz_300deg_aligned.pdb,0.0004149517964757503,0.0022148172296707117,01101110011100000110101000100000010100110100001000000000,npj SB,npj SB,100.0,True
8VC8,global_rotation_2angle_aligned,combined_xz_rotation_then_kabsch_alignment,0,330,rx_0deg_rz_330deg,G:\Watermarker\Attack\3cases\Global_rotation\8VC8\two_angle_grid\8VC8_original_global_rotation_rx_0deg_rz_330deg.pdb,G:\Watermarker\Attack\3cases\Global_rotation\8VC8\two_angle_grid\8VC8_watermarked_npj_SB_global_rotation_rx_0deg_rz_330deg.pdb,G:\Watermarker\Attack\3cases\Global_rotation\8VC8\two_angle_grid\8VC8_original_global_rotation_rx_0deg_rz_330deg_aligned.pdb,G:\Watermarker\Attack\3cases\Global_rotation\8VC8\two_angle_grid\8VC8_watermarked_npj_SB_global_rotation_rx_0deg_rz_330deg_aligned.pdb,0.00038864557641848734,0.00219682377560998,01101110011100000110101000100000010100110100001000000000,npj SB,npj SB,100.0,True
8VC8,global_rotation_2angle_aligned,combined_xz_rotation_then_kabsch_alignment,0,360,rx_0deg_rz_360deg,G:\Watermarker\Attack\3cases\Global_rotation\8VC8\two_angle_grid\8VC8_original_global_rotation_rx_0deg_rz_360deg.pdb,G:\Watermarker\Attack\3cases\Global_rotation\8VC8\two_angle_grid\8VC8_watermarked_npj_SB_global_rotation_rx_0deg_rz_360deg.pdb,G:\Watermarker\Attack\3cases\Global_rotation\8VC8\two_angle_grid\8VC8_original_global_rotation_rx_0deg_rz_360deg_aligned.pdb,G:\Watermarker\Attack\3cases\Global_rotation\8VC8\two_angle_grid\8VC8_watermarked_npj_SB_global_rotation_rx_0deg_rz_360deg_aligned.pdb,5.305406033436011e-15,0.0021857710740399543,01101110011100000110101000100000010100110100001000000000,npj SB,npj SB,100.0,True
8VC8,global_rotation_2angle_aligned,combined_xz_rotation_then_kabsch_alignment,30,0,rx_30deg_rz_0deg,G:\Watermarker\Attack\3cases\Global_rotation\8VC8\two_angle_grid\8VC8_original_global_rotation_rx_30deg_rz_0deg.pdb,G:\Watermarker\Attack\3cases\Global_rotation\8VC8\two_angle_grid\8VC8_watermarked_npj_SB_global_rotation_rx_30deg_rz_0deg.pdb,G:\Watermarker\Attack\3cases\Global_rotation\8VC8\two_angle_grid\8VC8_original_global_rotation_rx_30deg_rz_0deg_aligned.pdb,G:\Watermarker\Attack\3cases\Global_rotation\8VC8\two_angle_grid\8VC8_watermarked_npj_SB_global_rotation_rx_30deg_rz_0deg_aligned.pdb,0.00041455679991798906,0.0022274763350538886,01101110011100000110101000100000010100110100001000000000,npj SB,npj SB,100.0,True
8VC8,global_rotation_2angle_aligned,combined_xz_rotation_then_kabsch_alignment,30,30,rx_30deg_rz_30deg,G:\Watermarker\Attack\3cases\Global_rotation\8VC8\two_angle_grid\8VC8_original_global_rotation_rx_30deg_rz_30deg.pdb,G:\Watermarker\Attack\3cases\Global_rotation\8VC8\two_angle_grid\8VC8_watermarked_npj_SB_global_rotation_rx_30deg_rz_30deg.pdb,G:\Watermarker\Attack\3cases\Global_rotation\8VC8\two_angle_grid\8VC8_original_global_rotation_rx_30deg_rz_30deg_aligned.pdb,G:\Watermarker\Attack\3cases\Global_rotation\8VC8\two_angle_grid\8VC8_watermarked_npj_SB_global_rotation_rx_30deg_rz_30deg_aligned.pdb,0.0005040889161613839,0.0022102087529325943,01101110011100000110101000100000010100110100001000000000,npj SB,npj SB,100.0,True
8VC8,global_rotation_2angle_aligned,combined_xz_rotation_then_kabsch_alignment,30,60,rx_30deg_rz_60deg,G:\Watermarker\Attack\3cases\Global_rotation\8VC8\two_angle_grid\8VC8_original_global_rotation_rx_30deg_rz_60deg.pdb,G:\Watermarker\Attack\3cases\Global_rotation\8VC8\two_angle_grid\8VC8_watermarked_npj_SB_global_rotation_rx_30deg_rz_60deg.pdb,G:\Watermarker\Attack\3cases\Global_rotation\8VC8\two_angle_grid\8VC8_original_global_rotation_rx_30deg_rz_60deg_aligned.pdb,G:\Watermarker\Attack\3cases\Global_rotation\8VC8\two_angle_grid\8VC8_watermarked_npj_SB_global_rotation_rx_30deg_rz_60deg_aligned.pdb,0.000500618093571674,0.0022471077980957253,01101110011100000110101000100000010100110100001000000000,npj SB,npj SB,100.0,True
8VC8,global_rotation_2angle_aligned,combined_xz_rotation_then_kabsch_alignment,30,90,rx_30deg_rz_90deg,G:\Watermarker\Attack\3cases\Global_rotation\8VC8\two_angle_grid\8VC8_original_global_rotation_rx_30deg_rz_90deg.pdb,G:\Watermarker\Attack\3cases\Global_rotation\8VC8\two_angle_grid\8VC8_watermarked_npj_SB_global_rotation_rx_30deg_rz_90deg.pdb,G:\Watermarker\Attack\3cases\Global_rotation\8VC8\two_angle_grid\8VC8_original_global_rotation_rx_30deg_rz_90deg_aligned.pdb,G:\Watermarker\Attack\3cases\Global_rotation\8VC8\two_angle_grid\8VC8_watermarked_npj_SB_global_rotation_rx_30deg_rz_90deg_aligned.pdb,0.0004080724058083571,0.0022291699329207693,01101110011100000110101000100000010100110100001000000000,npj SB,npj SB,100.0,True
8VC8,global_rotation_2angle_aligned,combined_xz_rotation_then_kabsch_alignment,30,120,rx_30deg_rz_120deg,G:\Watermarker\Attack\3cases\Global_rotation\8VC8\two_angle_grid\8VC8_original_global_rotation_rx_30deg_rz_120deg.pdb,G:\Watermarker\Attack\3cases\Global_rotation\8VC8\two_angle_grid\8VC8_watermarked_npj_SB_global_rotation_rx_30deg_rz_120deg.pdb,G:\Watermarker\Attack\3cases\Global_rotation\8VC8\two_angle_grid\8VC8_original_global_rotation_rx_30deg_rz_120deg_aligned.pdb,G:\Watermarker\Attack\3cases\Global_rotation\8VC8\two_angle_grid\8VC8_watermarked_npj_SB_global_rotation_rx_30deg_rz_120deg_aligned.pdb,0.0005021197471991262,0.0022678405288895738,01101110011100000110101000100000010100110100001000000000,npj SB,npj SB,100.0,True
8VC8,global_rotation_2angle_aligned,combined_xz_rotation_then_kabsch_alignment,30,150,rx_30deg_rz_150deg,G:\Watermarker\Attack\3cases\Global_rotation\8VC8\two_angle_grid\8VC8_original_global_rotation_rx_30deg_rz_150deg.pdb,G:\Watermarker\Attack\3cases\Global_rotation\8VC8\two_angle_grid\8VC8_watermarked_npj_SB_global_rotation_rx_30deg_rz_150deg.pdb,G:\Watermarker\Attack\3cases\Global_rotation\8VC8\two_angle_grid\8VC8_original_global_rotation_rx_30deg_rz_150deg_aligned.pdb,G:\Watermarker\Attack\3cases\Global_rotation\8VC8\two_angle_grid\8VC8_watermarked_npj_SB_global_rotation_rx_30deg_rz_150deg_aligned.pdb,0.0004906535218543474,0.0022394156777457504,01101110011100000110101000100000010100110100001000000000,npj SB,npj SB,100.0,True
8VC8,global_rotation_2angle_aligned,combined_xz_rotation_then_kabsch_alignment,30,180,rx_30deg_rz_180deg,G:\Watermarker\Attack\3cases\Global_rotation\8VC8\two_angle_grid\8VC8_original_global_rotation_rx_30deg_rz_180deg.pdb,G:\Watermarker\Attack\3cases\Global_rotation\8VC8\two_angle_grid\8VC8_watermarked_npj_SB_global_rotation_rx_30deg_rz_180deg.pdb,G:\Watermarker\Attack\3cases\Global_rotation\8VC8\two_angle_grid\8VC8_original_global_rotation_rx_30deg_rz_180deg_aligned.pdb,G:\Watermarker\Attack\3cases\Global_rotation\8VC8\two_angle_grid\8VC8_watermarked_npj_SB_global_rotation_rx_30deg_rz_180deg_aligned.pdb,0.00041532725845605116,0.002221272093901733,01101110011100000110101000100000010100110100001000000000,npj SB,npj SB,100.0,True
8VC8,global_rotation_2angle_aligned,combined_xz_rotation_then_kabsch_alignment,30,210,rx_30deg_rz_210deg,G:\Watermarker\Attack\3cases\Global_rotation\8VC8\two_angle_grid\8VC8_original_global_rotation_rx_30deg_rz_210deg.pdb,G:\Watermarker\Attack\3cases\Global_rotation\8VC8\two_angle_grid\8VC8_watermarked_npj_SB_global_rotation_rx_30deg_rz_210deg.pdb,G:\Watermarker\Attack\3cases\Global_rotation\8VC8\two_angle_grid\8VC8_original_global_rotation_rx_30deg_rz_210deg_aligned.pdb,G:\Watermarker\Attack\3cases\Global_rotation\8VC8\two_angle_grid\8VC8_watermarked_npj_SB_global_rotation_rx_30deg_rz_210deg_aligned.pdb,0.0004920828620848318,0.0022451042905667308,01101110011100000110101000100000010100110100001000000000,npj SB,npj SB,100.0,True
8VC8,global_rotation_2angle_aligned,combined_xz_rotation_then_kabsch_alignment,30,240,rx_30deg_rz_240deg,G:\Watermarker\Attack\3cases\Global_rotation\8VC8\two_angle_grid\8VC8_original_global_rotation_rx_30deg_rz_240deg.pdb,G:\Watermarker\Attack\3cases\Global_rotation\8VC8\two_angle_grid\8VC8_watermarked_npj_SB_global_rotation_rx_30deg_rz_240deg.pdb,G:\Watermarker\Attack\3cases\Global_rotation\8VC8\two_angle_grid\8VC8_original_global_rotation_rx_30deg_rz_240deg_aligned.pdb,G:\Watermarker\Attack\3cases\Global_rotation\8VC8\two_angle_grid\8VC8_watermarked_npj_SB_global_rotation_rx_30deg_rz_240deg_aligned.pdb,0.0004978897685217259,0.002241116997503744,01101110011100000110101000100000010100110100001000000000,npj SB,npj SB,100.0,True
8VC8,global_rotation_2angle_aligned,combined_xz_rotation_then_kabsch_alignment,30,270,rx_30deg_rz_270deg,G:\Watermarker\Attack\3cases\Global_rotation\8VC8\two_angle_grid\8VC8_original_global_rotation_rx_30deg_rz_270deg.pdb,G:\Watermarker\Attack\3cases\Global_rotation\8VC8\two_angle_grid\8VC8_watermarked_npj_SB_global_rotation_rx_30deg_rz_270deg.pdb,G:\Watermarker\Attack\3cases\Global_rotation\8VC8\two_angle_grid\8VC8_original_global_rotation_rx_30deg_rz_270deg_aligned.pdb,G:\Watermarker\Attack\3cases\Global_rotation\8VC8\two_angle_grid\8VC8_watermarked_npj_SB_global_rotation_rx_30deg_rz_270deg_aligned.pdb,0.00041272181387889967,0.0022298935115109345,01101110011100000110101000100000010100110100001000000000,npj SB,npj SB,100.0,True
8VC8,global_rotation_2angle_aligned,combined_xz_rotation_then_kabsch_alignment,30,300,rx_30deg_rz_300deg,G:\Watermarker\Attack\3cases\Global_rotation\8VC8\two_angle_grid\8VC8_original_global_rotation_rx_30deg_rz_300deg.pdb,G:\Watermarker\Attack\3cases\Global_rotation\8VC8\two_angle_grid\8VC8_watermarked_npj_SB_global_rotation_rx_30deg_rz_300deg.pdb,G:\Watermarker\Attack\3cases\Global_rotation\8VC8\two_angle_grid\8VC8_original_global_rotation_rx_30deg_rz_300deg_aligned.pdb,G:\Watermarker\Attack\3cases\Global_rotation\8VC8\two_angle_grid\8VC8_watermarked_npj_SB_global_rotation_rx_30deg_rz_300deg_aligned.pdb,0.0005040738182456536,0.002242575016753873,01101110011100000110101000100000010100110100001000000000,npj SB,npj SB,100.0,True
8VC8,global_rotation_2angle_aligned,combined_xz_rotation_then_kabsch_alignment,30,330,rx_30deg_rz_330deg,G:\Watermarker\Attack\3cases\Global_rotation\8VC8\two_angle_grid\8VC8_original_global_rotation_rx_30deg_rz_330deg.pdb,G:\Watermarker\Attack\3cases\Global_rotation\8VC8\two_angle_grid\8VC8_watermarked_npj_SB_global_rotation_rx_30deg_rz_330deg.pdb,G:\Watermarker\Attack\3cases\Global_rotation\8VC8\two_angle_grid\8VC8_original_global_rotation_rx_30deg_rz_330deg_aligned.pdb,G:\Watermarker\Attack\3cases\Global_rotation\8VC8\two_angle_grid\8VC8_watermarked_npj_SB_global_rotation_rx_30deg_rz_330deg_aligned.pdb,0.0005041809358464301,0.0022314353210101676,01101110011100000110101000100000010100110100001000000000,npj SB,npj SB,100.0,True
8VC8,global_rotation_2angle_aligned,combined_xz_rotation_then_kabsch_alignment,30,360,rx_30deg_rz_360deg,G:\Watermarker\Attack\3cases\Global_rotation\8VC8\two_angle_grid\8VC8_original_global_rotation_rx_30deg_rz_360deg.pdb,G:\Watermarker\Attack\3cases\Global_rotation\8VC8\two_angle_grid\8VC8_watermarked_npj_SB_global_rotation_rx_30deg_rz_360deg.pdb,G:\Watermarker\Attack\3cases\Global_rotation\8VC8\two_angle_grid\8VC8_original_global_rotation_rx_30deg_rz_360deg_aligned.pdb,G:\Watermarker\Attack\3cases\Global_rotation\8VC8\two_angle_grid\8VC8_watermarked_npj_SB_global_rotation_rx_30deg_rz_360deg_aligned.pdb,0.00041455679991798906,0.0022274763350538886,01101110011100000110101000100000010100110100001000000000,npj SB,npj SB,100.0,True
8VC8,global_rotation_2angle_aligned,combined_xz_rotation_then_kabsch_alignment,60,0,rx_60deg_rz_0deg,G:\Watermarker\Attack\3cases\Global_rotation\8VC8\two_angle_grid\8VC8_original_global_rotation_rx_60deg_rz_0deg.pdb,G:\Watermarker\Attack\3cases\Global_rotation\8VC8\two_angle_grid\8VC8_watermarked_npj_SB_global_rotation_rx_60deg_rz_0deg.pdb,G:\Watermarker\Attack\3cases\Global_rotation\8VC8\two_angle_grid\8VC8_original_global_rotation_rx_60deg_rz_0deg_aligned.pdb,G:\Watermarker\Attack\3cases\Global_rotation\8VC8\two_angle_grid\8VC8_watermarked_npj_SB_global_rotation_rx_60deg_rz_0deg_aligned.pdb,0.00039621232173709043,0.0022335751088688495,01101110011100000110101000100000010100110100001000000000,npj SB,npj SB,100.0,True
8VC8,global_rotation_2angle_aligned,combined_xz_rotation_then_kabsch_alignment,60,30,rx_60deg_rz_30deg,G:\Watermarker\Attack\3cases\Global_rotation\8VC8\two_angle_grid\8VC8_original_global_rotation_rx_60deg_rz_30deg.pdb,G:\Watermarker\Attack\3cases\Global_rotation\8VC8\two_angle_grid\8VC8_watermarked_npj_SB_global_rotation_rx_60deg_rz_30deg.pdb,G:\Watermarker\Attack\3cases\Global_rotation\8VC8\two_angle_grid\8VC8_original_global_rotation_rx_60deg_rz_30deg_aligned.pdb,G:\Watermarker\Attack\3cases\Global_rotation\8VC8\two_angle_grid\8VC8_watermarked_npj_SB_global_rotation_rx_60deg_rz_30deg_aligned.pdb,0.0004956340419275175,0.0022494375311388802,01101110011100000110101000100000010100110100001000000000,npj SB,npj SB,100.0,True
8VC8,global_rotation_2angle_aligned,combined_xz_rotation_then_kabsch_alignment,60,60,rx_60deg_rz_60deg,G:\Watermarker\Attack\3cases\Global_rotation\8VC8\two_angle_grid\8VC8_original_global_rotation_rx_60deg_rz_60deg.pdb,G:\Watermarker\Attack\3cases\Global_rotation\8VC8\two_angle_grid\8VC8_watermarked_npj_SB_global_rotation_rx_60deg_rz_60deg.pdb,G:\Watermarker\Attack\3cases\Global_rotation\8VC8\two_angle_grid\8VC8_original_global_rotation_rx_60deg_rz_60deg_aligned.pdb,G:\Watermarker\Attack\3cases\Global_rotation\8VC8\two_angle_grid\8VC8_watermarked_npj_SB_global_rotation_rx_60deg_rz_60deg_aligned.pdb,0.0004812744043693361,0.002241631562565293,01101110011100000110101000100000010100110100001000000000,npj SB,npj SB,100.0,True
8VC8,global_rotation_2angle_aligned,combined_xz_rotation_then_kabsch_alignment,60,90,rx_60deg_rz_90deg,G:\Watermarker\Attack\3cases\Global_rotation\8VC8\two_angle_grid\8VC8_original_global_rotation_rx_60deg_rz_90deg.pdb,G:\Watermarker\Attack\3cases\Global_rotation\8VC8\two_angle_grid\8VC8_watermarked_npj_SB_global_rotation_rx_60deg_rz_90deg.pdb,G:\Watermarker\Attack\3cases\Global_rotation\8VC8\two_angle_grid\8VC8_original_global_rotation_rx_60deg_rz_90deg_aligned.pdb,G:\Watermarker\Attack\3cases\Global_rotation\8VC8\two_angle_grid\8VC8_watermarked_npj_SB_global_rotation_rx_60deg_rz_90deg_aligned.pdb,0.00040131527046578997,0.0022147005525323506,01101110011100000110101000100000010100110100001000000000,npj SB,npj SB,100.0,True
8VC8,global_rotation_2angle_aligned,combined_xz_rotation_then_kabsch_alignment,60,120,rx_60deg_rz_120deg,G:\Watermarker\Attack\3cases\Global_rotation\8VC8\two_angle_grid\8VC8_original_global_rotation_rx_60deg_rz_120deg.pdb,G:\Watermarker\Attack\3cases\Global_rotation\8VC8\two_angle_grid\8VC8_watermarked_npj_SB_global_rotation_rx_60deg_rz_120deg.pdb,G:\Watermarker\Attack\3cases\Global_rotation\8VC8\two_angle_grid\8VC8_original_global_rotation_rx_60deg_rz_120deg_aligned.pdb,G:\Watermarker\Attack\3cases\Global_rotation\8VC8\two_angle_grid\8VC8_watermarked_npj_SB_global_rotation_rx_60deg_rz_120deg_aligned.pdb,0.0004894406171867917,0.002226613143584676,01101110011100000110101000100000010100110100001000000000,npj SB,npj SB,100.0,True
8VC8,global_rotation_2angle_aligned,combined_xz_rotation_then_kabsch_alignment,60,150,rx_60deg_rz_150deg,G:\Watermarker\Attack\3cases\Global_rotation\8VC8\two_angle_grid\8VC8_original_global_rotation_rx_60deg_rz_150deg.pdb,G:\Watermarker\Attack\3cases\Global_rotation\8VC8\two_angle_grid\8VC8_watermarked_npj_SB_global_rotation_rx_60deg_rz_150deg.pdb,G:\Watermarker\Attack\3cases\Global_rotation\8VC8\two_angle_grid\8VC8_original_global_rotation_rx_60deg_rz_150deg_aligned.pdb,G:\Watermarker\Attack\3cases\Global_rotation\8VC8\two_angle_grid\8VC8_watermarked_npj_SB_global_rotation_rx_60deg_rz_150deg_aligned.pdb,0.0004856602986215759,0.002213109160264151,01101110011100000110101000100000010100110100001000000000,npj SB,npj SB,100.0,True
8VC8,global_rotation_2angle_aligned,combined_xz_rotation_then_kabsch_alignment,60,180,rx_60deg_rz_180deg,G:\Watermarker\Attack\3cases\Global_rotation\8VC8\two_angle_grid\8VC8_original_global_rotation_rx_60deg_rz_180deg.pdb,G:\Watermarker\Attack\3cases\Global_rotation\8VC8\two_angle_grid\8VC8_watermarked_npj_SB_global_rotation_rx_60deg_rz_180deg.pdb,G:\Watermarker\Attack\3cases\Global_rotation\8VC8\two_angle_grid\8VC8_original_global_rotation_rx_60deg_rz_180deg_aligned.pdb,G:\Watermarker\Attack\3cases\Global_rotation\8VC8\two_angle_grid\8VC8_watermarked_npj_SB_global_rotation_rx_60deg_rz_180deg_aligned.pdb,0.0003952940285645698,0.002233359201138086,01101110011100000110101000100000010100110100001000000000,npj SB,npj SB,100.0,True
8VC8,global_rotation_2angle_aligned,combined_xz_rotation_then_kabsch_alignment,60,210,rx_60deg_rz_210deg,G:\Watermarker\Attack\3cases\Global_rotation\8VC8\two_angle_grid\8VC8_original_global_rotation_rx_60deg_rz_210deg.pdb,G:\Watermarker\Attack\3cases\Global_rotation\8VC8\two_angle_grid\8VC8_watermarked_npj_SB_global_rotation_rx_60deg_rz_210deg.pdb,G:\Watermarker\Attack\3cases\Global_rotation\8VC8\two_angle_grid\8VC8_original_global_rotation_rx_60deg_rz_210deg_aligned.pdb,G:\Watermarker\Attack\3cases\Global_rotation\8VC8\two_angle_grid\8VC8_watermarked_npj_SB_global_rotation_rx_60deg_rz_210deg_aligned.pdb,0.0004998123543495912,0.0022699678811740434,01101110011100000110101000100000010100110100001000000000,npj SB,npj SB,100.0,True
8VC8,global_rotation_2angle_aligned,combined_xz_rotation_then_kabsch_alignment,60,240,rx_60deg_rz_240deg,G:\Watermarker\Attack\3cases\Global_rotation\8VC8\two_angle_grid\8VC8_original_global_rotation_rx_60deg_rz_240deg.pdb,G:\Watermarker\Attack\3cases\Global_rotation\8VC8\two_angle_grid\8VC8_watermarked_npj_SB_global_rotation_rx_60deg_rz_240deg.pdb,G:\Watermarker\Attack\3cases\Global_rotation\8VC8\two_angle_grid\8VC8_original_global_rotation_rx_60deg_rz_240deg_aligned.pdb,G:\Watermarker\Attack\3cases\Global_rotation\8VC8\two_angle_grid\8VC8_watermarked_npj_SB_global_rotation_rx_60deg_rz_240deg_aligned.pdb,0.0004903746684106294,0.0022504250720708674,01101110011100000110101000100000010100110100001000000000,npj SB,npj SB,100.0,True
8VC8,global_rotation_2angle_aligned,combined_xz_rotation_then_kabsch_alignment,60,270,rx_60deg_rz_270deg,G:\Watermarker\Attack\3cases\Global_rotation\8VC8\two_angle_grid\8VC8_original_global_rotation_rx_60deg_rz_270deg.pdb,G:\Watermarker\Attack\3cases\Global_rotation\8VC8\two_angle_grid\8VC8_watermarked_npj_SB_global_rotation_rx_60deg_rz_270deg.pdb,G:\Watermarker\Attack\3cases\Global_rotation\8VC8\two_angle_grid\8VC8_original_global_rotation_rx_60deg_rz_270deg_aligned.pdb,G:\Watermarker\Attack\3cases\Global_rotation\8VC8\two_angle_grid\8VC8_watermarked_npj_SB_global_rotation_rx_60deg_rz_270deg_aligned.pdb,0.0003981183808087294,0.002196043372346573,01101110011100000110101000100000010100110100001000000000,npj SB,npj SB,100.0,True
8VC8,global_rotation_2angle_aligned,combined_xz_rotation_then_kabsch_alignment,60,300,rx_60deg_rz_300deg,G:\Watermarker\Attack\3cases\Global_rotation\8VC8\two_angle_grid\8VC8_original_global_rotation_rx_60deg_rz_300deg.pdb,G:\Watermarker\Attack\3cases\Global_rotation\8VC8\two_angle_grid\8VC8_watermarked_npj_SB_global_rotation_rx_60deg_rz_300deg.pdb,G:\Watermarker\Attack\3cases\Global_rotation\8VC8\two_angle_grid\8VC8_original_global_rotation_rx_60deg_rz_300deg_aligned.pdb,G:\Watermarker\Attack\3cases\Global_rotation\8VC8\two_angle_grid\8VC8_watermarked_npj_SB_global_rotation_rx_60deg_rz_300deg_aligned.pdb,0.0004927930286174578,0.0022505817236455803,01101110011100000110101000100000010100110100001000000000,npj SB,npj SB,100.0,True
8VC8,global_rotation_2angle_aligned,combined_xz_rotation_then_kabsch_alignment,60,330,rx_60deg_rz_330deg,G:\Watermarker\Attack\3cases\Global_rotation\8VC8\two_angle_grid\8VC8_original_global_rotation_rx_60deg_rz_330deg.pdb,G:\Watermarker\Attack\3cases\Global_rotation\8VC8\two_angle_grid\8VC8_watermarked_npj_SB_global_rotation_rx_60deg_rz_330deg.pdb,G:\Watermarker\Attack\3cases\Global_rotation\8VC8\two_angle_grid\8VC8_original_global_rotation_rx_60deg_rz_330deg_aligned.pdb,G:\Watermarker\Attack\3cases\Global_rotation\8VC8\two_angle_grid\8VC8_watermarked_npj_SB_global_rotation_rx_60deg_rz_330deg_aligned.pdb,0.0004918384112666961,0.002208994276901739,01101110011100000110101000100000010100110100001000000000,npj SB,npj SB,100.0,True
8VC8,global_rotation_2angle_aligned,combined_xz_rotation_then_kabsch_alignment,60,360,rx_60deg_rz_360deg,G:\Watermarker\Attack\3cases\Global_rotation\8VC8\two_angle_grid\8VC8_original_global_rotation_rx_60deg_rz_360deg.pdb,G:\Watermarker\Attack\3cases\Global_rotation\8VC8\two_angle_grid\8VC8_watermarked_npj_SB_global_rotation_rx_60deg_rz_360deg.pdb,G:\Watermarker\Attack\3cases\Global_rotation\8VC8\two_angle_grid\8VC8_original_global_rotation_rx_60deg_rz_360deg_aligned.pdb,G:\Watermarker\Attack\3cases\Global_rotation\8VC8\two_angle_grid\8VC8_watermarked_npj_SB_global_rotation_rx_60deg_rz_360deg_aligned.pdb,0.00039621232173709043,0.0022335751088688495,01101110011100000110101000100000010100110100001000000000,npj SB,npj SB,100.0,True
8VC8,global_rotation_2angle_aligned,combined_xz_rotation_then_kabsch_alignment,90,0,rx_90deg_rz_0deg,G:\Watermarker\Attack\3cases\Global_rotation\8VC8\two_angle_grid\8VC8_original_global_rotation_rx_90deg_rz_0deg.pdb,G:\Watermarker\Attack\3cases\Global_rotation\8VC8\two_angle_grid\8VC8_watermarked_npj_SB_global_rotation_rx_90deg_rz_0deg.pdb,G:\Watermarker\Attack\3cases\Global_rotation\8VC8\two_angle_grid\8VC8_original_global_rotation_rx_90deg_rz_0deg_aligned.pdb,G:\Watermarker\Attack\3cases\Global_rotation\8VC8\two_angle_grid\8VC8_watermarked_npj_SB_global_rotation_rx_90deg_rz_0deg_aligned.pdb,1.1288523800083008e-14,0.0021857710740399777,01101110011100000110101000100000010100110100001000000000,npj SB,npj SB,100.0,True
8VC8,global_rotation_2angle_aligned,combined_xz_rotation_then_kabsch_alignment,90,30,rx_90deg_rz_30deg,G:\Watermarker\Attack\3cases\Global_rotation\8VC8\two_angle_grid\8VC8_original_global_rotation_rx_90deg_rz_30deg.pdb,G:\Watermarker\Attack\3cases\Global_rotation\8VC8\two_angle_grid\8VC8_watermarked_npj_SB_global_rotation_rx_90deg_rz_30deg.pdb,G:\Watermarker\Attack\3cases\Global_rotation\8VC8\two_angle_grid\8VC8_original_global_rotation_rx_90deg_rz_30deg_aligned.pdb,G:\Watermarker\Attack\3cases\Global_rotation\8VC8\two_angle_grid\8VC8_watermarked_npj_SB_global_rotation_rx_90deg_rz_30deg_aligned.pdb,0.00041590956655114053,0.0022323042409116887,01101110011100000110101000100000010100110100001000000000,npj SB,npj SB,100.0,True
8VC8,global_rotation_2angle_aligned,combined_xz_rotation_then_kabsch_alignment,90,60,rx_90deg_rz_60deg,G:\Watermarker\Attack\3cases\Global_rotation\8VC8\two_angle_grid\8VC8_original_global_rotation_rx_90deg_rz_60deg.pdb,G:\Watermarker\Attack\3cases\Global_rotation\8VC8\two_angle_grid\8VC8_watermarked_npj_SB_global_rotation_rx_90deg_rz_60deg.pdb,G:\Watermarker\Attack\3cases\Global_rotation\8VC8\two_angle_grid\8VC8_original_global_rotation_rx_90deg_rz_60deg_aligned.pdb,G:\Watermarker\Attack\3cases\Global_rotation\8VC8\two_angle_grid\8VC8_watermarked_npj_SB_global_rotation_rx_90deg_rz_60deg_aligned.pdb,0.0004062136100546415,0.002221264117786094,01101110011100000110101000100000010100110100001000000000,npj SB,npj SB,100.0,True
8VC8,global_rotation_2angle_aligned,combined_xz_rotation_then_kabsch_alignment,90,90,rx_90deg_rz_90deg,G:\Watermarker\Attack\3cases\Global_rotation\8VC8\two_angle_grid\8VC8_original_global_rotation_rx_90deg_rz_90deg.pdb,G:\Watermarker\Attack\3cases\Global_rotation\8VC8\two_angle_grid\8VC8_watermarked_npj_SB_global_rotation_rx_90deg_rz_90deg.pdb,G:\Watermarker\Attack\3cases\Global_rotation\8VC8\two_angle_grid\8VC8_original_global_rotation_rx_90deg_rz_90deg_aligned.pdb,G:\Watermarker\Attack\3cases\Global_rotation\8VC8\two_angle_grid\8VC8_watermarked_npj_SB_global_rotation_rx_90deg_rz_90deg_aligned.pdb,1.504088728048007e-14,0.002185771074039676,01101110011100000110101000100000010100110100001000000000,npj SB,npj SB,100.0,True
8VC8,global_rotation_2angle_aligned,combined_xz_rotation_then_kabsch_alignment,90,120,rx_90deg_rz_120deg,G:\Watermarker\Attack\3cases\Global_rotation\8VC8\two_angle_grid\8VC8_original_global_rotation_rx_90deg_rz_120deg.pdb,G:\Watermarker\Attack\3cases\Global_rotation\8VC8\two_angle_grid\8VC8_watermarked_npj_SB_global_rotation_rx_90deg_rz_120deg.pdb,G:\Watermarker\Attack\3cases\Global_rotation\8VC8\two_angle_grid\8VC8_original_global_rotation_rx_90deg_rz_120deg_aligned.pdb,G:\Watermarker\Attack\3cases\Global_rotation\8VC8\two_angle_grid\8VC8_watermarked_npj_SB_global_rotation_rx_90deg_rz_120deg_aligned.pdb,0.000390124762917053,0.0021826260866830414,01101110011100000110101000100000010100110100001000000000,npj SB,npj SB,100.0,True
8VC8,global_rotation_2angle_aligned,combined_xz_rotation_then_kabsch_alignment,90,150,rx_90deg_rz_150deg,G:\Watermarker\Attack\3cases\Global_rotation\8VC8\two_angle_grid\8VC8_original_global_rotation_rx_90deg_rz_150deg.pdb,G:\Watermarker\Attack\3cases\Global_rotation\8VC8\two_angle_grid\8VC8_watermarked_npj_SB_global_rotation_rx_90deg_rz_150deg.pdb,G:\Watermarker\Attack\3cases\Global_rotation\8VC8\two_angle_grid\8VC8_original_global_rotation_rx_90deg_rz_150deg_aligned.pdb,G:\Watermarker\Attack\3cases\Global_rotation\8VC8\two_angle_grid\8VC8_watermarked_npj_SB_global_rotation_rx_90deg_rz_150deg_aligned.pdb,0.00040264704279799004,0.0022101271341093,01101110011100000110101000100000010100110100001000000000,npj SB,npj SB,100.0,True
8VC8,global_rotation_2angle_aligned,combined_xz_rotation_then_kabsch_alignment,90,180,rx_90deg_rz_180deg,G:\Watermarker\Attack\3cases\Global_rotation\8VC8\two_angle_grid\8VC8_original_global_rotation_rx_90deg_rz_180deg.pdb,G:\Watermarker\Attack\3cases\Global_rotation\8VC8\two_angle_grid\8VC8_watermarked_npj_SB_global_rotation_rx_90deg_rz_180deg.pdb,G:\Watermarker\Attack\3cases\Global_rotation\8VC8\two_angle_grid\8VC8_original_global_rotation_rx_90deg_rz_180deg_aligned.pdb,G:\Watermarker\Attack\3cases\Global_rotation\8VC8\two_angle_grid\8VC8_watermarked_npj_SB_global_rotation_rx_90deg_rz_180deg_aligned.pdb,7.895994485659593e-15,0.002185771074039872,01101110011100000110101000100000010100110100001000000000,npj SB,npj SB,100.0,True
8VC8,global_rotation_2angle_aligned,combined_xz_rotation_then_kabsch_alignment,90,210,rx_90deg_rz_210deg,G:\Watermarker\Attack\3cases\Global_rotation\8VC8\two_angle_grid\8VC8_original_global_rotation_rx_90deg_rz_210deg.pdb,G:\Watermarker\Attack\3cases\Global_rotation\8VC8\two_angle_grid\8VC8_watermarked_npj_SB_global_rotation_rx_90deg_rz_210deg.pdb,G:\Watermarker\Attack\3cases\Global_rotation\8VC8\two_angle_grid\8VC8_original_global_rotation_rx_90deg_rz_210deg_aligned.pdb,G:\Watermarker\Attack\3cases\Global_rotation\8VC8\two_angle_grid\8VC8_watermarked_npj_SB_global_rotation_rx_90deg_rz_210deg_aligned.pdb,0.00041223200525801425,0.0022357014889364192,01101110011100000110101000100000010100110100001000000000,npj SB,npj SB,100.0,True
8VC8,global_rotation_2angle_aligned,combined_xz_rotation_then_kabsch_alignment,90,240,rx_90deg_rz_240deg,G:\Watermarker\Attack\3cases\Global_rotation\8VC8\two_angle_grid\8VC8_original_global_rotation_rx_90deg_rz_240deg.pdb,G:\Watermarker\Attack\3cases\Global_rotation\8VC8\two_angle_grid\8VC8_watermarked_npj_SB_global_rotation_rx_90deg_rz_240deg.pdb,G:\Watermarker\Attack\3cases\Global_rotation\8VC8\two_angle_grid\8VC8_original_global_rotation_rx_90deg_rz_240deg_aligned.pdb,G:\Watermarker\Attack\3cases\Global_rotation\8VC8\two_angle_grid\8VC8_watermarked_npj_SB_global_rotation_rx_90deg_rz_240deg_aligned.pdb,0.0004130611551298075,0.00223372455118384,01101110011100000110101000100000010100110100001000000000,npj SB,npj SB,100.0,True
8VC8,global_rotation_2angle_aligned,combined_xz_rotation_then_kabsch_alignment,90,270,rx_90deg_rz_270deg,G:\Watermarker\Attack\3cases\Global_rotation\8VC8\two_angle_grid\8VC8_original_global_rotation_rx_90deg_rz_270deg.pdb,G:\Watermarker\Attack\3cases\Global_rotation\8VC8\two_angle_grid\8VC8_watermarked_npj_SB_global_rotation_rx_90deg_rz_270deg.pdb,G:\Watermarker\Attack\3cases\Global_rotation\8VC8\two_angle_grid\8VC8_original_global_rotation_rx_90deg_rz_270deg_aligned.pdb,G:\Watermarker\Attack\3cases\Global_rotation\8VC8\two_angle_grid\8VC8_watermarked_npj_SB_global_rotation_rx_90deg_rz_270deg_aligned.pdb,1.2757227096708026e-14,0.002185771074039729,01101110011100000110101000100000010100110100001000000000,npj SB,npj SB,100.0,True
8VC8,global_rotation_2angle_aligned,combined_xz_rotation_then_kabsch_alignment,90,300,rx_90deg_rz_300deg,G:\Watermarker\Attack\3cases\Global_rotation\8VC8\two_angle_grid\8VC8_original_global_rotation_rx_90deg_rz_300deg.pdb,G:\Watermarker\Attack\3cases\Global_rotation\8VC8\two_angle_grid\8VC8_watermarked_npj_SB_global_rotation_rx_90deg_rz_300deg.pdb,G:\Watermarker\Attack\3cases\Global_rotation\8VC8\two_angle_grid\8VC8_original_global_rotation_rx_90deg_rz_300deg_aligned.pdb,G:\Watermarker\Attack\3cases\Global_rotation\8VC8\two_angle_grid\8VC8_watermarked_npj_SB_global_rotation_rx_90deg_rz_300deg_aligned.pdb,0.00040756700670037215,0.002212285806900712,01101110011100000110101000100000010100110100001000000000,npj SB,npj SB,100.0,True
8VC8,global_rotation_2angle_aligned,combined_xz_rotation_then_kabsch_alignment,90,330,rx_90deg_rz_330deg,G:\Watermarker\Attack\3cases\Global_rotation\8VC8\two_angle_grid\8VC8_original_global_rotation_rx_90deg_rz_330deg.pdb,G:\Watermarker\Attack\3cases\Global_rotation\8VC8\two_angle_grid\8VC8_watermarked_npj_SB_global_rotation_rx_90deg_rz_330deg.pdb,G:\Watermarker\Attack\3cases\Global_rotation\8VC8\two_angle_grid\8VC8_original_global_rotation_rx_90deg_rz_330deg_aligned.pdb,G:\Watermarker\Attack\3cases\Global_rotation\8VC8\two_angle_grid\8VC8_watermarked_npj_SB_global_rotation_rx_90deg_rz_330deg_aligned.pdb,0.00039092838158992255,0.0021966680017431856,01101110011100000110101000100000010100110100001000000000,npj SB,npj SB,100.0,True
8VC8,global_rotation_2angle_aligned,combined_xz_rotation_then_kabsch_alignment,90,360,rx_90deg_rz_360deg,G:\Watermarker\Attack\3cases\Global_rotation\8VC8\two_angle_grid\8VC8_original_global_rotation_rx_90deg_rz_360deg.pdb,G:\Watermarker\Attack\3cases\Global_rotation\8VC8\two_angle_grid\8VC8_watermarked_npj_SB_global_rotation_rx_90deg_rz_360deg.pdb,G:\Watermarker\Attack\3cases\Global_rotation\8VC8\two_angle_grid\8VC8_original_global_rotation_rx_90deg_rz_360deg_aligned.pdb,G:\Watermarker\Attack\3cases\Global_rotation\8VC8\two_angle_grid\8VC8_watermarked_npj_SB_global_rotation_rx_90deg_rz_360deg_aligned.pdb,1.1288523800083008e-14,0.0021857710740399777,01101110011100000110101000100000010100110100001000000000,npj SB,npj SB,100.0,True
8VC8,global_rotation_2angle_aligned,combined_xz_rotation_then_kabsch_alignment,120,0,rx_120deg_rz_0deg,G:\Watermarker\Attack\3cases\Global_rotation\8VC8\two_angle_grid\8VC8_original_global_rotation_rx_120deg_rz_0deg.pdb,G:\Watermarker\Attack\3cases\Global_rotation\8VC8\two_angle_grid\8VC8_watermarked_npj_SB_global_rotation_rx_120deg_rz_0deg.pdb,G:\Watermarker\Attack\3cases\Global_rotation\8VC8\two_angle_grid\8VC8_original_global_rotation_rx_120deg_rz_0deg_aligned.pdb,G:\Watermarker\Attack\3cases\Global_rotation\8VC8\two_angle_grid\8VC8_watermarked_npj_SB_global_rotation_rx_120deg_rz_0deg_aligned.pdb,0.0004120264653151531,0.00221374817499059,01101110011100000110101000100000010100110100001000000000,npj SB,npj SB,100.0,True
8VC8,global_rotation_2angle_aligned,combined_xz_rotation_then_kabsch_alignment,120,30,rx_120deg_rz_30deg,G:\Watermarker\Attack\3cases\Global_rotation\8VC8\two_angle_grid\8VC8_original_global_rotation_rx_120deg_rz_30deg.pdb,G:\Watermarker\Attack\3cases\Global_rotation\8VC8\two_angle_grid\8VC8_watermarked_npj_SB_global_rotation_rx_120deg_rz_30deg.pdb,G:\Watermarker\Attack\3cases\Global_rotation\8VC8\two_angle_grid\8VC8_original_global_rotation_rx_120deg_rz_30deg_aligned.pdb,G:\Watermarker\Attack\3cases\Global_rotation\8VC8\two_angle_grid\8VC8_watermarked_npj_SB_global_rotation_rx_120deg_rz_30deg_aligned.pdb,0.0004890560692634593,0.0022388112781416823,01101110011100000110101000100000010100110100001000000000,npj SB,npj SB,100.0,True
8VC8,global_rotation_2angle_aligned,combined_xz_rotation_then_kabsch_alignment,120,60,rx_120deg_rz_60deg,G:\Watermarker\Attack\3cases\Global_rotation\8VC8\two_angle_grid\8VC8_original_global_rotation_rx_120deg_rz_60deg.pdb,G:\Watermarker\Attack\3cases\Global_rotation\8VC8\two_angle_grid\8VC8_watermarked_npj_SB_global_rotation_rx_120deg_rz_60deg.pdb,G:\Watermarker\Attack\3cases\Global_rotation\8VC8\two_angle_grid\8VC8_original_global_rotation_rx_120deg_rz_60deg_aligned.pdb,G:\Watermarker\Attack\3cases\Global_rotation\8VC8\two_angle_grid\8VC8_watermarked_npj_SB_global_rotation_rx_120deg_rz_60deg_aligned.pdb,0.0004984808671354631,0.002254370220118876,01101110011100000110101000100000010100110100001000000000,npj SB,npj SB,100.0,True
8VC8,global_rotation_2angle_aligned,combined_xz_rotation_then_kabsch_alignment,120,90,rx_120deg_rz_90deg,G:\Watermarker\Attack\3cases\Global_rotation\8VC8\two_angle_grid\8VC8_original_global_rotation_rx_120deg_rz_90deg.pdb,G:\Watermarker\Attack\3cases\Global_rotation\8VC8\two_angle_grid\8VC8_watermarked_npj_SB_global_rotation_rx_120deg_rz_90deg.pdb,G:\Watermarker\Attack\3cases\Global_rotation\8VC8\two_angle_grid\8VC8_original_global_rotation_rx_120deg_rz_90deg_aligned.pdb,G:\Watermarker\Attack\3cases\Global_rotation\8VC8\two_angle_grid\8VC8_watermarked_npj_SB_global_rotation_rx_120deg_rz_90deg_aligned.pdb,0.0004099992508315365,0.0022170499489597324,01101110011100000110101000100000010100110100001000000000,npj SB,npj SB,100.0,True
8VC8,global_rotation_2angle_aligned,combined_xz_rotation_then_kabsch_alignment,120,120,rx_120deg_rz_120deg,G:\Watermarker\Attack\3cases\Global_rotation\8VC8\two_angle_grid\8VC8_original_global_rotation_rx_120deg_rz_120deg.pdb,G:\Watermarker\Attack\3cases\Global_rotation\8VC8\two_angle_grid\8VC8_watermarked_npj_SB_global_rotation_rx_120deg_rz_120deg.pdb,G:\Watermarker\Attack\3cases\Global_rotation\8VC8\two_angle_grid\8VC8_original_global_rotation_rx_120deg_rz_120deg_aligned.pdb,G:\Watermarker\Attack\3cases\Global_rotation\8VC8\two_angle_grid\8VC8_watermarked_npj_SB_global_rotation_rx_120deg_rz_120deg_aligned.pdb,0.0004951015781121798,0.002228333803252307,01101110011100000110101000100000010100110100001000000000,npj SB,npj SB,100.0,True
8VC8,global_rotation_2angle_aligned,combined_xz_rotation_then_kabsch_alignment,120,150,rx_120deg_rz_150deg,G:\Watermarker\Attack\3cases\Global_rotation\8VC8\two_angle_grid\8VC8_original_global_rotation_rx_120deg_rz_150deg.pdb,G:\Watermarker\Attack\3cases\Global_rotation\8VC8\two_angle_grid\8VC8_watermarked_npj_SB_global_rotation_rx_120deg_rz_150deg.pdb,G:\Watermarker\Attack\3cases\Global_rotation\8VC8\two_angle_grid\8VC8_original_global_rotation_rx_120deg_rz_150deg_aligned.pdb,G:\Watermarker\Attack\3cases\Global_rotation\8VC8\two_angle_grid\8VC8_watermarked_npj_SB_global_rotation_rx_120deg_rz_150deg_aligned.pdb,0.0004926236094938359,0.0022173715487725223,01101110011100000110101000100000010100110100001000000000,npj SB,npj SB,100.0,True
8VC8,global_rotation_2angle_aligned,combined_xz_rotation_then_kabsch_alignment,120,180,rx_120deg_rz_180deg,G:\Watermarker\Attack\3cases\Global_rotation\8VC8\two_angle_grid\8VC8_original_global_rotation_rx_120deg_rz_180deg.pdb,G:\Watermarker\Attack\3cases\Global_rotation\8VC8\two_angle_grid\8VC8_watermarked_npj_SB_global_rotation_rx_120deg_rz_180deg.pdb,G:\Watermarker\Attack\3cases\Global_rotation\8VC8\two_angle_grid\8VC8_original_global_rotation_rx_120deg_rz_180deg_aligned.pdb,G:\Watermarker\Attack\3cases\Global_rotation\8VC8\two_angle_grid\8VC8_watermarked_npj_SB_global_rotation_rx_120deg_rz_180deg_aligned.pdb,0.00041185649656705906,0.0022183433653583766,01101110011100000110101000100000010100110100001000000000,npj SB,npj SB,100.0,True
8VC8,global_rotation_2angle_aligned,combined_xz_rotation_then_kabsch_alignment,120,210,rx_120deg_rz_210deg,G:\Watermarker\Attack\3cases\Global_rotation\8VC8\two_angle_grid\8VC8_original_global_rotation_rx_120deg_rz_210deg.pdb,G:\Watermarker\Attack\3cases\Global_rotation\8VC8\two_angle_grid\8VC8_watermarked_npj_SB_global_rotation_rx_120deg_rz_210deg.pdb,G:\Watermarker\Attack\3cases\Global_rotation\8VC8\two_angle_grid\8VC8_original_global_rotation_rx_120deg_rz_210deg_aligned.pdb,G:\Watermarker\Attack\3cases\Global_rotation\8VC8\two_angle_grid\8VC8_watermarked_npj_SB_global_rotation_rx_120deg_rz_210deg_aligned.pdb,0.0005020963713038153,0.002211733956132834,01101110011100000110101000100000010100110100001000000000,npj SB,npj SB,100.0,True
8VC8,global_rotation_2angle_aligned,combined_xz_rotation_then_kabsch_alignment,120,240,rx_120deg_rz_240deg,G:\Watermarker\Attack\3cases\Global_rotation\8VC8\two_angle_grid\8VC8_original_global_rotation_rx_120deg_rz_240deg.pdb,G:\Watermarker\Attack\3cases\Global_rotation\8VC8\two_angle_grid\8VC8_watermarked_npj_SB_global_rotation_rx_120deg_rz_240deg.pdb,G:\Watermarker\Attack\3cases\Global_rotation\8VC8\two_angle_grid\8VC8_original_global_rotation_rx_120deg_rz_240deg_aligned.pdb,G:\Watermarker\Attack\3cases\Global_rotation\8VC8\two_angle_grid\8VC8_watermarked_npj_SB_global_rotation_rx_120deg_rz_240deg_aligned.pdb,0.0004882315752234116,0.0022385830634467385,01101110011100000110101000100000010100110100001000000000,npj SB,npj SB,100.0,True
8VC8,global_rotation_2angle_aligned,combined_xz_rotation_then_kabsch_alignment,120,270,rx_120deg_rz_270deg,G:\Watermarker\Attack\3cases\Global_rotation\8VC8\two_angle_grid\8VC8_original_global_rotation_rx_120deg_rz_270deg.pdb,G:\Watermarker\Attack\3cases\Global_rotation\8VC8\two_angle_grid\8VC8_watermarked_npj_SB_global_rotation_rx_120deg_rz_270deg.pdb,G:\Watermarker\Attack\3cases\Global_rotation\8VC8\two_angle_grid\8VC8_original_global_rotation_rx_120deg_rz_270deg_aligned.pdb,G:\Watermarker\Attack\3cases\Global_rotation\8VC8\two_angle_grid\8VC8_watermarked_npj_SB_global_rotation_rx_120deg_rz_270deg_aligned.pdb,0.00041136819466894336,0.0022180768384889556,01101110011100000110101000100000010100110100001000000000,npj SB,npj SB,100.0,True
8VC8,global_rotation_2angle_aligned,combined_xz_rotation_then_kabsch_alignment,120,300,rx_120deg_rz_300deg,G:\Watermarker\Attack\3cases\Global_rotation\8VC8\two_angle_grid\8VC8_original_global_rotation_rx_120deg_rz_300deg.pdb,G:\Watermarker\Attack\3cases\Global_rotation\8VC8\two_angle_grid\8VC8_watermarked_npj_SB_global_rotation_rx_120deg_rz_300deg.pdb,G:\Watermarker\Attack\3cases\Global_rotation\8VC8\two_angle_grid\8VC8_original_global_rotation_rx_120deg_rz_300deg_aligned.pdb,G:\Watermarker\Attack\3cases\Global_rotation\8VC8\two_angle_grid\8VC8_watermarked_npj_SB_global_rotation_rx_120deg_rz_300deg_aligned.pdb,0.0005172739069263761,0.002248784792786616,01101110011100000110101000100000010100110100001000000000,npj SB,npj SB,100.0,True
8VC8,global_rotation_2angle_aligned,combined_xz_rotation_then_kabsch_alignment,120,330,rx_120deg_rz_330deg,G:\Watermarker\Attack\3cases\Global_rotation\8VC8\two_angle_grid\8VC8_original_global_rotation_rx_120deg_rz_330deg.pdb,G:\Watermarker\Attack\3cases\Global_rotation\8VC8\two_angle_grid\8VC8_watermarked_npj_SB_global_rotation_rx_120deg_rz_330deg.pdb,G:\Watermarker\Attack\3cases\Global_rotation\8VC8\two_angle_grid\8VC8_original_global_rotation_rx_120deg_rz_330deg_aligned.pdb,G:\Watermarker\Attack\3cases\Global_rotation\8VC8\two_angle_grid\8VC8_watermarked_npj_SB_global_rotation_rx_120deg_rz_330deg_aligned.pdb,0.0004918532218781315,0.0022322724869794806,01101110011100000110101000100000010100110100001000000000,npj SB,npj SB,100.0,True
8VC8,global_rotation_2angle_aligned,combined_xz_rotation_then_kabsch_alignment,120,360,rx_120deg_rz_360deg,G:\Watermarker\Attack\3cases\Global_rotation\8VC8\two_angle_grid\8VC8_original_global_rotation_rx_120deg_rz_360deg.pdb,G:\Watermarker\Attack\3cases\Global_rotation\8VC8\two_angle_grid\8VC8_watermarked_npj_SB_global_rotation_rx_120deg_rz_360deg.pdb,G:\Watermarker\Attack\3cases\Global_rotation\8VC8\two_angle_grid\8VC8_original_global_rotation_rx_120deg_rz_360deg_aligned.pdb,G:\Watermarker\Attack\3cases\Global_rotation\8VC8\two_angle_grid\8VC8_watermarked_npj_SB_global_rotation_rx_120deg_rz_360deg_aligned.pdb,0.0004120264653151531,0.00221374817499059,01101110011100000110101000100000010100110100001000000000,npj SB,npj SB,100.0,True
8VC8,global_rotation_2angle_aligned,combined_xz_rotation_then_kabsch_alignment,150,0,rx_150deg_rz_0deg,G:\Watermarker\Attack\3cases\Global_rotation\8VC8\two_angle_grid\8VC8_original_global_rotation_rx_150deg_rz_0deg.pdb,G:\Watermarker\Attack\3cases\Global_rotation\8VC8\two_angle_grid\8VC8_watermarked_npj_SB_global_rotation_rx_150deg_rz_0deg.pdb,G:\Watermarker\Attack\3cases\Global_rotation\8VC8\two_angle_grid\8VC8_original_global_rotation_rx_150deg_rz_0deg_aligned.pdb,G:\Watermarker\Attack\3cases\Global_rotation\8VC8\two_angle_grid\8VC8_watermarked_npj_SB_global_rotation_rx_150deg_rz_0deg_aligned.pdb,0.00039902646429352656,0.002227137939778367,01101110011100000110101000100000010100110100001000000000,npj SB,npj SB,100.0,True
8VC8,global_rotation_2angle_aligned,combined_xz_rotation_then_kabsch_alignment,150,30,rx_150deg_rz_30deg,G:\Watermarker\Attack\3cases\Global_rotation\8VC8\two_angle_grid\8VC8_original_global_rotation_rx_150deg_rz_30deg.pdb,G:\Watermarker\Attack\3cases\Global_rotation\8VC8\two_angle_grid\8VC8_watermarked_npj_SB_global_rotation_rx_150deg_rz_30deg.pdb,G:\Watermarker\Attack\3cases\Global_rotation\8VC8\two_angle_grid\8VC8_original_global_rotation_rx_150deg_rz_30deg_aligned.pdb,G:\Watermarker\Attack\3cases\Global_rotation\8VC8\two_angle_grid\8VC8_watermarked_npj_SB_global_rotation_rx_150deg_rz_30deg_aligned.pdb,0.0005044601208705112,0.0022702007368154975,01101110011100000110101000100000010100110100001000000000,npj SB,npj SB,100.0,True
8VC8,global_rotation_2angle_aligned,combined_xz_rotation_then_kabsch_alignment,150,60,rx_150deg_rz_60deg,G:\Watermarker\Attack\3cases\Global_rotation\8VC8\two_angle_grid\8VC8_original_global_rotation_rx_150deg_rz_60deg.pdb,G:\Watermarker\Attack\3cases\Global_rotation\8VC8\two_angle_grid\8VC8_watermarked_npj_SB_global_rotation_rx_150deg_rz_60deg.pdb,G:\Watermarker\Attack\3cases\Global_rotation\8VC8\two_angle_grid\8VC8_original_global_rotation_rx_150deg_rz_60deg_aligned.pdb,G:\Watermarker\Attack\3cases\Global_rotation\8VC8\two_angle_grid\8VC8_watermarked_npj_SB_global_rotation_rx_150deg_rz_60deg_aligned.pdb,0.0004823270927083847,0.00223270381482393,01101110011100000110101000100000010100110100001000000000,npj SB,npj SB,100.0,True
8VC8,global_rotation_2angle_aligned,combined_xz_rotation_then_kabsch_alignment,150,90,rx_150deg_rz_90deg,G:\Watermarker\Attack\3cases\Global_rotation\8VC8\two_angle_grid\8VC8_original_global_rotation_rx_150deg_rz_90deg.pdb,G:\Watermarker\Attack\3cases\Global_rotation\8VC8\two_angle_grid\8VC8_watermarked_npj_SB_global_rotation_rx_150deg_rz_90deg.pdb,G:\Watermarker\Attack\3cases\Global_rotation\8VC8\two_angle_grid\8VC8_original_global_rotation_rx_150deg_rz_90deg_aligned.pdb,G:\Watermarker\Attack\3cases\Global_rotation\8VC8\two_angle_grid\8VC8_watermarked_npj_SB_global_rotation_rx_150deg_rz_90deg_aligned.pdb,0.00039604872795270205,0.002217863403810418,01101110011100000110101000100000010100110100001000000000,npj SB,npj SB,100.0,True
8VC8,global_rotation_2angle_aligned,combined_xz_rotation_then_kabsch_alignment,150,120,rx_150deg_rz_120deg,G:\Watermarker\Attack\3cases\Global_rotation\8VC8\two_angle_grid\8VC8_original_global_rotation_rx_150deg_rz_120deg.pdb,G:\Watermarker\Attack\3cases\Global_rotation\8VC8\two_angle_grid\8VC8_watermarked_npj_SB_global_rotation_rx_150deg_rz_120deg.pdb,G:\Watermarker\Attack\3cases\Global_rotation\8VC8\two_angle_grid\8VC8_original_global_rotation_rx_150deg_rz_120deg_aligned.pdb,G:\Watermarker\Attack\3cases\Global_rotation\8VC8\two_angle_grid\8VC8_watermarked_npj_SB_global_rotation_rx_150deg_rz_120deg_aligned.pdb,0.0005007607174369273,0.002218770497282972,01101110011100000110101000100000010100110100001000000000,npj SB,npj SB,100.0,True
8VC8,global_rotation_2angle_aligned,combined_xz_rotation_then_kabsch_alignment,150,150,rx_150deg_rz_150deg,G:\Watermarker\Attack\3cases\Global_rotation\8VC8\two_angle_grid\8VC8_original_global_rotation_rx_150deg_rz_150deg.pdb,G:\Watermarker\Attack\3cases\Global_rotation\8VC8\two_angle_grid\8VC8_watermarked_npj_SB_global_rotation_rx_150deg_rz_150deg.pdb,G:\Watermarker\Attack\3cases\Global_rotation\8VC8\two_angle_grid\8VC8_original_global_rotation_rx_150deg_rz_150deg_aligned.pdb,G:\Watermarker\Attack\3cases\Global_rotation\8VC8\two_angle_grid\8VC8_watermarked_npj_SB_global_rotation_rx_150deg_rz_150deg_aligned.pdb,0.0005034804561410679,0.002265809454446989,01101110011100000110101000100000010100110100001000000000,npj SB,npj SB,100.0,True
8VC8,global_rotation_2angle_aligned,combined_xz_rotation_then_kabsch_alignment,150,180,rx_150deg_rz_180deg,G:\Watermarker\Attack\3cases\Global_rotation\8VC8\two_angle_grid\8VC8_original_global_rotation_rx_150deg_rz_180deg.pdb,G:\Watermarker\Attack\3cases\Global_rotation\8VC8\two_angle_grid\8VC8_watermarked_npj_SB_global_rotation_rx_150deg_rz_180deg.pdb,G:\Watermarker\Attack\3cases\Global_rotation\8VC8\two_angle_grid\8VC8_original_global_rotation_rx_150deg_rz_180deg_aligned.pdb,G:\Watermarker\Attack\3cases\Global_rotation\8VC8\two_angle_grid\8VC8_watermarked_npj_SB_global_rotation_rx_150deg_rz_180deg_aligned.pdb,0.0004013016245897319,0.0022281679133280587,01101110011100000110101000100000010100110100001000000000,npj SB,npj SB,100.0,True
8VC8,global_rotation_2angle_aligned,combined_xz_rotation_then_kabsch_alignment,150,210,rx_150deg_rz_210deg,G:\Watermarker\Attack\3cases\Global_rotation\8VC8\two_angle_grid\8VC8_original_global_rotation_rx_150deg_rz_210deg.pdb,G:\Watermarker\Attack\3cases\Global_rotation\8VC8\two_angle_grid\8VC8_watermarked_npj_SB_global_rotation_rx_150deg_rz_210deg.pdb,G:\Watermarker\Attack\3cases\Global_rotation\8VC8\two_angle_grid\8VC8_original_global_rotation_rx_150deg_rz_210deg_aligned.pdb,G:\Watermarker\Attack\3cases\Global_rotation\8VC8\two_angle_grid\8VC8_watermarked_npj_SB_global_rotation_rx_150deg_rz_210deg_aligned.pdb,0.0005150044019086797,0.002241269507481424,01101110011100000110101000100000010100110100001000000000,npj SB,npj SB,100.0,True
8VC8,global_rotation_2angle_aligned,combined_xz_rotation_then_kabsch_alignment,150,240,rx_150deg_rz_240deg,G:\Watermarker\Attack\3cases\Global_rotation\8VC8\two_angle_grid\8VC8_original_global_rotation_rx_150deg_rz_240deg.pdb,G:\Watermarker\Attack\3cases\Global_rotation\8VC8\two_angle_grid\8VC8_watermarked_npj_SB_global_rotation_rx_150deg_rz_240deg.pdb,G:\Watermarker\Attack\3cases\Global_rotation\8VC8\two_angle_grid\8VC8_original_global_rotation_rx_150deg_rz_240deg_aligned.pdb,G:\Watermarker\Attack\3cases\Global_rotation\8VC8\two_angle_grid\8VC8_watermarked_npj_SB_global_rotation_rx_150deg_rz_240deg_aligned.pdb,0.0005056064376431749,0.0022359952306837626,01101110011100000110101000100000010100110100001000000000,npj SB,npj SB,100.0,True
8VC8,global_rotation_2angle_aligned,combined_xz_rotation_then_kabsch_alignment,150,270,rx_150deg_rz_270deg,G:\Watermarker\Attack\3cases\Global_rotation\8VC8\two_angle_grid\8VC8_original_global_rotation_rx_150deg_rz_270deg.pdb,G:\Watermarker\Attack\3cases\Global_rotation\8VC8\two_angle_grid\8VC8_watermarked_npj_SB_global_rotation_rx_150deg_rz_270deg.pdb,G:\Watermarker\Attack\3cases\Global_rotation\8VC8\two_angle_grid\8VC8_original_global_rotation_rx_150deg_rz_270deg_aligned.pdb,G:\Watermarker\Attack\3cases\Global_rotation\8VC8\two_angle_grid\8VC8_watermarked_npj_SB_global_rotation_rx_150deg_rz_270deg_aligned.pdb,0.00040812577642779024,0.0022175942102193695,01101110011100000110101000100000010100110100001000000000,npj SB,npj SB,100.0,True
8VC8,global_rotation_2angle_aligned,combined_xz_rotation_then_kabsch_alignment,150,300,rx_150deg_rz_300deg,G:\Watermarker\Attack\3cases\Global_rotation\8VC8\two_angle_grid\8VC8_original_global_rotation_rx_150deg_rz_300deg.pdb,G:\Watermarker\Attack\3cases\Global_rotation\8VC8\two_angle_grid\8VC8_watermarked_npj_SB_global_rotation_rx_150deg_rz_300deg.pdb,G:\Watermarker\Attack\3cases\Global_rotation\8VC8\two_angle_grid\8VC8_original_global_rotation_rx_150deg_rz_300deg_aligned.pdb,G:\Watermarker\Attack\3cases\Global_rotation\8VC8\two_angle_grid\8VC8_watermarked_npj_SB_global_rotation_rx_150deg_rz_300deg_aligned.pdb,0.0004904324192088685,0.0022324272450890614,01101110011100000110101000100000010100110100001000000000,npj SB,npj SB,100.0,True
8VC8,global_rotation_2angle_aligned,combined_xz_rotation_then_kabsch_alignment,150,330,rx_150deg_rz_330deg,G:\Watermarker\Attack\3cases\Global_rotation\8VC8\two_angle_grid\8VC8_original_global_rotation_rx_150deg_rz_330deg.pdb,G:\Watermarker\Attack\3cases\Global_rotation\8VC8\two_angle_grid\8VC8_watermarked_npj_SB_global_rotation_rx_150deg_rz_330deg.pdb,G:\Watermarker\Attack\3cases\Global_rotation\8VC8\two_angle_grid\8VC8_original_global_rotation_rx_150deg_rz_330deg_aligned.pdb,G:\Watermarker\Attack\3cases\Global_rotation\8VC8\two_angle_grid\8VC8_watermarked_npj_SB_global_rotation_rx_150deg_rz_330deg_aligned.pdb,0.00048819256037306927,0.002261854833698132,01101110011100000110101000100000010100110100001000000000,npj SB,npj SB,100.0,True
8VC8,global_rotation_2angle_aligned,combined_xz_rotation_then_kabsch_alignment,150,360,rx_150deg_rz_360deg,G:\Watermarker\Attack\3cases\Global_rotation\8VC8\two_angle_grid\8VC8_original_global_rotation_rx_150deg_rz_360deg.pdb,G:\Watermarker\Attack\3cases\Global_rotation\8VC8\two_angle_grid\8VC8_watermarked_npj_SB_global_rotation_rx_150deg_rz_360deg.pdb,G:\Watermarker\Attack\3cases\Global_rotation\8VC8\two_angle_grid\8VC8_original_global_rotation_rx_150deg_rz_360deg_aligned.pdb,G:\Watermarker\Attack\3cases\Global_rotation\8VC8\two_angle_grid\8VC8_watermarked_npj_SB_global_rotation_rx_150deg_rz_360deg_aligned.pdb,0.00039902646429352656,0.002227137939778367,01101110011100000110101000100000010100110100001000000000,npj SB,npj SB,100.0,True
8VC8,global_rotation_2angle_aligned,combined_xz_rotation_then_kabsch_alignment,180,0,rx_180deg_rz_0deg,G:\Watermarker\Attack\3cases\Global_rotation\8VC8\two_angle_grid\8VC8_original_global_rotation_rx_180deg_rz_0deg.pdb,G:\Watermarker\Attack\3cases\Global_rotation\8VC8\two_angle_grid\8VC8_watermarked_npj_SB_global_rotation_rx_180deg_rz_0deg.pdb,G:\Watermarker\Attack\3cases\Global_rotation\8VC8\two_angle_grid\8VC8_original_global_rotation_rx_180deg_rz_0deg_aligned.pdb,G:\Watermarker\Attack\3cases\Global_rotation\8VC8\two_angle_grid\8VC8_watermarked_npj_SB_global_rotation_rx_180deg_rz_0deg_aligned.pdb,1.0144266117938202e-14,0.002185771074039562,01101110011100000110101000100000010100110100001000000000,npj SB,npj SB,100.0,True
8VC8,global_rotation_2angle_aligned,combined_xz_rotation_then_kabsch_alignment,180,30,rx_180deg_rz_30deg,G:\Watermarker\Attack\3cases\Global_rotation\8VC8\two_angle_grid\8VC8_original_global_rotation_rx_180deg_rz_30deg.pdb,G:\Watermarker\Attack\3cases\Global_rotation\8VC8\two_angle_grid\8VC8_watermarked_npj_SB_global_rotation_rx_180deg_rz_30deg.pdb,G:\Watermarker\Attack\3cases\Global_rotation\8VC8\two_angle_grid\8VC8_original_global_rotation_rx_180deg_rz_30deg_aligned.pdb,G:\Watermarker\Attack\3cases\Global_rotation\8VC8\two_angle_grid\8VC8_watermarked_npj_SB_global_rotation_rx_180deg_rz_30deg_aligned.pdb,0.00038878964716102156,0.002206740059757519,01101110011100000110101000100000010100110100001000000000,npj SB,npj SB,100.0,True
8VC8,global_rotation_2angle_aligned,combined_xz_rotation_then_kabsch_alignment,180,60,rx_180deg_rz_60deg,G:\Watermarker\Attack\3cases\Global_rotation\8VC8\two_angle_grid\8VC8_original_global_rotation_rx_180deg_rz_60deg.pdb,G:\Watermarker\Attack\3cases\Global_rotation\8VC8\two_angle_grid\8VC8_watermarked_npj_SB_global_rotation_rx_180deg_rz_60deg.pdb,G:\Watermarker\Attack\3cases\Global_rotation\8VC8\two_angle_grid\8VC8_original_global_rotation_rx_180deg_rz_60deg_aligned.pdb,G:\Watermarker\Attack\3cases\Global_rotation\8VC8\two_angle_grid\8VC8_watermarked_npj_SB_global_rotation_rx_180deg_rz_60deg_aligned.pdb,0.00041294483397786766,0.002216425028257353,01101110011100000110101000100000010100110100001000000000,npj SB,npj SB,100.0,True
8VC8,global_rotation_2angle_aligned,combined_xz_rotation_then_kabsch_alignment,180,90,rx_180deg_rz_90deg,G:\Watermarker\Attack\3cases\Global_rotation\8VC8\two_angle_grid\8VC8_original_global_rotation_rx_180deg_rz_90deg.pdb,G:\Watermarker\Attack\3cases\Global_rotation\8VC8\two_angle_grid\8VC8_watermarked_npj_SB_global_rotation_rx_180deg_rz_90deg.pdb,G:\Watermarker\Attack\3cases\Global_rotation\8VC8\two_angle_grid\8VC8_original_global_rotation_rx_180deg_rz_90deg_aligned.pdb,G:\Watermarker\Attack\3cases\Global_rotation\8VC8\two_angle_grid\8VC8_watermarked_npj_SB_global_rotation_rx_180deg_rz_90deg_aligned.pdb,1.5641764140579713e-14,0.0021857710740398376,01101110011100000110101000100000010100110100001000000000,npj SB,npj SB,100.0,True
8VC8,global_rotation_2angle_aligned,combined_xz_rotation_then_kabsch_alignment,180,120,rx_180deg_rz_120deg,G:\Watermarker\Attack\3cases\Global_rotation\8VC8\two_angle_grid\8VC8_original_global_rotation_rx_180deg_rz_120deg.pdb,G:\Watermarker\Attack\3cases\Global_rotation\8VC8\two_angle_grid\8VC8_watermarked_npj_SB_global_rotation_rx_180deg_rz_120deg.pdb,G:\Watermarker\Attack\3cases\Global_rotation\8VC8\two_angle_grid\8VC8_original_global_rotation_rx_180deg_rz_120deg_aligned.pdb,G:\Watermarker\Attack\3cases\Global_rotation\8VC8\two_angle_grid\8VC8_watermarked_npj_SB_global_rotation_rx_180deg_rz_120deg_aligned.pdb,0.0004009446017640349,0.0022281387596684225,01101110011100000110101000100000010100110100001000000000,npj SB,npj SB,100.0,True
8VC8,global_rotation_2angle_aligned,combined_xz_rotation_then_kabsch_alignment,180,150,rx_180deg_rz_150deg,G:\Watermarker\Attack\3cases\Global_rotation\8VC8\two_angle_grid\8VC8_original_global_rotation_rx_180deg_rz_150deg.pdb,G:\Watermarker\Attack\3cases\Global_rotation\8VC8\two_angle_grid\8VC8_watermarked_npj_SB_global_rotation_rx_180deg_rz_150deg.pdb,G:\Watermarker\Attack\3cases\Global_rotation\8VC8\two_angle_grid\8VC8_original_global_rotation_rx_180deg_rz_150deg_aligned.pdb,G:\Watermarker\Attack\3cases\Global_rotation\8VC8\two_angle_grid\8VC8_watermarked_npj_SB_global_rotation_rx_180deg_rz_150deg_aligned.pdb,0.00039475617866158874,0.0022098761893804214,01101110011100000110101000100000010100110100001000000000,npj SB,npj SB,100.0,True
8VC8,global_rotation_2angle_aligned,combined_xz_rotation_then_kabsch_alignment,180,180,rx_180deg_rz_180deg,G:\Watermarker\Attack\3cases\Global_rotation\8VC8\two_angle_grid\8VC8_original_global_rotation_rx_180deg_rz_180deg.pdb,G:\Watermarker\Attack\3cases\Global_rotation\8VC8\two_angle_grid\8VC8_watermarked_npj_SB_global_rotation_rx_180deg_rz_180deg.pdb,G:\Watermarker\Attack\3cases\Global_rotation\8VC8\two_angle_grid\8VC8_original_global_rotation_rx_180deg_rz_180deg_aligned.pdb,G:\Watermarker\Attack\3cases\Global_rotation\8VC8\two_angle_grid\8VC8_watermarked_npj_SB_global_rotation_rx_180deg_rz_180deg_aligned.pdb,1.1634449090293539e-14,0.0021857710740396338,01101110011100000110101000100000010100110100001000000000,npj SB,npj SB,100.0,True
8VC8,global_rotation_2angle_aligned,combined_xz_rotation_then_kabsch_alignment,180,210,rx_180deg_rz_210deg,G:\Watermarker\Attack\3cases\Global_rotation\8VC8\two_angle_grid\8VC8_original_global_rotation_rx_180deg_rz_210deg.pdb,G:\Watermarker\Attack\3cases\Global_rotation\8VC8\two_angle_grid\8VC8_watermarked_npj_SB_global_rotation_rx_180deg_rz_210deg.pdb,G:\Watermarker\Attack\3cases\Global_rotation\8VC8\two_angle_grid\8VC8_original_global_rotation_rx_180deg_rz_210deg_aligned.pdb,G:\Watermarker\Attack\3cases\Global_rotation\8VC8\two_angle_grid\8VC8_watermarked_npj_SB_global_rotation_rx_180deg_rz_210deg_aligned.pdb,0.0004010919128759039,0.0022322444337521366,01101110011100000110101000100000010100110100001000000000,npj SB,npj SB,100.0,True
8VC8,global_rotation_2angle_aligned,combined_xz_rotation_then_kabsch_alignment,180,240,rx_180deg_rz_240deg,G:\Watermarker\Attack\3cases\Global_rotation\8VC8\two_angle_grid\8VC8_original_global_rotation_rx_180deg_rz_240deg.pdb,G:\Watermarker\Attack\3cases\Global_rotation\8VC8\two_angle_grid\8VC8_watermarked_npj_SB_global_rotation_rx_180deg_rz_240deg.pdb,G:\Watermarker\Attack\3cases\Global_rotation\8VC8\two_angle_grid\8VC8_original_global_rotation_rx_180deg_rz_240deg_aligned.pdb,G:\Watermarker\Attack\3cases\Global_rotation\8VC8\two_angle_grid\8VC8_watermarked_npj_SB_global_rotation_rx_180deg_rz_240deg_aligned.pdb,0.0003964317110099186,0.002205952886155837,01101110011100000110101000100000010100110100001000000000,npj SB,npj SB,100.0,True
8VC8,global_rotation_2angle_aligned,combined_xz_rotation_then_kabsch_alignment,180,270,rx_180deg_rz_270deg,G:\Watermarker\Attack\3cases\Global_rotation\8VC8\two_angle_grid\8VC8_original_global_rotation_rx_180deg_rz_270deg.pdb,G:\Watermarker\Attack\3cases\Global_rotation\8VC8\two_angle_grid\8VC8_watermarked_npj_SB_global_rotation_rx_180deg_rz_270deg.pdb,G:\Watermarker\Attack\3cases\Global_rotation\8VC8\two_angle_grid\8VC8_original_global_rotation_rx_180deg_rz_270deg_aligned.pdb,G:\Watermarker\Attack\3cases\Global_rotation\8VC8\two_angle_grid\8VC8_watermarked_npj_SB_global_rotation_rx_180deg_rz_270deg_aligned.pdb,1.176426000272062e-14,0.0021857710740399174,01101110011100000110101000100000010100110100001000000000,npj SB,npj SB,100.0,True
8VC8,global_rotation_2angle_aligned,combined_xz_rotation_then_kabsch_alignment,180,300,rx_180deg_rz_300deg,G:\Watermarker\Attack\3cases\Global_rotation\8VC8\two_angle_grid\8VC8_original_global_rotation_rx_180deg_rz_300deg.pdb,G:\Watermarker\Attack\3cases\Global_rotation\8VC8\two_angle_grid\8VC8_watermarked_npj_SB_global_rotation_rx_180deg_rz_300deg.pdb,G:\Watermarker\Attack\3cases\Global_rotation\8VC8\two_angle_grid\8VC8_original_global_rotation_rx_180deg_rz_300deg_aligned.pdb,G:\Watermarker\Attack\3cases\Global_rotation\8VC8\two_angle_grid\8VC8_watermarked_npj_SB_global_rotation_rx_180deg_rz_300deg_aligned.pdb,0.00041058578513756064,0.00223404213076964,01101110011100000110101000100000010100110100001000000000,npj SB,npj SB,100.0,True
8VC8,global_rotation_2angle_aligned,combined_xz_rotation_then_kabsch_alignment,180,330,rx_180deg_rz_330deg,G:\Watermarker\Attack\3cases\Global_rotation\8VC8\two_angle_grid\8VC8_original_global_rotation_rx_180deg_rz_330deg.pdb,G:\Watermarker\Attack\3cases\Global_rotation\8VC8\two_angle_grid\8VC8_watermarked_npj_SB_global_rotation_rx_180deg_rz_330deg.pdb,G:\Watermarker\Attack\3cases\Global_rotation\8VC8\two_angle_grid\8VC8_original_global_rotation_rx_180deg_rz_330deg_aligned.pdb,G:\Watermarker\Attack\3cases\Global_rotation\8VC8\two_angle_grid\8VC8_watermarked_npj_SB_global_rotation_rx_180deg_rz_330deg_aligned.pdb,0.0004118009233685588,0.002245262076289496,01101110011100000110101000100000010100110100001000000000,npj SB,npj SB,100.0,True
8VC8,global_rotation_2angle_aligned,combined_xz_rotation_then_kabsch_alignment,180,360,rx_180deg_rz_360deg,G:\Watermarker\Attack\3cases\Global_rotation\8VC8\two_angle_grid\8VC8_original_global_rotation_rx_180deg_rz_360deg.pdb,G:\Watermarker\Attack\3cases\Global_rotation\8VC8\two_angle_grid\8VC8_watermarked_npj_SB_global_rotation_rx_180deg_rz_360deg.pdb,G:\Watermarker\Attack\3cases\Global_rotation\8VC8\two_angle_grid\8VC8_original_global_rotation_rx_180deg_rz_360deg_aligned.pdb,G:\Watermarker\Attack\3cases\Global_rotation\8VC8\two_angle_grid\8VC8_watermarked_npj_SB_global_rotation_rx_180deg_rz_360deg_aligned.pdb,1.0144266117938202e-14,0.002185771074039562,01101110011100000110101000100000010100110100001000000000,npj SB,npj SB,100.0,True
8VC8,global_rotation_2angle_aligned,combined_xz_rotation_then_kabsch_alignment,210,0,rx_210deg_rz_0deg,G:\Watermarker\Attack\3cases\Global_rotation\8VC8\two_angle_grid\8VC8_original_global_rotation_rx_210deg_rz_0deg.pdb,G:\Watermarker\Attack\3cases\Global_rotation\8VC8\two_angle_grid\8VC8_watermarked_npj_SB_global_rotation_rx_210deg_rz_0deg.pdb,G:\Watermarker\Attack\3cases\Global_rotation\8VC8\two_angle_grid\8VC8_original_global_rotation_rx_210deg_rz_0deg_aligned.pdb,G:\Watermarker\Attack\3cases\Global_rotation\8VC8\two_angle_grid\8VC8_watermarked_npj_SB_global_rotation_rx_210deg_rz_0deg_aligned.pdb,0.00041527995636580063,0.0022093152496850082,01101110011100000110101000100000010100110100001000000000,npj SB,npj SB,100.0,True
8VC8,global_rotation_2angle_aligned,combined_xz_rotation_then_kabsch_alignment,210,30,rx_210deg_rz_30deg,G:\Watermarker\Attack\3cases\Global_rotation\8VC8\two_angle_grid\8VC8_original_global_rotation_rx_210deg_rz_30deg.pdb,G:\Watermarker\Attack\3cases\Global_rotation\8VC8\two_angle_grid\8VC8_watermarked_npj_SB_global_rotation_rx_210deg_rz_30deg.pdb,G:\Watermarker\Attack\3cases\Global_rotation\8VC8\two_angle_grid\8VC8_original_global_rotation_rx_210deg_rz_30deg_aligned.pdb,G:\Watermarker\Attack\3cases\Global_rotation\8VC8\two_angle_grid\8VC8_watermarked_npj_SB_global_rotation_rx_210deg_rz_30deg_aligned.pdb,0.0005040425101229812,0.0022280782840783395,01101110011100000110101000100000010100110100001000000000,npj SB,npj SB,100.0,True
8VC8,global_rotation_2angle_aligned,combined_xz_rotation_then_kabsch_alignment,210,60,rx_210deg_rz_60deg,G:\Watermarker\Attack\3cases\Global_rotation\8VC8\two_angle_grid\8VC8_original_global_rotation_rx_210deg_rz_60deg.pdb,G:\Watermarker\Attack\3cases\Global_rotation\8VC8\two_angle_grid\8VC8_watermarked_npj_SB_global_rotation_rx_210deg_rz_60deg.pdb,G:\Watermarker\Attack\3cases\Global_rotation\8VC8\two_angle_grid\8VC8_original_global_rotation_rx_210deg_rz_60deg_aligned.pdb,G:\Watermarker\Attack\3cases\Global_rotation\8VC8\two_angle_grid\8VC8_watermarked_npj_SB_global_rotation_rx_210deg_rz_60deg_aligned.pdb,0.0005008369322024182,0.002229594236020149,01101110011100000110101000100000010100110100001000000000,npj SB,npj SB,100.0,True
8VC8,global_rotation_2angle_aligned,combined_xz_rotation_then_kabsch_alignment,210,90,rx_210deg_rz_90deg,G:\Watermarker\Attack\3cases\Global_rotation\8VC8\two_angle_grid\8VC8_original_global_rotation_rx_210deg_rz_90deg.pdb,G:\Watermarker\Attack\3cases\Global_rotation\8VC8\two_angle_grid\8VC8_watermarked_npj_SB_global_rotation_rx_210deg_rz_90deg.pdb,G:\Watermarker\Attack\3cases\Global_rotation\8VC8\two_angle_grid\8VC8_original_global_rotation_rx_210deg_rz_90deg_aligned.pdb,G:\Watermarker\Attack\3cases\Global_rotation\8VC8\two_angle_grid\8VC8_watermarked_npj_SB_global_rotation_rx_210deg_rz_90deg_aligned.pdb,0.0004134012900464908,0.0022179728257842373,01101110011100000110101000100000010100110100001000000000,npj SB,npj SB,100.0,True
8VC8,global_rotation_2angle_aligned,combined_xz_rotation_then_kabsch_alignment,210,120,rx_210deg_rz_120deg,G:\Watermarker\Attack\3cases\Global_rotation\8VC8\two_angle_grid\8VC8_original_global_rotation_rx_210deg_rz_120deg.pdb,G:\Watermarker\Attack\3cases\Global_rotation\8VC8\two_angle_grid\8VC8_watermarked_npj_SB_global_rotation_rx_210deg_rz_120deg.pdb,G:\Watermarker\Attack\3cases\Global_rotation\8VC8\two_angle_grid\8VC8_original_global_rotation_rx_210deg_rz_120deg_aligned.pdb,G:\Watermarker\Attack\3cases\Global_rotation\8VC8\two_angle_grid\8VC8_watermarked_npj_SB_global_rotation_rx_210deg_rz_120deg_aligned.pdb,0.000495888596362662,0.0022291390981606417,01101110011100000110101000100000010100110100001000000000,npj SB,npj SB,100.0,True
8VC8,global_rotation_2angle_aligned,combined_xz_rotation_then_kabsch_alignment,210,150,rx_210deg_rz_150deg,G:\Watermarker\Attack\3cases\Global_rotation\8VC8\two_angle_grid\8VC8_original_global_rotation_rx_210deg_rz_150deg.pdb,G:\Watermarker\Attack\3cases\Global_rotation\8VC8\two_angle_grid\8VC8_watermarked_npj_SB_global_rotation_rx_210deg_rz_150deg.pdb,G:\Watermarker\Attack\3cases\Global_rotation\8VC8\two_angle_grid\8VC8_original_global_rotation_rx_210deg_rz_150deg_aligned.pdb,G:\Watermarker\Attack\3cases\Global_rotation\8VC8\two_angle_grid\8VC8_watermarked_npj_SB_global_rotation_rx_210deg_rz_150deg_aligned.pdb,0.0004897482143508229,0.0022270753044788365,01101110011100000110101000100000010100110100001000000000,npj SB,npj SB,100.0,True
8VC8,global_rotation_2angle_aligned,combined_xz_rotation_then_kabsch_alignment,210,180,rx_210deg_rz_180deg,G:\Watermarker\Attack\3cases\Global_rotation\8VC8\two_angle_grid\8VC8_original_global_rotation_rx_210deg_rz_180deg.pdb,G:\Watermarker\Attack\3cases\Global_rotation\8VC8\two_angle_grid\8VC8_watermarked_npj_SB_global_rotation_rx_210deg_rz_180deg.pdb,G:\Watermarker\Attack\3cases\Global_rotation\8VC8\two_angle_grid\8VC8_original_global_rotation_rx_210deg_rz_180deg_aligned.pdb,G:\Watermarker\Attack\3cases\Global_rotation\8VC8\two_angle_grid\8VC8_watermarked_npj_SB_global_rotation_rx_210deg_rz_180deg_aligned.pdb,0.000415376045083262,0.0022155995327371803,01101110011100000110101000100000010100110100001000000000,npj SB,npj SB,100.0,True
8VC8,global_rotation_2angle_aligned,combined_xz_rotation_then_kabsch_alignment,210,210,rx_210deg_rz_210deg,G:\Watermarker\Attack\3cases\Global_rotation\8VC8\two_angle_grid\8VC8_original_global_rotation_rx_210deg_rz_210deg.pdb,G:\Watermarker\Attack\3cases\Global_rotation\8VC8\two_angle_grid\8VC8_watermarked_npj_SB_global_rotation_rx_210deg_rz_210deg.pdb,G:\Watermarker\Attack\3cases\Global_rotation\8VC8\two_angle_grid\8VC8_original_global_rotation_rx_210deg_rz_210deg_aligned.pdb,G:\Watermarker\Attack\3cases\Global_rotation\8VC8\two_angle_grid\8VC8_watermarked_npj_SB_global_rotation_rx_210deg_rz_210deg_aligned.pdb,0.0004890030432417741,0.002218649404799212,01101110011100000110101000100000010100110100001000000000,npj SB,npj SB,100.0,True
8VC8,global_rotation_2angle_aligned,combined_xz_rotation_then_kabsch_alignment,210,240,rx_210deg_rz_240deg,G:\Watermarker\Attack\3cases\Global_rotation\8VC8\two_angle_grid\8VC8_original_global_rotation_rx_210deg_rz_240deg.pdb,G:\Watermarker\Attack\3cases\Global_rotation\8VC8\two_angle_grid\8VC8_watermarked_npj_SB_global_rotation_rx_210deg_rz_240deg.pdb,G:\Watermarker\Attack\3cases\Global_rotation\8VC8\two_angle_grid\8VC8_original_global_rotation_rx_210deg_rz_240deg_aligned.pdb,G:\Watermarker\Attack\3cases\Global_rotation\8VC8\two_angle_grid\8VC8_watermarked_npj_SB_global_rotation_rx_210deg_rz_240deg_aligned.pdb,0.0005004485496925428,0.0022566739034289057,01101110011100000110101000100000010100110100001000000000,npj SB,npj SB,100.0,True
8VC8,global_rotation_2angle_aligned,combined_xz_rotation_then_kabsch_alignment,210,270,rx_210deg_rz_270deg,G:\Watermarker\Attack\3cases\Global_rotation\8VC8\two_angle_grid\8VC8_original_global_rotation_rx_210deg_rz_270deg.pdb,G:\Watermarker\Attack\3cases\Global_rotation\8VC8\two_angle_grid\8VC8_watermarked_npj_SB_global_rotation_rx_210deg_rz_270deg.pdb,G:\Watermarker\Attack\3cases\Global_rotation\8VC8\two_angle_grid\8VC8_original_global_rotation_rx_210deg_rz_270deg_aligned.pdb,G:\Watermarker\Attack\3cases\Global_rotation\8VC8\two_angle_grid\8VC8_watermarked_npj_SB_global_rotation_rx_210deg_rz_270deg_aligned.pdb,0.00040482027359836306,0.002217066108027266,01101110011100000110101000100000010100110100001000000000,npj SB,npj SB,100.0,True
8VC8,global_rotation_2angle_aligned,combined_xz_rotation_then_kabsch_alignment,210,300,rx_210deg_rz_300deg,G:\Watermarker\Attack\3cases\Global_rotation\8VC8\two_angle_grid\8VC8_original_global_rotation_rx_210deg_rz_300deg.pdb,G:\Watermarker\Attack\3cases\Global_rotation\8VC8\two_angle_grid\8VC8_watermarked_npj_SB_global_rotation_rx_210deg_rz_300deg.pdb,G:\Watermarker\Attack\3cases\Global_rotation\8VC8\two_angle_grid\8VC8_original_global_rotation_rx_210deg_rz_300deg_aligned.pdb,G:\Watermarker\Attack\3cases\Global_rotation\8VC8\two_angle_grid\8VC8_watermarked_npj_SB_global_rotation_rx_210deg_rz_300deg_aligned.pdb,0.0005018768782264599,0.0022354552480995014,01101110011100000110101000100000010100110100001000000000,npj SB,npj SB,100.0,True
8VC8,global_rotation_2angle_aligned,combined_xz_rotation_then_kabsch_alignment,210,330,rx_210deg_rz_330deg,G:\Watermarker\Attack\3cases\Global_rotation\8VC8\two_angle_grid\8VC8_original_global_rotation_rx_210deg_rz_330deg.pdb,G:\Watermarker\Attack\3cases\Global_rotation\8VC8\two_angle_grid\8VC8_watermarked_npj_SB_global_rotation_rx_210deg_rz_330deg.pdb,G:\Watermarker\Attack\3cases\Global_rotation\8VC8\two_angle_grid\8VC8_original_global_rotation_rx_210deg_rz_330deg_aligned.pdb,G:\Watermarker\Attack\3cases\Global_rotation\8VC8\two_angle_grid\8VC8_watermarked_npj_SB_global_rotation_rx_210deg_rz_330deg_aligned.pdb,0.0005027380705995014,0.0022042318498644684,01101110011100000110101000100000010100110100001000000000,npj SB,npj SB,100.0,True
8VC8,global_rotation_2angle_aligned,combined_xz_rotation_then_kabsch_alignment,210,360,rx_210deg_rz_360deg,G:\Watermarker\Attack\3cases\Global_rotation\8VC8\two_angle_grid\8VC8_original_global_rotation_rx_210deg_rz_360deg.pdb,G:\Watermarker\Attack\3cases\Global_rotation\8VC8\two_angle_grid\8VC8_watermarked_npj_SB_global_rotation_rx_210deg_rz_360deg.pdb,G:\Watermarker\Attack\3cases\Global_rotation\8VC8\two_angle_grid\8VC8_original_global_rotation_rx_210deg_rz_360deg_aligned.pdb,G:\Watermarker\Attack\3cases\Global_rotation\8VC8\two_angle_grid\8VC8_watermarked_npj_SB_global_rotation_rx_210deg_rz_360deg_aligned.pdb,0.00041527995636580063,0.0022093152496850082,01101110011100000110101000100000010100110100001000000000,npj SB,npj SB,100.0,True
8VC8,global_rotation_2angle_aligned,combined_xz_rotation_then_kabsch_alignment,240,0,rx_240deg_rz_0deg,G:\Watermarker\Attack\3cases\Global_rotation\8VC8\two_angle_grid\8VC8_original_global_rotation_rx_240deg_rz_0deg.pdb,G:\Watermarker\Attack\3cases\Global_rotation\8VC8\two_angle_grid\8VC8_watermarked_npj_SB_global_rotation_rx_240deg_rz_0deg.pdb,G:\Watermarker\Attack\3cases\Global_rotation\8VC8\two_angle_grid\8VC8_original_global_rotation_rx_240deg_rz_0deg_aligned.pdb,G:\Watermarker\Attack\3cases\Global_rotation\8VC8\two_angle_grid\8VC8_watermarked_npj_SB_global_rotation_rx_240deg_rz_0deg_aligned.pdb,0.0004077075218904609,0.0022503944063776617,01101110011100000110101000100000010100110100001000000000,npj SB,npj SB,100.0,True
8VC8,global_rotation_2angle_aligned,combined_xz_rotation_then_kabsch_alignment,240,30,rx_240deg_rz_30deg,G:\Watermarker\Attack\3cases\Global_rotation\8VC8\two_angle_grid\8VC8_original_global_rotation_rx_240deg_rz_30deg.pdb,G:\Watermarker\Attack\3cases\Global_rotation\8VC8\two_angle_grid\8VC8_watermarked_npj_SB_global_rotation_rx_240deg_rz_30deg.pdb,G:\Watermarker\Attack\3cases\Global_rotation\8VC8\two_angle_grid\8VC8_original_global_rotation_rx_240deg_rz_30deg_aligned.pdb,G:\Watermarker\Attack\3cases\Global_rotation\8VC8\two_angle_grid\8VC8_watermarked_npj_SB_global_rotation_rx_240deg_rz_30deg_aligned.pdb,0.0005002327068144636,0.002226104203754878,01101110011100000110101000100000010100110100001000000000,npj SB,npj SB,100.0,True
8VC8,global_rotation_2angle_aligned,combined_xz_rotation_then_kabsch_alignment,240,60,rx_240deg_rz_60deg,G:\Watermarker\Attack\3cases\Global_rotation\8VC8\two_angle_grid\8VC8_original_global_rotation_rx_240deg_rz_60deg.pdb,G:\Watermarker\Attack\3cases\Global_rotation\8VC8\two_angle_grid\8VC8_watermarked_npj_SB_global_rotation_rx_240deg_rz_60deg.pdb,G:\Watermarker\Attack\3cases\Global_rotation\8VC8\two_angle_grid\8VC8_original_global_rotation_rx_240deg_rz_60deg_aligned.pdb,G:\Watermarker\Attack\3cases\Global_rotation\8VC8\two_angle_grid\8VC8_watermarked_npj_SB_global_rotation_rx_240deg_rz_60deg_aligned.pdb,0.0005008375801589047,0.0022673181204105044,01101110011100000110101000100000010100110100001000000000,npj SB,npj SB,100.0,True
8VC8,global_rotation_2angle_aligned,combined_xz_rotation_then_kabsch_alignment,240,90,rx_240deg_rz_90deg,G:\Watermarker\Attack\3cases\Global_rotation\8VC8\two_angle_grid\8VC8_original_global_rotation_rx_240deg_rz_90deg.pdb,G:\Watermarker\Attack\3cases\Global_rotation\8VC8\two_angle_grid\8VC8_watermarked_npj_SB_global_rotation_rx_240deg_rz_90deg.pdb,G:\Watermarker\Attack\3cases\Global_rotation\8VC8\two_angle_grid\8VC8_original_global_rotation_rx_240deg_rz_90deg_aligned.pdb,G:\Watermarker\Attack\3cases\Global_rotation\8VC8\two_angle_grid\8VC8_watermarked_npj_SB_global_rotation_rx_240deg_rz_90deg_aligned.pdb,0.00040980331793450173,0.0022133168560973483,01101110011100000110101000100000010100110100001000000000,npj SB,npj SB,100.0,True
8VC8,global_rotation_2angle_aligned,combined_xz_rotation_then_kabsch_alignment,240,120,rx_240deg_rz_120deg,G:\Watermarker\Attack\3cases\Global_rotation\8VC8\two_angle_grid\8VC8_original_global_rotation_rx_240deg_rz_120deg.pdb,G:\Watermarker\Attack\3cases\Global_rotation\8VC8\two_angle_grid\8VC8_watermarked_npj_SB_global_rotation_rx_240deg_rz_120deg.pdb,G:\Watermarker\Attack\3cases\Global_rotation\8VC8\two_angle_grid\8VC8_original_global_rotation_rx_240deg_rz_120deg_aligned.pdb,G:\Watermarker\Attack\3cases\Global_rotation\8VC8\two_angle_grid\8VC8_watermarked_npj_SB_global_rotation_rx_240deg_rz_120deg_aligned.pdb,0.0004988780970105047,0.002269637452075562,01101110011100000110101000100000010100110100001000000000,npj SB,npj SB,100.0,True
8VC8,global_rotation_2angle_aligned,combined_xz_rotation_then_kabsch_alignment,240,150,rx_240deg_rz_150deg,G:\Watermarker\Attack\3cases\Global_rotation\8VC8\two_angle_grid\8VC8_original_global_rotation_rx_240deg_rz_150deg.pdb,G:\Watermarker\Attack\3cases\Global_rotation\8VC8\two_angle_grid\8VC8_watermarked_npj_SB_global_rotation_rx_240deg_rz_150deg.pdb,G:\Watermarker\Attack\3cases\Global_rotation\8VC8\two_angle_grid\8VC8_original_global_rotation_rx_240deg_rz_150deg_aligned.pdb,G:\Watermarker\Attack\3cases\Global_rotation\8VC8\two_angle_grid\8VC8_watermarked_npj_SB_global_rotation_rx_240deg_rz_150deg_aligned.pdb,0.0005077901445452854,0.0022870307299736113,01101110011100000110101000100000010100110100001000000000,npj SB,npj SB,100.0,True
8VC8,global_rotation_2angle_aligned,combined_xz_rotation_then_kabsch_alignment,240,180,rx_240deg_rz_180deg,G:\Watermarker\Attack\3cases\Global_rotation\8VC8\two_angle_grid\8VC8_original_global_rotation_rx_240deg_rz_180deg.pdb,G:\Watermarker\Attack\3cases\Global_rotation\8VC8\two_angle_grid\8VC8_watermarked_npj_SB_global_rotation_rx_240deg_rz_180deg.pdb,G:\Watermarker\Attack\3cases\Global_rotation\8VC8\two_angle_grid\8VC8_original_global_rotation_rx_240deg_rz_180deg_aligned.pdb,G:\Watermarker\Attack\3cases\Global_rotation\8VC8\two_angle_grid\8VC8_watermarked_npj_SB_global_rotation_rx_240deg_rz_180deg_aligned.pdb,0.00040846422171266167,0.0022505935043074334,01101110011100000110101000100000010100110100001000000000,npj SB,npj SB,100.0,True
8VC8,global_rotation_2angle_aligned,combined_xz_rotation_then_kabsch_alignment,240,210,rx_240deg_rz_210deg,G:\Watermarker\Attack\3cases\Global_rotation\8VC8\two_angle_grid\8VC8_original_global_rotation_rx_240deg_rz_210deg.pdb,G:\Watermarker\Attack\3cases\Global_rotation\8VC8\two_angle_grid\8VC8_watermarked_npj_SB_global_rotation_rx_240deg_rz_210deg.pdb,G:\Watermarker\Attack\3cases\Global_rotation\8VC8\two_angle_grid\8VC8_original_global_rotation_rx_240deg_rz_210deg_aligned.pdb,G:\Watermarker\Attack\3cases\Global_rotation\8VC8\two_angle_grid\8VC8_watermarked_npj_SB_global_rotation_rx_240deg_rz_210deg_aligned.pdb,0.0004947070158643033,0.002230119766161867,01101110011100000110101000100000010100110100001000000000,npj SB,npj SB,100.0,True
8VC8,global_rotation_2angle_aligned,combined_xz_rotation_then_kabsch_alignment,240,240,rx_240deg_rz_240deg,G:\Watermarker\Attack\3cases\Global_rotation\8VC8\two_angle_grid\8VC8_original_global_rotation_rx_240deg_rz_240deg.pdb,G:\Watermarker\Attack\3cases\Global_rotation\8VC8\two_angle_grid\8VC8_watermarked_npj_SB_global_rotation_rx_240deg_rz_240deg.pdb,G:\Watermarker\Attack\3cases\Global_rotation\8VC8\two_angle_grid\8VC8_original_global_rotation_rx_240deg_rz_240deg_aligned.pdb,G:\Watermarker\Attack\3cases\Global_rotation\8VC8\two_angle_grid\8VC8_watermarked_npj_SB_global_rotation_rx_240deg_rz_240deg_aligned.pdb,0.0004972339620713043,0.0022432371119467205,01101110011100000110101000100000010100110100001000000000,npj SB,npj SB,100.0,True
8VC8,global_rotation_2angle_aligned,combined_xz_rotation_then_kabsch_alignment,240,270,rx_240deg_rz_270deg,G:\Watermarker\Attack\3cases\Global_rotation\8VC8\two_angle_grid\8VC8_original_global_rotation_rx_240deg_rz_270deg.pdb,G:\Watermarker\Attack\3cases\Global_rotation\8VC8\two_angle_grid\8VC8_watermarked_npj_SB_global_rotation_rx_240deg_rz_270deg.pdb,G:\Watermarker\Attack\3cases\Global_rotation\8VC8\two_angle_grid\8VC8_original_global_rotation_rx_240deg_rz_270deg_aligned.pdb,G:\Watermarker\Attack\3cases\Global_rotation\8VC8\two_angle_grid\8VC8_watermarked_npj_SB_global_rotation_rx_240deg_rz_270deg_aligned.pdb,0.0004122999766237553,0.002231839920236539,01101110011100000110101000100000010100110100001000000000,npj SB,npj SB,100.0,True
8VC8,global_rotation_2angle_aligned,combined_xz_rotation_then_kabsch_alignment,240,300,rx_240deg_rz_300deg,G:\Watermarker\Attack\3cases\Global_rotation\8VC8\two_angle_grid\8VC8_original_global_rotation_rx_240deg_rz_300deg.pdb,G:\Watermarker\Attack\3cases\Global_rotation\8VC8\two_angle_grid\8VC8_watermarked_npj_SB_global_rotation_rx_240deg_rz_300deg.pdb,G:\Watermarker\Attack\3cases\Global_rotation\8VC8\two_angle_grid\8VC8_original_global_rotation_rx_240deg_rz_300deg_aligned.pdb,G:\Watermarker\Attack\3cases\Global_rotation\8VC8\two_angle_grid\8VC8_watermarked_npj_SB_global_rotation_rx_240deg_rz_300deg_aligned.pdb,0.0004908289762127993,0.0022562143889379945,01101110011100000110101000100000010100110100001000000000,npj SB,npj SB,100.0,True
8VC8,global_rotation_2angle_aligned,combined_xz_rotation_then_kabsch_alignment,240,330,rx_240deg_rz_330deg,G:\Watermarker\Attack\3cases\Global_rotation\8VC8\two_angle_grid\8VC8_original_global_rotation_rx_240deg_rz_330deg.pdb,G:\Watermarker\Attack\3cases\Global_rotation\8VC8\two_angle_grid\8VC8_watermarked_npj_SB_global_rotation_rx_240deg_rz_330deg.pdb,G:\Watermarker\Attack\3cases\Global_rotation\8VC8\two_angle_grid\8VC8_original_global_rotation_rx_240deg_rz_330deg_aligned.pdb,G:\Watermarker\Attack\3cases\Global_rotation\8VC8\two_angle_grid\8VC8_watermarked_npj_SB_global_rotation_rx_240deg_rz_330deg_aligned.pdb,0.0005052945171768333,0.002266007849264655,01101110011100000110101000100000010100110100001000000000,npj SB,npj SB,100.0,True
8VC8,global_rotation_2angle_aligned,combined_xz_rotation_then_kabsch_alignment,240,360,rx_240deg_rz_360deg,G:\Watermarker\Attack\3cases\Global_rotation\8VC8\two_angle_grid\8VC8_original_global_rotation_rx_240deg_rz_360deg.pdb,G:\Watermarker\Attack\3cases\Global_rotation\8VC8\two_angle_grid\8VC8_watermarked_npj_SB_global_rotation_rx_240deg_rz_360deg.pdb,G:\Watermarker\Attack\3cases\Global_rotation\8VC8\two_angle_grid\8VC8_original_global_rotation_rx_240deg_rz_360deg_aligned.pdb,G:\Watermarker\Attack\3cases\Global_rotation\8VC8\two_angle_grid\8VC8_watermarked_npj_SB_global_rotation_rx_240deg_rz_360deg_aligned.pdb,0.0004077075218904609,0.0022503944063776617,01101110011100000110101000100000010100110100001000000000,npj SB,npj SB,100.0,True
8VC8,global_rotation_2angle_aligned,combined_xz_rotation_then_kabsch_alignment,270,0,rx_270deg_rz_0deg,G:\Watermarker\Attack\3cases\Global_rotation\8VC8\two_angle_grid\8VC8_original_global_rotation_rx_270deg_rz_0deg.pdb,G:\Watermarker\Attack\3cases\Global_rotation\8VC8\two_angle_grid\8VC8_watermarked_npj_SB_global_rotation_rx_270deg_rz_0deg.pdb,G:\Watermarker\Attack\3cases\Global_rotation\8VC8\two_angle_grid\8VC8_original_global_rotation_rx_270deg_rz_0deg_aligned.pdb,G:\Watermarker\Attack\3cases\Global_rotation\8VC8\two_angle_grid\8VC8_watermarked_npj_SB_global_rotation_rx_270deg_rz_0deg_aligned.pdb,8.592384558972783e-15,0.00218577107403989,01101110011100000110101000100000010100110100001000000000,npj SB,npj SB,100.0,True
8VC8,global_rotation_2angle_aligned,combined_xz_rotation_then_kabsch_alignment,270,30,rx_270deg_rz_30deg,G:\Watermarker\Attack\3cases\Global_rotation\8VC8\two_angle_grid\8VC8_original_global_rotation_rx_270deg_rz_30deg.pdb,G:\Watermarker\Attack\3cases\Global_rotation\8VC8\two_angle_grid\8VC8_watermarked_npj_SB_global_rotation_rx_270deg_rz_30deg.pdb,G:\Watermarker\Attack\3cases\Global_rotation\8VC8\two_angle_grid\8VC8_original_global_rotation_rx_270deg_rz_30deg_aligned.pdb,G:\Watermarker\Attack\3cases\Global_rotation\8VC8\two_angle_grid\8VC8_watermarked_npj_SB_global_rotation_rx_270deg_rz_30deg_aligned.pdb,0.00039147348187115337,0.002196502302118465,01101110011100000110101000100000010100110100001000000000,npj SB,npj SB,100.0,True
8VC8,global_rotation_2angle_aligned,combined_xz_rotation_then_kabsch_alignment,270,60,rx_270deg_rz_60deg,G:\Watermarker\Attack\3cases\Global_rotation\8VC8\two_angle_grid\8VC8_original_global_rotation_rx_270deg_rz_60deg.pdb,G:\Watermarker\Attack\3cases\Global_rotation\8VC8\two_angle_grid\8VC8_watermarked_npj_SB_global_rotation_rx_270deg_rz_60deg.pdb,G:\Watermarker\Attack\3cases\Global_rotation\8VC8\two_angle_grid\8VC8_original_global_rotation_rx_270deg_rz_60deg_aligned.pdb,G:\Watermarker\Attack\3cases\Global_rotation\8VC8\two_angle_grid\8VC8_watermarked_npj_SB_global_rotation_rx_270deg_rz_60deg_aligned.pdb,0.0004067956771409043,0.0022119262328323297,01101110011100000110101000100000010100110100001000000000,npj SB,npj SB,100.0,True
8VC8,global_rotation_2angle_aligned,combined_xz_rotation_then_kabsch_alignment,270,90,rx_270deg_rz_90deg,G:\Watermarker\Attack\3cases\Global_rotation\8VC8\two_angle_grid\8VC8_original_global_rotation_rx_270deg_rz_90deg.pdb,G:\Watermarker\Attack\3cases\Global_rotation\8VC8\two_angle_grid\8VC8_watermarked_npj_SB_global_rotation_rx_270deg_rz_90deg.pdb,G:\Watermarker\Attack\3cases\Global_rotation\8VC8\two_angle_grid\8VC8_original_global_rotation_rx_270deg_rz_90deg_aligned.pdb,G:\Watermarker\Attack\3cases\Global_rotation\8VC8\two_angle_grid\8VC8_watermarked_npj_SB_global_rotation_rx_270deg_rz_90deg_aligned.pdb,1.5342081495286813e-14,0.0021857710740400046,01101110011100000110101000100000010100110100001000000000,npj SB,npj SB,100.0,True
8VC8,global_rotation_2angle_aligned,combined_xz_rotation_then_kabsch_alignment,270,120,rx_270deg_rz_120deg,G:\Watermarker\Attack\3cases\Global_rotation\8VC8\two_angle_grid\8VC8_original_global_rotation_rx_270deg_rz_120deg.pdb,G:\Watermarker\Attack\3cases\Global_rotation\8VC8\two_angle_grid\8VC8_watermarked_npj_SB_global_rotation_rx_270deg_rz_120deg.pdb,G:\Watermarker\Attack\3cases\Global_rotation\8VC8\two_angle_grid\8VC8_original_global_rotation_rx_270deg_rz_120deg_aligned.pdb,G:\Watermarker\Attack\3cases\Global_rotation\8VC8\two_angle_grid\8VC8_watermarked_npj_SB_global_rotation_rx_270deg_rz_120deg_aligned.pdb,0.0004135386827220305,0.0022339612790017033,01101110011100000110101000100000010100110100001000000000,npj SB,npj SB,100.0,True
8VC8,global_rotation_2angle_aligned,combined_xz_rotation_then_kabsch_alignment,270,150,rx_270deg_rz_150deg,G:\Watermarker\Attack\3cases\Global_rotation\8VC8\two_angle_grid\8VC8_original_global_rotation_rx_270deg_rz_150deg.pdb,G:\Watermarker\Attack\3cases\Global_rotation\8VC8\two_angle_grid\8VC8_watermarked_npj_SB_global_rotation_rx_270deg_rz_150deg.pdb,G:\Watermarker\Attack\3cases\Global_rotation\8VC8\two_angle_grid\8VC8_original_global_rotation_rx_270deg_rz_150deg_aligned.pdb,G:\Watermarker\Attack\3cases\Global_rotation\8VC8\two_angle_grid\8VC8_watermarked_npj_SB_global_rotation_rx_270deg_rz_150deg_aligned.pdb,0.0004113528968466987,0.002232422485642033,01101110011100000110101000100000010100110100001000000000,npj SB,npj SB,100.0,True
8VC8,global_rotation_2angle_aligned,combined_xz_rotation_then_kabsch_alignment,270,180,rx_270deg_rz_180deg,G:\Watermarker\Attack\3cases\Global_rotation\8VC8\two_angle_grid\8VC8_original_global_rotation_rx_270deg_rz_180deg.pdb,G:\Watermarker\Attack\3cases\Global_rotation\8VC8\two_angle_grid\8VC8_watermarked_npj_SB_global_rotation_rx_270deg_rz_180deg.pdb,G:\Watermarker\Attack\3cases\Global_rotation\8VC8\two_angle_grid\8VC8_original_global_rotation_rx_270deg_rz_180deg_aligned.pdb,G:\Watermarker\Attack\3cases\Global_rotation\8VC8\two_angle_grid\8VC8_watermarked_npj_SB_global_rotation_rx_270deg_rz_180deg_aligned.pdb,9.885708928399257e-15,0.0021857710740399382,01101110011100000110101000100000010100110100001000000000,npj SB,npj SB,100.0,True
8VC8,global_rotation_2angle_aligned,combined_xz_rotation_then_kabsch_alignment,270,210,rx_270deg_rz_210deg,G:\Watermarker\Attack\3cases\Global_rotation\8VC8\two_angle_grid\8VC8_original_global_rotation_rx_270deg_rz_210deg.pdb,G:\Watermarker\Attack\3cases\Global_rotation\8VC8\two_angle_grid\8VC8_watermarked_npj_SB_global_rotation_rx_270deg_rz_210deg.pdb,G:\Watermarker\Attack\3cases\Global_rotation\8VC8\two_angle_grid\8VC8_original_global_rotation_rx_270deg_rz_210deg_aligned.pdb,G:\Watermarker\Attack\3cases\Global_rotation\8VC8\two_angle_grid\8VC8_watermarked_npj_SB_global_rotation_rx_270deg_rz_210deg_aligned.pdb,0.00040211725877457557,0.002210287474260348,01101110011100000110101000100000010100110100001000000000,npj SB,npj SB,100.0,True
8VC8,global_rotation_2angle_aligned,combined_xz_rotation_then_kabsch_alignment,270,240,rx_270deg_rz_240deg,G:\Watermarker\Attack\3cases\Global_rotation\8VC8\two_angle_grid\8VC8_original_global_rotation_rx_270deg_rz_240deg.pdb,G:\Watermarker\Attack\3cases\Global_rotation\8VC8\two_angle_grid\8VC8_watermarked_npj_SB_global_rotation_rx_270deg_rz_240deg.pdb,G:\Watermarker\Attack\3cases\Global_rotation\8VC8\two_angle_grid\8VC8_original_global_rotation_rx_270deg_rz_240deg_aligned.pdb,G:\Watermarker\Attack\3cases\Global_rotation\8VC8\two_angle_grid\8VC8_watermarked_npj_SB_global_rotation_rx_270deg_rz_240deg_aligned.pdb,0.0003917187254489246,0.0021830461074880984,01101110011100000110101000100000010100110100001000000000,npj SB,npj SB,100.0,True
8VC8,global_rotation_2angle_aligned,combined_xz_rotation_then_kabsch_alignment,270,270,rx_270deg_rz_270deg,G:\Watermarker\Attack\3cases\Global_rotation\8VC8\two_angle_grid\8VC8_original_global_rotation_rx_270deg_rz_270deg.pdb,G:\Watermarker\Attack\3cases\Global_rotation\8VC8\two_angle_grid\8VC8_watermarked_npj_SB_global_rotation_rx_270deg_rz_270deg.pdb,G:\Watermarker\Attack\3cases\Global_rotation\8VC8\two_angle_grid\8VC8_original_global_rotation_rx_270deg_rz_270deg_aligned.pdb,G:\Watermarker\Attack\3cases\Global_rotation\8VC8\two_angle_grid\8VC8_watermarked_npj_SB_global_rotation_rx_270deg_rz_270deg_aligned.pdb,1.4269122393853536e-14,0.002185771074040017,01101110011100000110101000100000010100110100001000000000,npj SB,npj SB,100.0,True
8VC8,global_rotation_2angle_aligned,combined_xz_rotation_then_kabsch_alignment,270,300,rx_270deg_rz_300deg,G:\Watermarker\Attack\3cases\Global_rotation\8VC8\two_angle_grid\8VC8_original_global_rotation_rx_270deg_rz_300deg.pdb,G:\Watermarker\Attack\3cases\Global_rotation\8VC8\two_angle_grid\8VC8_watermarked_npj_SB_global_rotation_rx_270deg_rz_300deg.pdb,G:\Watermarker\Attack\3cases\Global_rotation\8VC8\two_angle_grid\8VC8_original_global_rotation_rx_270deg_rz_300deg_aligned.pdb,G:\Watermarker\Attack\3cases\Global_rotation\8VC8\two_angle_grid\8VC8_watermarked_npj_SB_global_rotation_rx_270deg_rz_300deg_aligned.pdb,0.00040570305669168166,0.002221027183667983,01101110011100000110101000100000010100110100001000000000,npj SB,npj SB,100.0,True
8VC8,global_rotation_2angle_aligned,combined_xz_rotation_then_kabsch_alignment,270,330,rx_270deg_rz_330deg,G:\Watermarker\Attack\3cases\Global_rotation\8VC8\two_angle_grid\8VC8_original_global_rotation_rx_270deg_rz_330deg.pdb,G:\Watermarker\Attack\3cases\Global_rotation\8VC8\two_angle_grid\8VC8_watermarked_npj_SB_global_rotation_rx_270deg_rz_330deg.pdb,G:\Watermarker\Attack\3cases\Global_rotation\8VC8\two_angle_grid\8VC8_original_global_rotation_rx_270deg_rz_330deg_aligned.pdb,G:\Watermarker\Attack\3cases\Global_rotation\8VC8\two_angle_grid\8VC8_watermarked_npj_SB_global_rotation_rx_270deg_rz_330deg_aligned.pdb,0.00041632898678343674,0.0022356781944642833,01101110011100000110101000100000010100110100001000000000,npj SB,npj SB,100.0,True
8VC8,global_rotation_2angle_aligned,combined_xz_rotation_then_kabsch_alignment,270,360,rx_270deg_rz_360deg,G:\Watermarker\Attack\3cases\Global_rotation\8VC8\two_angle_grid\8VC8_original_global_rotation_rx_270deg_rz_360deg.pdb,G:\Watermarker\Attack\3cases\Global_rotation\8VC8\two_angle_grid\8VC8_watermarked_npj_SB_global_rotation_rx_270deg_rz_360deg.pdb,G:\Watermarker\Attack\3cases\Global_rotation\8VC8\two_angle_grid\8VC8_original_global_rotation_rx_270deg_rz_360deg_aligned.pdb,G:\Watermarker\Attack\3cases\Global_rotation\8VC8\two_angle_grid\8VC8_watermarked_npj_SB_global_rotation_rx_270deg_rz_360deg_aligned.pdb,8.592384558972783e-15,0.00218577107403989,01101110011100000110101000100000010100110100001000000000,npj SB,npj SB,100.0,True
8VC8,global_rotation_2angle_aligned,combined_xz_rotation_then_kabsch_alignment,300,0,rx_300deg_rz_0deg,G:\Watermarker\Attack\3cases\Global_rotation\8VC8\two_angle_grid\8VC8_original_global_rotation_rx_300deg_rz_0deg.pdb,G:\Watermarker\Attack\3cases\Global_rotation\8VC8\two_angle_grid\8VC8_watermarked_npj_SB_global_rotation_rx_300deg_rz_0deg.pdb,G:\Watermarker\Attack\3cases\Global_rotation\8VC8\two_angle_grid\8VC8_original_global_rotation_rx_300deg_rz_0deg_aligned.pdb,G:\Watermarker\Attack\3cases\Global_rotation\8VC8\two_angle_grid\8VC8_watermarked_npj_SB_global_rotation_rx_300deg_rz_0deg_aligned.pdb,0.0004102577344449063,0.0022174000278682438,01101110011100000110101000100000010100110100001000000000,npj SB,npj SB,100.0,True
8VC8,global_rotation_2angle_aligned,combined_xz_rotation_then_kabsch_alignment,300,30,rx_300deg_rz_30deg,G:\Watermarker\Attack\3cases\Global_rotation\8VC8\two_angle_grid\8VC8_original_global_rotation_rx_300deg_rz_30deg.pdb,G:\Watermarker\Attack\3cases\Global_rotation\8VC8\two_angle_grid\8VC8_watermarked_npj_SB_global_rotation_rx_300deg_rz_30deg.pdb,G:\Watermarker\Attack\3cases\Global_rotation\8VC8\two_angle_grid\8VC8_original_global_rotation_rx_300deg_rz_30deg_aligned.pdb,G:\Watermarker\Attack\3cases\Global_rotation\8VC8\two_angle_grid\8VC8_watermarked_npj_SB_global_rotation_rx_300deg_rz_30deg_aligned.pdb,0.0004890600073285535,0.002230447283800276,01101110011100000110101000100000010100110100001000000000,npj SB,npj SB,100.0,True
8VC8,global_rotation_2angle_aligned,combined_xz_rotation_then_kabsch_alignment,300,60,rx_300deg_rz_60deg,G:\Watermarker\Attack\3cases\Global_rotation\8VC8\two_angle_grid\8VC8_original_global_rotation_rx_300deg_rz_60deg.pdb,G:\Watermarker\Attack\3cases\Global_rotation\8VC8\two_angle_grid\8VC8_watermarked_npj_SB_global_rotation_rx_300deg_rz_60deg.pdb,G:\Watermarker\Attack\3cases\Global_rotation\8VC8\two_angle_grid\8VC8_original_global_rotation_rx_300deg_rz_60deg_aligned.pdb,G:\Watermarker\Attack\3cases\Global_rotation\8VC8\two_angle_grid\8VC8_watermarked_npj_SB_global_rotation_rx_300deg_rz_60deg_aligned.pdb,0.0005175754994624265,0.0022431171405164446,01101110011100000110101000100000010100110100001000000000,npj SB,npj SB,100.0,True
8VC8,global_rotation_2angle_aligned,combined_xz_rotation_then_kabsch_alignment,300,90,rx_300deg_rz_90deg,G:\Watermarker\Attack\3cases\Global_rotation\8VC8\two_angle_grid\8VC8_original_global_rotation_rx_300deg_rz_90deg.pdb,G:\Watermarker\Attack\3cases\Global_rotation\8VC8\two_angle_grid\8VC8_watermarked_npj_SB_global_rotation_rx_300deg_rz_90deg.pdb,G:\Watermarker\Attack\3cases\Global_rotation\8VC8\two_angle_grid\8VC8_original_global_rotation_rx_300deg_rz_90deg_aligned.pdb,G:\Watermarker\Attack\3cases\Global_rotation\8VC8\two_angle_grid\8VC8_watermarked_npj_SB_global_rotation_rx_300deg_rz_90deg_aligned.pdb,0.00040976200522594683,0.0022170657822661,01101110011100000110101000100000010100110100001000000000,npj SB,npj SB,100.0,True
8VC8,global_rotation_2angle_aligned,combined_xz_rotation_then_kabsch_alignment,300,120,rx_300deg_rz_120deg,G:\Watermarker\Attack\3cases\Global_rotation\8VC8\two_angle_grid\8VC8_original_global_rotation_rx_300deg_rz_120deg.pdb,G:\Watermarker\Attack\3cases\Global_rotation\8VC8\two_angle_grid\8VC8_watermarked_npj_SB_global_rotation_rx_300deg_rz_120deg.pdb,G:\Watermarker\Attack\3cases\Global_rotation\8VC8\two_angle_grid\8VC8_original_global_rotation_rx_300deg_rz_120deg_aligned.pdb,G:\Watermarker\Attack\3cases\Global_rotation\8VC8\two_angle_grid\8VC8_watermarked_npj_SB_global_rotation_rx_300deg_rz_120deg_aligned.pdb,0.0004892660847141835,0.0022408540834815962,01101110011100000110101000100000010100110100001000000000,npj SB,npj SB,100.0,True
8VC8,global_rotation_2angle_aligned,combined_xz_rotation_then_kabsch_alignment,300,150,rx_300deg_rz_150deg,G:\Watermarker\Attack\3cases\Global_rotation\8VC8\two_angle_grid\8VC8_original_global_rotation_rx_300deg_rz_150deg.pdb,G:\Watermarker\Attack\3cases\Global_rotation\8VC8\two_angle_grid\8VC8_watermarked_npj_SB_global_rotation_rx_300deg_rz_150deg.pdb,G:\Watermarker\Attack\3cases\Global_rotation\8VC8\two_angle_grid\8VC8_original_global_rotation_rx_300deg_rz_150deg_aligned.pdb,G:\Watermarker\Attack\3cases\Global_rotation\8VC8\two_angle_grid\8VC8_watermarked_npj_SB_global_rotation_rx_300deg_rz_150deg_aligned.pdb,0.0004973679643303874,0.0022105158260851574,01101110011100000110101000100000010100110100001000000000,npj SB,npj SB,100.0,True
8VC8,global_rotation_2angle_aligned,combined_xz_rotation_then_kabsch_alignment,300,180,rx_300deg_rz_180deg,G:\Watermarker\Attack\3cases\Global_rotation\8VC8\two_angle_grid\8VC8_original_global_rotation_rx_300deg_rz_180deg.pdb,G:\Watermarker\Attack\3cases\Global_rotation\8VC8\two_angle_grid\8VC8_watermarked_npj_SB_global_rotation_rx_300deg_rz_180deg.pdb,G:\Watermarker\Attack\3cases\Global_rotation\8VC8\two_angle_grid\8VC8_original_global_rotation_rx_300deg_rz_180deg_aligned.pdb,G:\Watermarker\Attack\3cases\Global_rotation\8VC8\two_angle_grid\8VC8_watermarked_npj_SB_global_rotation_rx_300deg_rz_180deg_aligned.pdb,0.00041043314100570666,0.0022127983223471683,01101110011100000110101000100000010100110100001000000000,npj SB,npj SB,100.0,True
8VC8,global_rotation_2angle_aligned,combined_xz_rotation_then_kabsch_alignment,300,210,rx_300deg_rz_210deg,G:\Watermarker\Attack\3cases\Global_rotation\8VC8\two_angle_grid\8VC8_original_global_rotation_rx_300deg_rz_210deg.pdb,G:\Watermarker\Attack\3cases\Global_rotation\8VC8\two_angle_grid\8VC8_watermarked_npj_SB_global_rotation_rx_300deg_rz_210deg.pdb,G:\Watermarker\Attack\3cases\Global_rotation\8VC8\two_angle_grid\8VC8_original_global_rotation_rx_300deg_rz_210deg_aligned.pdb,G:\Watermarker\Attack\3cases\Global_rotation\8VC8\two_angle_grid\8VC8_watermarked_npj_SB_global_rotation_rx_300deg_rz_210deg_aligned.pdb,0.0004931602795986505,0.002217368307593898,01101110011100000110101000100000010100110100001000000000,npj SB,npj SB,100.0,True
8VC8,global_rotation_2angle_aligned,combined_xz_rotation_then_kabsch_alignment,300,240,rx_300deg_rz_240deg,G:\Watermarker\Attack\3cases\Global_rotation\8VC8\two_angle_grid\8VC8_original_global_rotation_rx_300deg_rz_240deg.pdb,G:\Watermarker\Attack\3cases\Global_rotation\8VC8\two_angle_grid\8VC8_watermarked_npj_SB_global_rotation_rx_300deg_rz_240deg.pdb,G:\Watermarker\Attack\3cases\Global_rotation\8VC8\two_angle_grid\8VC8_original_global_rotation_rx_300deg_rz_240deg_aligned.pdb,G:\Watermarker\Attack\3cases\Global_rotation\8VC8\two_angle_grid\8VC8_watermarked_npj_SB_global_rotation_rx_300deg_rz_240deg_aligned.pdb,0.0004940795247176135,0.002232346839394737,01101110011100000110101000100000010100110100001000000000,npj SB,npj SB,100.0,True
8VC8,global_rotation_2angle_aligned,combined_xz_rotation_then_kabsch_alignment,300,270,rx_300deg_rz_270deg,G:\Watermarker\Attack\3cases\Global_rotation\8VC8\two_angle_grid\8VC8_original_global_rotation_rx_300deg_rz_270deg.pdb,G:\Watermarker\Attack\3cases\Global_rotation\8VC8\two_angle_grid\8VC8_watermarked_npj_SB_global_rotation_rx_300deg_rz_270deg.pdb,G:\Watermarker\Attack\3cases\Global_rotation\8VC8\two_angle_grid\8VC8_original_global_rotation_rx_300deg_rz_270deg_aligned.pdb,G:\Watermarker\Attack\3cases\Global_rotation\8VC8\two_angle_grid\8VC8_watermarked_npj_SB_global_rotation_rx_300deg_rz_270deg_aligned.pdb,0.0004083337341467688,0.002216183061273907,01101110011100000110101000100000010100110100001000000000,npj SB,npj SB,100.0,True
8VC8,global_rotation_2angle_aligned,combined_xz_rotation_then_kabsch_alignment,300,300,rx_300deg_rz_300deg,G:\Watermarker\Attack\3cases\Global_rotation\8VC8\two_angle_grid\8VC8_original_global_rotation_rx_300deg_rz_300deg.pdb,G:\Watermarker\Attack\3cases\Global_rotation\8VC8\two_angle_grid\8VC8_watermarked_npj_SB_global_rotation_rx_300deg_rz_300deg.pdb,G:\Watermarker\Attack\3cases\Global_rotation\8VC8\two_angle_grid\8VC8_original_global_rotation_rx_300deg_rz_300deg_aligned.pdb,G:\Watermarker\Attack\3cases\Global_rotation\8VC8\two_angle_grid\8VC8_watermarked_npj_SB_global_rotation_rx_300deg_rz_300deg_aligned.pdb,0.0004972151062408697,0.00225052644507172,01101110011100000110101000100000010100110100001000000000,npj SB,npj SB,100.0,True
8VC8,global_rotation_2angle_aligned,combined_xz_rotation_then_kabsch_alignment,300,330,rx_300deg_rz_330deg,G:\Watermarker\Attack\3cases\Global_rotation\8VC8\two_angle_grid\8VC8_original_global_rotation_rx_300deg_rz_330deg.pdb,G:\Watermarker\Attack\3cases\Global_rotation\8VC8\two_angle_grid\8VC8_watermarked_npj_SB_global_rotation_rx_300deg_rz_330deg.pdb,G:\Watermarker\Attack\3cases\Global_rotation\8VC8\two_angle_grid\8VC8_original_global_rotation_rx_300deg_rz_330deg_aligned.pdb,G:\Watermarker\Attack\3cases\Global_rotation\8VC8\two_angle_grid\8VC8_watermarked_npj_SB_global_rotation_rx_300deg_rz_330deg_aligned.pdb,0.0004882593801901945,0.0022381123685501427,01101110011100000110101000100000010100110100001000000000,npj SB,npj SB,100.0,True
8VC8,global_rotation_2angle_aligned,combined_xz_rotation_then_kabsch_alignment,300,360,rx_300deg_rz_360deg,G:\Watermarker\Attack\3cases\Global_rotation\8VC8\two_angle_grid\8VC8_original_global_rotation_rx_300deg_rz_360deg.pdb,G:\Watermarker\Attack\3cases\Global_rotation\8VC8\two_angle_grid\8VC8_watermarked_npj_SB_global_rotation_rx_300deg_rz_360deg.pdb,G:\Watermarker\Attack\3cases\Global_rotation\8VC8\two_angle_grid\8VC8_original_global_rotation_rx_300deg_rz_360deg_aligned.pdb,G:\Watermarker\Attack\3cases\Global_rotation\8VC8\two_angle_grid\8VC8_watermarked_npj_SB_global_rotation_rx_300deg_rz_360deg_aligned.pdb,0.0004102577344449063,0.0022174000278682438,01101110011100000110101000100000010100110100001000000000,npj SB,npj SB,100.0,True
8VC8,global_rotation_2angle_aligned,combined_xz_rotation_then_kabsch_alignment,330,0,rx_330deg_rz_0deg,G:\Watermarker\Attack\3cases\Global_rotation\8VC8\two_angle_grid\8VC8_original_global_rotation_rx_330deg_rz_0deg.pdb,G:\Watermarker\Attack\3cases\Global_rotation\8VC8\two_angle_grid\8VC8_watermarked_npj_SB_global_rotation_rx_330deg_rz_0deg.pdb,G:\Watermarker\Attack\3cases\Global_rotation\8VC8\two_angle_grid\8VC8_original_global_rotation_rx_330deg_rz_0deg_aligned.pdb,G:\Watermarker\Attack\3cases\Global_rotation\8VC8\two_angle_grid\8VC8_watermarked_npj_SB_global_rotation_rx_330deg_rz_0deg_aligned.pdb,0.0004084619765253876,0.0022445491963901175,01101110011100000110101000100000010100110100001000000000,npj SB,npj SB,100.0,True
8VC8,global_rotation_2angle_aligned,combined_xz_rotation_then_kabsch_alignment,330,30,rx_330deg_rz_30deg,G:\Watermarker\Attack\3cases\Global_rotation\8VC8\two_angle_grid\8VC8_original_global_rotation_rx_330deg_rz_30deg.pdb,G:\Watermarker\Attack\3cases\Global_rotation\8VC8\two_angle_grid\8VC8_watermarked_npj_SB_global_rotation_rx_330deg_rz_30deg.pdb,G:\Watermarker\Attack\3cases\Global_rotation\8VC8\two_angle_grid\8VC8_original_global_rotation_rx_330deg_rz_30deg_aligned.pdb,G:\Watermarker\Attack\3cases\Global_rotation\8VC8\two_angle_grid\8VC8_watermarked_npj_SB_global_rotation_rx_330deg_rz_30deg_aligned.pdb,0.0004957455113781527,0.0022782055475065693,01101110011100000110101000100000010100110100001000000000,npj SB,npj SB,100.0,True
8VC8,global_rotation_2angle_aligned,combined_xz_rotation_then_kabsch_alignment,330,60,rx_330deg_rz_60deg,G:\Watermarker\Attack\3cases\Global_rotation\8VC8\two_angle_grid\8VC8_original_global_rotation_rx_330deg_rz_60deg.pdb,G:\Watermarker\Attack\3cases\Global_rotation\8VC8\two_angle_grid\8VC8_watermarked_npj_SB_global_rotation_rx_330deg_rz_60deg.pdb,G:\Watermarker\Attack\3cases\Global_rotation\8VC8\two_angle_grid\8VC8_original_global_rotation_rx_330deg_rz_60deg_aligned.pdb,G:\Watermarker\Attack\3cases\Global_rotation\8VC8\two_angle_grid\8VC8_watermarked_npj_SB_global_rotation_rx_330deg_rz_60deg_aligned.pdb,0.0004963714656338452,0.0022486956993235047,01101110011100000110101000100000010100110100001000000000,npj SB,npj SB,100.0,True
8VC8,global_rotation_2angle_aligned,combined_xz_rotation_then_kabsch_alignment,330,90,rx_330deg_rz_90deg,G:\Watermarker\Attack\3cases\Global_rotation\8VC8\two_angle_grid\8VC8_original_global_rotation_rx_330deg_rz_90deg.pdb,G:\Watermarker\Attack\3cases\Global_rotation\8VC8\two_angle_grid\8VC8_watermarked_npj_SB_global_rotation_rx_330deg_rz_90deg.pdb,G:\Watermarker\Attack\3cases\Global_rotation\8VC8\two_angle_grid\8VC8_original_global_rotation_rx_330deg_rz_90deg_aligned.pdb,G:\Watermarker\Attack\3cases\Global_rotation\8VC8\two_angle_grid\8VC8_watermarked_npj_SB_global_rotation_rx_330deg_rz_90deg_aligned.pdb,0.00041516344057990716,0.002234058610397284,01101110011100000110101000100000010100110100001000000000,npj SB,npj SB,100.0,True
8VC8,global_rotation_2angle_aligned,combined_xz_rotation_then_kabsch_alignment,330,120,rx_330deg_rz_120deg,G:\Watermarker\Attack\3cases\Global_rotation\8VC8\two_angle_grid\8VC8_original_global_rotation_rx_330deg_rz_120deg.pdb,G:\Watermarker\Attack\3cases\Global_rotation\8VC8\two_angle_grid\8VC8_watermarked_npj_SB_global_rotation_rx_330deg_rz_120deg.pdb,G:\Watermarker\Attack\3cases\Global_rotation\8VC8\two_angle_grid\8VC8_original_global_rotation_rx_330deg_rz_120deg_aligned.pdb,G:\Watermarker\Attack\3cases\Global_rotation\8VC8\two_angle_grid\8VC8_watermarked_npj_SB_global_rotation_rx_330deg_rz_120deg_aligned.pdb,0.0005137617029003015,0.002258240045332803,01101110011100000110101000100000010100110100001000000000,npj SB,npj SB,100.0,True
8VC8,global_rotation_2angle_aligned,combined_xz_rotation_then_kabsch_alignment,330,150,rx_330deg_rz_150deg,G:\Watermarker\Attack\3cases\Global_rotation\8VC8\two_angle_grid\8VC8_original_global_rotation_rx_330deg_rz_150deg.pdb,G:\Watermarker\Attack\3cases\Global_rotation\8VC8\two_angle_grid\8VC8_watermarked_npj_SB_global_rotation_rx_330deg_rz_150deg.pdb,G:\Watermarker\Attack\3cases\Global_rotation\8VC8\two_angle_grid\8VC8_original_global_rotation_rx_330deg_rz_150deg_aligned.pdb,G:\Watermarker\Attack\3cases\Global_rotation\8VC8\two_angle_grid\8VC8_watermarked_npj_SB_global_rotation_rx_330deg_rz_150deg_aligned.pdb,0.0005199218774626751,0.002262620129330035,01101110011100000110101000100000010100110100001000000000,npj SB,npj SB,100.0,True
8VC8,global_rotation_2angle_aligned,combined_xz_rotation_then_kabsch_alignment,330,180,rx_330deg_rz_180deg,G:\Watermarker\Attack\3cases\Global_rotation\8VC8\two_angle_grid\8VC8_original_global_rotation_rx_330deg_rz_180deg.pdb,G:\Watermarker\Attack\3cases\Global_rotation\8VC8\two_angle_grid\8VC8_watermarked_npj_SB_global_rotation_rx_330deg_rz_180deg.pdb,G:\Watermarker\Attack\3cases\Global_rotation\8VC8\two_angle_grid\8VC8_original_global_rotation_rx_330deg_rz_180deg_aligned.pdb,G:\Watermarker\Attack\3cases\Global_rotation\8VC8\two_angle_grid\8VC8_watermarked_npj_SB_global_rotation_rx_330deg_rz_180deg_aligned.pdb,0.0004062351016802123,0.0022435216888924566,01101110011100000110101000100000010100110100001000000000,npj SB,npj SB,100.0,True
8VC8,global_rotation_2angle_aligned,combined_xz_rotation_then_kabsch_alignment,330,210,rx_330deg_rz_210deg,G:\Watermarker\Attack\3cases\Global_rotation\8VC8\two_angle_grid\8VC8_original_global_rotation_rx_330deg_rz_210deg.pdb,G:\Watermarker\Attack\3cases\Global_rotation\8VC8\two_angle_grid\8VC8_watermarked_npj_SB_global_rotation_rx_330deg_rz_210deg.pdb,G:\Watermarker\Attack\3cases\Global_rotation\8VC8\two_angle_grid\8VC8_original_global_rotation_rx_330deg_rz_210deg_aligned.pdb,G:\Watermarker\Attack\3cases\Global_rotation\8VC8\two_angle_grid\8VC8_watermarked_npj_SB_global_rotation_rx_330deg_rz_210deg_aligned.pdb,0.0005076655729035122,0.0022816399009543175,01101110011100000110101000100000010100110100001000000000,npj SB,npj SB,100.0,True
8VC8,global_rotation_2angle_aligned,combined_xz_rotation_then_kabsch_alignment,330,240,rx_330deg_rz_240deg,G:\Watermarker\Attack\3cases\Global_rotation\8VC8\two_angle_grid\8VC8_original_global_rotation_rx_330deg_rz_240deg.pdb,G:\Watermarker\Attack\3cases\Global_rotation\8VC8\two_angle_grid\8VC8_watermarked_npj_SB_global_rotation_rx_330deg_rz_240deg.pdb,G:\Watermarker\Attack\3cases\Global_rotation\8VC8\two_angle_grid\8VC8_original_global_rotation_rx_330deg_rz_240deg_aligned.pdb,G:\Watermarker\Attack\3cases\Global_rotation\8VC8\two_angle_grid\8VC8_watermarked_npj_SB_global_rotation_rx_330deg_rz_240deg_aligned.pdb,0.0005063026907711906,0.0022353194806104355,01101110011100000110101000100000010100110100001000000000,npj SB,npj SB,100.0,True
8VC8,global_rotation_2angle_aligned,combined_xz_rotation_then_kabsch_alignment,330,270,rx_330deg_rz_270deg,G:\Watermarker\Attack\3cases\Global_rotation\8VC8\two_angle_grid\8VC8_original_global_rotation_rx_330deg_rz_270deg.pdb,G:\Watermarker\Attack\3cases\Global_rotation\8VC8\two_angle_grid\8VC8_watermarked_npj_SB_global_rotation_rx_330deg_rz_270deg.pdb,G:\Watermarker\Attack\3cases\Global_rotation\8VC8\two_angle_grid\8VC8_original_global_rotation_rx_330deg_rz_270deg_aligned.pdb,G:\Watermarker\Attack\3cases\Global_rotation\8VC8\two_angle_grid\8VC8_watermarked_npj_SB_global_rotation_rx_330deg_rz_270deg_aligned.pdb,0.0004033033722274364,0.0022343120785060376,01101110011100000110101000100000010100110100001000000000,npj SB,npj SB,100.0,True
8VC8,global_rotation_2angle_aligned,combined_xz_rotation_then_kabsch_alignment,330,300,rx_330deg_rz_300deg,G:\Watermarker\Attack\3cases\Global_rotation\8VC8\two_angle_grid\8VC8_original_global_rotation_rx_330deg_rz_300deg.pdb,G:\Watermarker\Attack\3cases\Global_rotation\8VC8\two_angle_grid\8VC8_watermarked_npj_SB_global_rotation_rx_330deg_rz_300deg.pdb,G:\Watermarker\Attack\3cases\Global_rotation\8VC8\two_angle_grid\8VC8_original_global_rotation_rx_330deg_rz_300deg_aligned.pdb,G:\Watermarker\Attack\3cases\Global_rotation\8VC8\two_angle_grid\8VC8_watermarked_npj_SB_global_rotation_rx_330deg_rz_300deg_aligned.pdb,0.00048591349230461725,0.0022430739745725853,01101110011100000110101000100000010100110100001000000000,npj SB,npj SB,100.0,True
8VC8,global_rotation_2angle_aligned,combined_xz_rotation_then_kabsch_alignment,330,330,rx_330deg_rz_330deg,G:\Watermarker\Attack\3cases\Global_rotation\8VC8\two_angle_grid\8VC8_original_global_rotation_rx_330deg_rz_330deg.pdb,G:\Watermarker\Attack\3cases\Global_rotation\8VC8\two_angle_grid\8VC8_watermarked_npj_SB_global_rotation_rx_330deg_rz_330deg.pdb,G:\Watermarker\Attack\3cases\Global_rotation\8VC8\two_angle_grid\8VC8_original_global_rotation_rx_330deg_rz_330deg_aligned.pdb,G:\Watermarker\Attack\3cases\Global_rotation\8VC8\two_angle_grid\8VC8_watermarked_npj_SB_global_rotation_rx_330deg_rz_330deg_aligned.pdb,0.0005108130404561194,0.0022812288537004707,01101110011100000110101000100000010100110100001000000000,npj SB,npj SB,100.0,True
8VC8,global_rotation_2angle_aligned,combined_xz_rotation_then_kabsch_alignment,330,360,rx_330deg_rz_360deg,G:\Watermarker\Attack\3cases\Global_rotation\8VC8\two_angle_grid\8VC8_original_global_rotation_rx_330deg_rz_360deg.pdb,G:\Watermarker\Attack\3cases\Global_rotation\8VC8\two_angle_grid\8VC8_watermarked_npj_SB_global_rotation_rx_330deg_rz_360deg.pdb,G:\Watermarker\Attack\3cases\Global_rotation\8VC8\two_angle_grid\8VC8_original_global_rotation_rx_330deg_rz_360deg_aligned.pdb,G:\Watermarker\Attack\3cases\Global_rotation\8VC8\two_angle_grid\8VC8_watermarked_npj_SB_global_rotation_rx_330deg_rz_360deg_aligned.pdb,0.0004084619765253876,0.0022445491963901175,01101110011100000110101000100000010100110100001000000000,npj SB,npj SB,100.0,True
8VC8,global_rotation_2angle_aligned,combined_xz_rotation_then_kabsch_alignment,360,0,rx_360deg_rz_0deg,G:\Watermarker\Attack\3cases\Global_rotation\8VC8\two_angle_grid\8VC8_original_global_rotation_rx_360deg_rz_0deg.pdb,G:\Watermarker\Attack\3cases\Global_rotation\8VC8\two_angle_grid\8VC8_watermarked_npj_SB_global_rotation_rx_360deg_rz_0deg.pdb,G:\Watermarker\Attack\3cases\Global_rotation\8VC8\two_angle_grid\8VC8_original_global_rotation_rx_360deg_rz_0deg_aligned.pdb,G:\Watermarker\Attack\3cases\Global_rotation\8VC8\two_angle_grid\8VC8_watermarked_npj_SB_global_rotation_rx_360deg_rz_0deg_aligned.pdb,5.305406033436011e-15,0.0021857710740399543,01101110011100000110101000100000010100110100001000000000,npj SB,npj SB,100.0,True
8VC8,global_rotation_2angle_aligned,combined_xz_rotation_then_kabsch_alignment,360,30,rx_360deg_rz_30deg,G:\Watermarker\Attack\3cases\Global_rotation\8VC8\two_angle_grid\8VC8_original_global_rotation_rx_360deg_rz_30deg.pdb,G:\Watermarker\Attack\3cases\Global_rotation\8VC8\two_angle_grid\8VC8_watermarked_npj_SB_global_rotation_rx_360deg_rz_30deg.pdb,G:\Watermarker\Attack\3cases\Global_rotation\8VC8\two_angle_grid\8VC8_original_global_rotation_rx_360deg_rz_30deg_aligned.pdb,G:\Watermarker\Attack\3cases\Global_rotation\8VC8\two_angle_grid\8VC8_watermarked_npj_SB_global_rotation_rx_360deg_rz_30deg_aligned.pdb,0.0004095368372327417,0.002244514695752972,01101110011100000110101000100000010100110100001000000000,npj SB,npj SB,100.0,True
8VC8,global_rotation_2angle_aligned,combined_xz_rotation_then_kabsch_alignment,360,60,rx_360deg_rz_60deg,G:\Watermarker\Attack\3cases\Global_rotation\8VC8\two_angle_grid\8VC8_original_global_rotation_rx_360deg_rz_60deg.pdb,G:\Watermarker\Attack\3cases\Global_rotation\8VC8\two_angle_grid\8VC8_watermarked_npj_SB_global_rotation_rx_360deg_rz_60deg.pdb,G:\Watermarker\Attack\3cases\Global_rotation\8VC8\two_angle_grid\8VC8_original_global_rotation_rx_360deg_rz_60deg_aligned.pdb,G:\Watermarker\Attack\3cases\Global_rotation\8VC8\two_angle_grid\8VC8_watermarked_npj_SB_global_rotation_rx_360deg_rz_60deg_aligned.pdb,0.0004107724776562032,0.0022309302869995503,01101110011100000110101000100000010100110100001000000000,npj SB,npj SB,100.0,True
8VC8,global_rotation_2angle_aligned,combined_xz_rotation_then_kabsch_alignment,360,90,rx_360deg_rz_90deg,G:\Watermarker\Attack\3cases\Global_rotation\8VC8\two_angle_grid\8VC8_original_global_rotation_rx_360deg_rz_90deg.pdb,G:\Watermarker\Attack\3cases\Global_rotation\8VC8\two_angle_grid\8VC8_watermarked_npj_SB_global_rotation_rx_360deg_rz_90deg.pdb,G:\Watermarker\Attack\3cases\Global_rotation\8VC8\two_angle_grid\8VC8_original_global_rotation_rx_360deg_rz_90deg_aligned.pdb,G:\Watermarker\Attack\3cases\Global_rotation\8VC8\two_angle_grid\8VC8_watermarked_npj_SB_global_rotation_rx_360deg_rz_90deg_aligned.pdb,1.1639888317487544e-14,0.0021857710740399035,01101110011100000110101000100000010100110100001000000000,npj SB,npj SB,100.0,True
8VC8,global_rotation_2angle_aligned,combined_xz_rotation_then_kabsch_alignment,360,120,rx_360deg_rz_120deg,G:\Watermarker\Attack\3cases\Global_rotation\8VC8\two_angle_grid\8VC8_original_global_rotation_rx_360deg_rz_120deg.pdb,G:\Watermarker\Attack\3cases\Global_rotation\8VC8\two_angle_grid\8VC8_watermarked_npj_SB_global_rotation_rx_360deg_rz_120deg.pdb,G:\Watermarker\Attack\3cases\Global_rotation\8VC8\two_angle_grid\8VC8_original_global_rotation_rx_360deg_rz_120deg_aligned.pdb,G:\Watermarker\Attack\3cases\Global_rotation\8VC8\two_angle_grid\8VC8_watermarked_npj_SB_global_rotation_rx_360deg_rz_120deg_aligned.pdb,0.00039432588053266653,0.0022075536264988213,01101110011100000110101000100000010100110100001000000000,npj SB,npj SB,100.0,True
8VC8,global_rotation_2angle_aligned,combined_xz_rotation_then_kabsch_alignment,360,150,rx_360deg_rz_150deg,G:\Watermarker\Attack\3cases\Global_rotation\8VC8\two_angle_grid\8VC8_original_global_rotation_rx_360deg_rz_150deg.pdb,G:\Watermarker\Attack\3cases\Global_rotation\8VC8\two_angle_grid\8VC8_watermarked_npj_SB_global_rotation_rx_360deg_rz_150deg.pdb,G:\Watermarker\Attack\3cases\Global_rotation\8VC8\two_angle_grid\8VC8_original_global_rotation_rx_360deg_rz_150deg_aligned.pdb,G:\Watermarker\Attack\3cases\Global_rotation\8VC8\two_angle_grid\8VC8_watermarked_npj_SB_global_rotation_rx_360deg_rz_150deg_aligned.pdb,0.00040117915894824133,0.0022419798794208554,01101110011100000110101000100000010100110100001000000000,npj SB,npj SB,100.0,True
8VC8,global_rotation_2angle_aligned,combined_xz_rotation_then_kabsch_alignment,360,180,rx_360deg_rz_180deg,G:\Watermarker\Attack\3cases\Global_rotation\8VC8\two_angle_grid\8VC8_original_global_rotation_rx_360deg_rz_180deg.pdb,G:\Watermarker\Attack\3cases\Global_rotation\8VC8\two_angle_grid\8VC8_watermarked_npj_SB_global_rotation_rx_360deg_rz_180deg.pdb,G:\Watermarker\Attack\3cases\Global_rotation\8VC8\two_angle_grid\8VC8_original_global_rotation_rx_360deg_rz_180deg_aligned.pdb,G:\Watermarker\Attack\3cases\Global_rotation\8VC8\two_angle_grid\8VC8_watermarked_npj_SB_global_rotation_rx_360deg_rz_180deg_aligned.pdb,6.447754725342032e-15,0.0021857710740400458,01101110011100000110101000100000010100110100001000000000,npj SB,npj SB,100.0,True
8VC8,global_rotation_2angle_aligned,combined_xz_rotation_then_kabsch_alignment,360,210,rx_360deg_rz_210deg,G:\Watermarker\Attack\3cases\Global_rotation\8VC8\two_angle_grid\8VC8_original_global_rotation_rx_360deg_rz_210deg.pdb,G:\Watermarker\Attack\3cases\Global_rotation\8VC8\two_angle_grid\8VC8_watermarked_npj_SB_global_rotation_rx_360deg_rz_210deg.pdb,G:\Watermarker\Attack\3cases\Global_rotation\8VC8\two_angle_grid\8VC8_original_global_rotation_rx_360deg_rz_210deg_aligned.pdb,G:\Watermarker\Attack\3cases\Global_rotation\8VC8\two_angle_grid\8VC8_watermarked_npj_SB_global_rotation_rx_360deg_rz_210deg_aligned.pdb,0.0003971214099794093,0.0022107047525690596,01101110011100000110101000100000010100110100001000000000,npj SB,npj SB,100.0,True
8VC8,global_rotation_2angle_aligned,combined_xz_rotation_then_kabsch_alignment,360,240,rx_360deg_rz_240deg,G:\Watermarker\Attack\3cases\Global_rotation\8VC8\two_angle_grid\8VC8_original_global_rotation_rx_360deg_rz_240deg.pdb,G:\Watermarker\Attack\3cases\Global_rotation\8VC8\two_angle_grid\8VC8_watermarked_npj_SB_global_rotation_rx_360deg_rz_240deg.pdb,G:\Watermarker\Attack\3cases\Global_rotation\8VC8\two_angle_grid\8VC8_original_global_rotation_rx_360deg_rz_240deg_aligned.pdb,G:\Watermarker\Attack\3cases\Global_rotation\8VC8\two_angle_grid\8VC8_watermarked_npj_SB_global_rotation_rx_360deg_rz_240deg_aligned.pdb,0.00040095337776519977,0.002231100209882754,01101110011100000110101000100000010100110100001000000000,npj SB,npj SB,100.0,True
8VC8,global_rotation_2angle_aligned,combined_xz_rotation_then_kabsch_alignment,360,270,rx_360deg_rz_270deg,G:\Watermarker\Attack\3cases\Global_rotation\8VC8\two_angle_grid\8VC8_original_global_rotation_rx_360deg_rz_270deg.pdb,G:\Watermarker\Attack\3cases\Global_rotation\8VC8\two_angle_grid\8VC8_watermarked_npj_SB_global_rotation_rx_360deg_rz_270deg.pdb,G:\Watermarker\Attack\3cases\Global_rotation\8VC8\two_angle_grid\8VC8_original_global_rotation_rx_360deg_rz_270deg_aligned.pdb,G:\Watermarker\Attack\3cases\Global_rotation\8VC8\two_angle_grid\8VC8_watermarked_npj_SB_global_rotation_rx_360deg_rz_270deg_aligned.pdb,9.634091185213546e-15,0.0021857710740399816,01101110011100000110101000100000010100110100001000000000,npj SB,npj SB,100.0,True
8VC8,global_rotation_2angle_aligned,combined_xz_rotation_then_kabsch_alignment,360,300,rx_360deg_rz_300deg,G:\Watermarker\Attack\3cases\Global_rotation\8VC8\two_angle_grid\8VC8_original_global_rotation_rx_360deg_rz_300deg.pdb,G:\Watermarker\Attack\3cases\Global_rotation\8VC8\two_angle_grid\8VC8_watermarked_npj_SB_global_rotation_rx_360deg_rz_300deg.pdb,G:\Watermarker\Attack\3cases\Global_rotation\8VC8\two_angle_grid\8VC8_original_global_rotation_rx_360deg_rz_300deg_aligned.pdb,G:\Watermarker\Attack\3cases\Global_rotation\8VC8\two_angle_grid\8VC8_watermarked_npj_SB_global_rotation_rx_360deg_rz_300deg_aligned.pdb,0.0004149517964757503,0.0022148172296707117,01101110011100000110101000100000010100110100001000000000,npj SB,npj SB,100.0,True
8VC8,global_rotation_2angle_aligned,combined_xz_rotation_then_kabsch_alignment,360,330,rx_360deg_rz_330deg,G:\Watermarker\Attack\3cases\Global_rotation\8VC8\two_angle_grid\8VC8_original_global_rotation_rx_360deg_rz_330deg.pdb,G:\Watermarker\Attack\3cases\Global_rotation\8VC8\two_angle_grid\8VC8_watermarked_npj_SB_global_rotation_rx_360deg_rz_330deg.pdb,G:\Watermarker\Attack\3cases\Global_rotation\8VC8\two_angle_grid\8VC8_original_global_rotation_rx_360deg_rz_330deg_aligned.pdb,G:\Watermarker\Attack\3cases\Global_rotation\8VC8\two_angle_grid\8VC8_watermarked_npj_SB_global_rotation_rx_360deg_rz_330deg_aligned.pdb,0.00038864557641848734,0.00219682377560998,01101110011100000110101000100000010100110100001000000000,npj SB,npj SB,100.0,True
8VC8,global_rotation_2angle_aligned,combined_xz_rotation_then_kabsch_alignment,360,360,rx_360deg_rz_360deg,G:\Watermarker\Attack\3cases\Global_rotation\8VC8\two_angle_grid\8VC8_original_global_rotation_rx_360deg_rz_360deg.pdb,G:\Watermarker\Attack\3cases\Global_rotation\8VC8\two_angle_grid\8VC8_watermarked_npj_SB_global_rotation_rx_360deg_rz_360deg.pdb,G:\Watermarker\Attack\3cases\Global_rotation\8VC8\two_angle_grid\8VC8_original_global_rotation_rx_360deg_rz_360deg_aligned.pdb,G:\Watermarker\Attack\3cases\Global_rotation\8VC8\two_angle_grid\8VC8_watermarked_npj_SB_global_rotation_rx_360deg_rz_360deg_aligned.pdb,5.305406033436011e-15,0.0021857710740399543,01101110011100000110101000100000010100110100001000000000,npj SB,npj SB,100.0,True
